{
  "ok": true,
  "strict": false,
  "lint": {
    "ok": true,
    "errorCount": 0,
    "warningCount": 414,
    "infoCount": 0,
    "findings": [
      {
        "code": "composition_file_too_large",
        "severity": "warning",
        "message": "This HTML composition file has 504 lines. Smaller sub-compositions are easier to read, iterate on, and diff.",
        "selector": "[data-composition-id]",
        "dataAttributes": {},
        "sourceFile": "C:\\vox-style-xe-giay-v1-hyperframes\\hyperframes\\videos\\ban-an-802-2020-tphcm\\index.html",
        "bbox": {
          "x": 0,
          "y": 0,
          "width": 0,
          "height": 0
        },
        "time": 0,
        "fixHint": "Split coherent scenes or layers into separate .html files under compositions/, then mount them from the parent with data-composition-src so each file stays small enough to inspect, revise, and validate independently."
      },
      {
        "code": "studio_missing_editable_id",
        "severity": "warning",
        "message": "<div class=\"caption-page\" data-start=\"0.070000\"> has no id, so Studio cannot use a stable edit target for its timeline and canvas controls.",
        "selector": "[data-composition-id]",
        "dataAttributes": {},
        "sourceFile": "C:\\vox-style-xe-giay-v1-hyperframes\\hyperframes\\videos\\ban-an-802-2020-tphcm\\compositions\\caption-track.html",
        "bbox": {
          "x": 0,
          "y": 0,
          "width": 0,
          "height": 0
        },
        "time": 0,
        "fixHint": "Add a stable, human-readable id such as id=\"hero-title\" or id=\"scene-1-card\" to every timeline-visible element you want agents or Studio to edit."
      },
      {
        "code": "studio_missing_editable_id",
        "severity": "warning",
        "message": "<div class=\"caption-page\" data-start=\"0.770000\"> has no id, so Studio cannot use a stable edit target for its timeline and canvas controls.",
        "selector": "[data-composition-id]",
        "dataAttributes": {},
        "sourceFile": "C:\\vox-style-xe-giay-v1-hyperframes\\hyperframes\\videos\\ban-an-802-2020-tphcm\\compositions\\caption-track.html",
        "bbox": {
          "x": 0,
          "y": 0,
          "width": 0,
          "height": 0
        },
        "time": 0,
        "fixHint": "Add a stable, human-readable id such as id=\"hero-title\" or id=\"scene-1-card\" to every timeline-visible element you want agents or Studio to edit."
      },
      {
        "code": "studio_missing_editable_id",
        "severity": "warning",
        "message": "<div class=\"caption-page\" data-start=\"1.440000\"> has no id, so Studio cannot use a stable edit target for its timeline and canvas controls.",
        "selector": "[data-composition-id]",
        "dataAttributes": {},
        "sourceFile": "C:\\vox-style-xe-giay-v1-hyperframes\\hyperframes\\videos\\ban-an-802-2020-tphcm\\compositions\\caption-track.html",
        "bbox": {
          "x": 0,
          "y": 0,
          "width": 0,
          "height": 0
        },
        "time": 0,
        "fixHint": "Add a stable, human-readable id such as id=\"hero-title\" or id=\"scene-1-card\" to every timeline-visible element you want agents or Studio to edit."
      },
      {
        "code": "studio_missing_editable_id",
        "severity": "warning",
        "message": "<div class=\"caption-page\" data-start=\"2.480000\"> has no id, so Studio cannot use a stable edit target for its timeline and canvas controls.",
        "selector": "[data-composition-id]",
        "dataAttributes": {},
        "sourceFile": "C:\\vox-style-xe-giay-v1-hyperframes\\hyperframes\\videos\\ban-an-802-2020-tphcm\\compositions\\caption-track.html",
        "bbox": {
          "x": 0,
          "y": 0,
          "width": 0,
          "height": 0
        },
        "time": 0,
        "fixHint": "Add a stable, human-readable id such as id=\"hero-title\" or id=\"scene-1-card\" to every timeline-visible element you want agents or Studio to edit."
      },
      {
        "code": "studio_missing_editable_id",
        "severity": "warning",
        "message": "<div class=\"caption-page\" data-start=\"3.080000\"> has no id, so Studio cannot use a stable edit target for its timeline and canvas controls.",
        "selector": "[data-composition-id]",
        "dataAttributes": {},
        "sourceFile": "C:\\vox-style-xe-giay-v1-hyperframes\\hyperframes\\videos\\ban-an-802-2020-tphcm\\compositions\\caption-track.html",
        "bbox": {
          "x": 0,
          "y": 0,
          "width": 0,
          "height": 0
        },
        "time": 0,
        "fixHint": "Add a stable, human-readable id such as id=\"hero-title\" or id=\"scene-1-card\" to every timeline-visible element you want agents or Studio to edit."
      },
      {
        "code": "studio_missing_editable_id",
        "severity": "warning",
        "message": "<div class=\"caption-page\" data-start=\"4.000000\"> has no id, so Studio cannot use a stable edit target for its timeline and canvas controls.",
        "selector": "[data-composition-id]",
        "dataAttributes": {},
        "sourceFile": "C:\\vox-style-xe-giay-v1-hyperframes\\hyperframes\\videos\\ban-an-802-2020-tphcm\\compositions\\caption-track.html",
        "bbox": {
          "x": 0,
          "y": 0,
          "width": 0,
          "height": 0
        },
        "time": 0,
        "fixHint": "Add a stable, human-readable id such as id=\"hero-title\" or id=\"scene-1-card\" to every timeline-visible element you want agents or Studio to edit."
      },
      {
        "code": "studio_missing_editable_id",
        "severity": "warning",
        "message": "<div class=\"caption-page\" data-start=\"4.200000\"> has no id, so Studio cannot use a stable edit target for its timeline and canvas controls.",
        "selector": "[data-composition-id]",
        "dataAttributes": {},
        "sourceFile": "C:\\vox-style-xe-giay-v1-hyperframes\\hyperframes\\videos\\ban-an-802-2020-tphcm\\compositions\\caption-track.html",
        "bbox": {
          "x": 0,
          "y": 0,
          "width": 0,
          "height": 0
        },
        "time": 0,
        "fixHint": "Add a stable, human-readable id such as id=\"hero-title\" or id=\"scene-1-card\" to every timeline-visible element you want agents or Studio to edit."
      },
      {
        "code": "studio_missing_editable_id",
        "severity": "warning",
        "message": "<div class=\"caption-page\" data-start=\"4.690000\"> has no id, so Studio cannot use a stable edit target for its timeline and canvas controls.",
        "selector": "[data-composition-id]",
        "dataAttributes": {},
        "sourceFile": "C:\\vox-style-xe-giay-v1-hyperframes\\hyperframes\\videos\\ban-an-802-2020-tphcm\\compositions\\caption-track.html",
        "bbox": {
          "x": 0,
          "y": 0,
          "width": 0,
          "height": 0
        },
        "time": 0,
        "fixHint": "Add a stable, human-readable id such as id=\"hero-title\" or id=\"scene-1-card\" to every timeline-visible element you want agents or Studio to edit."
      },
      {
        "code": "studio_missing_editable_id",
        "severity": "warning",
        "message": "<div class=\"caption-page\" data-start=\"5.380000\"> has no id, so Studio cannot use a stable edit target for its timeline and canvas controls.",
        "selector": "[data-composition-id]",
        "dataAttributes": {},
        "sourceFile": "C:\\vox-style-xe-giay-v1-hyperframes\\hyperframes\\videos\\ban-an-802-2020-tphcm\\compositions\\caption-track.html",
        "bbox": {
          "x": 0,
          "y": 0,
          "width": 0,
          "height": 0
        },
        "time": 0,
        "fixHint": "Add a stable, human-readable id such as id=\"hero-title\" or id=\"scene-1-card\" to every timeline-visible element you want agents or Studio to edit."
      },
      {
        "code": "studio_missing_editable_id",
        "severity": "warning",
        "message": "<div class=\"caption-page\" data-start=\"6.270000\"> has no id, so Studio cannot use a stable edit target for its timeline and canvas controls.",
        "selector": "[data-composition-id]",
        "dataAttributes": {},
        "sourceFile": "C:\\vox-style-xe-giay-v1-hyperframes\\hyperframes\\videos\\ban-an-802-2020-tphcm\\compositions\\caption-track.html",
        "bbox": {
          "x": 0,
          "y": 0,
          "width": 0,
          "height": 0
        },
        "time": 0,
        "fixHint": "Add a stable, human-readable id such as id=\"hero-title\" or id=\"scene-1-card\" to every timeline-visible element you want agents or Studio to edit."
      },
      {
        "code": "studio_missing_editable_id",
        "severity": "warning",
        "message": "<div class=\"caption-page\" data-start=\"6.900000\"> has no id, so Studio cannot use a stable edit target for its timeline and canvas controls.",
        "selector": "[data-composition-id]",
        "dataAttributes": {},
        "sourceFile": "C:\\vox-style-xe-giay-v1-hyperframes\\hyperframes\\videos\\ban-an-802-2020-tphcm\\compositions\\caption-track.html",
        "bbox": {
          "x": 0,
          "y": 0,
          "width": 0,
          "height": 0
        },
        "time": 0,
        "fixHint": "Add a stable, human-readable id such as id=\"hero-title\" or id=\"scene-1-card\" to every timeline-visible element you want agents or Studio to edit."
      },
      {
        "code": "studio_missing_editable_id",
        "severity": "warning",
        "message": "<div class=\"caption-page\" data-start=\"7.670000\"> has no id, so Studio cannot use a stable edit target for its timeline and canvas controls.",
        "selector": "[data-composition-id]",
        "dataAttributes": {},
        "sourceFile": "C:\\vox-style-xe-giay-v1-hyperframes\\hyperframes\\videos\\ban-an-802-2020-tphcm\\compositions\\caption-track.html",
        "bbox": {
          "x": 0,
          "y": 0,
          "width": 0,
          "height": 0
        },
        "time": 0,
        "fixHint": "Add a stable, human-readable id such as id=\"hero-title\" or id=\"scene-1-card\" to every timeline-visible element you want agents or Studio to edit."
      },
      {
        "code": "studio_missing_editable_id",
        "severity": "warning",
        "message": "<div class=\"caption-page\" data-start=\"8.570000\"> has no id, so Studio cannot use a stable edit target for its timeline and canvas controls.",
        "selector": "[data-composition-id]",
        "dataAttributes": {},
        "sourceFile": "C:\\vox-style-xe-giay-v1-hyperframes\\hyperframes\\videos\\ban-an-802-2020-tphcm\\compositions\\caption-track.html",
        "bbox": {
          "x": 0,
          "y": 0,
          "width": 0,
          "height": 0
        },
        "time": 0,
        "fixHint": "Add a stable, human-readable id such as id=\"hero-title\" or id=\"scene-1-card\" to every timeline-visible element you want agents or Studio to edit."
      },
      {
        "code": "studio_missing_editable_id",
        "severity": "warning",
        "message": "<div class=\"caption-page\" data-start=\"9.580000\"> has no id, so Studio cannot use a stable edit target for its timeline and canvas controls.",
        "selector": "[data-composition-id]",
        "dataAttributes": {},
        "sourceFile": "C:\\vox-style-xe-giay-v1-hyperframes\\hyperframes\\videos\\ban-an-802-2020-tphcm\\compositions\\caption-track.html",
        "bbox": {
          "x": 0,
          "y": 0,
          "width": 0,
          "height": 0
        },
        "time": 0,
        "fixHint": "Add a stable, human-readable id such as id=\"hero-title\" or id=\"scene-1-card\" to every timeline-visible element you want agents or Studio to edit."
      },
      {
        "code": "studio_missing_editable_id",
        "severity": "warning",
        "message": "<div class=\"caption-page\" data-start=\"10.640000\"> has no id, so Studio cannot use a stable edit target for its timeline and canvas controls.",
        "selector": "[data-composition-id]",
        "dataAttributes": {},
        "sourceFile": "C:\\vox-style-xe-giay-v1-hyperframes\\hyperframes\\videos\\ban-an-802-2020-tphcm\\compositions\\caption-track.html",
        "bbox": {
          "x": 0,
          "y": 0,
          "width": 0,
          "height": 0
        },
        "time": 0,
        "fixHint": "Add a stable, human-readable id such as id=\"hero-title\" or id=\"scene-1-card\" to every timeline-visible element you want agents or Studio to edit."
      },
      {
        "code": "studio_missing_editable_id",
        "severity": "warning",
        "message": "<div class=\"caption-page\" data-start=\"11.670000\"> has no id, so Studio cannot use a stable edit target for its timeline and canvas controls.",
        "selector": "[data-composition-id]",
        "dataAttributes": {},
        "sourceFile": "C:\\vox-style-xe-giay-v1-hyperframes\\hyperframes\\videos\\ban-an-802-2020-tphcm\\compositions\\caption-track.html",
        "bbox": {
          "x": 0,
          "y": 0,
          "width": 0,
          "height": 0
        },
        "time": 0,
        "fixHint": "Add a stable, human-readable id such as id=\"hero-title\" or id=\"scene-1-card\" to every timeline-visible element you want agents or Studio to edit."
      },
      {
        "code": "studio_missing_editable_id",
        "severity": "warning",
        "message": "<div class=\"caption-page\" data-start=\"12.580000\"> has no id, so Studio cannot use a stable edit target for its timeline and canvas controls.",
        "selector": "[data-composition-id]",
        "dataAttributes": {},
        "sourceFile": "C:\\vox-style-xe-giay-v1-hyperframes\\hyperframes\\videos\\ban-an-802-2020-tphcm\\compositions\\caption-track.html",
        "bbox": {
          "x": 0,
          "y": 0,
          "width": 0,
          "height": 0
        },
        "time": 0,
        "fixHint": "Add a stable, human-readable id such as id=\"hero-title\" or id=\"scene-1-card\" to every timeline-visible element you want agents or Studio to edit."
      },
      {
        "code": "studio_missing_editable_id",
        "severity": "warning",
        "message": "<div class=\"caption-page\" data-start=\"13.360000\"> has no id, so Studio cannot use a stable edit target for its timeline and canvas controls.",
        "selector": "[data-composition-id]",
        "dataAttributes": {},
        "sourceFile": "C:\\vox-style-xe-giay-v1-hyperframes\\hyperframes\\videos\\ban-an-802-2020-tphcm\\compositions\\caption-track.html",
        "bbox": {
          "x": 0,
          "y": 0,
          "width": 0,
          "height": 0
        },
        "time": 0,
        "fixHint": "Add a stable, human-readable id such as id=\"hero-title\" or id=\"scene-1-card\" to every timeline-visible element you want agents or Studio to edit."
      },
      {
        "code": "studio_missing_editable_id",
        "severity": "warning",
        "message": "<div class=\"caption-page\" data-start=\"14.280000\"> has no id, so Studio cannot use a stable edit target for its timeline and canvas controls.",
        "selector": "[data-composition-id]",
        "dataAttributes": {},
        "sourceFile": "C:\\vox-style-xe-giay-v1-hyperframes\\hyperframes\\videos\\ban-an-802-2020-tphcm\\compositions\\caption-track.html",
        "bbox": {
          "x": 0,
          "y": 0,
          "width": 0,
          "height": 0
        },
        "time": 0,
        "fixHint": "Add a stable, human-readable id such as id=\"hero-title\" or id=\"scene-1-card\" to every timeline-visible element you want agents or Studio to edit."
      },
      {
        "code": "studio_missing_editable_id",
        "severity": "warning",
        "message": "<div class=\"caption-page\" data-start=\"15.150000\"> has no id, so Studio cannot use a stable edit target for its timeline and canvas controls.",
        "selector": "[data-composition-id]",
        "dataAttributes": {},
        "sourceFile": "C:\\vox-style-xe-giay-v1-hyperframes\\hyperframes\\videos\\ban-an-802-2020-tphcm\\compositions\\caption-track.html",
        "bbox": {
          "x": 0,
          "y": 0,
          "width": 0,
          "height": 0
        },
        "time": 0,
        "fixHint": "Add a stable, human-readable id such as id=\"hero-title\" or id=\"scene-1-card\" to every timeline-visible element you want agents or Studio to edit."
      },
      {
        "code": "studio_missing_editable_id",
        "severity": "warning",
        "message": "<div class=\"caption-page\" data-start=\"15.940000\"> has no id, so Studio cannot use a stable edit target for its timeline and canvas controls.",
        "selector": "[data-composition-id]",
        "dataAttributes": {},
        "sourceFile": "C:\\vox-style-xe-giay-v1-hyperframes\\hyperframes\\videos\\ban-an-802-2020-tphcm\\compositions\\caption-track.html",
        "bbox": {
          "x": 0,
          "y": 0,
          "width": 0,
          "height": 0
        },
        "time": 0,
        "fixHint": "Add a stable, human-readable id such as id=\"hero-title\" or id=\"scene-1-card\" to every timeline-visible element you want agents or Studio to edit."
      },
      {
        "code": "studio_missing_editable_id",
        "severity": "warning",
        "message": "<div class=\"caption-page\" data-start=\"16.540000\"> has no id, so Studio cannot use a stable edit target for its timeline and canvas controls.",
        "selector": "[data-composition-id]",
        "dataAttributes": {},
        "sourceFile": "C:\\vox-style-xe-giay-v1-hyperframes\\hyperframes\\videos\\ban-an-802-2020-tphcm\\compositions\\caption-track.html",
        "bbox": {
          "x": 0,
          "y": 0,
          "width": 0,
          "height": 0
        },
        "time": 0,
        "fixHint": "Add a stable, human-readable id such as id=\"hero-title\" or id=\"scene-1-card\" to every timeline-visible element you want agents or Studio to edit."
      },
      {
        "code": "studio_missing_editable_id",
        "severity": "warning",
        "message": "<div class=\"caption-page\" data-start=\"17.330000\"> has no id, so Studio cannot use a stable edit target for its timeline and canvas controls.",
        "selector": "[data-composition-id]",
        "dataAttributes": {},
        "sourceFile": "C:\\vox-style-xe-giay-v1-hyperframes\\hyperframes\\videos\\ban-an-802-2020-tphcm\\compositions\\caption-track.html",
        "bbox": {
          "x": 0,
          "y": 0,
          "width": 0,
          "height": 0
        },
        "time": 0,
        "fixHint": "Add a stable, human-readable id such as id=\"hero-title\" or id=\"scene-1-card\" to every timeline-visible element you want agents or Studio to edit."
      },
      {
        "code": "studio_missing_editable_id",
        "severity": "warning",
        "message": "<div class=\"caption-page\" data-start=\"18.130000\"> has no id, so Studio cannot use a stable edit target for its timeline and canvas controls.",
        "selector": "[data-composition-id]",
        "dataAttributes": {},
        "sourceFile": "C:\\vox-style-xe-giay-v1-hyperframes\\hyperframes\\videos\\ban-an-802-2020-tphcm\\compositions\\caption-track.html",
        "bbox": {
          "x": 0,
          "y": 0,
          "width": 0,
          "height": 0
        },
        "time": 0,
        "fixHint": "Add a stable, human-readable id such as id=\"hero-title\" or id=\"scene-1-card\" to every timeline-visible element you want agents or Studio to edit."
      },
      {
        "code": "studio_missing_editable_id",
        "severity": "warning",
        "message": "<div class=\"caption-page\" data-start=\"19.060000\"> has no id, so Studio cannot use a stable edit target for its timeline and canvas controls.",
        "selector": "[data-composition-id]",
        "dataAttributes": {},
        "sourceFile": "C:\\vox-style-xe-giay-v1-hyperframes\\hyperframes\\videos\\ban-an-802-2020-tphcm\\compositions\\caption-track.html",
        "bbox": {
          "x": 0,
          "y": 0,
          "width": 0,
          "height": 0
        },
        "time": 0,
        "fixHint": "Add a stable, human-readable id such as id=\"hero-title\" or id=\"scene-1-card\" to every timeline-visible element you want agents or Studio to edit."
      },
      {
        "code": "studio_missing_editable_id",
        "severity": "warning",
        "message": "<div class=\"caption-page\" data-start=\"19.680000\"> has no id, so Studio cannot use a stable edit target for its timeline and canvas controls.",
        "selector": "[data-composition-id]",
        "dataAttributes": {},
        "sourceFile": "C:\\vox-style-xe-giay-v1-hyperframes\\hyperframes\\videos\\ban-an-802-2020-tphcm\\compositions\\caption-track.html",
        "bbox": {
          "x": 0,
          "y": 0,
          "width": 0,
          "height": 0
        },
        "time": 0,
        "fixHint": "Add a stable, human-readable id such as id=\"hero-title\" or id=\"scene-1-card\" to every timeline-visible element you want agents or Studio to edit."
      },
      {
        "code": "studio_missing_editable_id",
        "severity": "warning",
        "message": "<div class=\"caption-page\" data-start=\"20.560000\"> has no id, so Studio cannot use a stable edit target for its timeline and canvas controls.",
        "selector": "[data-composition-id]",
        "dataAttributes": {},
        "sourceFile": "C:\\vox-style-xe-giay-v1-hyperframes\\hyperframes\\videos\\ban-an-802-2020-tphcm\\compositions\\caption-track.html",
        "bbox": {
          "x": 0,
          "y": 0,
          "width": 0,
          "height": 0
        },
        "time": 0,
        "fixHint": "Add a stable, human-readable id such as id=\"hero-title\" or id=\"scene-1-card\" to every timeline-visible element you want agents or Studio to edit."
      },
      {
        "code": "studio_missing_editable_id",
        "severity": "warning",
        "message": "<div class=\"caption-page\" data-start=\"21.400000\"> has no id, so Studio cannot use a stable edit target for its timeline and canvas controls.",
        "selector": "[data-composition-id]",
        "dataAttributes": {},
        "sourceFile": "C:\\vox-style-xe-giay-v1-hyperframes\\hyperframes\\videos\\ban-an-802-2020-tphcm\\compositions\\caption-track.html",
        "bbox": {
          "x": 0,
          "y": 0,
          "width": 0,
          "height": 0
        },
        "time": 0,
        "fixHint": "Add a stable, human-readable id such as id=\"hero-title\" or id=\"scene-1-card\" to every timeline-visible element you want agents or Studio to edit."
      },
      {
        "code": "studio_missing_editable_id",
        "severity": "warning",
        "message": "<div class=\"caption-page\" data-start=\"22.350000\"> has no id, so Studio cannot use a stable edit target for its timeline and canvas controls.",
        "selector": "[data-composition-id]",
        "dataAttributes": {},
        "sourceFile": "C:\\vox-style-xe-giay-v1-hyperframes\\hyperframes\\videos\\ban-an-802-2020-tphcm\\compositions\\caption-track.html",
        "bbox": {
          "x": 0,
          "y": 0,
          "width": 0,
          "height": 0
        },
        "time": 0,
        "fixHint": "Add a stable, human-readable id such as id=\"hero-title\" or id=\"scene-1-card\" to every timeline-visible element you want agents or Studio to edit."
      },
      {
        "code": "studio_missing_editable_id",
        "severity": "warning",
        "message": "<div class=\"caption-page\" data-start=\"23.570000\"> has no id, so Studio cannot use a stable edit target for its timeline and canvas controls.",
        "selector": "[data-composition-id]",
        "dataAttributes": {},
        "sourceFile": "C:\\vox-style-xe-giay-v1-hyperframes\\hyperframes\\videos\\ban-an-802-2020-tphcm\\compositions\\caption-track.html",
        "bbox": {
          "x": 0,
          "y": 0,
          "width": 0,
          "height": 0
        },
        "time": 0,
        "fixHint": "Add a stable, human-readable id such as id=\"hero-title\" or id=\"scene-1-card\" to every timeline-visible element you want agents or Studio to edit."
      },
      {
        "code": "studio_missing_editable_id",
        "severity": "warning",
        "message": "<div class=\"caption-page\" data-start=\"24.460000\"> has no id, so Studio cannot use a stable edit target for its timeline and canvas controls.",
        "selector": "[data-composition-id]",
        "dataAttributes": {},
        "sourceFile": "C:\\vox-style-xe-giay-v1-hyperframes\\hyperframes\\videos\\ban-an-802-2020-tphcm\\compositions\\caption-track.html",
        "bbox": {
          "x": 0,
          "y": 0,
          "width": 0,
          "height": 0
        },
        "time": 0,
        "fixHint": "Add a stable, human-readable id such as id=\"hero-title\" or id=\"scene-1-card\" to every timeline-visible element you want agents or Studio to edit."
      },
      {
        "code": "studio_missing_editable_id",
        "severity": "warning",
        "message": "<div class=\"caption-page\" data-start=\"25.070000\"> has no id, so Studio cannot use a stable edit target for its timeline and canvas controls.",
        "selector": "[data-composition-id]",
        "dataAttributes": {},
        "sourceFile": "C:\\vox-style-xe-giay-v1-hyperframes\\hyperframes\\videos\\ban-an-802-2020-tphcm\\compositions\\caption-track.html",
        "bbox": {
          "x": 0,
          "y": 0,
          "width": 0,
          "height": 0
        },
        "time": 0,
        "fixHint": "Add a stable, human-readable id such as id=\"hero-title\" or id=\"scene-1-card\" to every timeline-visible element you want agents or Studio to edit."
      },
      {
        "code": "studio_missing_editable_id",
        "severity": "warning",
        "message": "<div class=\"caption-page\" data-start=\"26.000000\"> has no id, so Studio cannot use a stable edit target for its timeline and canvas controls.",
        "selector": "[data-composition-id]",
        "dataAttributes": {},
        "sourceFile": "C:\\vox-style-xe-giay-v1-hyperframes\\hyperframes\\videos\\ban-an-802-2020-tphcm\\compositions\\caption-track.html",
        "bbox": {
          "x": 0,
          "y": 0,
          "width": 0,
          "height": 0
        },
        "time": 0,
        "fixHint": "Add a stable, human-readable id such as id=\"hero-title\" or id=\"scene-1-card\" to every timeline-visible element you want agents or Studio to edit."
      },
      {
        "code": "studio_missing_editable_id",
        "severity": "warning",
        "message": "<div class=\"caption-page\" data-start=\"26.690000\"> has no id, so Studio cannot use a stable edit target for its timeline and canvas controls.",
        "selector": "[data-composition-id]",
        "dataAttributes": {},
        "sourceFile": "C:\\vox-style-xe-giay-v1-hyperframes\\hyperframes\\videos\\ban-an-802-2020-tphcm\\compositions\\caption-track.html",
        "bbox": {
          "x": 0,
          "y": 0,
          "width": 0,
          "height": 0
        },
        "time": 0,
        "fixHint": "Add a stable, human-readable id such as id=\"hero-title\" or id=\"scene-1-card\" to every timeline-visible element you want agents or Studio to edit."
      },
      {
        "code": "studio_missing_editable_id",
        "severity": "warning",
        "message": "<div class=\"caption-page\" data-start=\"27.150000\"> has no id, so Studio cannot use a stable edit target for its timeline and canvas controls.",
        "selector": "[data-composition-id]",
        "dataAttributes": {},
        "sourceFile": "C:\\vox-style-xe-giay-v1-hyperframes\\hyperframes\\videos\\ban-an-802-2020-tphcm\\compositions\\caption-track.html",
        "bbox": {
          "x": 0,
          "y": 0,
          "width": 0,
          "height": 0
        },
        "time": 0,
        "fixHint": "Add a stable, human-readable id such as id=\"hero-title\" or id=\"scene-1-card\" to every timeline-visible element you want agents or Studio to edit."
      },
      {
        "code": "studio_missing_editable_id",
        "severity": "warning",
        "message": "<div class=\"caption-page\" data-start=\"28.030000\"> has no id, so Studio cannot use a stable edit target for its timeline and canvas controls.",
        "selector": "[data-composition-id]",
        "dataAttributes": {},
        "sourceFile": "C:\\vox-style-xe-giay-v1-hyperframes\\hyperframes\\videos\\ban-an-802-2020-tphcm\\compositions\\caption-track.html",
        "bbox": {
          "x": 0,
          "y": 0,
          "width": 0,
          "height": 0
        },
        "time": 0,
        "fixHint": "Add a stable, human-readable id such as id=\"hero-title\" or id=\"scene-1-card\" to every timeline-visible element you want agents or Studio to edit."
      },
      {
        "code": "studio_missing_editable_id",
        "severity": "warning",
        "message": "<div class=\"caption-page\" data-start=\"28.920000\"> has no id, so Studio cannot use a stable edit target for its timeline and canvas controls.",
        "selector": "[data-composition-id]",
        "dataAttributes": {},
        "sourceFile": "C:\\vox-style-xe-giay-v1-hyperframes\\hyperframes\\videos\\ban-an-802-2020-tphcm\\compositions\\caption-track.html",
        "bbox": {
          "x": 0,
          "y": 0,
          "width": 0,
          "height": 0
        },
        "time": 0,
        "fixHint": "Add a stable, human-readable id such as id=\"hero-title\" or id=\"scene-1-card\" to every timeline-visible element you want agents or Studio to edit."
      },
      {
        "code": "studio_missing_editable_id",
        "severity": "warning",
        "message": "<div class=\"caption-page\" data-start=\"29.760000\"> has no id, so Studio cannot use a stable edit target for its timeline and canvas controls.",
        "selector": "[data-composition-id]",
        "dataAttributes": {},
        "sourceFile": "C:\\vox-style-xe-giay-v1-hyperframes\\hyperframes\\videos\\ban-an-802-2020-tphcm\\compositions\\caption-track.html",
        "bbox": {
          "x": 0,
          "y": 0,
          "width": 0,
          "height": 0
        },
        "time": 0,
        "fixHint": "Add a stable, human-readable id such as id=\"hero-title\" or id=\"scene-1-card\" to every timeline-visible element you want agents or Studio to edit."
      },
      {
        "code": "studio_missing_editable_id",
        "severity": "warning",
        "message": "<div class=\"caption-page\" data-start=\"30.460000\"> has no id, so Studio cannot use a stable edit target for its timeline and canvas controls.",
        "selector": "[data-composition-id]",
        "dataAttributes": {},
        "sourceFile": "C:\\vox-style-xe-giay-v1-hyperframes\\hyperframes\\videos\\ban-an-802-2020-tphcm\\compositions\\caption-track.html",
        "bbox": {
          "x": 0,
          "y": 0,
          "width": 0,
          "height": 0
        },
        "time": 0,
        "fixHint": "Add a stable, human-readable id such as id=\"hero-title\" or id=\"scene-1-card\" to every timeline-visible element you want agents or Studio to edit."
      },
      {
        "code": "studio_missing_editable_id",
        "severity": "warning",
        "message": "<div class=\"caption-page\" data-start=\"31.250000\"> has no id, so Studio cannot use a stable edit target for its timeline and canvas controls.",
        "selector": "[data-composition-id]",
        "dataAttributes": {},
        "sourceFile": "C:\\vox-style-xe-giay-v1-hyperframes\\hyperframes\\videos\\ban-an-802-2020-tphcm\\compositions\\caption-track.html",
        "bbox": {
          "x": 0,
          "y": 0,
          "width": 0,
          "height": 0
        },
        "time": 0,
        "fixHint": "Add a stable, human-readable id such as id=\"hero-title\" or id=\"scene-1-card\" to every timeline-visible element you want agents or Studio to edit."
      },
      {
        "code": "studio_missing_editable_id",
        "severity": "warning",
        "message": "<div class=\"caption-page\" data-start=\"32.020000\"> has no id, so Studio cannot use a stable edit target for its timeline and canvas controls.",
        "selector": "[data-composition-id]",
        "dataAttributes": {},
        "sourceFile": "C:\\vox-style-xe-giay-v1-hyperframes\\hyperframes\\videos\\ban-an-802-2020-tphcm\\compositions\\caption-track.html",
        "bbox": {
          "x": 0,
          "y": 0,
          "width": 0,
          "height": 0
        },
        "time": 0,
        "fixHint": "Add a stable, human-readable id such as id=\"hero-title\" or id=\"scene-1-card\" to every timeline-visible element you want agents or Studio to edit."
      },
      {
        "code": "studio_missing_editable_id",
        "severity": "warning",
        "message": "<div class=\"caption-page\" data-start=\"32.930000\"> has no id, so Studio cannot use a stable edit target for its timeline and canvas controls.",
        "selector": "[data-composition-id]",
        "dataAttributes": {},
        "sourceFile": "C:\\vox-style-xe-giay-v1-hyperframes\\hyperframes\\videos\\ban-an-802-2020-tphcm\\compositions\\caption-track.html",
        "bbox": {
          "x": 0,
          "y": 0,
          "width": 0,
          "height": 0
        },
        "time": 0,
        "fixHint": "Add a stable, human-readable id such as id=\"hero-title\" or id=\"scene-1-card\" to every timeline-visible element you want agents or Studio to edit."
      },
      {
        "code": "studio_missing_editable_id",
        "severity": "warning",
        "message": "<div class=\"caption-page\" data-start=\"34.020000\"> has no id, so Studio cannot use a stable edit target for its timeline and canvas controls.",
        "selector": "[data-composition-id]",
        "dataAttributes": {},
        "sourceFile": "C:\\vox-style-xe-giay-v1-hyperframes\\hyperframes\\videos\\ban-an-802-2020-tphcm\\compositions\\caption-track.html",
        "bbox": {
          "x": 0,
          "y": 0,
          "width": 0,
          "height": 0
        },
        "time": 0,
        "fixHint": "Add a stable, human-readable id such as id=\"hero-title\" or id=\"scene-1-card\" to every timeline-visible element you want agents or Studio to edit."
      },
      {
        "code": "studio_missing_editable_id",
        "severity": "warning",
        "message": "<div class=\"caption-page\" data-start=\"34.730000\"> has no id, so Studio cannot use a stable edit target for its timeline and canvas controls.",
        "selector": "[data-composition-id]",
        "dataAttributes": {},
        "sourceFile": "C:\\vox-style-xe-giay-v1-hyperframes\\hyperframes\\videos\\ban-an-802-2020-tphcm\\compositions\\caption-track.html",
        "bbox": {
          "x": 0,
          "y": 0,
          "width": 0,
          "height": 0
        },
        "time": 0,
        "fixHint": "Add a stable, human-readable id such as id=\"hero-title\" or id=\"scene-1-card\" to every timeline-visible element you want agents or Studio to edit."
      },
      {
        "code": "studio_missing_editable_id",
        "severity": "warning",
        "message": "<div class=\"caption-page\" data-start=\"34.920000\"> has no id, so Studio cannot use a stable edit target for its timeline and canvas controls.",
        "selector": "[data-composition-id]",
        "dataAttributes": {},
        "sourceFile": "C:\\vox-style-xe-giay-v1-hyperframes\\hyperframes\\videos\\ban-an-802-2020-tphcm\\compositions\\caption-track.html",
        "bbox": {
          "x": 0,
          "y": 0,
          "width": 0,
          "height": 0
        },
        "time": 0,
        "fixHint": "Add a stable, human-readable id such as id=\"hero-title\" or id=\"scene-1-card\" to every timeline-visible element you want agents or Studio to edit."
      },
      {
        "code": "studio_missing_editable_id",
        "severity": "warning",
        "message": "<div class=\"caption-page\" data-start=\"35.690000\"> has no id, so Studio cannot use a stable edit target for its timeline and canvas controls.",
        "selector": "[data-composition-id]",
        "dataAttributes": {},
        "sourceFile": "C:\\vox-style-xe-giay-v1-hyperframes\\hyperframes\\videos\\ban-an-802-2020-tphcm\\compositions\\caption-track.html",
        "bbox": {
          "x": 0,
          "y": 0,
          "width": 0,
          "height": 0
        },
        "time": 0,
        "fixHint": "Add a stable, human-readable id such as id=\"hero-title\" or id=\"scene-1-card\" to every timeline-visible element you want agents or Studio to edit."
      },
      {
        "code": "studio_missing_editable_id",
        "severity": "warning",
        "message": "<div class=\"caption-page\" data-start=\"36.600000\"> has no id, so Studio cannot use a stable edit target for its timeline and canvas controls.",
        "selector": "[data-composition-id]",
        "dataAttributes": {},
        "sourceFile": "C:\\vox-style-xe-giay-v1-hyperframes\\hyperframes\\videos\\ban-an-802-2020-tphcm\\compositions\\caption-track.html",
        "bbox": {
          "x": 0,
          "y": 0,
          "width": 0,
          "height": 0
        },
        "time": 0,
        "fixHint": "Add a stable, human-readable id such as id=\"hero-title\" or id=\"scene-1-card\" to every timeline-visible element you want agents or Studio to edit."
      },
      {
        "code": "studio_missing_editable_id",
        "severity": "warning",
        "message": "<div class=\"caption-page\" data-start=\"37.440000\"> has no id, so Studio cannot use a stable edit target for its timeline and canvas controls.",
        "selector": "[data-composition-id]",
        "dataAttributes": {},
        "sourceFile": "C:\\vox-style-xe-giay-v1-hyperframes\\hyperframes\\videos\\ban-an-802-2020-tphcm\\compositions\\caption-track.html",
        "bbox": {
          "x": 0,
          "y": 0,
          "width": 0,
          "height": 0
        },
        "time": 0,
        "fixHint": "Add a stable, human-readable id such as id=\"hero-title\" or id=\"scene-1-card\" to every timeline-visible element you want agents or Studio to edit."
      },
      {
        "code": "studio_missing_editable_id",
        "severity": "warning",
        "message": "<div class=\"caption-page\" data-start=\"38.270000\"> has no id, so Studio cannot use a stable edit target for its timeline and canvas controls.",
        "selector": "[data-composition-id]",
        "dataAttributes": {},
        "sourceFile": "C:\\vox-style-xe-giay-v1-hyperframes\\hyperframes\\videos\\ban-an-802-2020-tphcm\\compositions\\caption-track.html",
        "bbox": {
          "x": 0,
          "y": 0,
          "width": 0,
          "height": 0
        },
        "time": 0,
        "fixHint": "Add a stable, human-readable id such as id=\"hero-title\" or id=\"scene-1-card\" to every timeline-visible element you want agents or Studio to edit."
      },
      {
        "code": "studio_missing_editable_id",
        "severity": "warning",
        "message": "<div class=\"caption-page\" data-start=\"39.240000\"> has no id, so Studio cannot use a stable edit target for its timeline and canvas controls.",
        "selector": "[data-composition-id]",
        "dataAttributes": {},
        "sourceFile": "C:\\vox-style-xe-giay-v1-hyperframes\\hyperframes\\videos\\ban-an-802-2020-tphcm\\compositions\\caption-track.html",
        "bbox": {
          "x": 0,
          "y": 0,
          "width": 0,
          "height": 0
        },
        "time": 0,
        "fixHint": "Add a stable, human-readable id such as id=\"hero-title\" or id=\"scene-1-card\" to every timeline-visible element you want agents or Studio to edit."
      },
      {
        "code": "studio_missing_editable_id",
        "severity": "warning",
        "message": "<div class=\"caption-page\" data-start=\"39.980000\"> has no id, so Studio cannot use a stable edit target for its timeline and canvas controls.",
        "selector": "[data-composition-id]",
        "dataAttributes": {},
        "sourceFile": "C:\\vox-style-xe-giay-v1-hyperframes\\hyperframes\\videos\\ban-an-802-2020-tphcm\\compositions\\caption-track.html",
        "bbox": {
          "x": 0,
          "y": 0,
          "width": 0,
          "height": 0
        },
        "time": 0,
        "fixHint": "Add a stable, human-readable id such as id=\"hero-title\" or id=\"scene-1-card\" to every timeline-visible element you want agents or Studio to edit."
      },
      {
        "code": "studio_missing_editable_id",
        "severity": "warning",
        "message": "<div class=\"caption-page\" data-start=\"41.020000\"> has no id, so Studio cannot use a stable edit target for its timeline and canvas controls.",
        "selector": "[data-composition-id]",
        "dataAttributes": {},
        "sourceFile": "C:\\vox-style-xe-giay-v1-hyperframes\\hyperframes\\videos\\ban-an-802-2020-tphcm\\compositions\\caption-track.html",
        "bbox": {
          "x": 0,
          "y": 0,
          "width": 0,
          "height": 0
        },
        "time": 0,
        "fixHint": "Add a stable, human-readable id such as id=\"hero-title\" or id=\"scene-1-card\" to every timeline-visible element you want agents or Studio to edit."
      },
      {
        "code": "studio_missing_editable_id",
        "severity": "warning",
        "message": "<div class=\"caption-page\" data-start=\"42.520000\"> has no id, so Studio cannot use a stable edit target for its timeline and canvas controls.",
        "selector": "[data-composition-id]",
        "dataAttributes": {},
        "sourceFile": "C:\\vox-style-xe-giay-v1-hyperframes\\hyperframes\\videos\\ban-an-802-2020-tphcm\\compositions\\caption-track.html",
        "bbox": {
          "x": 0,
          "y": 0,
          "width": 0,
          "height": 0
        },
        "time": 0,
        "fixHint": "Add a stable, human-readable id such as id=\"hero-title\" or id=\"scene-1-card\" to every timeline-visible element you want agents or Studio to edit."
      },
      {
        "code": "studio_missing_editable_id",
        "severity": "warning",
        "message": "<div class=\"caption-page\" data-start=\"43.680000\"> has no id, so Studio cannot use a stable edit target for its timeline and canvas controls.",
        "selector": "[data-composition-id]",
        "dataAttributes": {},
        "sourceFile": "C:\\vox-style-xe-giay-v1-hyperframes\\hyperframes\\videos\\ban-an-802-2020-tphcm\\compositions\\caption-track.html",
        "bbox": {
          "x": 0,
          "y": 0,
          "width": 0,
          "height": 0
        },
        "time": 0,
        "fixHint": "Add a stable, human-readable id such as id=\"hero-title\" or id=\"scene-1-card\" to every timeline-visible element you want agents or Studio to edit."
      },
      {
        "code": "studio_missing_editable_id",
        "severity": "warning",
        "message": "<div class=\"caption-page\" data-start=\"45.170000\"> has no id, so Studio cannot use a stable edit target for its timeline and canvas controls.",
        "selector": "[data-composition-id]",
        "dataAttributes": {},
        "sourceFile": "C:\\vox-style-xe-giay-v1-hyperframes\\hyperframes\\videos\\ban-an-802-2020-tphcm\\compositions\\caption-track.html",
        "bbox": {
          "x": 0,
          "y": 0,
          "width": 0,
          "height": 0
        },
        "time": 0,
        "fixHint": "Add a stable, human-readable id such as id=\"hero-title\" or id=\"scene-1-card\" to every timeline-visible element you want agents or Studio to edit."
      },
      {
        "code": "studio_missing_editable_id",
        "severity": "warning",
        "message": "<div class=\"caption-page\" data-start=\"46.270000\"> has no id, so Studio cannot use a stable edit target for its timeline and canvas controls.",
        "selector": "[data-composition-id]",
        "dataAttributes": {},
        "sourceFile": "C:\\vox-style-xe-giay-v1-hyperframes\\hyperframes\\videos\\ban-an-802-2020-tphcm\\compositions\\caption-track.html",
        "bbox": {
          "x": 0,
          "y": 0,
          "width": 0,
          "height": 0
        },
        "time": 0,
        "fixHint": "Add a stable, human-readable id such as id=\"hero-title\" or id=\"scene-1-card\" to every timeline-visible element you want agents or Studio to edit."
      },
      {
        "code": "studio_missing_editable_id",
        "severity": "warning",
        "message": "<div class=\"caption-page\" data-start=\"47.800000\"> has no id, so Studio cannot use a stable edit target for its timeline and canvas controls.",
        "selector": "[data-composition-id]",
        "dataAttributes": {},
        "sourceFile": "C:\\vox-style-xe-giay-v1-hyperframes\\hyperframes\\videos\\ban-an-802-2020-tphcm\\compositions\\caption-track.html",
        "bbox": {
          "x": 0,
          "y": 0,
          "width": 0,
          "height": 0
        },
        "time": 0,
        "fixHint": "Add a stable, human-readable id such as id=\"hero-title\" or id=\"scene-1-card\" to every timeline-visible element you want agents or Studio to edit."
      },
      {
        "code": "studio_missing_editable_id",
        "severity": "warning",
        "message": "<div class=\"caption-page\" data-start=\"48.220000\"> has no id, so Studio cannot use a stable edit target for its timeline and canvas controls.",
        "selector": "[data-composition-id]",
        "dataAttributes": {},
        "sourceFile": "C:\\vox-style-xe-giay-v1-hyperframes\\hyperframes\\videos\\ban-an-802-2020-tphcm\\compositions\\caption-track.html",
        "bbox": {
          "x": 0,
          "y": 0,
          "width": 0,
          "height": 0
        },
        "time": 0,
        "fixHint": "Add a stable, human-readable id such as id=\"hero-title\" or id=\"scene-1-card\" to every timeline-visible element you want agents or Studio to edit."
      },
      {
        "code": "studio_missing_editable_id",
        "severity": "warning",
        "message": "<div class=\"caption-page\" data-start=\"49.310000\"> has no id, so Studio cannot use a stable edit target for its timeline and canvas controls.",
        "selector": "[data-composition-id]",
        "dataAttributes": {},
        "sourceFile": "C:\\vox-style-xe-giay-v1-hyperframes\\hyperframes\\videos\\ban-an-802-2020-tphcm\\compositions\\caption-track.html",
        "bbox": {
          "x": 0,
          "y": 0,
          "width": 0,
          "height": 0
        },
        "time": 0,
        "fixHint": "Add a stable, human-readable id such as id=\"hero-title\" or id=\"scene-1-card\" to every timeline-visible element you want agents or Studio to edit."
      },
      {
        "code": "studio_missing_editable_id",
        "severity": "warning",
        "message": "<div class=\"caption-page\" data-start=\"50.270000\"> has no id, so Studio cannot use a stable edit target for its timeline and canvas controls.",
        "selector": "[data-composition-id]",
        "dataAttributes": {},
        "sourceFile": "C:\\vox-style-xe-giay-v1-hyperframes\\hyperframes\\videos\\ban-an-802-2020-tphcm\\compositions\\caption-track.html",
        "bbox": {
          "x": 0,
          "y": 0,
          "width": 0,
          "height": 0
        },
        "time": 0,
        "fixHint": "Add a stable, human-readable id such as id=\"hero-title\" or id=\"scene-1-card\" to every timeline-visible element you want agents or Studio to edit."
      },
      {
        "code": "studio_missing_editable_id",
        "severity": "warning",
        "message": "<div class=\"caption-page\" data-start=\"50.950000\"> has no id, so Studio cannot use a stable edit target for its timeline and canvas controls.",
        "selector": "[data-composition-id]",
        "dataAttributes": {},
        "sourceFile": "C:\\vox-style-xe-giay-v1-hyperframes\\hyperframes\\videos\\ban-an-802-2020-tphcm\\compositions\\caption-track.html",
        "bbox": {
          "x": 0,
          "y": 0,
          "width": 0,
          "height": 0
        },
        "time": 0,
        "fixHint": "Add a stable, human-readable id such as id=\"hero-title\" or id=\"scene-1-card\" to every timeline-visible element you want agents or Studio to edit."
      },
      {
        "code": "studio_missing_editable_id",
        "severity": "warning",
        "message": "<div class=\"caption-page\" data-start=\"51.850000\"> has no id, so Studio cannot use a stable edit target for its timeline and canvas controls.",
        "selector": "[data-composition-id]",
        "dataAttributes": {},
        "sourceFile": "C:\\vox-style-xe-giay-v1-hyperframes\\hyperframes\\videos\\ban-an-802-2020-tphcm\\compositions\\caption-track.html",
        "bbox": {
          "x": 0,
          "y": 0,
          "width": 0,
          "height": 0
        },
        "time": 0,
        "fixHint": "Add a stable, human-readable id such as id=\"hero-title\" or id=\"scene-1-card\" to every timeline-visible element you want agents or Studio to edit."
      },
      {
        "code": "studio_missing_editable_id",
        "severity": "warning",
        "message": "<div class=\"caption-page\" data-start=\"52.780000\"> has no id, so Studio cannot use a stable edit target for its timeline and canvas controls.",
        "selector": "[data-composition-id]",
        "dataAttributes": {},
        "sourceFile": "C:\\vox-style-xe-giay-v1-hyperframes\\hyperframes\\videos\\ban-an-802-2020-tphcm\\compositions\\caption-track.html",
        "bbox": {
          "x": 0,
          "y": 0,
          "width": 0,
          "height": 0
        },
        "time": 0,
        "fixHint": "Add a stable, human-readable id such as id=\"hero-title\" or id=\"scene-1-card\" to every timeline-visible element you want agents or Studio to edit."
      },
      {
        "code": "studio_missing_editable_id",
        "severity": "warning",
        "message": "<div class=\"caption-page\" data-start=\"53.700000\"> has no id, so Studio cannot use a stable edit target for its timeline and canvas controls.",
        "selector": "[data-composition-id]",
        "dataAttributes": {},
        "sourceFile": "C:\\vox-style-xe-giay-v1-hyperframes\\hyperframes\\videos\\ban-an-802-2020-tphcm\\compositions\\caption-track.html",
        "bbox": {
          "x": 0,
          "y": 0,
          "width": 0,
          "height": 0
        },
        "time": 0,
        "fixHint": "Add a stable, human-readable id such as id=\"hero-title\" or id=\"scene-1-card\" to every timeline-visible element you want agents or Studio to edit."
      },
      {
        "code": "studio_missing_editable_id",
        "severity": "warning",
        "message": "<div class=\"caption-page\" data-start=\"54.660000\"> has no id, so Studio cannot use a stable edit target for its timeline and canvas controls.",
        "selector": "[data-composition-id]",
        "dataAttributes": {},
        "sourceFile": "C:\\vox-style-xe-giay-v1-hyperframes\\hyperframes\\videos\\ban-an-802-2020-tphcm\\compositions\\caption-track.html",
        "bbox": {
          "x": 0,
          "y": 0,
          "width": 0,
          "height": 0
        },
        "time": 0,
        "fixHint": "Add a stable, human-readable id such as id=\"hero-title\" or id=\"scene-1-card\" to every timeline-visible element you want agents or Studio to edit."
      },
      {
        "code": "studio_missing_editable_id",
        "severity": "warning",
        "message": "<div class=\"caption-page\" data-start=\"55.750000\"> has no id, so Studio cannot use a stable edit target for its timeline and canvas controls.",
        "selector": "[data-composition-id]",
        "dataAttributes": {},
        "sourceFile": "C:\\vox-style-xe-giay-v1-hyperframes\\hyperframes\\videos\\ban-an-802-2020-tphcm\\compositions\\caption-track.html",
        "bbox": {
          "x": 0,
          "y": 0,
          "width": 0,
          "height": 0
        },
        "time": 0,
        "fixHint": "Add a stable, human-readable id such as id=\"hero-title\" or id=\"scene-1-card\" to every timeline-visible element you want agents or Studio to edit."
      },
      {
        "code": "studio_missing_editable_id",
        "severity": "warning",
        "message": "<div class=\"caption-page\" data-start=\"56.530000\"> has no id, so Studio cannot use a stable edit target for its timeline and canvas controls.",
        "selector": "[data-composition-id]",
        "dataAttributes": {},
        "sourceFile": "C:\\vox-style-xe-giay-v1-hyperframes\\hyperframes\\videos\\ban-an-802-2020-tphcm\\compositions\\caption-track.html",
        "bbox": {
          "x": 0,
          "y": 0,
          "width": 0,
          "height": 0
        },
        "time": 0,
        "fixHint": "Add a stable, human-readable id such as id=\"hero-title\" or id=\"scene-1-card\" to every timeline-visible element you want agents or Studio to edit."
      },
      {
        "code": "studio_missing_editable_id",
        "severity": "warning",
        "message": "<div class=\"caption-page\" data-start=\"57.570000\"> has no id, so Studio cannot use a stable edit target for its timeline and canvas controls.",
        "selector": "[data-composition-id]",
        "dataAttributes": {},
        "sourceFile": "C:\\vox-style-xe-giay-v1-hyperframes\\hyperframes\\videos\\ban-an-802-2020-tphcm\\compositions\\caption-track.html",
        "bbox": {
          "x": 0,
          "y": 0,
          "width": 0,
          "height": 0
        },
        "time": 0,
        "fixHint": "Add a stable, human-readable id such as id=\"hero-title\" or id=\"scene-1-card\" to every timeline-visible element you want agents or Studio to edit."
      },
      {
        "code": "studio_missing_editable_id",
        "severity": "warning",
        "message": "<div class=\"caption-page\" data-start=\"58.540000\"> has no id, so Studio cannot use a stable edit target for its timeline and canvas controls.",
        "selector": "[data-composition-id]",
        "dataAttributes": {},
        "sourceFile": "C:\\vox-style-xe-giay-v1-hyperframes\\hyperframes\\videos\\ban-an-802-2020-tphcm\\compositions\\caption-track.html",
        "bbox": {
          "x": 0,
          "y": 0,
          "width": 0,
          "height": 0
        },
        "time": 0,
        "fixHint": "Add a stable, human-readable id such as id=\"hero-title\" or id=\"scene-1-card\" to every timeline-visible element you want agents or Studio to edit."
      },
      {
        "code": "studio_missing_editable_id",
        "severity": "warning",
        "message": "<div class=\"caption-page\" data-start=\"59.880000\"> has no id, so Studio cannot use a stable edit target for its timeline and canvas controls.",
        "selector": "[data-composition-id]",
        "dataAttributes": {},
        "sourceFile": "C:\\vox-style-xe-giay-v1-hyperframes\\hyperframes\\videos\\ban-an-802-2020-tphcm\\compositions\\caption-track.html",
        "bbox": {
          "x": 0,
          "y": 0,
          "width": 0,
          "height": 0
        },
        "time": 0,
        "fixHint": "Add a stable, human-readable id such as id=\"hero-title\" or id=\"scene-1-card\" to every timeline-visible element you want agents or Studio to edit."
      },
      {
        "code": "studio_missing_editable_id",
        "severity": "warning",
        "message": "<div class=\"caption-page\" data-start=\"60.940000\"> has no id, so Studio cannot use a stable edit target for its timeline and canvas controls.",
        "selector": "[data-composition-id]",
        "dataAttributes": {},
        "sourceFile": "C:\\vox-style-xe-giay-v1-hyperframes\\hyperframes\\videos\\ban-an-802-2020-tphcm\\compositions\\caption-track.html",
        "bbox": {
          "x": 0,
          "y": 0,
          "width": 0,
          "height": 0
        },
        "time": 0,
        "fixHint": "Add a stable, human-readable id such as id=\"hero-title\" or id=\"scene-1-card\" to every timeline-visible element you want agents or Studio to edit."
      },
      {
        "code": "studio_missing_editable_id",
        "severity": "warning",
        "message": "<div class=\"caption-page\" data-start=\"61.730000\"> has no id, so Studio cannot use a stable edit target for its timeline and canvas controls.",
        "selector": "[data-composition-id]",
        "dataAttributes": {},
        "sourceFile": "C:\\vox-style-xe-giay-v1-hyperframes\\hyperframes\\videos\\ban-an-802-2020-tphcm\\compositions\\caption-track.html",
        "bbox": {
          "x": 0,
          "y": 0,
          "width": 0,
          "height": 0
        },
        "time": 0,
        "fixHint": "Add a stable, human-readable id such as id=\"hero-title\" or id=\"scene-1-card\" to every timeline-visible element you want agents or Studio to edit."
      },
      {
        "code": "studio_missing_editable_id",
        "severity": "warning",
        "message": "<div class=\"caption-page\" data-start=\"63.110000\"> has no id, so Studio cannot use a stable edit target for its timeline and canvas controls.",
        "selector": "[data-composition-id]",
        "dataAttributes": {},
        "sourceFile": "C:\\vox-style-xe-giay-v1-hyperframes\\hyperframes\\videos\\ban-an-802-2020-tphcm\\compositions\\caption-track.html",
        "bbox": {
          "x": 0,
          "y": 0,
          "width": 0,
          "height": 0
        },
        "time": 0,
        "fixHint": "Add a stable, human-readable id such as id=\"hero-title\" or id=\"scene-1-card\" to every timeline-visible element you want agents or Studio to edit."
      },
      {
        "code": "studio_missing_editable_id",
        "severity": "warning",
        "message": "<div class=\"caption-page\" data-start=\"63.700000\"> has no id, so Studio cannot use a stable edit target for its timeline and canvas controls.",
        "selector": "[data-composition-id]",
        "dataAttributes": {},
        "sourceFile": "C:\\vox-style-xe-giay-v1-hyperframes\\hyperframes\\videos\\ban-an-802-2020-tphcm\\compositions\\caption-track.html",
        "bbox": {
          "x": 0,
          "y": 0,
          "width": 0,
          "height": 0
        },
        "time": 0,
        "fixHint": "Add a stable, human-readable id such as id=\"hero-title\" or id=\"scene-1-card\" to every timeline-visible element you want agents or Studio to edit."
      },
      {
        "code": "studio_missing_editable_id",
        "severity": "warning",
        "message": "<div class=\"caption-page\" data-start=\"64.730000\"> has no id, so Studio cannot use a stable edit target for its timeline and canvas controls.",
        "selector": "[data-composition-id]",
        "dataAttributes": {},
        "sourceFile": "C:\\vox-style-xe-giay-v1-hyperframes\\hyperframes\\videos\\ban-an-802-2020-tphcm\\compositions\\caption-track.html",
        "bbox": {
          "x": 0,
          "y": 0,
          "width": 0,
          "height": 0
        },
        "time": 0,
        "fixHint": "Add a stable, human-readable id such as id=\"hero-title\" or id=\"scene-1-card\" to every timeline-visible element you want agents or Studio to edit."
      },
      {
        "code": "studio_missing_editable_id",
        "severity": "warning",
        "message": "<div class=\"caption-page\" data-start=\"65.650000\"> has no id, so Studio cannot use a stable edit target for its timeline and canvas controls.",
        "selector": "[data-composition-id]",
        "dataAttributes": {},
        "sourceFile": "C:\\vox-style-xe-giay-v1-hyperframes\\hyperframes\\videos\\ban-an-802-2020-tphcm\\compositions\\caption-track.html",
        "bbox": {
          "x": 0,
          "y": 0,
          "width": 0,
          "height": 0
        },
        "time": 0,
        "fixHint": "Add a stable, human-readable id such as id=\"hero-title\" or id=\"scene-1-card\" to every timeline-visible element you want agents or Studio to edit."
      },
      {
        "code": "studio_missing_editable_id",
        "severity": "warning",
        "message": "<div class=\"caption-page\" data-start=\"66.350000\"> has no id, so Studio cannot use a stable edit target for its timeline and canvas controls.",
        "selector": "[data-composition-id]",
        "dataAttributes": {},
        "sourceFile": "C:\\vox-style-xe-giay-v1-hyperframes\\hyperframes\\videos\\ban-an-802-2020-tphcm\\compositions\\caption-track.html",
        "bbox": {
          "x": 0,
          "y": 0,
          "width": 0,
          "height": 0
        },
        "time": 0,
        "fixHint": "Add a stable, human-readable id such as id=\"hero-title\" or id=\"scene-1-card\" to every timeline-visible element you want agents or Studio to edit."
      },
      {
        "code": "studio_missing_editable_id",
        "severity": "warning",
        "message": "<div class=\"caption-page\" data-start=\"67.340000\"> has no id, so Studio cannot use a stable edit target for its timeline and canvas controls.",
        "selector": "[data-composition-id]",
        "dataAttributes": {},
        "sourceFile": "C:\\vox-style-xe-giay-v1-hyperframes\\hyperframes\\videos\\ban-an-802-2020-tphcm\\compositions\\caption-track.html",
        "bbox": {
          "x": 0,
          "y": 0,
          "width": 0,
          "height": 0
        },
        "time": 0,
        "fixHint": "Add a stable, human-readable id such as id=\"hero-title\" or id=\"scene-1-card\" to every timeline-visible element you want agents or Studio to edit."
      },
      {
        "code": "studio_missing_editable_id",
        "severity": "warning",
        "message": "<div class=\"caption-page\" data-start=\"68.290000\"> has no id, so Studio cannot use a stable edit target for its timeline and canvas controls.",
        "selector": "[data-composition-id]",
        "dataAttributes": {},
        "sourceFile": "C:\\vox-style-xe-giay-v1-hyperframes\\hyperframes\\videos\\ban-an-802-2020-tphcm\\compositions\\caption-track.html",
        "bbox": {
          "x": 0,
          "y": 0,
          "width": 0,
          "height": 0
        },
        "time": 0,
        "fixHint": "Add a stable, human-readable id such as id=\"hero-title\" or id=\"scene-1-card\" to every timeline-visible element you want agents or Studio to edit."
      },
      {
        "code": "studio_missing_editable_id",
        "severity": "warning",
        "message": "<div class=\"caption-page\" data-start=\"69.210000\"> has no id, so Studio cannot use a stable edit target for its timeline and canvas controls.",
        "selector": "[data-composition-id]",
        "dataAttributes": {},
        "sourceFile": "C:\\vox-style-xe-giay-v1-hyperframes\\hyperframes\\videos\\ban-an-802-2020-tphcm\\compositions\\caption-track.html",
        "bbox": {
          "x": 0,
          "y": 0,
          "width": 0,
          "height": 0
        },
        "time": 0,
        "fixHint": "Add a stable, human-readable id such as id=\"hero-title\" or id=\"scene-1-card\" to every timeline-visible element you want agents or Studio to edit."
      },
      {
        "code": "studio_missing_editable_id",
        "severity": "warning",
        "message": "<div class=\"caption-page\" data-start=\"69.500000\"> has no id, so Studio cannot use a stable edit target for its timeline and canvas controls.",
        "selector": "[data-composition-id]",
        "dataAttributes": {},
        "sourceFile": "C:\\vox-style-xe-giay-v1-hyperframes\\hyperframes\\videos\\ban-an-802-2020-tphcm\\compositions\\caption-track.html",
        "bbox": {
          "x": 0,
          "y": 0,
          "width": 0,
          "height": 0
        },
        "time": 0,
        "fixHint": "Add a stable, human-readable id such as id=\"hero-title\" or id=\"scene-1-card\" to every timeline-visible element you want agents or Studio to edit."
      },
      {
        "code": "studio_missing_editable_id",
        "severity": "warning",
        "message": "<div class=\"caption-page\" data-start=\"70.570000\"> has no id, so Studio cannot use a stable edit target for its timeline and canvas controls.",
        "selector": "[data-composition-id]",
        "dataAttributes": {},
        "sourceFile": "C:\\vox-style-xe-giay-v1-hyperframes\\hyperframes\\videos\\ban-an-802-2020-tphcm\\compositions\\caption-track.html",
        "bbox": {
          "x": 0,
          "y": 0,
          "width": 0,
          "height": 0
        },
        "time": 0,
        "fixHint": "Add a stable, human-readable id such as id=\"hero-title\" or id=\"scene-1-card\" to every timeline-visible element you want agents or Studio to edit."
      },
      {
        "code": "studio_missing_editable_id",
        "severity": "warning",
        "message": "<div class=\"caption-page\" data-start=\"71.450000\"> has no id, so Studio cannot use a stable edit target for its timeline and canvas controls.",
        "selector": "[data-composition-id]",
        "dataAttributes": {},
        "sourceFile": "C:\\vox-style-xe-giay-v1-hyperframes\\hyperframes\\videos\\ban-an-802-2020-tphcm\\compositions\\caption-track.html",
        "bbox": {
          "x": 0,
          "y": 0,
          "width": 0,
          "height": 0
        },
        "time": 0,
        "fixHint": "Add a stable, human-readable id such as id=\"hero-title\" or id=\"scene-1-card\" to every timeline-visible element you want agents or Studio to edit."
      },
      {
        "code": "studio_missing_editable_id",
        "severity": "warning",
        "message": "<div class=\"caption-page\" data-start=\"72.720000\"> has no id, so Studio cannot use a stable edit target for its timeline and canvas controls.",
        "selector": "[data-composition-id]",
        "dataAttributes": {},
        "sourceFile": "C:\\vox-style-xe-giay-v1-hyperframes\\hyperframes\\videos\\ban-an-802-2020-tphcm\\compositions\\caption-track.html",
        "bbox": {
          "x": 0,
          "y": 0,
          "width": 0,
          "height": 0
        },
        "time": 0,
        "fixHint": "Add a stable, human-readable id such as id=\"hero-title\" or id=\"scene-1-card\" to every timeline-visible element you want agents or Studio to edit."
      },
      {
        "code": "studio_missing_editable_id",
        "severity": "warning",
        "message": "<div class=\"caption-page\" data-start=\"73.830000\"> has no id, so Studio cannot use a stable edit target for its timeline and canvas controls.",
        "selector": "[data-composition-id]",
        "dataAttributes": {},
        "sourceFile": "C:\\vox-style-xe-giay-v1-hyperframes\\hyperframes\\videos\\ban-an-802-2020-tphcm\\compositions\\caption-track.html",
        "bbox": {
          "x": 0,
          "y": 0,
          "width": 0,
          "height": 0
        },
        "time": 0,
        "fixHint": "Add a stable, human-readable id such as id=\"hero-title\" or id=\"scene-1-card\" to every timeline-visible element you want agents or Studio to edit."
      },
      {
        "code": "studio_missing_editable_id",
        "severity": "warning",
        "message": "<div class=\"caption-page\" data-start=\"75.300000\"> has no id, so Studio cannot use a stable edit target for its timeline and canvas controls.",
        "selector": "[data-composition-id]",
        "dataAttributes": {},
        "sourceFile": "C:\\vox-style-xe-giay-v1-hyperframes\\hyperframes\\videos\\ban-an-802-2020-tphcm\\compositions\\caption-track.html",
        "bbox": {
          "x": 0,
          "y": 0,
          "width": 0,
          "height": 0
        },
        "time": 0,
        "fixHint": "Add a stable, human-readable id such as id=\"hero-title\" or id=\"scene-1-card\" to every timeline-visible element you want agents or Studio to edit."
      },
      {
        "code": "studio_missing_editable_id",
        "severity": "warning",
        "message": "<div class=\"caption-page\" data-start=\"75.820000\"> has no id, so Studio cannot use a stable edit target for its timeline and canvas controls.",
        "selector": "[data-composition-id]",
        "dataAttributes": {},
        "sourceFile": "C:\\vox-style-xe-giay-v1-hyperframes\\hyperframes\\videos\\ban-an-802-2020-tphcm\\compositions\\caption-track.html",
        "bbox": {
          "x": 0,
          "y": 0,
          "width": 0,
          "height": 0
        },
        "time": 0,
        "fixHint": "Add a stable, human-readable id such as id=\"hero-title\" or id=\"scene-1-card\" to every timeline-visible element you want agents or Studio to edit."
      },
      {
        "code": "studio_missing_editable_id",
        "severity": "warning",
        "message": "<div class=\"caption-page\" data-start=\"76.670000\"> has no id, so Studio cannot use a stable edit target for its timeline and canvas controls.",
        "selector": "[data-composition-id]",
        "dataAttributes": {},
        "sourceFile": "C:\\vox-style-xe-giay-v1-hyperframes\\hyperframes\\videos\\ban-an-802-2020-tphcm\\compositions\\caption-track.html",
        "bbox": {
          "x": 0,
          "y": 0,
          "width": 0,
          "height": 0
        },
        "time": 0,
        "fixHint": "Add a stable, human-readable id such as id=\"hero-title\" or id=\"scene-1-card\" to every timeline-visible element you want agents or Studio to edit."
      },
      {
        "code": "studio_missing_editable_id",
        "severity": "warning",
        "message": "<div class=\"caption-page\" data-start=\"77.720000\"> has no id, so Studio cannot use a stable edit target for its timeline and canvas controls.",
        "selector": "[data-composition-id]",
        "dataAttributes": {},
        "sourceFile": "C:\\vox-style-xe-giay-v1-hyperframes\\hyperframes\\videos\\ban-an-802-2020-tphcm\\compositions\\caption-track.html",
        "bbox": {
          "x": 0,
          "y": 0,
          "width": 0,
          "height": 0
        },
        "time": 0,
        "fixHint": "Add a stable, human-readable id such as id=\"hero-title\" or id=\"scene-1-card\" to every timeline-visible element you want agents or Studio to edit."
      },
      {
        "code": "studio_missing_editable_id",
        "severity": "warning",
        "message": "<div class=\"caption-page\" data-start=\"78.630000\"> has no id, so Studio cannot use a stable edit target for its timeline and canvas controls.",
        "selector": "[data-composition-id]",
        "dataAttributes": {},
        "sourceFile": "C:\\vox-style-xe-giay-v1-hyperframes\\hyperframes\\videos\\ban-an-802-2020-tphcm\\compositions\\caption-track.html",
        "bbox": {
          "x": 0,
          "y": 0,
          "width": 0,
          "height": 0
        },
        "time": 0,
        "fixHint": "Add a stable, human-readable id such as id=\"hero-title\" or id=\"scene-1-card\" to every timeline-visible element you want agents or Studio to edit."
      },
      {
        "code": "studio_missing_editable_id",
        "severity": "warning",
        "message": "<div class=\"caption-page\" data-start=\"79.460000\"> has no id, so Studio cannot use a stable edit target for its timeline and canvas controls.",
        "selector": "[data-composition-id]",
        "dataAttributes": {},
        "sourceFile": "C:\\vox-style-xe-giay-v1-hyperframes\\hyperframes\\videos\\ban-an-802-2020-tphcm\\compositions\\caption-track.html",
        "bbox": {
          "x": 0,
          "y": 0,
          "width": 0,
          "height": 0
        },
        "time": 0,
        "fixHint": "Add a stable, human-readable id such as id=\"hero-title\" or id=\"scene-1-card\" to every timeline-visible element you want agents or Studio to edit."
      },
      {
        "code": "studio_missing_editable_id",
        "severity": "warning",
        "message": "<div class=\"caption-page\" data-start=\"80.530000\"> has no id, so Studio cannot use a stable edit target for its timeline and canvas controls.",
        "selector": "[data-composition-id]",
        "dataAttributes": {},
        "sourceFile": "C:\\vox-style-xe-giay-v1-hyperframes\\hyperframes\\videos\\ban-an-802-2020-tphcm\\compositions\\caption-track.html",
        "bbox": {
          "x": 0,
          "y": 0,
          "width": 0,
          "height": 0
        },
        "time": 0,
        "fixHint": "Add a stable, human-readable id such as id=\"hero-title\" or id=\"scene-1-card\" to every timeline-visible element you want agents or Studio to edit."
      },
      {
        "code": "studio_missing_editable_id",
        "severity": "warning",
        "message": "<div class=\"caption-page\" data-start=\"81.940000\"> has no id, so Studio cannot use a stable edit target for its timeline and canvas controls.",
        "selector": "[data-composition-id]",
        "dataAttributes": {},
        "sourceFile": "C:\\vox-style-xe-giay-v1-hyperframes\\hyperframes\\videos\\ban-an-802-2020-tphcm\\compositions\\caption-track.html",
        "bbox": {
          "x": 0,
          "y": 0,
          "width": 0,
          "height": 0
        },
        "time": 0,
        "fixHint": "Add a stable, human-readable id such as id=\"hero-title\" or id=\"scene-1-card\" to every timeline-visible element you want agents or Studio to edit."
      },
      {
        "code": "studio_missing_editable_id",
        "severity": "warning",
        "message": "<div class=\"caption-page\" data-start=\"82.920000\"> has no id, so Studio cannot use a stable edit target for its timeline and canvas controls.",
        "selector": "[data-composition-id]",
        "dataAttributes": {},
        "sourceFile": "C:\\vox-style-xe-giay-v1-hyperframes\\hyperframes\\videos\\ban-an-802-2020-tphcm\\compositions\\caption-track.html",
        "bbox": {
          "x": 0,
          "y": 0,
          "width": 0,
          "height": 0
        },
        "time": 0,
        "fixHint": "Add a stable, human-readable id such as id=\"hero-title\" or id=\"scene-1-card\" to every timeline-visible element you want agents or Studio to edit."
      },
      {
        "code": "studio_missing_editable_id",
        "severity": "warning",
        "message": "<div class=\"caption-page\" data-start=\"83.640000\"> has no id, so Studio cannot use a stable edit target for its timeline and canvas controls.",
        "selector": "[data-composition-id]",
        "dataAttributes": {},
        "sourceFile": "C:\\vox-style-xe-giay-v1-hyperframes\\hyperframes\\videos\\ban-an-802-2020-tphcm\\compositions\\caption-track.html",
        "bbox": {
          "x": 0,
          "y": 0,
          "width": 0,
          "height": 0
        },
        "time": 0,
        "fixHint": "Add a stable, human-readable id such as id=\"hero-title\" or id=\"scene-1-card\" to every timeline-visible element you want agents or Studio to edit."
      },
      {
        "code": "studio_missing_editable_id",
        "severity": "warning",
        "message": "<div class=\"caption-page\" data-start=\"84.580000\"> has no id, so Studio cannot use a stable edit target for its timeline and canvas controls.",
        "selector": "[data-composition-id]",
        "dataAttributes": {},
        "sourceFile": "C:\\vox-style-xe-giay-v1-hyperframes\\hyperframes\\videos\\ban-an-802-2020-tphcm\\compositions\\caption-track.html",
        "bbox": {
          "x": 0,
          "y": 0,
          "width": 0,
          "height": 0
        },
        "time": 0,
        "fixHint": "Add a stable, human-readable id such as id=\"hero-title\" or id=\"scene-1-card\" to every timeline-visible element you want agents or Studio to edit."
      },
      {
        "code": "studio_missing_editable_id",
        "severity": "warning",
        "message": "<div class=\"caption-page\" data-start=\"85.620000\"> has no id, so Studio cannot use a stable edit target for its timeline and canvas controls.",
        "selector": "[data-composition-id]",
        "dataAttributes": {},
        "sourceFile": "C:\\vox-style-xe-giay-v1-hyperframes\\hyperframes\\videos\\ban-an-802-2020-tphcm\\compositions\\caption-track.html",
        "bbox": {
          "x": 0,
          "y": 0,
          "width": 0,
          "height": 0
        },
        "time": 0,
        "fixHint": "Add a stable, human-readable id such as id=\"hero-title\" or id=\"scene-1-card\" to every timeline-visible element you want agents or Studio to edit."
      },
      {
        "code": "studio_missing_editable_id",
        "severity": "warning",
        "message": "<div class=\"caption-page\" data-start=\"86.350000\"> has no id, so Studio cannot use a stable edit target for its timeline and canvas controls.",
        "selector": "[data-composition-id]",
        "dataAttributes": {},
        "sourceFile": "C:\\vox-style-xe-giay-v1-hyperframes\\hyperframes\\videos\\ban-an-802-2020-tphcm\\compositions\\caption-track.html",
        "bbox": {
          "x": 0,
          "y": 0,
          "width": 0,
          "height": 0
        },
        "time": 0,
        "fixHint": "Add a stable, human-readable id such as id=\"hero-title\" or id=\"scene-1-card\" to every timeline-visible element you want agents or Studio to edit."
      },
      {
        "code": "studio_missing_editable_id",
        "severity": "warning",
        "message": "<div class=\"caption-page\" data-start=\"87.440000\"> has no id, so Studio cannot use a stable edit target for its timeline and canvas controls.",
        "selector": "[data-composition-id]",
        "dataAttributes": {},
        "sourceFile": "C:\\vox-style-xe-giay-v1-hyperframes\\hyperframes\\videos\\ban-an-802-2020-tphcm\\compositions\\caption-track.html",
        "bbox": {
          "x": 0,
          "y": 0,
          "width": 0,
          "height": 0
        },
        "time": 0,
        "fixHint": "Add a stable, human-readable id such as id=\"hero-title\" or id=\"scene-1-card\" to every timeline-visible element you want agents or Studio to edit."
      },
      {
        "code": "studio_missing_editable_id",
        "severity": "warning",
        "message": "<div class=\"caption-page\" data-start=\"88.030000\"> has no id, so Studio cannot use a stable edit target for its timeline and canvas controls.",
        "selector": "[data-composition-id]",
        "dataAttributes": {},
        "sourceFile": "C:\\vox-style-xe-giay-v1-hyperframes\\hyperframes\\videos\\ban-an-802-2020-tphcm\\compositions\\caption-track.html",
        "bbox": {
          "x": 0,
          "y": 0,
          "width": 0,
          "height": 0
        },
        "time": 0,
        "fixHint": "Add a stable, human-readable id such as id=\"hero-title\" or id=\"scene-1-card\" to every timeline-visible element you want agents or Studio to edit."
      },
      {
        "code": "studio_missing_editable_id",
        "severity": "warning",
        "message": "<div class=\"caption-page\" data-start=\"89.120000\"> has no id, so Studio cannot use a stable edit target for its timeline and canvas controls.",
        "selector": "[data-composition-id]",
        "dataAttributes": {},
        "sourceFile": "C:\\vox-style-xe-giay-v1-hyperframes\\hyperframes\\videos\\ban-an-802-2020-tphcm\\compositions\\caption-track.html",
        "bbox": {
          "x": 0,
          "y": 0,
          "width": 0,
          "height": 0
        },
        "time": 0,
        "fixHint": "Add a stable, human-readable id such as id=\"hero-title\" or id=\"scene-1-card\" to every timeline-visible element you want agents or Studio to edit."
      },
      {
        "code": "studio_missing_editable_id",
        "severity": "warning",
        "message": "<div class=\"caption-page\" data-start=\"90.090000\"> has no id, so Studio cannot use a stable edit target for its timeline and canvas controls.",
        "selector": "[data-composition-id]",
        "dataAttributes": {},
        "sourceFile": "C:\\vox-style-xe-giay-v1-hyperframes\\hyperframes\\videos\\ban-an-802-2020-tphcm\\compositions\\caption-track.html",
        "bbox": {
          "x": 0,
          "y": 0,
          "width": 0,
          "height": 0
        },
        "time": 0,
        "fixHint": "Add a stable, human-readable id such as id=\"hero-title\" or id=\"scene-1-card\" to every timeline-visible element you want agents or Studio to edit."
      },
      {
        "code": "studio_missing_editable_id",
        "severity": "warning",
        "message": "<div class=\"caption-page\" data-start=\"90.950000\"> has no id, so Studio cannot use a stable edit target for its timeline and canvas controls.",
        "selector": "[data-composition-id]",
        "dataAttributes": {},
        "sourceFile": "C:\\vox-style-xe-giay-v1-hyperframes\\hyperframes\\videos\\ban-an-802-2020-tphcm\\compositions\\caption-track.html",
        "bbox": {
          "x": 0,
          "y": 0,
          "width": 0,
          "height": 0
        },
        "time": 0,
        "fixHint": "Add a stable, human-readable id such as id=\"hero-title\" or id=\"scene-1-card\" to every timeline-visible element you want agents or Studio to edit."
      },
      {
        "code": "studio_missing_editable_id",
        "severity": "warning",
        "message": "<div class=\"caption-page\" data-start=\"91.940000\"> has no id, so Studio cannot use a stable edit target for its timeline and canvas controls.",
        "selector": "[data-composition-id]",
        "dataAttributes": {},
        "sourceFile": "C:\\vox-style-xe-giay-v1-hyperframes\\hyperframes\\videos\\ban-an-802-2020-tphcm\\compositions\\caption-track.html",
        "bbox": {
          "x": 0,
          "y": 0,
          "width": 0,
          "height": 0
        },
        "time": 0,
        "fixHint": "Add a stable, human-readable id such as id=\"hero-title\" or id=\"scene-1-card\" to every timeline-visible element you want agents or Studio to edit."
      },
      {
        "code": "studio_missing_editable_id",
        "severity": "warning",
        "message": "<div class=\"caption-page\" data-start=\"92.410000\"> has no id, so Studio cannot use a stable edit target for its timeline and canvas controls.",
        "selector": "[data-composition-id]",
        "dataAttributes": {},
        "sourceFile": "C:\\vox-style-xe-giay-v1-hyperframes\\hyperframes\\videos\\ban-an-802-2020-tphcm\\compositions\\caption-track.html",
        "bbox": {
          "x": 0,
          "y": 0,
          "width": 0,
          "height": 0
        },
        "time": 0,
        "fixHint": "Add a stable, human-readable id such as id=\"hero-title\" or id=\"scene-1-card\" to every timeline-visible element you want agents or Studio to edit."
      },
      {
        "code": "studio_missing_editable_id",
        "severity": "warning",
        "message": "<div class=\"caption-page\" data-start=\"93.310000\"> has no id, so Studio cannot use a stable edit target for its timeline and canvas controls.",
        "selector": "[data-composition-id]",
        "dataAttributes": {},
        "sourceFile": "C:\\vox-style-xe-giay-v1-hyperframes\\hyperframes\\videos\\ban-an-802-2020-tphcm\\compositions\\caption-track.html",
        "bbox": {
          "x": 0,
          "y": 0,
          "width": 0,
          "height": 0
        },
        "time": 0,
        "fixHint": "Add a stable, human-readable id such as id=\"hero-title\" or id=\"scene-1-card\" to every timeline-visible element you want agents or Studio to edit."
      },
      {
        "code": "studio_missing_editable_id",
        "severity": "warning",
        "message": "<div class=\"caption-page\" data-start=\"93.940000\"> has no id, so Studio cannot use a stable edit target for its timeline and canvas controls.",
        "selector": "[data-composition-id]",
        "dataAttributes": {},
        "sourceFile": "C:\\vox-style-xe-giay-v1-hyperframes\\hyperframes\\videos\\ban-an-802-2020-tphcm\\compositions\\caption-track.html",
        "bbox": {
          "x": 0,
          "y": 0,
          "width": 0,
          "height": 0
        },
        "time": 0,
        "fixHint": "Add a stable, human-readable id such as id=\"hero-title\" or id=\"scene-1-card\" to every timeline-visible element you want agents or Studio to edit."
      },
      {
        "code": "studio_missing_editable_id",
        "severity": "warning",
        "message": "<div class=\"caption-page\" data-start=\"94.770000\"> has no id, so Studio cannot use a stable edit target for its timeline and canvas controls.",
        "selector": "[data-composition-id]",
        "dataAttributes": {},
        "sourceFile": "C:\\vox-style-xe-giay-v1-hyperframes\\hyperframes\\videos\\ban-an-802-2020-tphcm\\compositions\\caption-track.html",
        "bbox": {
          "x": 0,
          "y": 0,
          "width": 0,
          "height": 0
        },
        "time": 0,
        "fixHint": "Add a stable, human-readable id such as id=\"hero-title\" or id=\"scene-1-card\" to every timeline-visible element you want agents or Studio to edit."
      },
      {
        "code": "studio_missing_editable_id",
        "severity": "warning",
        "message": "<div class=\"caption-page\" data-start=\"95.360000\"> has no id, so Studio cannot use a stable edit target for its timeline and canvas controls.",
        "selector": "[data-composition-id]",
        "dataAttributes": {},
        "sourceFile": "C:\\vox-style-xe-giay-v1-hyperframes\\hyperframes\\videos\\ban-an-802-2020-tphcm\\compositions\\caption-track.html",
        "bbox": {
          "x": 0,
          "y": 0,
          "width": 0,
          "height": 0
        },
        "time": 0,
        "fixHint": "Add a stable, human-readable id such as id=\"hero-title\" or id=\"scene-1-card\" to every timeline-visible element you want agents or Studio to edit."
      },
      {
        "code": "studio_missing_editable_id",
        "severity": "warning",
        "message": "<div class=\"caption-page\" data-start=\"96.240000\"> has no id, so Studio cannot use a stable edit target for its timeline and canvas controls.",
        "selector": "[data-composition-id]",
        "dataAttributes": {},
        "sourceFile": "C:\\vox-style-xe-giay-v1-hyperframes\\hyperframes\\videos\\ban-an-802-2020-tphcm\\compositions\\caption-track.html",
        "bbox": {
          "x": 0,
          "y": 0,
          "width": 0,
          "height": 0
        },
        "time": 0,
        "fixHint": "Add a stable, human-readable id such as id=\"hero-title\" or id=\"scene-1-card\" to every timeline-visible element you want agents or Studio to edit."
      },
      {
        "code": "studio_missing_editable_id",
        "severity": "warning",
        "message": "<div class=\"caption-page\" data-start=\"97.270000\"> has no id, so Studio cannot use a stable edit target for its timeline and canvas controls.",
        "selector": "[data-composition-id]",
        "dataAttributes": {},
        "sourceFile": "C:\\vox-style-xe-giay-v1-hyperframes\\hyperframes\\videos\\ban-an-802-2020-tphcm\\compositions\\caption-track.html",
        "bbox": {
          "x": 0,
          "y": 0,
          "width": 0,
          "height": 0
        },
        "time": 0,
        "fixHint": "Add a stable, human-readable id such as id=\"hero-title\" or id=\"scene-1-card\" to every timeline-visible element you want agents or Studio to edit."
      },
      {
        "code": "studio_missing_editable_id",
        "severity": "warning",
        "message": "<div class=\"caption-page\" data-start=\"98.390000\"> has no id, so Studio cannot use a stable edit target for its timeline and canvas controls.",
        "selector": "[data-composition-id]",
        "dataAttributes": {},
        "sourceFile": "C:\\vox-style-xe-giay-v1-hyperframes\\hyperframes\\videos\\ban-an-802-2020-tphcm\\compositions\\caption-track.html",
        "bbox": {
          "x": 0,
          "y": 0,
          "width": 0,
          "height": 0
        },
        "time": 0,
        "fixHint": "Add a stable, human-readable id such as id=\"hero-title\" or id=\"scene-1-card\" to every timeline-visible element you want agents or Studio to edit."
      },
      {
        "code": "studio_missing_editable_id",
        "severity": "warning",
        "message": "<div class=\"caption-page\" data-start=\"99.220000\"> has no id, so Studio cannot use a stable edit target for its timeline and canvas controls.",
        "selector": "[data-composition-id]",
        "dataAttributes": {},
        "sourceFile": "C:\\vox-style-xe-giay-v1-hyperframes\\hyperframes\\videos\\ban-an-802-2020-tphcm\\compositions\\caption-track.html",
        "bbox": {
          "x": 0,
          "y": 0,
          "width": 0,
          "height": 0
        },
        "time": 0,
        "fixHint": "Add a stable, human-readable id such as id=\"hero-title\" or id=\"scene-1-card\" to every timeline-visible element you want agents or Studio to edit."
      },
      {
        "code": "studio_missing_editable_id",
        "severity": "warning",
        "message": "<div class=\"caption-page\" data-start=\"100.110000\"> has no id, so Studio cannot use a stable edit target for its timeline and canvas controls.",
        "selector": "[data-composition-id]",
        "dataAttributes": {},
        "sourceFile": "C:\\vox-style-xe-giay-v1-hyperframes\\hyperframes\\videos\\ban-an-802-2020-tphcm\\compositions\\caption-track.html",
        "bbox": {
          "x": 0,
          "y": 0,
          "width": 0,
          "height": 0
        },
        "time": 0,
        "fixHint": "Add a stable, human-readable id such as id=\"hero-title\" or id=\"scene-1-card\" to every timeline-visible element you want agents or Studio to edit."
      },
      {
        "code": "studio_missing_editable_id",
        "severity": "warning",
        "message": "<div class=\"caption-page\" data-start=\"100.860000\"> has no id, so Studio cannot use a stable edit target for its timeline and canvas controls.",
        "selector": "[data-composition-id]",
        "dataAttributes": {},
        "sourceFile": "C:\\vox-style-xe-giay-v1-hyperframes\\hyperframes\\videos\\ban-an-802-2020-tphcm\\compositions\\caption-track.html",
        "bbox": {
          "x": 0,
          "y": 0,
          "width": 0,
          "height": 0
        },
        "time": 0,
        "fixHint": "Add a stable, human-readable id such as id=\"hero-title\" or id=\"scene-1-card\" to every timeline-visible element you want agents or Studio to edit."
      },
      {
        "code": "studio_missing_editable_id",
        "severity": "warning",
        "message": "<div class=\"caption-page\" data-start=\"102.020000\"> has no id, so Studio cannot use a stable edit target for its timeline and canvas controls.",
        "selector": "[data-composition-id]",
        "dataAttributes": {},
        "sourceFile": "C:\\vox-style-xe-giay-v1-hyperframes\\hyperframes\\videos\\ban-an-802-2020-tphcm\\compositions\\caption-track.html",
        "bbox": {
          "x": 0,
          "y": 0,
          "width": 0,
          "height": 0
        },
        "time": 0,
        "fixHint": "Add a stable, human-readable id such as id=\"hero-title\" or id=\"scene-1-card\" to every timeline-visible element you want agents or Studio to edit."
      },
      {
        "code": "studio_missing_editable_id",
        "severity": "warning",
        "message": "<div class=\"caption-page\" data-start=\"102.740000\"> has no id, so Studio cannot use a stable edit target for its timeline and canvas controls.",
        "selector": "[data-composition-id]",
        "dataAttributes": {},
        "sourceFile": "C:\\vox-style-xe-giay-v1-hyperframes\\hyperframes\\videos\\ban-an-802-2020-tphcm\\compositions\\caption-track.html",
        "bbox": {
          "x": 0,
          "y": 0,
          "width": 0,
          "height": 0
        },
        "time": 0,
        "fixHint": "Add a stable, human-readable id such as id=\"hero-title\" or id=\"scene-1-card\" to every timeline-visible element you want agents or Studio to edit."
      },
      {
        "code": "studio_missing_editable_id",
        "severity": "warning",
        "message": "<div class=\"caption-page\" data-start=\"103.480000\"> has no id, so Studio cannot use a stable edit target for its timeline and canvas controls.",
        "selector": "[data-composition-id]",
        "dataAttributes": {},
        "sourceFile": "C:\\vox-style-xe-giay-v1-hyperframes\\hyperframes\\videos\\ban-an-802-2020-tphcm\\compositions\\caption-track.html",
        "bbox": {
          "x": 0,
          "y": 0,
          "width": 0,
          "height": 0
        },
        "time": 0,
        "fixHint": "Add a stable, human-readable id such as id=\"hero-title\" or id=\"scene-1-card\" to every timeline-visible element you want agents or Studio to edit."
      },
      {
        "code": "studio_missing_editable_id",
        "severity": "warning",
        "message": "<div class=\"caption-page\" data-start=\"104.600000\"> has no id, so Studio cannot use a stable edit target for its timeline and canvas controls.",
        "selector": "[data-composition-id]",
        "dataAttributes": {},
        "sourceFile": "C:\\vox-style-xe-giay-v1-hyperframes\\hyperframes\\videos\\ban-an-802-2020-tphcm\\compositions\\caption-track.html",
        "bbox": {
          "x": 0,
          "y": 0,
          "width": 0,
          "height": 0
        },
        "time": 0,
        "fixHint": "Add a stable, human-readable id such as id=\"hero-title\" or id=\"scene-1-card\" to every timeline-visible element you want agents or Studio to edit."
      },
      {
        "code": "studio_missing_editable_id",
        "severity": "warning",
        "message": "<div class=\"caption-page\" data-start=\"105.620000\"> has no id, so Studio cannot use a stable edit target for its timeline and canvas controls.",
        "selector": "[data-composition-id]",
        "dataAttributes": {},
        "sourceFile": "C:\\vox-style-xe-giay-v1-hyperframes\\hyperframes\\videos\\ban-an-802-2020-tphcm\\compositions\\caption-track.html",
        "bbox": {
          "x": 0,
          "y": 0,
          "width": 0,
          "height": 0
        },
        "time": 0,
        "fixHint": "Add a stable, human-readable id such as id=\"hero-title\" or id=\"scene-1-card\" to every timeline-visible element you want agents or Studio to edit."
      },
      {
        "code": "studio_missing_editable_id",
        "severity": "warning",
        "message": "<div class=\"caption-page\" data-start=\"106.570000\"> has no id, so Studio cannot use a stable edit target for its timeline and canvas controls.",
        "selector": "[data-composition-id]",
        "dataAttributes": {},
        "sourceFile": "C:\\vox-style-xe-giay-v1-hyperframes\\hyperframes\\videos\\ban-an-802-2020-tphcm\\compositions\\caption-track.html",
        "bbox": {
          "x": 0,
          "y": 0,
          "width": 0,
          "height": 0
        },
        "time": 0,
        "fixHint": "Add a stable, human-readable id such as id=\"hero-title\" or id=\"scene-1-card\" to every timeline-visible element you want agents or Studio to edit."
      },
      {
        "code": "studio_missing_editable_id",
        "severity": "warning",
        "message": "<div class=\"caption-page\" data-start=\"107.060000\"> has no id, so Studio cannot use a stable edit target for its timeline and canvas controls.",
        "selector": "[data-composition-id]",
        "dataAttributes": {},
        "sourceFile": "C:\\vox-style-xe-giay-v1-hyperframes\\hyperframes\\videos\\ban-an-802-2020-tphcm\\compositions\\caption-track.html",
        "bbox": {
          "x": 0,
          "y": 0,
          "width": 0,
          "height": 0
        },
        "time": 0,
        "fixHint": "Add a stable, human-readable id such as id=\"hero-title\" or id=\"scene-1-card\" to every timeline-visible element you want agents or Studio to edit."
      },
      {
        "code": "studio_missing_editable_id",
        "severity": "warning",
        "message": "<div class=\"caption-page\" data-start=\"108.260000\"> has no id, so Studio cannot use a stable edit target for its timeline and canvas controls.",
        "selector": "[data-composition-id]",
        "dataAttributes": {},
        "sourceFile": "C:\\vox-style-xe-giay-v1-hyperframes\\hyperframes\\videos\\ban-an-802-2020-tphcm\\compositions\\caption-track.html",
        "bbox": {
          "x": 0,
          "y": 0,
          "width": 0,
          "height": 0
        },
        "time": 0,
        "fixHint": "Add a stable, human-readable id such as id=\"hero-title\" or id=\"scene-1-card\" to every timeline-visible element you want agents or Studio to edit."
      },
      {
        "code": "studio_missing_editable_id",
        "severity": "warning",
        "message": "<div class=\"caption-page\" data-start=\"108.860000\"> has no id, so Studio cannot use a stable edit target for its timeline and canvas controls.",
        "selector": "[data-composition-id]",
        "dataAttributes": {},
        "sourceFile": "C:\\vox-style-xe-giay-v1-hyperframes\\hyperframes\\videos\\ban-an-802-2020-tphcm\\compositions\\caption-track.html",
        "bbox": {
          "x": 0,
          "y": 0,
          "width": 0,
          "height": 0
        },
        "time": 0,
        "fixHint": "Add a stable, human-readable id such as id=\"hero-title\" or id=\"scene-1-card\" to every timeline-visible element you want agents or Studio to edit."
      },
      {
        "code": "studio_missing_editable_id",
        "severity": "warning",
        "message": "<div class=\"caption-page\" data-start=\"109.960000\"> has no id, so Studio cannot use a stable edit target for its timeline and canvas controls.",
        "selector": "[data-composition-id]",
        "dataAttributes": {},
        "sourceFile": "C:\\vox-style-xe-giay-v1-hyperframes\\hyperframes\\videos\\ban-an-802-2020-tphcm\\compositions\\caption-track.html",
        "bbox": {
          "x": 0,
          "y": 0,
          "width": 0,
          "height": 0
        },
        "time": 0,
        "fixHint": "Add a stable, human-readable id such as id=\"hero-title\" or id=\"scene-1-card\" to every timeline-visible element you want agents or Studio to edit."
      },
      {
        "code": "studio_missing_editable_id",
        "severity": "warning",
        "message": "<div class=\"caption-page\" data-start=\"110.760000\"> has no id, so Studio cannot use a stable edit target for its timeline and canvas controls.",
        "selector": "[data-composition-id]",
        "dataAttributes": {},
        "sourceFile": "C:\\vox-style-xe-giay-v1-hyperframes\\hyperframes\\videos\\ban-an-802-2020-tphcm\\compositions\\caption-track.html",
        "bbox": {
          "x": 0,
          "y": 0,
          "width": 0,
          "height": 0
        },
        "time": 0,
        "fixHint": "Add a stable, human-readable id such as id=\"hero-title\" or id=\"scene-1-card\" to every timeline-visible element you want agents or Studio to edit."
      },
      {
        "code": "studio_missing_editable_id",
        "severity": "warning",
        "message": "<div class=\"caption-page\" data-start=\"111.360000\"> has no id, so Studio cannot use a stable edit target for its timeline and canvas controls.",
        "selector": "[data-composition-id]",
        "dataAttributes": {},
        "sourceFile": "C:\\vox-style-xe-giay-v1-hyperframes\\hyperframes\\videos\\ban-an-802-2020-tphcm\\compositions\\caption-track.html",
        "bbox": {
          "x": 0,
          "y": 0,
          "width": 0,
          "height": 0
        },
        "time": 0,
        "fixHint": "Add a stable, human-readable id such as id=\"hero-title\" or id=\"scene-1-card\" to every timeline-visible element you want agents or Studio to edit."
      },
      {
        "code": "studio_missing_editable_id",
        "severity": "warning",
        "message": "<div class=\"caption-page\" data-start=\"112.360000\"> has no id, so Studio cannot use a stable edit target for its timeline and canvas controls.",
        "selector": "[data-composition-id]",
        "dataAttributes": {},
        "sourceFile": "C:\\vox-style-xe-giay-v1-hyperframes\\hyperframes\\videos\\ban-an-802-2020-tphcm\\compositions\\caption-track.html",
        "bbox": {
          "x": 0,
          "y": 0,
          "width": 0,
          "height": 0
        },
        "time": 0,
        "fixHint": "Add a stable, human-readable id such as id=\"hero-title\" or id=\"scene-1-card\" to every timeline-visible element you want agents or Studio to edit."
      },
      {
        "code": "studio_missing_editable_id",
        "severity": "warning",
        "message": "<div class=\"caption-page\" data-start=\"113.020000\"> has no id, so Studio cannot use a stable edit target for its timeline and canvas controls.",
        "selector": "[data-composition-id]",
        "dataAttributes": {},
        "sourceFile": "C:\\vox-style-xe-giay-v1-hyperframes\\hyperframes\\videos\\ban-an-802-2020-tphcm\\compositions\\caption-track.html",
        "bbox": {
          "x": 0,
          "y": 0,
          "width": 0,
          "height": 0
        },
        "time": 0,
        "fixHint": "Add a stable, human-readable id such as id=\"hero-title\" or id=\"scene-1-card\" to every timeline-visible element you want agents or Studio to edit."
      },
      {
        "code": "studio_missing_editable_id",
        "severity": "warning",
        "message": "<div class=\"caption-page\" data-start=\"113.910000\"> has no id, so Studio cannot use a stable edit target for its timeline and canvas controls.",
        "selector": "[data-composition-id]",
        "dataAttributes": {},
        "sourceFile": "C:\\vox-style-xe-giay-v1-hyperframes\\hyperframes\\videos\\ban-an-802-2020-tphcm\\compositions\\caption-track.html",
        "bbox": {
          "x": 0,
          "y": 0,
          "width": 0,
          "height": 0
        },
        "time": 0,
        "fixHint": "Add a stable, human-readable id such as id=\"hero-title\" or id=\"scene-1-card\" to every timeline-visible element you want agents or Studio to edit."
      },
      {
        "code": "studio_missing_editable_id",
        "severity": "warning",
        "message": "<div class=\"caption-page\" data-start=\"115.070000\"> has no id, so Studio cannot use a stable edit target for its timeline and canvas controls.",
        "selector": "[data-composition-id]",
        "dataAttributes": {},
        "sourceFile": "C:\\vox-style-xe-giay-v1-hyperframes\\hyperframes\\videos\\ban-an-802-2020-tphcm\\compositions\\caption-track.html",
        "bbox": {
          "x": 0,
          "y": 0,
          "width": 0,
          "height": 0
        },
        "time": 0,
        "fixHint": "Add a stable, human-readable id such as id=\"hero-title\" or id=\"scene-1-card\" to every timeline-visible element you want agents or Studio to edit."
      },
      {
        "code": "studio_missing_editable_id",
        "severity": "warning",
        "message": "<div class=\"caption-page\" data-start=\"115.470000\"> has no id, so Studio cannot use a stable edit target for its timeline and canvas controls.",
        "selector": "[data-composition-id]",
        "dataAttributes": {},
        "sourceFile": "C:\\vox-style-xe-giay-v1-hyperframes\\hyperframes\\videos\\ban-an-802-2020-tphcm\\compositions\\caption-track.html",
        "bbox": {
          "x": 0,
          "y": 0,
          "width": 0,
          "height": 0
        },
        "time": 0,
        "fixHint": "Add a stable, human-readable id such as id=\"hero-title\" or id=\"scene-1-card\" to every timeline-visible element you want agents or Studio to edit."
      },
      {
        "code": "studio_missing_editable_id",
        "severity": "warning",
        "message": "<div class=\"caption-page\" data-start=\"116.700000\"> has no id, so Studio cannot use a stable edit target for its timeline and canvas controls.",
        "selector": "[data-composition-id]",
        "dataAttributes": {},
        "sourceFile": "C:\\vox-style-xe-giay-v1-hyperframes\\hyperframes\\videos\\ban-an-802-2020-tphcm\\compositions\\caption-track.html",
        "bbox": {
          "x": 0,
          "y": 0,
          "width": 0,
          "height": 0
        },
        "time": 0,
        "fixHint": "Add a stable, human-readable id such as id=\"hero-title\" or id=\"scene-1-card\" to every timeline-visible element you want agents or Studio to edit."
      },
      {
        "code": "studio_missing_editable_id",
        "severity": "warning",
        "message": "<div class=\"caption-page\" data-start=\"117.720000\"> has no id, so Studio cannot use a stable edit target for its timeline and canvas controls.",
        "selector": "[data-composition-id]",
        "dataAttributes": {},
        "sourceFile": "C:\\vox-style-xe-giay-v1-hyperframes\\hyperframes\\videos\\ban-an-802-2020-tphcm\\compositions\\caption-track.html",
        "bbox": {
          "x": 0,
          "y": 0,
          "width": 0,
          "height": 0
        },
        "time": 0,
        "fixHint": "Add a stable, human-readable id such as id=\"hero-title\" or id=\"scene-1-card\" to every timeline-visible element you want agents or Studio to edit."
      },
      {
        "code": "studio_missing_editable_id",
        "severity": "warning",
        "message": "<div class=\"caption-page\" data-start=\"118.780000\"> has no id, so Studio cannot use a stable edit target for its timeline and canvas controls.",
        "selector": "[data-composition-id]",
        "dataAttributes": {},
        "sourceFile": "C:\\vox-style-xe-giay-v1-hyperframes\\hyperframes\\videos\\ban-an-802-2020-tphcm\\compositions\\caption-track.html",
        "bbox": {
          "x": 0,
          "y": 0,
          "width": 0,
          "height": 0
        },
        "time": 0,
        "fixHint": "Add a stable, human-readable id such as id=\"hero-title\" or id=\"scene-1-card\" to every timeline-visible element you want agents or Studio to edit."
      },
      {
        "code": "studio_missing_editable_id",
        "severity": "warning",
        "message": "<div class=\"caption-page\" data-start=\"119.830000\"> has no id, so Studio cannot use a stable edit target for its timeline and canvas controls.",
        "selector": "[data-composition-id]",
        "dataAttributes": {},
        "sourceFile": "C:\\vox-style-xe-giay-v1-hyperframes\\hyperframes\\videos\\ban-an-802-2020-tphcm\\compositions\\caption-track.html",
        "bbox": {
          "x": 0,
          "y": 0,
          "width": 0,
          "height": 0
        },
        "time": 0,
        "fixHint": "Add a stable, human-readable id such as id=\"hero-title\" or id=\"scene-1-card\" to every timeline-visible element you want agents or Studio to edit."
      },
      {
        "code": "studio_missing_editable_id",
        "severity": "warning",
        "message": "<div class=\"caption-page\" data-start=\"121.100000\"> has no id, so Studio cannot use a stable edit target for its timeline and canvas controls.",
        "selector": "[data-composition-id]",
        "dataAttributes": {},
        "sourceFile": "C:\\vox-style-xe-giay-v1-hyperframes\\hyperframes\\videos\\ban-an-802-2020-tphcm\\compositions\\caption-track.html",
        "bbox": {
          "x": 0,
          "y": 0,
          "width": 0,
          "height": 0
        },
        "time": 0,
        "fixHint": "Add a stable, human-readable id such as id=\"hero-title\" or id=\"scene-1-card\" to every timeline-visible element you want agents or Studio to edit."
      },
      {
        "code": "studio_missing_editable_id",
        "severity": "warning",
        "message": "<div class=\"caption-page\" data-start=\"121.660000\"> has no id, so Studio cannot use a stable edit target for its timeline and canvas controls.",
        "selector": "[data-composition-id]",
        "dataAttributes": {},
        "sourceFile": "C:\\vox-style-xe-giay-v1-hyperframes\\hyperframes\\videos\\ban-an-802-2020-tphcm\\compositions\\caption-track.html",
        "bbox": {
          "x": 0,
          "y": 0,
          "width": 0,
          "height": 0
        },
        "time": 0,
        "fixHint": "Add a stable, human-readable id such as id=\"hero-title\" or id=\"scene-1-card\" to every timeline-visible element you want agents or Studio to edit."
      },
      {
        "code": "studio_missing_editable_id",
        "severity": "warning",
        "message": "<div class=\"caption-page\" data-start=\"122.710000\"> has no id, so Studio cannot use a stable edit target for its timeline and canvas controls.",
        "selector": "[data-composition-id]",
        "dataAttributes": {},
        "sourceFile": "C:\\vox-style-xe-giay-v1-hyperframes\\hyperframes\\videos\\ban-an-802-2020-tphcm\\compositions\\caption-track.html",
        "bbox": {
          "x": 0,
          "y": 0,
          "width": 0,
          "height": 0
        },
        "time": 0,
        "fixHint": "Add a stable, human-readable id such as id=\"hero-title\" or id=\"scene-1-card\" to every timeline-visible element you want agents or Studio to edit."
      },
      {
        "code": "studio_missing_editable_id",
        "severity": "warning",
        "message": "<div class=\"caption-page\" data-start=\"123.490000\"> has no id, so Studio cannot use a stable edit target for its timeline and canvas controls.",
        "selector": "[data-composition-id]",
        "dataAttributes": {},
        "sourceFile": "C:\\vox-style-xe-giay-v1-hyperframes\\hyperframes\\videos\\ban-an-802-2020-tphcm\\compositions\\caption-track.html",
        "bbox": {
          "x": 0,
          "y": 0,
          "width": 0,
          "height": 0
        },
        "time": 0,
        "fixHint": "Add a stable, human-readable id such as id=\"hero-title\" or id=\"scene-1-card\" to every timeline-visible element you want agents or Studio to edit."
      },
      {
        "code": "studio_missing_editable_id",
        "severity": "warning",
        "message": "<div class=\"caption-page\" data-start=\"125.060000\"> has no id, so Studio cannot use a stable edit target for its timeline and canvas controls.",
        "selector": "[data-composition-id]",
        "dataAttributes": {},
        "sourceFile": "C:\\vox-style-xe-giay-v1-hyperframes\\hyperframes\\videos\\ban-an-802-2020-tphcm\\compositions\\caption-track.html",
        "bbox": {
          "x": 0,
          "y": 0,
          "width": 0,
          "height": 0
        },
        "time": 0,
        "fixHint": "Add a stable, human-readable id such as id=\"hero-title\" or id=\"scene-1-card\" to every timeline-visible element you want agents or Studio to edit."
      },
      {
        "code": "studio_missing_editable_id",
        "severity": "warning",
        "message": "<div class=\"caption-page\" data-start=\"125.900000\"> has no id, so Studio cannot use a stable edit target for its timeline and canvas controls.",
        "selector": "[data-composition-id]",
        "dataAttributes": {},
        "sourceFile": "C:\\vox-style-xe-giay-v1-hyperframes\\hyperframes\\videos\\ban-an-802-2020-tphcm\\compositions\\caption-track.html",
        "bbox": {
          "x": 0,
          "y": 0,
          "width": 0,
          "height": 0
        },
        "time": 0,
        "fixHint": "Add a stable, human-readable id such as id=\"hero-title\" or id=\"scene-1-card\" to every timeline-visible element you want agents or Studio to edit."
      },
      {
        "code": "studio_missing_editable_id",
        "severity": "warning",
        "message": "<div class=\"caption-page\" data-start=\"126.850000\"> has no id, so Studio cannot use a stable edit target for its timeline and canvas controls.",
        "selector": "[data-composition-id]",
        "dataAttributes": {},
        "sourceFile": "C:\\vox-style-xe-giay-v1-hyperframes\\hyperframes\\videos\\ban-an-802-2020-tphcm\\compositions\\caption-track.html",
        "bbox": {
          "x": 0,
          "y": 0,
          "width": 0,
          "height": 0
        },
        "time": 0,
        "fixHint": "Add a stable, human-readable id such as id=\"hero-title\" or id=\"scene-1-card\" to every timeline-visible element you want agents or Studio to edit."
      },
      {
        "code": "studio_missing_editable_id",
        "severity": "warning",
        "message": "<div class=\"caption-page\" data-start=\"127.880000\"> has no id, so Studio cannot use a stable edit target for its timeline and canvas controls.",
        "selector": "[data-composition-id]",
        "dataAttributes": {},
        "sourceFile": "C:\\vox-style-xe-giay-v1-hyperframes\\hyperframes\\videos\\ban-an-802-2020-tphcm\\compositions\\caption-track.html",
        "bbox": {
          "x": 0,
          "y": 0,
          "width": 0,
          "height": 0
        },
        "time": 0,
        "fixHint": "Add a stable, human-readable id such as id=\"hero-title\" or id=\"scene-1-card\" to every timeline-visible element you want agents or Studio to edit."
      },
      {
        "code": "studio_missing_editable_id",
        "severity": "warning",
        "message": "<div class=\"caption-page\" data-start=\"128.810000\"> has no id, so Studio cannot use a stable edit target for its timeline and canvas controls.",
        "selector": "[data-composition-id]",
        "dataAttributes": {},
        "sourceFile": "C:\\vox-style-xe-giay-v1-hyperframes\\hyperframes\\videos\\ban-an-802-2020-tphcm\\compositions\\caption-track.html",
        "bbox": {
          "x": 0,
          "y": 0,
          "width": 0,
          "height": 0
        },
        "time": 0,
        "fixHint": "Add a stable, human-readable id such as id=\"hero-title\" or id=\"scene-1-card\" to every timeline-visible element you want agents or Studio to edit."
      },
      {
        "code": "studio_missing_editable_id",
        "severity": "warning",
        "message": "<div class=\"caption-page\" data-start=\"129.760000\"> has no id, so Studio cannot use a stable edit target for its timeline and canvas controls.",
        "selector": "[data-composition-id]",
        "dataAttributes": {},
        "sourceFile": "C:\\vox-style-xe-giay-v1-hyperframes\\hyperframes\\videos\\ban-an-802-2020-tphcm\\compositions\\caption-track.html",
        "bbox": {
          "x": 0,
          "y": 0,
          "width": 0,
          "height": 0
        },
        "time": 0,
        "fixHint": "Add a stable, human-readable id such as id=\"hero-title\" or id=\"scene-1-card\" to every timeline-visible element you want agents or Studio to edit."
      },
      {
        "code": "studio_missing_editable_id",
        "severity": "warning",
        "message": "<div class=\"caption-page\" data-start=\"130.920000\"> has no id, so Studio cannot use a stable edit target for its timeline and canvas controls.",
        "selector": "[data-composition-id]",
        "dataAttributes": {},
        "sourceFile": "C:\\vox-style-xe-giay-v1-hyperframes\\hyperframes\\videos\\ban-an-802-2020-tphcm\\compositions\\caption-track.html",
        "bbox": {
          "x": 0,
          "y": 0,
          "width": 0,
          "height": 0
        },
        "time": 0,
        "fixHint": "Add a stable, human-readable id such as id=\"hero-title\" or id=\"scene-1-card\" to every timeline-visible element you want agents or Studio to edit."
      },
      {
        "code": "studio_missing_editable_id",
        "severity": "warning",
        "message": "<div class=\"caption-page\" data-start=\"131.920000\"> has no id, so Studio cannot use a stable edit target for its timeline and canvas controls.",
        "selector": "[data-composition-id]",
        "dataAttributes": {},
        "sourceFile": "C:\\vox-style-xe-giay-v1-hyperframes\\hyperframes\\videos\\ban-an-802-2020-tphcm\\compositions\\caption-track.html",
        "bbox": {
          "x": 0,
          "y": 0,
          "width": 0,
          "height": 0
        },
        "time": 0,
        "fixHint": "Add a stable, human-readable id such as id=\"hero-title\" or id=\"scene-1-card\" to every timeline-visible element you want agents or Studio to edit."
      },
      {
        "code": "studio_missing_editable_id",
        "severity": "warning",
        "message": "<div class=\"caption-page\" data-start=\"132.910000\"> has no id, so Studio cannot use a stable edit target for its timeline and canvas controls.",
        "selector": "[data-composition-id]",
        "dataAttributes": {},
        "sourceFile": "C:\\vox-style-xe-giay-v1-hyperframes\\hyperframes\\videos\\ban-an-802-2020-tphcm\\compositions\\caption-track.html",
        "bbox": {
          "x": 0,
          "y": 0,
          "width": 0,
          "height": 0
        },
        "time": 0,
        "fixHint": "Add a stable, human-readable id such as id=\"hero-title\" or id=\"scene-1-card\" to every timeline-visible element you want agents or Studio to edit."
      },
      {
        "code": "studio_missing_editable_id",
        "severity": "warning",
        "message": "<div class=\"caption-page\" data-start=\"134.010000\"> has no id, so Studio cannot use a stable edit target for its timeline and canvas controls.",
        "selector": "[data-composition-id]",
        "dataAttributes": {},
        "sourceFile": "C:\\vox-style-xe-giay-v1-hyperframes\\hyperframes\\videos\\ban-an-802-2020-tphcm\\compositions\\caption-track.html",
        "bbox": {
          "x": 0,
          "y": 0,
          "width": 0,
          "height": 0
        },
        "time": 0,
        "fixHint": "Add a stable, human-readable id such as id=\"hero-title\" or id=\"scene-1-card\" to every timeline-visible element you want agents or Studio to edit."
      },
      {
        "code": "studio_missing_editable_id",
        "severity": "warning",
        "message": "<div class=\"caption-page\" data-start=\"135.390000\"> has no id, so Studio cannot use a stable edit target for its timeline and canvas controls.",
        "selector": "[data-composition-id]",
        "dataAttributes": {},
        "sourceFile": "C:\\vox-style-xe-giay-v1-hyperframes\\hyperframes\\videos\\ban-an-802-2020-tphcm\\compositions\\caption-track.html",
        "bbox": {
          "x": 0,
          "y": 0,
          "width": 0,
          "height": 0
        },
        "time": 0,
        "fixHint": "Add a stable, human-readable id such as id=\"hero-title\" or id=\"scene-1-card\" to every timeline-visible element you want agents or Studio to edit."
      },
      {
        "code": "studio_missing_editable_id",
        "severity": "warning",
        "message": "<div class=\"caption-page\" data-start=\"136.500000\"> has no id, so Studio cannot use a stable edit target for its timeline and canvas controls.",
        "selector": "[data-composition-id]",
        "dataAttributes": {},
        "sourceFile": "C:\\vox-style-xe-giay-v1-hyperframes\\hyperframes\\videos\\ban-an-802-2020-tphcm\\compositions\\caption-track.html",
        "bbox": {
          "x": 0,
          "y": 0,
          "width": 0,
          "height": 0
        },
        "time": 0,
        "fixHint": "Add a stable, human-readable id such as id=\"hero-title\" or id=\"scene-1-card\" to every timeline-visible element you want agents or Studio to edit."
      },
      {
        "code": "studio_missing_editable_id",
        "severity": "warning",
        "message": "<div class=\"caption-page\" data-start=\"137.480000\"> has no id, so Studio cannot use a stable edit target for its timeline and canvas controls.",
        "selector": "[data-composition-id]",
        "dataAttributes": {},
        "sourceFile": "C:\\vox-style-xe-giay-v1-hyperframes\\hyperframes\\videos\\ban-an-802-2020-tphcm\\compositions\\caption-track.html",
        "bbox": {
          "x": 0,
          "y": 0,
          "width": 0,
          "height": 0
        },
        "time": 0,
        "fixHint": "Add a stable, human-readable id such as id=\"hero-title\" or id=\"scene-1-card\" to every timeline-visible element you want agents or Studio to edit."
      },
      {
        "code": "studio_missing_editable_id",
        "severity": "warning",
        "message": "<div class=\"caption-page\" data-start=\"138.490000\"> has no id, so Studio cannot use a stable edit target for its timeline and canvas controls.",
        "selector": "[data-composition-id]",
        "dataAttributes": {},
        "sourceFile": "C:\\vox-style-xe-giay-v1-hyperframes\\hyperframes\\videos\\ban-an-802-2020-tphcm\\compositions\\caption-track.html",
        "bbox": {
          "x": 0,
          "y": 0,
          "width": 0,
          "height": 0
        },
        "time": 0,
        "fixHint": "Add a stable, human-readable id such as id=\"hero-title\" or id=\"scene-1-card\" to every timeline-visible element you want agents or Studio to edit."
      },
      {
        "code": "studio_missing_editable_id",
        "severity": "warning",
        "message": "<div class=\"caption-page\" data-start=\"139.820000\"> has no id, so Studio cannot use a stable edit target for its timeline and canvas controls.",
        "selector": "[data-composition-id]",
        "dataAttributes": {},
        "sourceFile": "C:\\vox-style-xe-giay-v1-hyperframes\\hyperframes\\videos\\ban-an-802-2020-tphcm\\compositions\\caption-track.html",
        "bbox": {
          "x": 0,
          "y": 0,
          "width": 0,
          "height": 0
        },
        "time": 0,
        "fixHint": "Add a stable, human-readable id such as id=\"hero-title\" or id=\"scene-1-card\" to every timeline-visible element you want agents or Studio to edit."
      },
      {
        "code": "studio_missing_editable_id",
        "severity": "warning",
        "message": "<div class=\"caption-page\" data-start=\"140.090000\"> has no id, so Studio cannot use a stable edit target for its timeline and canvas controls.",
        "selector": "[data-composition-id]",
        "dataAttributes": {},
        "sourceFile": "C:\\vox-style-xe-giay-v1-hyperframes\\hyperframes\\videos\\ban-an-802-2020-tphcm\\compositions\\caption-track.html",
        "bbox": {
          "x": 0,
          "y": 0,
          "width": 0,
          "height": 0
        },
        "time": 0,
        "fixHint": "Add a stable, human-readable id such as id=\"hero-title\" or id=\"scene-1-card\" to every timeline-visible element you want agents or Studio to edit."
      },
      {
        "code": "studio_missing_editable_id",
        "severity": "warning",
        "message": "<div class=\"caption-page\" data-start=\"141.140000\"> has no id, so Studio cannot use a stable edit target for its timeline and canvas controls.",
        "selector": "[data-composition-id]",
        "dataAttributes": {},
        "sourceFile": "C:\\vox-style-xe-giay-v1-hyperframes\\hyperframes\\videos\\ban-an-802-2020-tphcm\\compositions\\caption-track.html",
        "bbox": {
          "x": 0,
          "y": 0,
          "width": 0,
          "height": 0
        },
        "time": 0,
        "fixHint": "Add a stable, human-readable id such as id=\"hero-title\" or id=\"scene-1-card\" to every timeline-visible element you want agents or Studio to edit."
      },
      {
        "code": "studio_missing_editable_id",
        "severity": "warning",
        "message": "<div class=\"caption-page\" data-start=\"141.860000\"> has no id, so Studio cannot use a stable edit target for its timeline and canvas controls.",
        "selector": "[data-composition-id]",
        "dataAttributes": {},
        "sourceFile": "C:\\vox-style-xe-giay-v1-hyperframes\\hyperframes\\videos\\ban-an-802-2020-tphcm\\compositions\\caption-track.html",
        "bbox": {
          "x": 0,
          "y": 0,
          "width": 0,
          "height": 0
        },
        "time": 0,
        "fixHint": "Add a stable, human-readable id such as id=\"hero-title\" or id=\"scene-1-card\" to every timeline-visible element you want agents or Studio to edit."
      },
      {
        "code": "studio_missing_editable_id",
        "severity": "warning",
        "message": "<div class=\"caption-page\" data-start=\"142.730000\"> has no id, so Studio cannot use a stable edit target for its timeline and canvas controls.",
        "selector": "[data-composition-id]",
        "dataAttributes": {},
        "sourceFile": "C:\\vox-style-xe-giay-v1-hyperframes\\hyperframes\\videos\\ban-an-802-2020-tphcm\\compositions\\caption-track.html",
        "bbox": {
          "x": 0,
          "y": 0,
          "width": 0,
          "height": 0
        },
        "time": 0,
        "fixHint": "Add a stable, human-readable id such as id=\"hero-title\" or id=\"scene-1-card\" to every timeline-visible element you want agents or Studio to edit."
      },
      {
        "code": "studio_missing_editable_id",
        "severity": "warning",
        "message": "<div class=\"caption-page\" data-start=\"143.730000\"> has no id, so Studio cannot use a stable edit target for its timeline and canvas controls.",
        "selector": "[data-composition-id]",
        "dataAttributes": {},
        "sourceFile": "C:\\vox-style-xe-giay-v1-hyperframes\\hyperframes\\videos\\ban-an-802-2020-tphcm\\compositions\\caption-track.html",
        "bbox": {
          "x": 0,
          "y": 0,
          "width": 0,
          "height": 0
        },
        "time": 0,
        "fixHint": "Add a stable, human-readable id such as id=\"hero-title\" or id=\"scene-1-card\" to every timeline-visible element you want agents or Studio to edit."
      },
      {
        "code": "studio_missing_editable_id",
        "severity": "warning",
        "message": "<div class=\"caption-page\" data-start=\"144.610000\"> has no id, so Studio cannot use a stable edit target for its timeline and canvas controls.",
        "selector": "[data-composition-id]",
        "dataAttributes": {},
        "sourceFile": "C:\\vox-style-xe-giay-v1-hyperframes\\hyperframes\\videos\\ban-an-802-2020-tphcm\\compositions\\caption-track.html",
        "bbox": {
          "x": 0,
          "y": 0,
          "width": 0,
          "height": 0
        },
        "time": 0,
        "fixHint": "Add a stable, human-readable id such as id=\"hero-title\" or id=\"scene-1-card\" to every timeline-visible element you want agents or Studio to edit."
      },
      {
        "code": "studio_missing_editable_id",
        "severity": "warning",
        "message": "<div class=\"caption-page\" data-start=\"145.430000\"> has no id, so Studio cannot use a stable edit target for its timeline and canvas controls.",
        "selector": "[data-composition-id]",
        "dataAttributes": {},
        "sourceFile": "C:\\vox-style-xe-giay-v1-hyperframes\\hyperframes\\videos\\ban-an-802-2020-tphcm\\compositions\\caption-track.html",
        "bbox": {
          "x": 0,
          "y": 0,
          "width": 0,
          "height": 0
        },
        "time": 0,
        "fixHint": "Add a stable, human-readable id such as id=\"hero-title\" or id=\"scene-1-card\" to every timeline-visible element you want agents or Studio to edit."
      },
      {
        "code": "studio_missing_editable_id",
        "severity": "warning",
        "message": "<div class=\"caption-page\" data-start=\"146.320000\"> has no id, so Studio cannot use a stable edit target for its timeline and canvas controls.",
        "selector": "[data-composition-id]",
        "dataAttributes": {},
        "sourceFile": "C:\\vox-style-xe-giay-v1-hyperframes\\hyperframes\\videos\\ban-an-802-2020-tphcm\\compositions\\caption-track.html",
        "bbox": {
          "x": 0,
          "y": 0,
          "width": 0,
          "height": 0
        },
        "time": 0,
        "fixHint": "Add a stable, human-readable id such as id=\"hero-title\" or id=\"scene-1-card\" to every timeline-visible element you want agents or Studio to edit."
      },
      {
        "code": "studio_missing_editable_id",
        "severity": "warning",
        "message": "<div class=\"caption-page\" data-start=\"147.630000\"> has no id, so Studio cannot use a stable edit target for its timeline and canvas controls.",
        "selector": "[data-composition-id]",
        "dataAttributes": {},
        "sourceFile": "C:\\vox-style-xe-giay-v1-hyperframes\\hyperframes\\videos\\ban-an-802-2020-tphcm\\compositions\\caption-track.html",
        "bbox": {
          "x": 0,
          "y": 0,
          "width": 0,
          "height": 0
        },
        "time": 0,
        "fixHint": "Add a stable, human-readable id such as id=\"hero-title\" or id=\"scene-1-card\" to every timeline-visible element you want agents or Studio to edit."
      },
      {
        "code": "studio_missing_editable_id",
        "severity": "warning",
        "message": "<div class=\"caption-page\" data-start=\"148.580000\"> has no id, so Studio cannot use a stable edit target for its timeline and canvas controls.",
        "selector": "[data-composition-id]",
        "dataAttributes": {},
        "sourceFile": "C:\\vox-style-xe-giay-v1-hyperframes\\hyperframes\\videos\\ban-an-802-2020-tphcm\\compositions\\caption-track.html",
        "bbox": {
          "x": 0,
          "y": 0,
          "width": 0,
          "height": 0
        },
        "time": 0,
        "fixHint": "Add a stable, human-readable id such as id=\"hero-title\" or id=\"scene-1-card\" to every timeline-visible element you want agents or Studio to edit."
      },
      {
        "code": "studio_missing_editable_id",
        "severity": "warning",
        "message": "<div class=\"caption-page\" data-start=\"149.460000\"> has no id, so Studio cannot use a stable edit target for its timeline and canvas controls.",
        "selector": "[data-composition-id]",
        "dataAttributes": {},
        "sourceFile": "C:\\vox-style-xe-giay-v1-hyperframes\\hyperframes\\videos\\ban-an-802-2020-tphcm\\compositions\\caption-track.html",
        "bbox": {
          "x": 0,
          "y": 0,
          "width": 0,
          "height": 0
        },
        "time": 0,
        "fixHint": "Add a stable, human-readable id such as id=\"hero-title\" or id=\"scene-1-card\" to every timeline-visible element you want agents or Studio to edit."
      },
      {
        "code": "studio_missing_editable_id",
        "severity": "warning",
        "message": "<div class=\"caption-page\" data-start=\"150.360000\"> has no id, so Studio cannot use a stable edit target for its timeline and canvas controls.",
        "selector": "[data-composition-id]",
        "dataAttributes": {},
        "sourceFile": "C:\\vox-style-xe-giay-v1-hyperframes\\hyperframes\\videos\\ban-an-802-2020-tphcm\\compositions\\caption-track.html",
        "bbox": {
          "x": 0,
          "y": 0,
          "width": 0,
          "height": 0
        },
        "time": 0,
        "fixHint": "Add a stable, human-readable id such as id=\"hero-title\" or id=\"scene-1-card\" to every timeline-visible element you want agents or Studio to edit."
      },
      {
        "code": "studio_missing_editable_id",
        "severity": "warning",
        "message": "<div class=\"caption-page\" data-start=\"151.270000\"> has no id, so Studio cannot use a stable edit target for its timeline and canvas controls.",
        "selector": "[data-composition-id]",
        "dataAttributes": {},
        "sourceFile": "C:\\vox-style-xe-giay-v1-hyperframes\\hyperframes\\videos\\ban-an-802-2020-tphcm\\compositions\\caption-track.html",
        "bbox": {
          "x": 0,
          "y": 0,
          "width": 0,
          "height": 0
        },
        "time": 0,
        "fixHint": "Add a stable, human-readable id such as id=\"hero-title\" or id=\"scene-1-card\" to every timeline-visible element you want agents or Studio to edit."
      },
      {
        "code": "studio_missing_editable_id",
        "severity": "warning",
        "message": "<div class=\"caption-page\" data-start=\"152.170000\"> has no id, so Studio cannot use a stable edit target for its timeline and canvas controls.",
        "selector": "[data-composition-id]",
        "dataAttributes": {},
        "sourceFile": "C:\\vox-style-xe-giay-v1-hyperframes\\hyperframes\\videos\\ban-an-802-2020-tphcm\\compositions\\caption-track.html",
        "bbox": {
          "x": 0,
          "y": 0,
          "width": 0,
          "height": 0
        },
        "time": 0,
        "fixHint": "Add a stable, human-readable id such as id=\"hero-title\" or id=\"scene-1-card\" to every timeline-visible element you want agents or Studio to edit."
      },
      {
        "code": "studio_missing_editable_id",
        "severity": "warning",
        "message": "<div class=\"caption-page\" data-start=\"152.920000\"> has no id, so Studio cannot use a stable edit target for its timeline and canvas controls.",
        "selector": "[data-composition-id]",
        "dataAttributes": {},
        "sourceFile": "C:\\vox-style-xe-giay-v1-hyperframes\\hyperframes\\videos\\ban-an-802-2020-tphcm\\compositions\\caption-track.html",
        "bbox": {
          "x": 0,
          "y": 0,
          "width": 0,
          "height": 0
        },
        "time": 0,
        "fixHint": "Add a stable, human-readable id such as id=\"hero-title\" or id=\"scene-1-card\" to every timeline-visible element you want agents or Studio to edit."
      },
      {
        "code": "studio_missing_editable_id",
        "severity": "warning",
        "message": "<div class=\"caption-page\" data-start=\"153.870000\"> has no id, so Studio cannot use a stable edit target for its timeline and canvas controls.",
        "selector": "[data-composition-id]",
        "dataAttributes": {},
        "sourceFile": "C:\\vox-style-xe-giay-v1-hyperframes\\hyperframes\\videos\\ban-an-802-2020-tphcm\\compositions\\caption-track.html",
        "bbox": {
          "x": 0,
          "y": 0,
          "width": 0,
          "height": 0
        },
        "time": 0,
        "fixHint": "Add a stable, human-readable id such as id=\"hero-title\" or id=\"scene-1-card\" to every timeline-visible element you want agents or Studio to edit."
      },
      {
        "code": "studio_missing_editable_id",
        "severity": "warning",
        "message": "<div class=\"caption-page\" data-start=\"154.880000\"> has no id, so Studio cannot use a stable edit target for its timeline and canvas controls.",
        "selector": "[data-composition-id]",
        "dataAttributes": {},
        "sourceFile": "C:\\vox-style-xe-giay-v1-hyperframes\\hyperframes\\videos\\ban-an-802-2020-tphcm\\compositions\\caption-track.html",
        "bbox": {
          "x": 0,
          "y": 0,
          "width": 0,
          "height": 0
        },
        "time": 0,
        "fixHint": "Add a stable, human-readable id such as id=\"hero-title\" or id=\"scene-1-card\" to every timeline-visible element you want agents or Studio to edit."
      },
      {
        "code": "studio_missing_editable_id",
        "severity": "warning",
        "message": "<div class=\"caption-page\" data-start=\"155.670000\"> has no id, so Studio cannot use a stable edit target for its timeline and canvas controls.",
        "selector": "[data-composition-id]",
        "dataAttributes": {},
        "sourceFile": "C:\\vox-style-xe-giay-v1-hyperframes\\hyperframes\\videos\\ban-an-802-2020-tphcm\\compositions\\caption-track.html",
        "bbox": {
          "x": 0,
          "y": 0,
          "width": 0,
          "height": 0
        },
        "time": 0,
        "fixHint": "Add a stable, human-readable id such as id=\"hero-title\" or id=\"scene-1-card\" to every timeline-visible element you want agents or Studio to edit."
      },
      {
        "code": "studio_missing_editable_id",
        "severity": "warning",
        "message": "<div class=\"caption-page\" data-start=\"156.610000\"> has no id, so Studio cannot use a stable edit target for its timeline and canvas controls.",
        "selector": "[data-composition-id]",
        "dataAttributes": {},
        "sourceFile": "C:\\vox-style-xe-giay-v1-hyperframes\\hyperframes\\videos\\ban-an-802-2020-tphcm\\compositions\\caption-track.html",
        "bbox": {
          "x": 0,
          "y": 0,
          "width": 0,
          "height": 0
        },
        "time": 0,
        "fixHint": "Add a stable, human-readable id such as id=\"hero-title\" or id=\"scene-1-card\" to every timeline-visible element you want agents or Studio to edit."
      },
      {
        "code": "studio_missing_editable_id",
        "severity": "warning",
        "message": "<div class=\"caption-page\" data-start=\"157.670000\"> has no id, so Studio cannot use a stable edit target for its timeline and canvas controls.",
        "selector": "[data-composition-id]",
        "dataAttributes": {},
        "sourceFile": "C:\\vox-style-xe-giay-v1-hyperframes\\hyperframes\\videos\\ban-an-802-2020-tphcm\\compositions\\caption-track.html",
        "bbox": {
          "x": 0,
          "y": 0,
          "width": 0,
          "height": 0
        },
        "time": 0,
        "fixHint": "Add a stable, human-readable id such as id=\"hero-title\" or id=\"scene-1-card\" to every timeline-visible element you want agents or Studio to edit."
      },
      {
        "code": "studio_missing_editable_id",
        "severity": "warning",
        "message": "<div class=\"caption-page\" data-start=\"158.180000\"> has no id, so Studio cannot use a stable edit target for its timeline and canvas controls.",
        "selector": "[data-composition-id]",
        "dataAttributes": {},
        "sourceFile": "C:\\vox-style-xe-giay-v1-hyperframes\\hyperframes\\videos\\ban-an-802-2020-tphcm\\compositions\\caption-track.html",
        "bbox": {
          "x": 0,
          "y": 0,
          "width": 0,
          "height": 0
        },
        "time": 0,
        "fixHint": "Add a stable, human-readable id such as id=\"hero-title\" or id=\"scene-1-card\" to every timeline-visible element you want agents or Studio to edit."
      },
      {
        "code": "studio_missing_editable_id",
        "severity": "warning",
        "message": "<div class=\"caption-page\" data-start=\"159.020000\"> has no id, so Studio cannot use a stable edit target for its timeline and canvas controls.",
        "selector": "[data-composition-id]",
        "dataAttributes": {},
        "sourceFile": "C:\\vox-style-xe-giay-v1-hyperframes\\hyperframes\\videos\\ban-an-802-2020-tphcm\\compositions\\caption-track.html",
        "bbox": {
          "x": 0,
          "y": 0,
          "width": 0,
          "height": 0
        },
        "time": 0,
        "fixHint": "Add a stable, human-readable id such as id=\"hero-title\" or id=\"scene-1-card\" to every timeline-visible element you want agents or Studio to edit."
      },
      {
        "code": "studio_missing_editable_id",
        "severity": "warning",
        "message": "<div class=\"caption-page\" data-start=\"159.780000\"> has no id, so Studio cannot use a stable edit target for its timeline and canvas controls.",
        "selector": "[data-composition-id]",
        "dataAttributes": {},
        "sourceFile": "C:\\vox-style-xe-giay-v1-hyperframes\\hyperframes\\videos\\ban-an-802-2020-tphcm\\compositions\\caption-track.html",
        "bbox": {
          "x": 0,
          "y": 0,
          "width": 0,
          "height": 0
        },
        "time": 0,
        "fixHint": "Add a stable, human-readable id such as id=\"hero-title\" or id=\"scene-1-card\" to every timeline-visible element you want agents or Studio to edit."
      },
      {
        "code": "studio_missing_editable_id",
        "severity": "warning",
        "message": "<div class=\"caption-page\" data-start=\"160.510000\"> has no id, so Studio cannot use a stable edit target for its timeline and canvas controls.",
        "selector": "[data-composition-id]",
        "dataAttributes": {},
        "sourceFile": "C:\\vox-style-xe-giay-v1-hyperframes\\hyperframes\\videos\\ban-an-802-2020-tphcm\\compositions\\caption-track.html",
        "bbox": {
          "x": 0,
          "y": 0,
          "width": 0,
          "height": 0
        },
        "time": 0,
        "fixHint": "Add a stable, human-readable id such as id=\"hero-title\" or id=\"scene-1-card\" to every timeline-visible element you want agents or Studio to edit."
      },
      {
        "code": "studio_missing_editable_id",
        "severity": "warning",
        "message": "<div class=\"caption-page\" data-start=\"161.300000\"> has no id, so Studio cannot use a stable edit target for its timeline and canvas controls.",
        "selector": "[data-composition-id]",
        "dataAttributes": {},
        "sourceFile": "C:\\vox-style-xe-giay-v1-hyperframes\\hyperframes\\videos\\ban-an-802-2020-tphcm\\compositions\\caption-track.html",
        "bbox": {
          "x": 0,
          "y": 0,
          "width": 0,
          "height": 0
        },
        "time": 0,
        "fixHint": "Add a stable, human-readable id such as id=\"hero-title\" or id=\"scene-1-card\" to every timeline-visible element you want agents or Studio to edit."
      },
      {
        "code": "studio_missing_editable_id",
        "severity": "warning",
        "message": "<div class=\"caption-page\" data-start=\"162.040000\"> has no id, so Studio cannot use a stable edit target for its timeline and canvas controls.",
        "selector": "[data-composition-id]",
        "dataAttributes": {},
        "sourceFile": "C:\\vox-style-xe-giay-v1-hyperframes\\hyperframes\\videos\\ban-an-802-2020-tphcm\\compositions\\caption-track.html",
        "bbox": {
          "x": 0,
          "y": 0,
          "width": 0,
          "height": 0
        },
        "time": 0,
        "fixHint": "Add a stable, human-readable id such as id=\"hero-title\" or id=\"scene-1-card\" to every timeline-visible element you want agents or Studio to edit."
      },
      {
        "code": "studio_missing_editable_id",
        "severity": "warning",
        "message": "<div class=\"caption-page\" data-start=\"162.620000\"> has no id, so Studio cannot use a stable edit target for its timeline and canvas controls.",
        "selector": "[data-composition-id]",
        "dataAttributes": {},
        "sourceFile": "C:\\vox-style-xe-giay-v1-hyperframes\\hyperframes\\videos\\ban-an-802-2020-tphcm\\compositions\\caption-track.html",
        "bbox": {
          "x": 0,
          "y": 0,
          "width": 0,
          "height": 0
        },
        "time": 0,
        "fixHint": "Add a stable, human-readable id such as id=\"hero-title\" or id=\"scene-1-card\" to every timeline-visible element you want agents or Studio to edit."
      },
      {
        "code": "studio_missing_editable_id",
        "severity": "warning",
        "message": "<div class=\"caption-page\" data-start=\"163.460000\"> has no id, so Studio cannot use a stable edit target for its timeline and canvas controls.",
        "selector": "[data-composition-id]",
        "dataAttributes": {},
        "sourceFile": "C:\\vox-style-xe-giay-v1-hyperframes\\hyperframes\\videos\\ban-an-802-2020-tphcm\\compositions\\caption-track.html",
        "bbox": {
          "x": 0,
          "y": 0,
          "width": 0,
          "height": 0
        },
        "time": 0,
        "fixHint": "Add a stable, human-readable id such as id=\"hero-title\" or id=\"scene-1-card\" to every timeline-visible element you want agents or Studio to edit."
      },
      {
        "code": "studio_missing_editable_id",
        "severity": "warning",
        "message": "<div class=\"caption-page\" data-start=\"164.520000\"> has no id, so Studio cannot use a stable edit target for its timeline and canvas controls.",
        "selector": "[data-composition-id]",
        "dataAttributes": {},
        "sourceFile": "C:\\vox-style-xe-giay-v1-hyperframes\\hyperframes\\videos\\ban-an-802-2020-tphcm\\compositions\\caption-track.html",
        "bbox": {
          "x": 0,
          "y": 0,
          "width": 0,
          "height": 0
        },
        "time": 0,
        "fixHint": "Add a stable, human-readable id such as id=\"hero-title\" or id=\"scene-1-card\" to every timeline-visible element you want agents or Studio to edit."
      },
      {
        "code": "studio_missing_editable_id",
        "severity": "warning",
        "message": "<div class=\"caption-page\" data-start=\"165.450000\"> has no id, so Studio cannot use a stable edit target for its timeline and canvas controls.",
        "selector": "[data-composition-id]",
        "dataAttributes": {},
        "sourceFile": "C:\\vox-style-xe-giay-v1-hyperframes\\hyperframes\\videos\\ban-an-802-2020-tphcm\\compositions\\caption-track.html",
        "bbox": {
          "x": 0,
          "y": 0,
          "width": 0,
          "height": 0
        },
        "time": 0,
        "fixHint": "Add a stable, human-readable id such as id=\"hero-title\" or id=\"scene-1-card\" to every timeline-visible element you want agents or Studio to edit."
      },
      {
        "code": "studio_missing_editable_id",
        "severity": "warning",
        "message": "<div class=\"caption-page\" data-start=\"166.590000\"> has no id, so Studio cannot use a stable edit target for its timeline and canvas controls.",
        "selector": "[data-composition-id]",
        "dataAttributes": {},
        "sourceFile": "C:\\vox-style-xe-giay-v1-hyperframes\\hyperframes\\videos\\ban-an-802-2020-tphcm\\compositions\\caption-track.html",
        "bbox": {
          "x": 0,
          "y": 0,
          "width": 0,
          "height": 0
        },
        "time": 0,
        "fixHint": "Add a stable, human-readable id such as id=\"hero-title\" or id=\"scene-1-card\" to every timeline-visible element you want agents or Studio to edit."
      },
      {
        "code": "studio_missing_editable_id",
        "severity": "warning",
        "message": "<div class=\"caption-page\" data-start=\"167.770000\"> has no id, so Studio cannot use a stable edit target for its timeline and canvas controls.",
        "selector": "[data-composition-id]",
        "dataAttributes": {},
        "sourceFile": "C:\\vox-style-xe-giay-v1-hyperframes\\hyperframes\\videos\\ban-an-802-2020-tphcm\\compositions\\caption-track.html",
        "bbox": {
          "x": 0,
          "y": 0,
          "width": 0,
          "height": 0
        },
        "time": 0,
        "fixHint": "Add a stable, human-readable id such as id=\"hero-title\" or id=\"scene-1-card\" to every timeline-visible element you want agents or Studio to edit."
      },
      {
        "code": "studio_missing_editable_id",
        "severity": "warning",
        "message": "<div class=\"caption-page\" data-start=\"168.470000\"> has no id, so Studio cannot use a stable edit target for its timeline and canvas controls.",
        "selector": "[data-composition-id]",
        "dataAttributes": {},
        "sourceFile": "C:\\vox-style-xe-giay-v1-hyperframes\\hyperframes\\videos\\ban-an-802-2020-tphcm\\compositions\\caption-track.html",
        "bbox": {
          "x": 0,
          "y": 0,
          "width": 0,
          "height": 0
        },
        "time": 0,
        "fixHint": "Add a stable, human-readable id such as id=\"hero-title\" or id=\"scene-1-card\" to every timeline-visible element you want agents or Studio to edit."
      },
      {
        "code": "studio_missing_editable_id",
        "severity": "warning",
        "message": "<div class=\"caption-page\" data-start=\"169.490000\"> has no id, so Studio cannot use a stable edit target for its timeline and canvas controls.",
        "selector": "[data-composition-id]",
        "dataAttributes": {},
        "sourceFile": "C:\\vox-style-xe-giay-v1-hyperframes\\hyperframes\\videos\\ban-an-802-2020-tphcm\\compositions\\caption-track.html",
        "bbox": {
          "x": 0,
          "y": 0,
          "width": 0,
          "height": 0
        },
        "time": 0,
        "fixHint": "Add a stable, human-readable id such as id=\"hero-title\" or id=\"scene-1-card\" to every timeline-visible element you want agents or Studio to edit."
      },
      {
        "code": "studio_missing_editable_id",
        "severity": "warning",
        "message": "<div class=\"caption-page\" data-start=\"170.340000\"> has no id, so Studio cannot use a stable edit target for its timeline and canvas controls.",
        "selector": "[data-composition-id]",
        "dataAttributes": {},
        "sourceFile": "C:\\vox-style-xe-giay-v1-hyperframes\\hyperframes\\videos\\ban-an-802-2020-tphcm\\compositions\\caption-track.html",
        "bbox": {
          "x": 0,
          "y": 0,
          "width": 0,
          "height": 0
        },
        "time": 0,
        "fixHint": "Add a stable, human-readable id such as id=\"hero-title\" or id=\"scene-1-card\" to every timeline-visible element you want agents or Studio to edit."
      },
      {
        "code": "studio_missing_editable_id",
        "severity": "warning",
        "message": "<div class=\"caption-page\" data-start=\"171.140000\"> has no id, so Studio cannot use a stable edit target for its timeline and canvas controls.",
        "selector": "[data-composition-id]",
        "dataAttributes": {},
        "sourceFile": "C:\\vox-style-xe-giay-v1-hyperframes\\hyperframes\\videos\\ban-an-802-2020-tphcm\\compositions\\caption-track.html",
        "bbox": {
          "x": 0,
          "y": 0,
          "width": 0,
          "height": 0
        },
        "time": 0,
        "fixHint": "Add a stable, human-readable id such as id=\"hero-title\" or id=\"scene-1-card\" to every timeline-visible element you want agents or Studio to edit."
      },
      {
        "code": "studio_missing_editable_id",
        "severity": "warning",
        "message": "<div class=\"caption-page\" data-start=\"172.030000\"> has no id, so Studio cannot use a stable edit target for its timeline and canvas controls.",
        "selector": "[data-composition-id]",
        "dataAttributes": {},
        "sourceFile": "C:\\vox-style-xe-giay-v1-hyperframes\\hyperframes\\videos\\ban-an-802-2020-tphcm\\compositions\\caption-track.html",
        "bbox": {
          "x": 0,
          "y": 0,
          "width": 0,
          "height": 0
        },
        "time": 0,
        "fixHint": "Add a stable, human-readable id such as id=\"hero-title\" or id=\"scene-1-card\" to every timeline-visible element you want agents or Studio to edit."
      },
      {
        "code": "studio_missing_editable_id",
        "severity": "warning",
        "message": "<div class=\"caption-page\" data-start=\"172.940000\"> has no id, so Studio cannot use a stable edit target for its timeline and canvas controls.",
        "selector": "[data-composition-id]",
        "dataAttributes": {},
        "sourceFile": "C:\\vox-style-xe-giay-v1-hyperframes\\hyperframes\\videos\\ban-an-802-2020-tphcm\\compositions\\caption-track.html",
        "bbox": {
          "x": 0,
          "y": 0,
          "width": 0,
          "height": 0
        },
        "time": 0,
        "fixHint": "Add a stable, human-readable id such as id=\"hero-title\" or id=\"scene-1-card\" to every timeline-visible element you want agents or Studio to edit."
      },
      {
        "code": "studio_missing_editable_id",
        "severity": "warning",
        "message": "<div class=\"caption-page\" data-start=\"174.060000\"> has no id, so Studio cannot use a stable edit target for its timeline and canvas controls.",
        "selector": "[data-composition-id]",
        "dataAttributes": {},
        "sourceFile": "C:\\vox-style-xe-giay-v1-hyperframes\\hyperframes\\videos\\ban-an-802-2020-tphcm\\compositions\\caption-track.html",
        "bbox": {
          "x": 0,
          "y": 0,
          "width": 0,
          "height": 0
        },
        "time": 0,
        "fixHint": "Add a stable, human-readable id such as id=\"hero-title\" or id=\"scene-1-card\" to every timeline-visible element you want agents or Studio to edit."
      },
      {
        "code": "studio_missing_editable_id",
        "severity": "warning",
        "message": "<div class=\"caption-page\" data-start=\"175.250000\"> has no id, so Studio cannot use a stable edit target for its timeline and canvas controls.",
        "selector": "[data-composition-id]",
        "dataAttributes": {},
        "sourceFile": "C:\\vox-style-xe-giay-v1-hyperframes\\hyperframes\\videos\\ban-an-802-2020-tphcm\\compositions\\caption-track.html",
        "bbox": {
          "x": 0,
          "y": 0,
          "width": 0,
          "height": 0
        },
        "time": 0,
        "fixHint": "Add a stable, human-readable id such as id=\"hero-title\" or id=\"scene-1-card\" to every timeline-visible element you want agents or Studio to edit."
      },
      {
        "code": "studio_missing_editable_id",
        "severity": "warning",
        "message": "<div class=\"caption-page\" data-start=\"175.570000\"> has no id, so Studio cannot use a stable edit target for its timeline and canvas controls.",
        "selector": "[data-composition-id]",
        "dataAttributes": {},
        "sourceFile": "C:\\vox-style-xe-giay-v1-hyperframes\\hyperframes\\videos\\ban-an-802-2020-tphcm\\compositions\\caption-track.html",
        "bbox": {
          "x": 0,
          "y": 0,
          "width": 0,
          "height": 0
        },
        "time": 0,
        "fixHint": "Add a stable, human-readable id such as id=\"hero-title\" or id=\"scene-1-card\" to every timeline-visible element you want agents or Studio to edit."
      },
      {
        "code": "studio_missing_editable_id",
        "severity": "warning",
        "message": "<div class=\"caption-page\" data-start=\"176.620000\"> has no id, so Studio cannot use a stable edit target for its timeline and canvas controls.",
        "selector": "[data-composition-id]",
        "dataAttributes": {},
        "sourceFile": "C:\\vox-style-xe-giay-v1-hyperframes\\hyperframes\\videos\\ban-an-802-2020-tphcm\\compositions\\caption-track.html",
        "bbox": {
          "x": 0,
          "y": 0,
          "width": 0,
          "height": 0
        },
        "time": 0,
        "fixHint": "Add a stable, human-readable id such as id=\"hero-title\" or id=\"scene-1-card\" to every timeline-visible element you want agents or Studio to edit."
      },
      {
        "code": "studio_missing_editable_id",
        "severity": "warning",
        "message": "<div class=\"caption-page\" data-start=\"177.570000\"> has no id, so Studio cannot use a stable edit target for its timeline and canvas controls.",
        "selector": "[data-composition-id]",
        "dataAttributes": {},
        "sourceFile": "C:\\vox-style-xe-giay-v1-hyperframes\\hyperframes\\videos\\ban-an-802-2020-tphcm\\compositions\\caption-track.html",
        "bbox": {
          "x": 0,
          "y": 0,
          "width": 0,
          "height": 0
        },
        "time": 0,
        "fixHint": "Add a stable, human-readable id such as id=\"hero-title\" or id=\"scene-1-card\" to every timeline-visible element you want agents or Studio to edit."
      },
      {
        "code": "studio_missing_editable_id",
        "severity": "warning",
        "message": "<div class=\"caption-page\" data-start=\"178.410000\"> has no id, so Studio cannot use a stable edit target for its timeline and canvas controls.",
        "selector": "[data-composition-id]",
        "dataAttributes": {},
        "sourceFile": "C:\\vox-style-xe-giay-v1-hyperframes\\hyperframes\\videos\\ban-an-802-2020-tphcm\\compositions\\caption-track.html",
        "bbox": {
          "x": 0,
          "y": 0,
          "width": 0,
          "height": 0
        },
        "time": 0,
        "fixHint": "Add a stable, human-readable id such as id=\"hero-title\" or id=\"scene-1-card\" to every timeline-visible element you want agents or Studio to edit."
      },
      {
        "code": "studio_missing_editable_id",
        "severity": "warning",
        "message": "<div class=\"caption-page\" data-start=\"179.310000\"> has no id, so Studio cannot use a stable edit target for its timeline and canvas controls.",
        "selector": "[data-composition-id]",
        "dataAttributes": {},
        "sourceFile": "C:\\vox-style-xe-giay-v1-hyperframes\\hyperframes\\videos\\ban-an-802-2020-tphcm\\compositions\\caption-track.html",
        "bbox": {
          "x": 0,
          "y": 0,
          "width": 0,
          "height": 0
        },
        "time": 0,
        "fixHint": "Add a stable, human-readable id such as id=\"hero-title\" or id=\"scene-1-card\" to every timeline-visible element you want agents or Studio to edit."
      },
      {
        "code": "studio_missing_editable_id",
        "severity": "warning",
        "message": "<div class=\"caption-page\" data-start=\"179.630000\"> has no id, so Studio cannot use a stable edit target for its timeline and canvas controls.",
        "selector": "[data-composition-id]",
        "dataAttributes": {},
        "sourceFile": "C:\\vox-style-xe-giay-v1-hyperframes\\hyperframes\\videos\\ban-an-802-2020-tphcm\\compositions\\caption-track.html",
        "bbox": {
          "x": 0,
          "y": 0,
          "width": 0,
          "height": 0
        },
        "time": 0,
        "fixHint": "Add a stable, human-readable id such as id=\"hero-title\" or id=\"scene-1-card\" to every timeline-visible element you want agents or Studio to edit."
      },
      {
        "code": "studio_missing_editable_id",
        "severity": "warning",
        "message": "<div class=\"caption-page\" data-start=\"180.440000\"> has no id, so Studio cannot use a stable edit target for its timeline and canvas controls.",
        "selector": "[data-composition-id]",
        "dataAttributes": {},
        "sourceFile": "C:\\vox-style-xe-giay-v1-hyperframes\\hyperframes\\videos\\ban-an-802-2020-tphcm\\compositions\\caption-track.html",
        "bbox": {
          "x": 0,
          "y": 0,
          "width": 0,
          "height": 0
        },
        "time": 0,
        "fixHint": "Add a stable, human-readable id such as id=\"hero-title\" or id=\"scene-1-card\" to every timeline-visible element you want agents or Studio to edit."
      },
      {
        "code": "studio_missing_editable_id",
        "severity": "warning",
        "message": "<div class=\"caption-page\" data-start=\"181.740000\"> has no id, so Studio cannot use a stable edit target for its timeline and canvas controls.",
        "selector": "[data-composition-id]",
        "dataAttributes": {},
        "sourceFile": "C:\\vox-style-xe-giay-v1-hyperframes\\hyperframes\\videos\\ban-an-802-2020-tphcm\\compositions\\caption-track.html",
        "bbox": {
          "x": 0,
          "y": 0,
          "width": 0,
          "height": 0
        },
        "time": 0,
        "fixHint": "Add a stable, human-readable id such as id=\"hero-title\" or id=\"scene-1-card\" to every timeline-visible element you want agents or Studio to edit."
      },
      {
        "code": "studio_missing_editable_id",
        "severity": "warning",
        "message": "<div class=\"caption-page\" data-start=\"182.600000\"> has no id, so Studio cannot use a stable edit target for its timeline and canvas controls.",
        "selector": "[data-composition-id]",
        "dataAttributes": {},
        "sourceFile": "C:\\vox-style-xe-giay-v1-hyperframes\\hyperframes\\videos\\ban-an-802-2020-tphcm\\compositions\\caption-track.html",
        "bbox": {
          "x": 0,
          "y": 0,
          "width": 0,
          "height": 0
        },
        "time": 0,
        "fixHint": "Add a stable, human-readable id such as id=\"hero-title\" or id=\"scene-1-card\" to every timeline-visible element you want agents or Studio to edit."
      },
      {
        "code": "studio_missing_editable_id",
        "severity": "warning",
        "message": "<div class=\"caption-page\" data-start=\"183.410000\"> has no id, so Studio cannot use a stable edit target for its timeline and canvas controls.",
        "selector": "[data-composition-id]",
        "dataAttributes": {},
        "sourceFile": "C:\\vox-style-xe-giay-v1-hyperframes\\hyperframes\\videos\\ban-an-802-2020-tphcm\\compositions\\caption-track.html",
        "bbox": {
          "x": 0,
          "y": 0,
          "width": 0,
          "height": 0
        },
        "time": 0,
        "fixHint": "Add a stable, human-readable id such as id=\"hero-title\" or id=\"scene-1-card\" to every timeline-visible element you want agents or Studio to edit."
      },
      {
        "code": "studio_missing_editable_id",
        "severity": "warning",
        "message": "<div class=\"caption-page\" data-start=\"184.610000\"> has no id, so Studio cannot use a stable edit target for its timeline and canvas controls.",
        "selector": "[data-composition-id]",
        "dataAttributes": {},
        "sourceFile": "C:\\vox-style-xe-giay-v1-hyperframes\\hyperframes\\videos\\ban-an-802-2020-tphcm\\compositions\\caption-track.html",
        "bbox": {
          "x": 0,
          "y": 0,
          "width": 0,
          "height": 0
        },
        "time": 0,
        "fixHint": "Add a stable, human-readable id such as id=\"hero-title\" or id=\"scene-1-card\" to every timeline-visible element you want agents or Studio to edit."
      },
      {
        "code": "studio_missing_editable_id",
        "severity": "warning",
        "message": "<div class=\"caption-page\" data-start=\"185.880000\"> has no id, so Studio cannot use a stable edit target for its timeline and canvas controls.",
        "selector": "[data-composition-id]",
        "dataAttributes": {},
        "sourceFile": "C:\\vox-style-xe-giay-v1-hyperframes\\hyperframes\\videos\\ban-an-802-2020-tphcm\\compositions\\caption-track.html",
        "bbox": {
          "x": 0,
          "y": 0,
          "width": 0,
          "height": 0
        },
        "time": 0,
        "fixHint": "Add a stable, human-readable id such as id=\"hero-title\" or id=\"scene-1-card\" to every timeline-visible element you want agents or Studio to edit."
      },
      {
        "code": "studio_missing_editable_id",
        "severity": "warning",
        "message": "<div class=\"caption-page\" data-start=\"186.930000\"> has no id, so Studio cannot use a stable edit target for its timeline and canvas controls.",
        "selector": "[data-composition-id]",
        "dataAttributes": {},
        "sourceFile": "C:\\vox-style-xe-giay-v1-hyperframes\\hyperframes\\videos\\ban-an-802-2020-tphcm\\compositions\\caption-track.html",
        "bbox": {
          "x": 0,
          "y": 0,
          "width": 0,
          "height": 0
        },
        "time": 0,
        "fixHint": "Add a stable, human-readable id such as id=\"hero-title\" or id=\"scene-1-card\" to every timeline-visible element you want agents or Studio to edit."
      },
      {
        "code": "studio_missing_editable_id",
        "severity": "warning",
        "message": "<div class=\"caption-page\" data-start=\"187.920000\"> has no id, so Studio cannot use a stable edit target for its timeline and canvas controls.",
        "selector": "[data-composition-id]",
        "dataAttributes": {},
        "sourceFile": "C:\\vox-style-xe-giay-v1-hyperframes\\hyperframes\\videos\\ban-an-802-2020-tphcm\\compositions\\caption-track.html",
        "bbox": {
          "x": 0,
          "y": 0,
          "width": 0,
          "height": 0
        },
        "time": 0,
        "fixHint": "Add a stable, human-readable id such as id=\"hero-title\" or id=\"scene-1-card\" to every timeline-visible element you want agents or Studio to edit."
      },
      {
        "code": "studio_missing_editable_id",
        "severity": "warning",
        "message": "<div class=\"caption-page\" data-start=\"188.900000\"> has no id, so Studio cannot use a stable edit target for its timeline and canvas controls.",
        "selector": "[data-composition-id]",
        "dataAttributes": {},
        "sourceFile": "C:\\vox-style-xe-giay-v1-hyperframes\\hyperframes\\videos\\ban-an-802-2020-tphcm\\compositions\\caption-track.html",
        "bbox": {
          "x": 0,
          "y": 0,
          "width": 0,
          "height": 0
        },
        "time": 0,
        "fixHint": "Add a stable, human-readable id such as id=\"hero-title\" or id=\"scene-1-card\" to every timeline-visible element you want agents or Studio to edit."
      },
      {
        "code": "studio_missing_editable_id",
        "severity": "warning",
        "message": "<div class=\"caption-page\" data-start=\"189.170000\"> has no id, so Studio cannot use a stable edit target for its timeline and canvas controls.",
        "selector": "[data-composition-id]",
        "dataAttributes": {},
        "sourceFile": "C:\\vox-style-xe-giay-v1-hyperframes\\hyperframes\\videos\\ban-an-802-2020-tphcm\\compositions\\caption-track.html",
        "bbox": {
          "x": 0,
          "y": 0,
          "width": 0,
          "height": 0
        },
        "time": 0,
        "fixHint": "Add a stable, human-readable id such as id=\"hero-title\" or id=\"scene-1-card\" to every timeline-visible element you want agents or Studio to edit."
      },
      {
        "code": "studio_missing_editable_id",
        "severity": "warning",
        "message": "<div class=\"caption-page\" data-start=\"190.220000\"> has no id, so Studio cannot use a stable edit target for its timeline and canvas controls.",
        "selector": "[data-composition-id]",
        "dataAttributes": {},
        "sourceFile": "C:\\vox-style-xe-giay-v1-hyperframes\\hyperframes\\videos\\ban-an-802-2020-tphcm\\compositions\\caption-track.html",
        "bbox": {
          "x": 0,
          "y": 0,
          "width": 0,
          "height": 0
        },
        "time": 0,
        "fixHint": "Add a stable, human-readable id such as id=\"hero-title\" or id=\"scene-1-card\" to every timeline-visible element you want agents or Studio to edit."
      },
      {
        "code": "studio_missing_editable_id",
        "severity": "warning",
        "message": "<div class=\"caption-page\" data-start=\"191.140000\"> has no id, so Studio cannot use a stable edit target for its timeline and canvas controls.",
        "selector": "[data-composition-id]",
        "dataAttributes": {},
        "sourceFile": "C:\\vox-style-xe-giay-v1-hyperframes\\hyperframes\\videos\\ban-an-802-2020-tphcm\\compositions\\caption-track.html",
        "bbox": {
          "x": 0,
          "y": 0,
          "width": 0,
          "height": 0
        },
        "time": 0,
        "fixHint": "Add a stable, human-readable id such as id=\"hero-title\" or id=\"scene-1-card\" to every timeline-visible element you want agents or Studio to edit."
      },
      {
        "code": "studio_missing_editable_id",
        "severity": "warning",
        "message": "<div class=\"caption-page\" data-start=\"192.660000\"> has no id, so Studio cannot use a stable edit target for its timeline and canvas controls.",
        "selector": "[data-composition-id]",
        "dataAttributes": {},
        "sourceFile": "C:\\vox-style-xe-giay-v1-hyperframes\\hyperframes\\videos\\ban-an-802-2020-tphcm\\compositions\\caption-track.html",
        "bbox": {
          "x": 0,
          "y": 0,
          "width": 0,
          "height": 0
        },
        "time": 0,
        "fixHint": "Add a stable, human-readable id such as id=\"hero-title\" or id=\"scene-1-card\" to every timeline-visible element you want agents or Studio to edit."
      },
      {
        "code": "studio_missing_editable_id",
        "severity": "warning",
        "message": "<div class=\"caption-page\" data-start=\"193.240000\"> has no id, so Studio cannot use a stable edit target for its timeline and canvas controls.",
        "selector": "[data-composition-id]",
        "dataAttributes": {},
        "sourceFile": "C:\\vox-style-xe-giay-v1-hyperframes\\hyperframes\\videos\\ban-an-802-2020-tphcm\\compositions\\caption-track.html",
        "bbox": {
          "x": 0,
          "y": 0,
          "width": 0,
          "height": 0
        },
        "time": 0,
        "fixHint": "Add a stable, human-readable id such as id=\"hero-title\" or id=\"scene-1-card\" to every timeline-visible element you want agents or Studio to edit."
      },
      {
        "code": "studio_missing_editable_id",
        "severity": "warning",
        "message": "<div class=\"caption-page\" data-start=\"193.850000\"> has no id, so Studio cannot use a stable edit target for its timeline and canvas controls.",
        "selector": "[data-composition-id]",
        "dataAttributes": {},
        "sourceFile": "C:\\vox-style-xe-giay-v1-hyperframes\\hyperframes\\videos\\ban-an-802-2020-tphcm\\compositions\\caption-track.html",
        "bbox": {
          "x": 0,
          "y": 0,
          "width": 0,
          "height": 0
        },
        "time": 0,
        "fixHint": "Add a stable, human-readable id such as id=\"hero-title\" or id=\"scene-1-card\" to every timeline-visible element you want agents or Studio to edit."
      },
      {
        "code": "studio_missing_editable_id",
        "severity": "warning",
        "message": "<div class=\"caption-page\" data-start=\"194.330000\"> has no id, so Studio cannot use a stable edit target for its timeline and canvas controls.",
        "selector": "[data-composition-id]",
        "dataAttributes": {},
        "sourceFile": "C:\\vox-style-xe-giay-v1-hyperframes\\hyperframes\\videos\\ban-an-802-2020-tphcm\\compositions\\caption-track.html",
        "bbox": {
          "x": 0,
          "y": 0,
          "width": 0,
          "height": 0
        },
        "time": 0,
        "fixHint": "Add a stable, human-readable id such as id=\"hero-title\" or id=\"scene-1-card\" to every timeline-visible element you want agents or Studio to edit."
      },
      {
        "code": "studio_missing_editable_id",
        "severity": "warning",
        "message": "<div class=\"caption-page\" data-start=\"194.580000\"> has no id, so Studio cannot use a stable edit target for its timeline and canvas controls.",
        "selector": "[data-composition-id]",
        "dataAttributes": {},
        "sourceFile": "C:\\vox-style-xe-giay-v1-hyperframes\\hyperframes\\videos\\ban-an-802-2020-tphcm\\compositions\\caption-track.html",
        "bbox": {
          "x": 0,
          "y": 0,
          "width": 0,
          "height": 0
        },
        "time": 0,
        "fixHint": "Add a stable, human-readable id such as id=\"hero-title\" or id=\"scene-1-card\" to every timeline-visible element you want agents or Studio to edit."
      },
      {
        "code": "studio_missing_editable_id",
        "severity": "warning",
        "message": "<div class=\"caption-page\" data-start=\"195.360000\"> has no id, so Studio cannot use a stable edit target for its timeline and canvas controls.",
        "selector": "[data-composition-id]",
        "dataAttributes": {},
        "sourceFile": "C:\\vox-style-xe-giay-v1-hyperframes\\hyperframes\\videos\\ban-an-802-2020-tphcm\\compositions\\caption-track.html",
        "bbox": {
          "x": 0,
          "y": 0,
          "width": 0,
          "height": 0
        },
        "time": 0,
        "fixHint": "Add a stable, human-readable id such as id=\"hero-title\" or id=\"scene-1-card\" to every timeline-visible element you want agents or Studio to edit."
      },
      {
        "code": "studio_missing_editable_id",
        "severity": "warning",
        "message": "<div class=\"caption-page\" data-start=\"196.030000\"> has no id, so Studio cannot use a stable edit target for its timeline and canvas controls.",
        "selector": "[data-composition-id]",
        "dataAttributes": {},
        "sourceFile": "C:\\vox-style-xe-giay-v1-hyperframes\\hyperframes\\videos\\ban-an-802-2020-tphcm\\compositions\\caption-track.html",
        "bbox": {
          "x": 0,
          "y": 0,
          "width": 0,
          "height": 0
        },
        "time": 0,
        "fixHint": "Add a stable, human-readable id such as id=\"hero-title\" or id=\"scene-1-card\" to every timeline-visible element you want agents or Studio to edit."
      },
      {
        "code": "studio_missing_editable_id",
        "severity": "warning",
        "message": "<div class=\"caption-page\" data-start=\"196.670000\"> has no id, so Studio cannot use a stable edit target for its timeline and canvas controls.",
        "selector": "[data-composition-id]",
        "dataAttributes": {},
        "sourceFile": "C:\\vox-style-xe-giay-v1-hyperframes\\hyperframes\\videos\\ban-an-802-2020-tphcm\\compositions\\caption-track.html",
        "bbox": {
          "x": 0,
          "y": 0,
          "width": 0,
          "height": 0
        },
        "time": 0,
        "fixHint": "Add a stable, human-readable id such as id=\"hero-title\" or id=\"scene-1-card\" to every timeline-visible element you want agents or Studio to edit."
      },
      {
        "code": "studio_missing_editable_id",
        "severity": "warning",
        "message": "<div class=\"caption-page\" data-start=\"197.440000\"> has no id, so Studio cannot use a stable edit target for its timeline and canvas controls.",
        "selector": "[data-composition-id]",
        "dataAttributes": {},
        "sourceFile": "C:\\vox-style-xe-giay-v1-hyperframes\\hyperframes\\videos\\ban-an-802-2020-tphcm\\compositions\\caption-track.html",
        "bbox": {
          "x": 0,
          "y": 0,
          "width": 0,
          "height": 0
        },
        "time": 0,
        "fixHint": "Add a stable, human-readable id such as id=\"hero-title\" or id=\"scene-1-card\" to every timeline-visible element you want agents or Studio to edit."
      },
      {
        "code": "studio_missing_editable_id",
        "severity": "warning",
        "message": "<div class=\"caption-page\" data-start=\"198.150000\"> has no id, so Studio cannot use a stable edit target for its timeline and canvas controls.",
        "selector": "[data-composition-id]",
        "dataAttributes": {},
        "sourceFile": "C:\\vox-style-xe-giay-v1-hyperframes\\hyperframes\\videos\\ban-an-802-2020-tphcm\\compositions\\caption-track.html",
        "bbox": {
          "x": 0,
          "y": 0,
          "width": 0,
          "height": 0
        },
        "time": 0,
        "fixHint": "Add a stable, human-readable id such as id=\"hero-title\" or id=\"scene-1-card\" to every timeline-visible element you want agents or Studio to edit."
      },
      {
        "code": "studio_missing_editable_id",
        "severity": "warning",
        "message": "<div class=\"caption-page\" data-start=\"199.100000\"> has no id, so Studio cannot use a stable edit target for its timeline and canvas controls.",
        "selector": "[data-composition-id]",
        "dataAttributes": {},
        "sourceFile": "C:\\vox-style-xe-giay-v1-hyperframes\\hyperframes\\videos\\ban-an-802-2020-tphcm\\compositions\\caption-track.html",
        "bbox": {
          "x": 0,
          "y": 0,
          "width": 0,
          "height": 0
        },
        "time": 0,
        "fixHint": "Add a stable, human-readable id such as id=\"hero-title\" or id=\"scene-1-card\" to every timeline-visible element you want agents or Studio to edit."
      },
      {
        "code": "studio_missing_editable_id",
        "severity": "warning",
        "message": "<div class=\"caption-page\" data-start=\"199.850000\"> has no id, so Studio cannot use a stable edit target for its timeline and canvas controls.",
        "selector": "[data-composition-id]",
        "dataAttributes": {},
        "sourceFile": "C:\\vox-style-xe-giay-v1-hyperframes\\hyperframes\\videos\\ban-an-802-2020-tphcm\\compositions\\caption-track.html",
        "bbox": {
          "x": 0,
          "y": 0,
          "width": 0,
          "height": 0
        },
        "time": 0,
        "fixHint": "Add a stable, human-readable id such as id=\"hero-title\" or id=\"scene-1-card\" to every timeline-visible element you want agents or Studio to edit."
      },
      {
        "code": "studio_missing_editable_id",
        "severity": "warning",
        "message": "<div class=\"caption-page\" data-start=\"200.860000\"> has no id, so Studio cannot use a stable edit target for its timeline and canvas controls.",
        "selector": "[data-composition-id]",
        "dataAttributes": {},
        "sourceFile": "C:\\vox-style-xe-giay-v1-hyperframes\\hyperframes\\videos\\ban-an-802-2020-tphcm\\compositions\\caption-track.html",
        "bbox": {
          "x": 0,
          "y": 0,
          "width": 0,
          "height": 0
        },
        "time": 0,
        "fixHint": "Add a stable, human-readable id such as id=\"hero-title\" or id=\"scene-1-card\" to every timeline-visible element you want agents or Studio to edit."
      },
      {
        "code": "studio_missing_editable_id",
        "severity": "warning",
        "message": "<div class=\"caption-page\" data-start=\"201.610000\"> has no id, so Studio cannot use a stable edit target for its timeline and canvas controls.",
        "selector": "[data-composition-id]",
        "dataAttributes": {},
        "sourceFile": "C:\\vox-style-xe-giay-v1-hyperframes\\hyperframes\\videos\\ban-an-802-2020-tphcm\\compositions\\caption-track.html",
        "bbox": {
          "x": 0,
          "y": 0,
          "width": 0,
          "height": 0
        },
        "time": 0,
        "fixHint": "Add a stable, human-readable id such as id=\"hero-title\" or id=\"scene-1-card\" to every timeline-visible element you want agents or Studio to edit."
      },
      {
        "code": "studio_missing_editable_id",
        "severity": "warning",
        "message": "<div class=\"caption-page\" data-start=\"202.610000\"> has no id, so Studio cannot use a stable edit target for its timeline and canvas controls.",
        "selector": "[data-composition-id]",
        "dataAttributes": {},
        "sourceFile": "C:\\vox-style-xe-giay-v1-hyperframes\\hyperframes\\videos\\ban-an-802-2020-tphcm\\compositions\\caption-track.html",
        "bbox": {
          "x": 0,
          "y": 0,
          "width": 0,
          "height": 0
        },
        "time": 0,
        "fixHint": "Add a stable, human-readable id such as id=\"hero-title\" or id=\"scene-1-card\" to every timeline-visible element you want agents or Studio to edit."
      },
      {
        "code": "studio_missing_editable_id",
        "severity": "warning",
        "message": "<div class=\"caption-page\" data-start=\"204.020000\"> has no id, so Studio cannot use a stable edit target for its timeline and canvas controls.",
        "selector": "[data-composition-id]",
        "dataAttributes": {},
        "sourceFile": "C:\\vox-style-xe-giay-v1-hyperframes\\hyperframes\\videos\\ban-an-802-2020-tphcm\\compositions\\caption-track.html",
        "bbox": {
          "x": 0,
          "y": 0,
          "width": 0,
          "height": 0
        },
        "time": 0,
        "fixHint": "Add a stable, human-readable id such as id=\"hero-title\" or id=\"scene-1-card\" to every timeline-visible element you want agents or Studio to edit."
      },
      {
        "code": "studio_missing_editable_id",
        "severity": "warning",
        "message": "<div class=\"caption-page\" data-start=\"204.980000\"> has no id, so Studio cannot use a stable edit target for its timeline and canvas controls.",
        "selector": "[data-composition-id]",
        "dataAttributes": {},
        "sourceFile": "C:\\vox-style-xe-giay-v1-hyperframes\\hyperframes\\videos\\ban-an-802-2020-tphcm\\compositions\\caption-track.html",
        "bbox": {
          "x": 0,
          "y": 0,
          "width": 0,
          "height": 0
        },
        "time": 0,
        "fixHint": "Add a stable, human-readable id such as id=\"hero-title\" or id=\"scene-1-card\" to every timeline-visible element you want agents or Studio to edit."
      },
      {
        "code": "studio_missing_editable_id",
        "severity": "warning",
        "message": "<div class=\"caption-page\" data-start=\"205.990000\"> has no id, so Studio cannot use a stable edit target for its timeline and canvas controls.",
        "selector": "[data-composition-id]",
        "dataAttributes": {},
        "sourceFile": "C:\\vox-style-xe-giay-v1-hyperframes\\hyperframes\\videos\\ban-an-802-2020-tphcm\\compositions\\caption-track.html",
        "bbox": {
          "x": 0,
          "y": 0,
          "width": 0,
          "height": 0
        },
        "time": 0,
        "fixHint": "Add a stable, human-readable id such as id=\"hero-title\" or id=\"scene-1-card\" to every timeline-visible element you want agents or Studio to edit."
      },
      {
        "code": "studio_missing_editable_id",
        "severity": "warning",
        "message": "<div class=\"caption-page\" data-start=\"207.060000\"> has no id, so Studio cannot use a stable edit target for its timeline and canvas controls.",
        "selector": "[data-composition-id]",
        "dataAttributes": {},
        "sourceFile": "C:\\vox-style-xe-giay-v1-hyperframes\\hyperframes\\videos\\ban-an-802-2020-tphcm\\compositions\\caption-track.html",
        "bbox": {
          "x": 0,
          "y": 0,
          "width": 0,
          "height": 0
        },
        "time": 0,
        "fixHint": "Add a stable, human-readable id such as id=\"hero-title\" or id=\"scene-1-card\" to every timeline-visible element you want agents or Studio to edit."
      },
      {
        "code": "studio_missing_editable_id",
        "severity": "warning",
        "message": "<div class=\"caption-page\" data-start=\"208.170000\"> has no id, so Studio cannot use a stable edit target for its timeline and canvas controls.",
        "selector": "[data-composition-id]",
        "dataAttributes": {},
        "sourceFile": "C:\\vox-style-xe-giay-v1-hyperframes\\hyperframes\\videos\\ban-an-802-2020-tphcm\\compositions\\caption-track.html",
        "bbox": {
          "x": 0,
          "y": 0,
          "width": 0,
          "height": 0
        },
        "time": 0,
        "fixHint": "Add a stable, human-readable id such as id=\"hero-title\" or id=\"scene-1-card\" to every timeline-visible element you want agents or Studio to edit."
      },
      {
        "code": "studio_missing_editable_id",
        "severity": "warning",
        "message": "<div class=\"caption-page\" data-start=\"209.710000\"> has no id, so Studio cannot use a stable edit target for its timeline and canvas controls.",
        "selector": "[data-composition-id]",
        "dataAttributes": {},
        "sourceFile": "C:\\vox-style-xe-giay-v1-hyperframes\\hyperframes\\videos\\ban-an-802-2020-tphcm\\compositions\\caption-track.html",
        "bbox": {
          "x": 0,
          "y": 0,
          "width": 0,
          "height": 0
        },
        "time": 0,
        "fixHint": "Add a stable, human-readable id such as id=\"hero-title\" or id=\"scene-1-card\" to every timeline-visible element you want agents or Studio to edit."
      },
      {
        "code": "studio_missing_editable_id",
        "severity": "warning",
        "message": "<div class=\"caption-page\" data-start=\"210.620000\"> has no id, so Studio cannot use a stable edit target for its timeline and canvas controls.",
        "selector": "[data-composition-id]",
        "dataAttributes": {},
        "sourceFile": "C:\\vox-style-xe-giay-v1-hyperframes\\hyperframes\\videos\\ban-an-802-2020-tphcm\\compositions\\caption-track.html",
        "bbox": {
          "x": 0,
          "y": 0,
          "width": 0,
          "height": 0
        },
        "time": 0,
        "fixHint": "Add a stable, human-readable id such as id=\"hero-title\" or id=\"scene-1-card\" to every timeline-visible element you want agents or Studio to edit."
      },
      {
        "code": "studio_missing_editable_id",
        "severity": "warning",
        "message": "<div class=\"caption-page\" data-start=\"211.560000\"> has no id, so Studio cannot use a stable edit target for its timeline and canvas controls.",
        "selector": "[data-composition-id]",
        "dataAttributes": {},
        "sourceFile": "C:\\vox-style-xe-giay-v1-hyperframes\\hyperframes\\videos\\ban-an-802-2020-tphcm\\compositions\\caption-track.html",
        "bbox": {
          "x": 0,
          "y": 0,
          "width": 0,
          "height": 0
        },
        "time": 0,
        "fixHint": "Add a stable, human-readable id such as id=\"hero-title\" or id=\"scene-1-card\" to every timeline-visible element you want agents or Studio to edit."
      },
      {
        "code": "studio_missing_editable_id",
        "severity": "warning",
        "message": "<div class=\"caption-page\" data-start=\"212.280000\"> has no id, so Studio cannot use a stable edit target for its timeline and canvas controls.",
        "selector": "[data-composition-id]",
        "dataAttributes": {},
        "sourceFile": "C:\\vox-style-xe-giay-v1-hyperframes\\hyperframes\\videos\\ban-an-802-2020-tphcm\\compositions\\caption-track.html",
        "bbox": {
          "x": 0,
          "y": 0,
          "width": 0,
          "height": 0
        },
        "time": 0,
        "fixHint": "Add a stable, human-readable id such as id=\"hero-title\" or id=\"scene-1-card\" to every timeline-visible element you want agents or Studio to edit."
      },
      {
        "code": "studio_missing_editable_id",
        "severity": "warning",
        "message": "<div class=\"caption-page\" data-start=\"212.670000\"> has no id, so Studio cannot use a stable edit target for its timeline and canvas controls.",
        "selector": "[data-composition-id]",
        "dataAttributes": {},
        "sourceFile": "C:\\vox-style-xe-giay-v1-hyperframes\\hyperframes\\videos\\ban-an-802-2020-tphcm\\compositions\\caption-track.html",
        "bbox": {
          "x": 0,
          "y": 0,
          "width": 0,
          "height": 0
        },
        "time": 0,
        "fixHint": "Add a stable, human-readable id such as id=\"hero-title\" or id=\"scene-1-card\" to every timeline-visible element you want agents or Studio to edit."
      },
      {
        "code": "studio_missing_editable_id",
        "severity": "warning",
        "message": "<div class=\"caption-page\" data-start=\"213.600000\"> has no id, so Studio cannot use a stable edit target for its timeline and canvas controls.",
        "selector": "[data-composition-id]",
        "dataAttributes": {},
        "sourceFile": "C:\\vox-style-xe-giay-v1-hyperframes\\hyperframes\\videos\\ban-an-802-2020-tphcm\\compositions\\caption-track.html",
        "bbox": {
          "x": 0,
          "y": 0,
          "width": 0,
          "height": 0
        },
        "time": 0,
        "fixHint": "Add a stable, human-readable id such as id=\"hero-title\" or id=\"scene-1-card\" to every timeline-visible element you want agents or Studio to edit."
      },
      {
        "code": "studio_missing_editable_id",
        "severity": "warning",
        "message": "<div class=\"caption-page\" data-start=\"214.840000\"> has no id, so Studio cannot use a stable edit target for its timeline and canvas controls.",
        "selector": "[data-composition-id]",
        "dataAttributes": {},
        "sourceFile": "C:\\vox-style-xe-giay-v1-hyperframes\\hyperframes\\videos\\ban-an-802-2020-tphcm\\compositions\\caption-track.html",
        "bbox": {
          "x": 0,
          "y": 0,
          "width": 0,
          "height": 0
        },
        "time": 0,
        "fixHint": "Add a stable, human-readable id such as id=\"hero-title\" or id=\"scene-1-card\" to every timeline-visible element you want agents or Studio to edit."
      },
      {
        "code": "studio_missing_editable_id",
        "severity": "warning",
        "message": "<div class=\"caption-page\" data-start=\"215.790000\"> has no id, so Studio cannot use a stable edit target for its timeline and canvas controls.",
        "selector": "[data-composition-id]",
        "dataAttributes": {},
        "sourceFile": "C:\\vox-style-xe-giay-v1-hyperframes\\hyperframes\\videos\\ban-an-802-2020-tphcm\\compositions\\caption-track.html",
        "bbox": {
          "x": 0,
          "y": 0,
          "width": 0,
          "height": 0
        },
        "time": 0,
        "fixHint": "Add a stable, human-readable id such as id=\"hero-title\" or id=\"scene-1-card\" to every timeline-visible element you want agents or Studio to edit."
      },
      {
        "code": "studio_missing_editable_id",
        "severity": "warning",
        "message": "<div class=\"caption-page\" data-start=\"216.860000\"> has no id, so Studio cannot use a stable edit target for its timeline and canvas controls.",
        "selector": "[data-composition-id]",
        "dataAttributes": {},
        "sourceFile": "C:\\vox-style-xe-giay-v1-hyperframes\\hyperframes\\videos\\ban-an-802-2020-tphcm\\compositions\\caption-track.html",
        "bbox": {
          "x": 0,
          "y": 0,
          "width": 0,
          "height": 0
        },
        "time": 0,
        "fixHint": "Add a stable, human-readable id such as id=\"hero-title\" or id=\"scene-1-card\" to every timeline-visible element you want agents or Studio to edit."
      },
      {
        "code": "studio_missing_editable_id",
        "severity": "warning",
        "message": "<div class=\"caption-page\" data-start=\"217.950000\"> has no id, so Studio cannot use a stable edit target for its timeline and canvas controls.",
        "selector": "[data-composition-id]",
        "dataAttributes": {},
        "sourceFile": "C:\\vox-style-xe-giay-v1-hyperframes\\hyperframes\\videos\\ban-an-802-2020-tphcm\\compositions\\caption-track.html",
        "bbox": {
          "x": 0,
          "y": 0,
          "width": 0,
          "height": 0
        },
        "time": 0,
        "fixHint": "Add a stable, human-readable id such as id=\"hero-title\" or id=\"scene-1-card\" to every timeline-visible element you want agents or Studio to edit."
      },
      {
        "code": "studio_missing_editable_id",
        "severity": "warning",
        "message": "<div class=\"caption-page\" data-start=\"218.920000\"> has no id, so Studio cannot use a stable edit target for its timeline and canvas controls.",
        "selector": "[data-composition-id]",
        "dataAttributes": {},
        "sourceFile": "C:\\vox-style-xe-giay-v1-hyperframes\\hyperframes\\videos\\ban-an-802-2020-tphcm\\compositions\\caption-track.html",
        "bbox": {
          "x": 0,
          "y": 0,
          "width": 0,
          "height": 0
        },
        "time": 0,
        "fixHint": "Add a stable, human-readable id such as id=\"hero-title\" or id=\"scene-1-card\" to every timeline-visible element you want agents or Studio to edit."
      },
      {
        "code": "studio_missing_editable_id",
        "severity": "warning",
        "message": "<div class=\"caption-page\" data-start=\"220.110000\"> has no id, so Studio cannot use a stable edit target for its timeline and canvas controls.",
        "selector": "[data-composition-id]",
        "dataAttributes": {},
        "sourceFile": "C:\\vox-style-xe-giay-v1-hyperframes\\hyperframes\\videos\\ban-an-802-2020-tphcm\\compositions\\caption-track.html",
        "bbox": {
          "x": 0,
          "y": 0,
          "width": 0,
          "height": 0
        },
        "time": 0,
        "fixHint": "Add a stable, human-readable id such as id=\"hero-title\" or id=\"scene-1-card\" to every timeline-visible element you want agents or Studio to edit."
      },
      {
        "code": "studio_missing_editable_id",
        "severity": "warning",
        "message": "<div class=\"caption-page\" data-start=\"221.140000\"> has no id, so Studio cannot use a stable edit target for its timeline and canvas controls.",
        "selector": "[data-composition-id]",
        "dataAttributes": {},
        "sourceFile": "C:\\vox-style-xe-giay-v1-hyperframes\\hyperframes\\videos\\ban-an-802-2020-tphcm\\compositions\\caption-track.html",
        "bbox": {
          "x": 0,
          "y": 0,
          "width": 0,
          "height": 0
        },
        "time": 0,
        "fixHint": "Add a stable, human-readable id such as id=\"hero-title\" or id=\"scene-1-card\" to every timeline-visible element you want agents or Studio to edit."
      },
      {
        "code": "studio_missing_editable_id",
        "severity": "warning",
        "message": "<div class=\"caption-page\" data-start=\"222.380000\"> has no id, so Studio cannot use a stable edit target for its timeline and canvas controls.",
        "selector": "[data-composition-id]",
        "dataAttributes": {},
        "sourceFile": "C:\\vox-style-xe-giay-v1-hyperframes\\hyperframes\\videos\\ban-an-802-2020-tphcm\\compositions\\caption-track.html",
        "bbox": {
          "x": 0,
          "y": 0,
          "width": 0,
          "height": 0
        },
        "time": 0,
        "fixHint": "Add a stable, human-readable id such as id=\"hero-title\" or id=\"scene-1-card\" to every timeline-visible element you want agents or Studio to edit."
      },
      {
        "code": "studio_missing_editable_id",
        "severity": "warning",
        "message": "<div class=\"caption-page\" data-start=\"223.570000\"> has no id, so Studio cannot use a stable edit target for its timeline and canvas controls.",
        "selector": "[data-composition-id]",
        "dataAttributes": {},
        "sourceFile": "C:\\vox-style-xe-giay-v1-hyperframes\\hyperframes\\videos\\ban-an-802-2020-tphcm\\compositions\\caption-track.html",
        "bbox": {
          "x": 0,
          "y": 0,
          "width": 0,
          "height": 0
        },
        "time": 0,
        "fixHint": "Add a stable, human-readable id such as id=\"hero-title\" or id=\"scene-1-card\" to every timeline-visible element you want agents or Studio to edit."
      },
      {
        "code": "studio_missing_editable_id",
        "severity": "warning",
        "message": "<div class=\"caption-page\" data-start=\"224.370000\"> has no id, so Studio cannot use a stable edit target for its timeline and canvas controls.",
        "selector": "[data-composition-id]",
        "dataAttributes": {},
        "sourceFile": "C:\\vox-style-xe-giay-v1-hyperframes\\hyperframes\\videos\\ban-an-802-2020-tphcm\\compositions\\caption-track.html",
        "bbox": {
          "x": 0,
          "y": 0,
          "width": 0,
          "height": 0
        },
        "time": 0,
        "fixHint": "Add a stable, human-readable id such as id=\"hero-title\" or id=\"scene-1-card\" to every timeline-visible element you want agents or Studio to edit."
      },
      {
        "code": "studio_missing_editable_id",
        "severity": "warning",
        "message": "<div class=\"caption-page\" data-start=\"225.400000\"> has no id, so Studio cannot use a stable edit target for its timeline and canvas controls.",
        "selector": "[data-composition-id]",
        "dataAttributes": {},
        "sourceFile": "C:\\vox-style-xe-giay-v1-hyperframes\\hyperframes\\videos\\ban-an-802-2020-tphcm\\compositions\\caption-track.html",
        "bbox": {
          "x": 0,
          "y": 0,
          "width": 0,
          "height": 0
        },
        "time": 0,
        "fixHint": "Add a stable, human-readable id such as id=\"hero-title\" or id=\"scene-1-card\" to every timeline-visible element you want agents or Studio to edit."
      },
      {
        "code": "studio_missing_editable_id",
        "severity": "warning",
        "message": "<div class=\"caption-page\" data-start=\"226.600000\"> has no id, so Studio cannot use a stable edit target for its timeline and canvas controls.",
        "selector": "[data-composition-id]",
        "dataAttributes": {},
        "sourceFile": "C:\\vox-style-xe-giay-v1-hyperframes\\hyperframes\\videos\\ban-an-802-2020-tphcm\\compositions\\caption-track.html",
        "bbox": {
          "x": 0,
          "y": 0,
          "width": 0,
          "height": 0
        },
        "time": 0,
        "fixHint": "Add a stable, human-readable id such as id=\"hero-title\" or id=\"scene-1-card\" to every timeline-visible element you want agents or Studio to edit."
      },
      {
        "code": "studio_missing_editable_id",
        "severity": "warning",
        "message": "<div class=\"caption-page\" data-start=\"226.960000\"> has no id, so Studio cannot use a stable edit target for its timeline and canvas controls.",
        "selector": "[data-composition-id]",
        "dataAttributes": {},
        "sourceFile": "C:\\vox-style-xe-giay-v1-hyperframes\\hyperframes\\videos\\ban-an-802-2020-tphcm\\compositions\\caption-track.html",
        "bbox": {
          "x": 0,
          "y": 0,
          "width": 0,
          "height": 0
        },
        "time": 0,
        "fixHint": "Add a stable, human-readable id such as id=\"hero-title\" or id=\"scene-1-card\" to every timeline-visible element you want agents or Studio to edit."
      },
      {
        "code": "studio_missing_editable_id",
        "severity": "warning",
        "message": "<div class=\"caption-page\" data-start=\"227.630000\"> has no id, so Studio cannot use a stable edit target for its timeline and canvas controls.",
        "selector": "[data-composition-id]",
        "dataAttributes": {},
        "sourceFile": "C:\\vox-style-xe-giay-v1-hyperframes\\hyperframes\\videos\\ban-an-802-2020-tphcm\\compositions\\caption-track.html",
        "bbox": {
          "x": 0,
          "y": 0,
          "width": 0,
          "height": 0
        },
        "time": 0,
        "fixHint": "Add a stable, human-readable id such as id=\"hero-title\" or id=\"scene-1-card\" to every timeline-visible element you want agents or Studio to edit."
      },
      {
        "code": "studio_missing_editable_id",
        "severity": "warning",
        "message": "<div class=\"caption-page\" data-start=\"228.090000\"> has no id, so Studio cannot use a stable edit target for its timeline and canvas controls.",
        "selector": "[data-composition-id]",
        "dataAttributes": {},
        "sourceFile": "C:\\vox-style-xe-giay-v1-hyperframes\\hyperframes\\videos\\ban-an-802-2020-tphcm\\compositions\\caption-track.html",
        "bbox": {
          "x": 0,
          "y": 0,
          "width": 0,
          "height": 0
        },
        "time": 0,
        "fixHint": "Add a stable, human-readable id such as id=\"hero-title\" or id=\"scene-1-card\" to every timeline-visible element you want agents or Studio to edit."
      },
      {
        "code": "studio_missing_editable_id",
        "severity": "warning",
        "message": "<div class=\"caption-page\" data-start=\"228.620000\"> has no id, so Studio cannot use a stable edit target for its timeline and canvas controls.",
        "selector": "[data-composition-id]",
        "dataAttributes": {},
        "sourceFile": "C:\\vox-style-xe-giay-v1-hyperframes\\hyperframes\\videos\\ban-an-802-2020-tphcm\\compositions\\caption-track.html",
        "bbox": {
          "x": 0,
          "y": 0,
          "width": 0,
          "height": 0
        },
        "time": 0,
        "fixHint": "Add a stable, human-readable id such as id=\"hero-title\" or id=\"scene-1-card\" to every timeline-visible element you want agents or Studio to edit."
      },
      {
        "code": "studio_missing_editable_id",
        "severity": "warning",
        "message": "<div class=\"caption-page\" data-start=\"229.260000\"> has no id, so Studio cannot use a stable edit target for its timeline and canvas controls.",
        "selector": "[data-composition-id]",
        "dataAttributes": {},
        "sourceFile": "C:\\vox-style-xe-giay-v1-hyperframes\\hyperframes\\videos\\ban-an-802-2020-tphcm\\compositions\\caption-track.html",
        "bbox": {
          "x": 0,
          "y": 0,
          "width": 0,
          "height": 0
        },
        "time": 0,
        "fixHint": "Add a stable, human-readable id such as id=\"hero-title\" or id=\"scene-1-card\" to every timeline-visible element you want agents or Studio to edit."
      },
      {
        "code": "studio_missing_editable_id",
        "severity": "warning",
        "message": "<div class=\"caption-page\" data-start=\"229.910000\"> has no id, so Studio cannot use a stable edit target for its timeline and canvas controls.",
        "selector": "[data-composition-id]",
        "dataAttributes": {},
        "sourceFile": "C:\\vox-style-xe-giay-v1-hyperframes\\hyperframes\\videos\\ban-an-802-2020-tphcm\\compositions\\caption-track.html",
        "bbox": {
          "x": 0,
          "y": 0,
          "width": 0,
          "height": 0
        },
        "time": 0,
        "fixHint": "Add a stable, human-readable id such as id=\"hero-title\" or id=\"scene-1-card\" to every timeline-visible element you want agents or Studio to edit."
      },
      {
        "code": "studio_missing_editable_id",
        "severity": "warning",
        "message": "<div class=\"caption-page\" data-start=\"230.580000\"> has no id, so Studio cannot use a stable edit target for its timeline and canvas controls.",
        "selector": "[data-composition-id]",
        "dataAttributes": {},
        "sourceFile": "C:\\vox-style-xe-giay-v1-hyperframes\\hyperframes\\videos\\ban-an-802-2020-tphcm\\compositions\\caption-track.html",
        "bbox": {
          "x": 0,
          "y": 0,
          "width": 0,
          "height": 0
        },
        "time": 0,
        "fixHint": "Add a stable, human-readable id such as id=\"hero-title\" or id=\"scene-1-card\" to every timeline-visible element you want agents or Studio to edit."
      },
      {
        "code": "studio_missing_editable_id",
        "severity": "warning",
        "message": "<div class=\"caption-page\" data-start=\"231.630000\"> has no id, so Studio cannot use a stable edit target for its timeline and canvas controls.",
        "selector": "[data-composition-id]",
        "dataAttributes": {},
        "sourceFile": "C:\\vox-style-xe-giay-v1-hyperframes\\hyperframes\\videos\\ban-an-802-2020-tphcm\\compositions\\caption-track.html",
        "bbox": {
          "x": 0,
          "y": 0,
          "width": 0,
          "height": 0
        },
        "time": 0,
        "fixHint": "Add a stable, human-readable id such as id=\"hero-title\" or id=\"scene-1-card\" to every timeline-visible element you want agents or Studio to edit."
      },
      {
        "code": "studio_missing_editable_id",
        "severity": "warning",
        "message": "<div class=\"caption-page\" data-start=\"232.660000\"> has no id, so Studio cannot use a stable edit target for its timeline and canvas controls.",
        "selector": "[data-composition-id]",
        "dataAttributes": {},
        "sourceFile": "C:\\vox-style-xe-giay-v1-hyperframes\\hyperframes\\videos\\ban-an-802-2020-tphcm\\compositions\\caption-track.html",
        "bbox": {
          "x": 0,
          "y": 0,
          "width": 0,
          "height": 0
        },
        "time": 0,
        "fixHint": "Add a stable, human-readable id such as id=\"hero-title\" or id=\"scene-1-card\" to every timeline-visible element you want agents or Studio to edit."
      },
      {
        "code": "studio_missing_editable_id",
        "severity": "warning",
        "message": "<div class=\"caption-page\" data-start=\"233.580000\"> has no id, so Studio cannot use a stable edit target for its timeline and canvas controls.",
        "selector": "[data-composition-id]",
        "dataAttributes": {},
        "sourceFile": "C:\\vox-style-xe-giay-v1-hyperframes\\hyperframes\\videos\\ban-an-802-2020-tphcm\\compositions\\caption-track.html",
        "bbox": {
          "x": 0,
          "y": 0,
          "width": 0,
          "height": 0
        },
        "time": 0,
        "fixHint": "Add a stable, human-readable id such as id=\"hero-title\" or id=\"scene-1-card\" to every timeline-visible element you want agents or Studio to edit."
      },
      {
        "code": "studio_missing_editable_id",
        "severity": "warning",
        "message": "<div class=\"caption-page\" data-start=\"234.440000\"> has no id, so Studio cannot use a stable edit target for its timeline and canvas controls.",
        "selector": "[data-composition-id]",
        "dataAttributes": {},
        "sourceFile": "C:\\vox-style-xe-giay-v1-hyperframes\\hyperframes\\videos\\ban-an-802-2020-tphcm\\compositions\\caption-track.html",
        "bbox": {
          "x": 0,
          "y": 0,
          "width": 0,
          "height": 0
        },
        "time": 0,
        "fixHint": "Add a stable, human-readable id such as id=\"hero-title\" or id=\"scene-1-card\" to every timeline-visible element you want agents or Studio to edit."
      },
      {
        "code": "studio_missing_editable_id",
        "severity": "warning",
        "message": "<div class=\"caption-page\" data-start=\"235.470000\"> has no id, so Studio cannot use a stable edit target for its timeline and canvas controls.",
        "selector": "[data-composition-id]",
        "dataAttributes": {},
        "sourceFile": "C:\\vox-style-xe-giay-v1-hyperframes\\hyperframes\\videos\\ban-an-802-2020-tphcm\\compositions\\caption-track.html",
        "bbox": {
          "x": 0,
          "y": 0,
          "width": 0,
          "height": 0
        },
        "time": 0,
        "fixHint": "Add a stable, human-readable id such as id=\"hero-title\" or id=\"scene-1-card\" to every timeline-visible element you want agents or Studio to edit."
      },
      {
        "code": "studio_missing_editable_id",
        "severity": "warning",
        "message": "<div class=\"caption-page\" data-start=\"236.610000\"> has no id, so Studio cannot use a stable edit target for its timeline and canvas controls.",
        "selector": "[data-composition-id]",
        "dataAttributes": {},
        "sourceFile": "C:\\vox-style-xe-giay-v1-hyperframes\\hyperframes\\videos\\ban-an-802-2020-tphcm\\compositions\\caption-track.html",
        "bbox": {
          "x": 0,
          "y": 0,
          "width": 0,
          "height": 0
        },
        "time": 0,
        "fixHint": "Add a stable, human-readable id such as id=\"hero-title\" or id=\"scene-1-card\" to every timeline-visible element you want agents or Studio to edit."
      },
      {
        "code": "studio_missing_editable_id",
        "severity": "warning",
        "message": "<div class=\"caption-page\" data-start=\"237.640000\"> has no id, so Studio cannot use a stable edit target for its timeline and canvas controls.",
        "selector": "[data-composition-id]",
        "dataAttributes": {},
        "sourceFile": "C:\\vox-style-xe-giay-v1-hyperframes\\hyperframes\\videos\\ban-an-802-2020-tphcm\\compositions\\caption-track.html",
        "bbox": {
          "x": 0,
          "y": 0,
          "width": 0,
          "height": 0
        },
        "time": 0,
        "fixHint": "Add a stable, human-readable id such as id=\"hero-title\" or id=\"scene-1-card\" to every timeline-visible element you want agents or Studio to edit."
      },
      {
        "code": "studio_missing_editable_id",
        "severity": "warning",
        "message": "<div class=\"caption-page\" data-start=\"238.180000\"> has no id, so Studio cannot use a stable edit target for its timeline and canvas controls.",
        "selector": "[data-composition-id]",
        "dataAttributes": {},
        "sourceFile": "C:\\vox-style-xe-giay-v1-hyperframes\\hyperframes\\videos\\ban-an-802-2020-tphcm\\compositions\\caption-track.html",
        "bbox": {
          "x": 0,
          "y": 0,
          "width": 0,
          "height": 0
        },
        "time": 0,
        "fixHint": "Add a stable, human-readable id such as id=\"hero-title\" or id=\"scene-1-card\" to every timeline-visible element you want agents or Studio to edit."
      },
      {
        "code": "studio_missing_editable_id",
        "severity": "warning",
        "message": "<div class=\"caption-page\" data-start=\"239.670000\"> has no id, so Studio cannot use a stable edit target for its timeline and canvas controls.",
        "selector": "[data-composition-id]",
        "dataAttributes": {},
        "sourceFile": "C:\\vox-style-xe-giay-v1-hyperframes\\hyperframes\\videos\\ban-an-802-2020-tphcm\\compositions\\caption-track.html",
        "bbox": {
          "x": 0,
          "y": 0,
          "width": 0,
          "height": 0
        },
        "time": 0,
        "fixHint": "Add a stable, human-readable id such as id=\"hero-title\" or id=\"scene-1-card\" to every timeline-visible element you want agents or Studio to edit."
      },
      {
        "code": "studio_missing_editable_id",
        "severity": "warning",
        "message": "<div class=\"caption-page\" data-start=\"240.930000\"> has no id, so Studio cannot use a stable edit target for its timeline and canvas controls.",
        "selector": "[data-composition-id]",
        "dataAttributes": {},
        "sourceFile": "C:\\vox-style-xe-giay-v1-hyperframes\\hyperframes\\videos\\ban-an-802-2020-tphcm\\compositions\\caption-track.html",
        "bbox": {
          "x": 0,
          "y": 0,
          "width": 0,
          "height": 0
        },
        "time": 0,
        "fixHint": "Add a stable, human-readable id such as id=\"hero-title\" or id=\"scene-1-card\" to every timeline-visible element you want agents or Studio to edit."
      },
      {
        "code": "studio_missing_editable_id",
        "severity": "warning",
        "message": "<div class=\"caption-page\" data-start=\"243.580000\"> has no id, so Studio cannot use a stable edit target for its timeline and canvas controls.",
        "selector": "[data-composition-id]",
        "dataAttributes": {},
        "sourceFile": "C:\\vox-style-xe-giay-v1-hyperframes\\hyperframes\\videos\\ban-an-802-2020-tphcm\\compositions\\caption-track.html",
        "bbox": {
          "x": 0,
          "y": 0,
          "width": 0,
          "height": 0
        },
        "time": 0,
        "fixHint": "Add a stable, human-readable id such as id=\"hero-title\" or id=\"scene-1-card\" to every timeline-visible element you want agents or Studio to edit."
      },
      {
        "code": "studio_missing_editable_id",
        "severity": "warning",
        "message": "<div class=\"caption-page\" data-start=\"244.260000\"> has no id, so Studio cannot use a stable edit target for its timeline and canvas controls.",
        "selector": "[data-composition-id]",
        "dataAttributes": {},
        "sourceFile": "C:\\vox-style-xe-giay-v1-hyperframes\\hyperframes\\videos\\ban-an-802-2020-tphcm\\compositions\\caption-track.html",
        "bbox": {
          "x": 0,
          "y": 0,
          "width": 0,
          "height": 0
        },
        "time": 0,
        "fixHint": "Add a stable, human-readable id such as id=\"hero-title\" or id=\"scene-1-card\" to every timeline-visible element you want agents or Studio to edit."
      },
      {
        "code": "studio_missing_editable_id",
        "severity": "warning",
        "message": "<div class=\"caption-page\" data-start=\"244.830000\"> has no id, so Studio cannot use a stable edit target for its timeline and canvas controls.",
        "selector": "[data-composition-id]",
        "dataAttributes": {},
        "sourceFile": "C:\\vox-style-xe-giay-v1-hyperframes\\hyperframes\\videos\\ban-an-802-2020-tphcm\\compositions\\caption-track.html",
        "bbox": {
          "x": 0,
          "y": 0,
          "width": 0,
          "height": 0
        },
        "time": 0,
        "fixHint": "Add a stable, human-readable id such as id=\"hero-title\" or id=\"scene-1-card\" to every timeline-visible element you want agents or Studio to edit."
      },
      {
        "code": "studio_missing_editable_id",
        "severity": "warning",
        "message": "<div class=\"caption-page\" data-start=\"245.670000\"> has no id, so Studio cannot use a stable edit target for its timeline and canvas controls.",
        "selector": "[data-composition-id]",
        "dataAttributes": {},
        "sourceFile": "C:\\vox-style-xe-giay-v1-hyperframes\\hyperframes\\videos\\ban-an-802-2020-tphcm\\compositions\\caption-track.html",
        "bbox": {
          "x": 0,
          "y": 0,
          "width": 0,
          "height": 0
        },
        "time": 0,
        "fixHint": "Add a stable, human-readable id such as id=\"hero-title\" or id=\"scene-1-card\" to every timeline-visible element you want agents or Studio to edit."
      },
      {
        "code": "studio_missing_editable_id",
        "severity": "warning",
        "message": "<div class=\"caption-page\" data-start=\"246.430000\"> has no id, so Studio cannot use a stable edit target for its timeline and canvas controls.",
        "selector": "[data-composition-id]",
        "dataAttributes": {},
        "sourceFile": "C:\\vox-style-xe-giay-v1-hyperframes\\hyperframes\\videos\\ban-an-802-2020-tphcm\\compositions\\caption-track.html",
        "bbox": {
          "x": 0,
          "y": 0,
          "width": 0,
          "height": 0
        },
        "time": 0,
        "fixHint": "Add a stable, human-readable id such as id=\"hero-title\" or id=\"scene-1-card\" to every timeline-visible element you want agents or Studio to edit."
      },
      {
        "code": "studio_missing_editable_id",
        "severity": "warning",
        "message": "<div class=\"caption-page\" data-start=\"246.970000\"> has no id, so Studio cannot use a stable edit target for its timeline and canvas controls.",
        "selector": "[data-composition-id]",
        "dataAttributes": {},
        "sourceFile": "C:\\vox-style-xe-giay-v1-hyperframes\\hyperframes\\videos\\ban-an-802-2020-tphcm\\compositions\\caption-track.html",
        "bbox": {
          "x": 0,
          "y": 0,
          "width": 0,
          "height": 0
        },
        "time": 0,
        "fixHint": "Add a stable, human-readable id such as id=\"hero-title\" or id=\"scene-1-card\" to every timeline-visible element you want agents or Studio to edit."
      },
      {
        "code": "studio_missing_editable_id",
        "severity": "warning",
        "message": "<div class=\"caption-page\" data-start=\"247.900000\"> has no id, so Studio cannot use a stable edit target for its timeline and canvas controls.",
        "selector": "[data-composition-id]",
        "dataAttributes": {},
        "sourceFile": "C:\\vox-style-xe-giay-v1-hyperframes\\hyperframes\\videos\\ban-an-802-2020-tphcm\\compositions\\caption-track.html",
        "bbox": {
          "x": 0,
          "y": 0,
          "width": 0,
          "height": 0
        },
        "time": 0,
        "fixHint": "Add a stable, human-readable id such as id=\"hero-title\" or id=\"scene-1-card\" to every timeline-visible element you want agents or Studio to edit."
      },
      {
        "code": "studio_missing_editable_id",
        "severity": "warning",
        "message": "<div class=\"caption-page\" data-start=\"248.620000\"> has no id, so Studio cannot use a stable edit target for its timeline and canvas controls.",
        "selector": "[data-composition-id]",
        "dataAttributes": {},
        "sourceFile": "C:\\vox-style-xe-giay-v1-hyperframes\\hyperframes\\videos\\ban-an-802-2020-tphcm\\compositions\\caption-track.html",
        "bbox": {
          "x": 0,
          "y": 0,
          "width": 0,
          "height": 0
        },
        "time": 0,
        "fixHint": "Add a stable, human-readable id such as id=\"hero-title\" or id=\"scene-1-card\" to every timeline-visible element you want agents or Studio to edit."
      },
      {
        "code": "studio_missing_editable_id",
        "severity": "warning",
        "message": "<div class=\"caption-page\" data-start=\"249.500000\"> has no id, so Studio cannot use a stable edit target for its timeline and canvas controls.",
        "selector": "[data-composition-id]",
        "dataAttributes": {},
        "sourceFile": "C:\\vox-style-xe-giay-v1-hyperframes\\hyperframes\\videos\\ban-an-802-2020-tphcm\\compositions\\caption-track.html",
        "bbox": {
          "x": 0,
          "y": 0,
          "width": 0,
          "height": 0
        },
        "time": 0,
        "fixHint": "Add a stable, human-readable id such as id=\"hero-title\" or id=\"scene-1-card\" to every timeline-visible element you want agents or Studio to edit."
      },
      {
        "code": "studio_missing_editable_id",
        "severity": "warning",
        "message": "<div class=\"caption-page\" data-start=\"250.380000\"> has no id, so Studio cannot use a stable edit target for its timeline and canvas controls.",
        "selector": "[data-composition-id]",
        "dataAttributes": {},
        "sourceFile": "C:\\vox-style-xe-giay-v1-hyperframes\\hyperframes\\videos\\ban-an-802-2020-tphcm\\compositions\\caption-track.html",
        "bbox": {
          "x": 0,
          "y": 0,
          "width": 0,
          "height": 0
        },
        "time": 0,
        "fixHint": "Add a stable, human-readable id such as id=\"hero-title\" or id=\"scene-1-card\" to every timeline-visible element you want agents or Studio to edit."
      },
      {
        "code": "studio_missing_editable_id",
        "severity": "warning",
        "message": "<div class=\"caption-page\" data-start=\"251.200000\"> has no id, so Studio cannot use a stable edit target for its timeline and canvas controls.",
        "selector": "[data-composition-id]",
        "dataAttributes": {},
        "sourceFile": "C:\\vox-style-xe-giay-v1-hyperframes\\hyperframes\\videos\\ban-an-802-2020-tphcm\\compositions\\caption-track.html",
        "bbox": {
          "x": 0,
          "y": 0,
          "width": 0,
          "height": 0
        },
        "time": 0,
        "fixHint": "Add a stable, human-readable id such as id=\"hero-title\" or id=\"scene-1-card\" to every timeline-visible element you want agents or Studio to edit."
      },
      {
        "code": "studio_missing_editable_id",
        "severity": "warning",
        "message": "<div class=\"caption-page\" data-start=\"251.580000\"> has no id, so Studio cannot use a stable edit target for its timeline and canvas controls.",
        "selector": "[data-composition-id]",
        "dataAttributes": {},
        "sourceFile": "C:\\vox-style-xe-giay-v1-hyperframes\\hyperframes\\videos\\ban-an-802-2020-tphcm\\compositions\\caption-track.html",
        "bbox": {
          "x": 0,
          "y": 0,
          "width": 0,
          "height": 0
        },
        "time": 0,
        "fixHint": "Add a stable, human-readable id such as id=\"hero-title\" or id=\"scene-1-card\" to every timeline-visible element you want agents or Studio to edit."
      },
      {
        "code": "studio_missing_editable_id",
        "severity": "warning",
        "message": "<div class=\"caption-page\" data-start=\"252.480000\"> has no id, so Studio cannot use a stable edit target for its timeline and canvas controls.",
        "selector": "[data-composition-id]",
        "dataAttributes": {},
        "sourceFile": "C:\\vox-style-xe-giay-v1-hyperframes\\hyperframes\\videos\\ban-an-802-2020-tphcm\\compositions\\caption-track.html",
        "bbox": {
          "x": 0,
          "y": 0,
          "width": 0,
          "height": 0
        },
        "time": 0,
        "fixHint": "Add a stable, human-readable id such as id=\"hero-title\" or id=\"scene-1-card\" to every timeline-visible element you want agents or Studio to edit."
      },
      {
        "code": "studio_missing_editable_id",
        "severity": "warning",
        "message": "<div class=\"caption-page\" data-start=\"253.330000\"> has no id, so Studio cannot use a stable edit target for its timeline and canvas controls.",
        "selector": "[data-composition-id]",
        "dataAttributes": {},
        "sourceFile": "C:\\vox-style-xe-giay-v1-hyperframes\\hyperframes\\videos\\ban-an-802-2020-tphcm\\compositions\\caption-track.html",
        "bbox": {
          "x": 0,
          "y": 0,
          "width": 0,
          "height": 0
        },
        "time": 0,
        "fixHint": "Add a stable, human-readable id such as id=\"hero-title\" or id=\"scene-1-card\" to every timeline-visible element you want agents or Studio to edit."
      },
      {
        "code": "studio_missing_editable_id",
        "severity": "warning",
        "message": "<div class=\"caption-page\" data-start=\"254.200000\"> has no id, so Studio cannot use a stable edit target for its timeline and canvas controls.",
        "selector": "[data-composition-id]",
        "dataAttributes": {},
        "sourceFile": "C:\\vox-style-xe-giay-v1-hyperframes\\hyperframes\\videos\\ban-an-802-2020-tphcm\\compositions\\caption-track.html",
        "bbox": {
          "x": 0,
          "y": 0,
          "width": 0,
          "height": 0
        },
        "time": 0,
        "fixHint": "Add a stable, human-readable id such as id=\"hero-title\" or id=\"scene-1-card\" to every timeline-visible element you want agents or Studio to edit."
      },
      {
        "code": "studio_missing_editable_id",
        "severity": "warning",
        "message": "<div class=\"caption-page\" data-start=\"254.900000\"> has no id, so Studio cannot use a stable edit target for its timeline and canvas controls.",
        "selector": "[data-composition-id]",
        "dataAttributes": {},
        "sourceFile": "C:\\vox-style-xe-giay-v1-hyperframes\\hyperframes\\videos\\ban-an-802-2020-tphcm\\compositions\\caption-track.html",
        "bbox": {
          "x": 0,
          "y": 0,
          "width": 0,
          "height": 0
        },
        "time": 0,
        "fixHint": "Add a stable, human-readable id such as id=\"hero-title\" or id=\"scene-1-card\" to every timeline-visible element you want agents or Studio to edit."
      },
      {
        "code": "studio_missing_editable_id",
        "severity": "warning",
        "message": "<div class=\"caption-page\" data-start=\"255.750000\"> has no id, so Studio cannot use a stable edit target for its timeline and canvas controls.",
        "selector": "[data-composition-id]",
        "dataAttributes": {},
        "sourceFile": "C:\\vox-style-xe-giay-v1-hyperframes\\hyperframes\\videos\\ban-an-802-2020-tphcm\\compositions\\caption-track.html",
        "bbox": {
          "x": 0,
          "y": 0,
          "width": 0,
          "height": 0
        },
        "time": 0,
        "fixHint": "Add a stable, human-readable id such as id=\"hero-title\" or id=\"scene-1-card\" to every timeline-visible element you want agents or Studio to edit."
      },
      {
        "code": "studio_missing_editable_id",
        "severity": "warning",
        "message": "<div class=\"caption-page\" data-start=\"256.580000\"> has no id, so Studio cannot use a stable edit target for its timeline and canvas controls.",
        "selector": "[data-composition-id]",
        "dataAttributes": {},
        "sourceFile": "C:\\vox-style-xe-giay-v1-hyperframes\\hyperframes\\videos\\ban-an-802-2020-tphcm\\compositions\\caption-track.html",
        "bbox": {
          "x": 0,
          "y": 0,
          "width": 0,
          "height": 0
        },
        "time": 0,
        "fixHint": "Add a stable, human-readable id such as id=\"hero-title\" or id=\"scene-1-card\" to every timeline-visible element you want agents or Studio to edit."
      },
      {
        "code": "studio_missing_editable_id",
        "severity": "warning",
        "message": "<div class=\"caption-page\" data-start=\"257.690000\"> has no id, so Studio cannot use a stable edit target for its timeline and canvas controls.",
        "selector": "[data-composition-id]",
        "dataAttributes": {},
        "sourceFile": "C:\\vox-style-xe-giay-v1-hyperframes\\hyperframes\\videos\\ban-an-802-2020-tphcm\\compositions\\caption-track.html",
        "bbox": {
          "x": 0,
          "y": 0,
          "width": 0,
          "height": 0
        },
        "time": 0,
        "fixHint": "Add a stable, human-readable id such as id=\"hero-title\" or id=\"scene-1-card\" to every timeline-visible element you want agents or Studio to edit."
      },
      {
        "code": "studio_missing_editable_id",
        "severity": "warning",
        "message": "<div class=\"caption-page\" data-start=\"258.710000\"> has no id, so Studio cannot use a stable edit target for its timeline and canvas controls.",
        "selector": "[data-composition-id]",
        "dataAttributes": {},
        "sourceFile": "C:\\vox-style-xe-giay-v1-hyperframes\\hyperframes\\videos\\ban-an-802-2020-tphcm\\compositions\\caption-track.html",
        "bbox": {
          "x": 0,
          "y": 0,
          "width": 0,
          "height": 0
        },
        "time": 0,
        "fixHint": "Add a stable, human-readable id such as id=\"hero-title\" or id=\"scene-1-card\" to every timeline-visible element you want agents or Studio to edit."
      },
      {
        "code": "studio_missing_editable_id",
        "severity": "warning",
        "message": "<div class=\"caption-page\" data-start=\"259.730000\"> has no id, so Studio cannot use a stable edit target for its timeline and canvas controls.",
        "selector": "[data-composition-id]",
        "dataAttributes": {},
        "sourceFile": "C:\\vox-style-xe-giay-v1-hyperframes\\hyperframes\\videos\\ban-an-802-2020-tphcm\\compositions\\caption-track.html",
        "bbox": {
          "x": 0,
          "y": 0,
          "width": 0,
          "height": 0
        },
        "time": 0,
        "fixHint": "Add a stable, human-readable id such as id=\"hero-title\" or id=\"scene-1-card\" to every timeline-visible element you want agents or Studio to edit."
      },
      {
        "code": "studio_missing_editable_id",
        "severity": "warning",
        "message": "<div class=\"caption-page\" data-start=\"260.660000\"> has no id, so Studio cannot use a stable edit target for its timeline and canvas controls.",
        "selector": "[data-composition-id]",
        "dataAttributes": {},
        "sourceFile": "C:\\vox-style-xe-giay-v1-hyperframes\\hyperframes\\videos\\ban-an-802-2020-tphcm\\compositions\\caption-track.html",
        "bbox": {
          "x": 0,
          "y": 0,
          "width": 0,
          "height": 0
        },
        "time": 0,
        "fixHint": "Add a stable, human-readable id such as id=\"hero-title\" or id=\"scene-1-card\" to every timeline-visible element you want agents or Studio to edit."
      },
      {
        "code": "studio_missing_editable_id",
        "severity": "warning",
        "message": "<div class=\"caption-page\" data-start=\"261.670000\"> has no id, so Studio cannot use a stable edit target for its timeline and canvas controls.",
        "selector": "[data-composition-id]",
        "dataAttributes": {},
        "sourceFile": "C:\\vox-style-xe-giay-v1-hyperframes\\hyperframes\\videos\\ban-an-802-2020-tphcm\\compositions\\caption-track.html",
        "bbox": {
          "x": 0,
          "y": 0,
          "width": 0,
          "height": 0
        },
        "time": 0,
        "fixHint": "Add a stable, human-readable id such as id=\"hero-title\" or id=\"scene-1-card\" to every timeline-visible element you want agents or Studio to edit."
      },
      {
        "code": "studio_missing_editable_id",
        "severity": "warning",
        "message": "<div class=\"caption-page\" data-start=\"262.620000\"> has no id, so Studio cannot use a stable edit target for its timeline and canvas controls.",
        "selector": "[data-composition-id]",
        "dataAttributes": {},
        "sourceFile": "C:\\vox-style-xe-giay-v1-hyperframes\\hyperframes\\videos\\ban-an-802-2020-tphcm\\compositions\\caption-track.html",
        "bbox": {
          "x": 0,
          "y": 0,
          "width": 0,
          "height": 0
        },
        "time": 0,
        "fixHint": "Add a stable, human-readable id such as id=\"hero-title\" or id=\"scene-1-card\" to every timeline-visible element you want agents or Studio to edit."
      },
      {
        "code": "studio_missing_editable_id",
        "severity": "warning",
        "message": "<div class=\"caption-page\" data-start=\"263.420000\"> has no id, so Studio cannot use a stable edit target for its timeline and canvas controls.",
        "selector": "[data-composition-id]",
        "dataAttributes": {},
        "sourceFile": "C:\\vox-style-xe-giay-v1-hyperframes\\hyperframes\\videos\\ban-an-802-2020-tphcm\\compositions\\caption-track.html",
        "bbox": {
          "x": 0,
          "y": 0,
          "width": 0,
          "height": 0
        },
        "time": 0,
        "fixHint": "Add a stable, human-readable id such as id=\"hero-title\" or id=\"scene-1-card\" to every timeline-visible element you want agents or Studio to edit."
      },
      {
        "code": "studio_missing_editable_id",
        "severity": "warning",
        "message": "<div class=\"caption-page\" data-start=\"264.190000\"> has no id, so Studio cannot use a stable edit target for its timeline and canvas controls.",
        "selector": "[data-composition-id]",
        "dataAttributes": {},
        "sourceFile": "C:\\vox-style-xe-giay-v1-hyperframes\\hyperframes\\videos\\ban-an-802-2020-tphcm\\compositions\\caption-track.html",
        "bbox": {
          "x": 0,
          "y": 0,
          "width": 0,
          "height": 0
        },
        "time": 0,
        "fixHint": "Add a stable, human-readable id such as id=\"hero-title\" or id=\"scene-1-card\" to every timeline-visible element you want agents or Studio to edit."
      },
      {
        "code": "studio_missing_editable_id",
        "severity": "warning",
        "message": "<div class=\"caption-page\" data-start=\"264.760000\"> has no id, so Studio cannot use a stable edit target for its timeline and canvas controls.",
        "selector": "[data-composition-id]",
        "dataAttributes": {},
        "sourceFile": "C:\\vox-style-xe-giay-v1-hyperframes\\hyperframes\\videos\\ban-an-802-2020-tphcm\\compositions\\caption-track.html",
        "bbox": {
          "x": 0,
          "y": 0,
          "width": 0,
          "height": 0
        },
        "time": 0,
        "fixHint": "Add a stable, human-readable id such as id=\"hero-title\" or id=\"scene-1-card\" to every timeline-visible element you want agents or Studio to edit."
      },
      {
        "code": "studio_missing_editable_id",
        "severity": "warning",
        "message": "<div class=\"caption-page\" data-start=\"265.510000\"> has no id, so Studio cannot use a stable edit target for its timeline and canvas controls.",
        "selector": "[data-composition-id]",
        "dataAttributes": {},
        "sourceFile": "C:\\vox-style-xe-giay-v1-hyperframes\\hyperframes\\videos\\ban-an-802-2020-tphcm\\compositions\\caption-track.html",
        "bbox": {
          "x": 0,
          "y": 0,
          "width": 0,
          "height": 0
        },
        "time": 0,
        "fixHint": "Add a stable, human-readable id such as id=\"hero-title\" or id=\"scene-1-card\" to every timeline-visible element you want agents or Studio to edit."
      },
      {
        "code": "studio_missing_editable_id",
        "severity": "warning",
        "message": "<div class=\"caption-page\" data-start=\"266.420000\"> has no id, so Studio cannot use a stable edit target for its timeline and canvas controls.",
        "selector": "[data-composition-id]",
        "dataAttributes": {},
        "sourceFile": "C:\\vox-style-xe-giay-v1-hyperframes\\hyperframes\\videos\\ban-an-802-2020-tphcm\\compositions\\caption-track.html",
        "bbox": {
          "x": 0,
          "y": 0,
          "width": 0,
          "height": 0
        },
        "time": 0,
        "fixHint": "Add a stable, human-readable id such as id=\"hero-title\" or id=\"scene-1-card\" to every timeline-visible element you want agents or Studio to edit."
      },
      {
        "code": "studio_missing_editable_id",
        "severity": "warning",
        "message": "<div class=\"caption-page\" data-start=\"267.430000\"> has no id, so Studio cannot use a stable edit target for its timeline and canvas controls.",
        "selector": "[data-composition-id]",
        "dataAttributes": {},
        "sourceFile": "C:\\vox-style-xe-giay-v1-hyperframes\\hyperframes\\videos\\ban-an-802-2020-tphcm\\compositions\\caption-track.html",
        "bbox": {
          "x": 0,
          "y": 0,
          "width": 0,
          "height": 0
        },
        "time": 0,
        "fixHint": "Add a stable, human-readable id such as id=\"hero-title\" or id=\"scene-1-card\" to every timeline-visible element you want agents or Studio to edit."
      },
      {
        "code": "studio_missing_editable_id",
        "severity": "warning",
        "message": "<div class=\"caption-page\" data-start=\"268.610000\"> has no id, so Studio cannot use a stable edit target for its timeline and canvas controls.",
        "selector": "[data-composition-id]",
        "dataAttributes": {},
        "sourceFile": "C:\\vox-style-xe-giay-v1-hyperframes\\hyperframes\\videos\\ban-an-802-2020-tphcm\\compositions\\caption-track.html",
        "bbox": {
          "x": 0,
          "y": 0,
          "width": 0,
          "height": 0
        },
        "time": 0,
        "fixHint": "Add a stable, human-readable id such as id=\"hero-title\" or id=\"scene-1-card\" to every timeline-visible element you want agents or Studio to edit."
      },
      {
        "code": "studio_missing_editable_id",
        "severity": "warning",
        "message": "<div class=\"caption-page\" data-start=\"269.720000\"> has no id, so Studio cannot use a stable edit target for its timeline and canvas controls.",
        "selector": "[data-composition-id]",
        "dataAttributes": {},
        "sourceFile": "C:\\vox-style-xe-giay-v1-hyperframes\\hyperframes\\videos\\ban-an-802-2020-tphcm\\compositions\\caption-track.html",
        "bbox": {
          "x": 0,
          "y": 0,
          "width": 0,
          "height": 0
        },
        "time": 0,
        "fixHint": "Add a stable, human-readable id such as id=\"hero-title\" or id=\"scene-1-card\" to every timeline-visible element you want agents or Studio to edit."
      },
      {
        "code": "studio_missing_editable_id",
        "severity": "warning",
        "message": "<div class=\"caption-page\" data-start=\"270.620000\"> has no id, so Studio cannot use a stable edit target for its timeline and canvas controls.",
        "selector": "[data-composition-id]",
        "dataAttributes": {},
        "sourceFile": "C:\\vox-style-xe-giay-v1-hyperframes\\hyperframes\\videos\\ban-an-802-2020-tphcm\\compositions\\caption-track.html",
        "bbox": {
          "x": 0,
          "y": 0,
          "width": 0,
          "height": 0
        },
        "time": 0,
        "fixHint": "Add a stable, human-readable id such as id=\"hero-title\" or id=\"scene-1-card\" to every timeline-visible element you want agents or Studio to edit."
      },
      {
        "code": "studio_missing_editable_id",
        "severity": "warning",
        "message": "<div class=\"caption-page\" data-start=\"271.640000\"> has no id, so Studio cannot use a stable edit target for its timeline and canvas controls.",
        "selector": "[data-composition-id]",
        "dataAttributes": {},
        "sourceFile": "C:\\vox-style-xe-giay-v1-hyperframes\\hyperframes\\videos\\ban-an-802-2020-tphcm\\compositions\\caption-track.html",
        "bbox": {
          "x": 0,
          "y": 0,
          "width": 0,
          "height": 0
        },
        "time": 0,
        "fixHint": "Add a stable, human-readable id such as id=\"hero-title\" or id=\"scene-1-card\" to every timeline-visible element you want agents or Studio to edit."
      },
      {
        "code": "studio_missing_editable_id",
        "severity": "warning",
        "message": "<div class=\"caption-page\" data-start=\"272.950000\"> has no id, so Studio cannot use a stable edit target for its timeline and canvas controls.",
        "selector": "[data-composition-id]",
        "dataAttributes": {},
        "sourceFile": "C:\\vox-style-xe-giay-v1-hyperframes\\hyperframes\\videos\\ban-an-802-2020-tphcm\\compositions\\caption-track.html",
        "bbox": {
          "x": 0,
          "y": 0,
          "width": 0,
          "height": 0
        },
        "time": 0,
        "fixHint": "Add a stable, human-readable id such as id=\"hero-title\" or id=\"scene-1-card\" to every timeline-visible element you want agents or Studio to edit."
      },
      {
        "code": "studio_missing_editable_id",
        "severity": "warning",
        "message": "<div class=\"caption-page\" data-start=\"273.640000\"> has no id, so Studio cannot use a stable edit target for its timeline and canvas controls.",
        "selector": "[data-composition-id]",
        "dataAttributes": {},
        "sourceFile": "C:\\vox-style-xe-giay-v1-hyperframes\\hyperframes\\videos\\ban-an-802-2020-tphcm\\compositions\\caption-track.html",
        "bbox": {
          "x": 0,
          "y": 0,
          "width": 0,
          "height": 0
        },
        "time": 0,
        "fixHint": "Add a stable, human-readable id such as id=\"hero-title\" or id=\"scene-1-card\" to every timeline-visible element you want agents or Studio to edit."
      },
      {
        "code": "studio_missing_editable_id",
        "severity": "warning",
        "message": "<div class=\"caption-page\" data-start=\"274.730000\"> has no id, so Studio cannot use a stable edit target for its timeline and canvas controls.",
        "selector": "[data-composition-id]",
        "dataAttributes": {},
        "sourceFile": "C:\\vox-style-xe-giay-v1-hyperframes\\hyperframes\\videos\\ban-an-802-2020-tphcm\\compositions\\caption-track.html",
        "bbox": {
          "x": 0,
          "y": 0,
          "width": 0,
          "height": 0
        },
        "time": 0,
        "fixHint": "Add a stable, human-readable id such as id=\"hero-title\" or id=\"scene-1-card\" to every timeline-visible element you want agents or Studio to edit."
      },
      {
        "code": "studio_missing_editable_id",
        "severity": "warning",
        "message": "<div class=\"caption-page\" data-start=\"275.950000\"> has no id, so Studio cannot use a stable edit target for its timeline and canvas controls.",
        "selector": "[data-composition-id]",
        "dataAttributes": {},
        "sourceFile": "C:\\vox-style-xe-giay-v1-hyperframes\\hyperframes\\videos\\ban-an-802-2020-tphcm\\compositions\\caption-track.html",
        "bbox": {
          "x": 0,
          "y": 0,
          "width": 0,
          "height": 0
        },
        "time": 0,
        "fixHint": "Add a stable, human-readable id such as id=\"hero-title\" or id=\"scene-1-card\" to every timeline-visible element you want agents or Studio to edit."
      },
      {
        "code": "studio_missing_editable_id",
        "severity": "warning",
        "message": "<div class=\"caption-page\" data-start=\"276.600000\"> has no id, so Studio cannot use a stable edit target for its timeline and canvas controls.",
        "selector": "[data-composition-id]",
        "dataAttributes": {},
        "sourceFile": "C:\\vox-style-xe-giay-v1-hyperframes\\hyperframes\\videos\\ban-an-802-2020-tphcm\\compositions\\caption-track.html",
        "bbox": {
          "x": 0,
          "y": 0,
          "width": 0,
          "height": 0
        },
        "time": 0,
        "fixHint": "Add a stable, human-readable id such as id=\"hero-title\" or id=\"scene-1-card\" to every timeline-visible element you want agents or Studio to edit."
      },
      {
        "code": "studio_missing_editable_id",
        "severity": "warning",
        "message": "<div class=\"caption-page\" data-start=\"277.080000\"> has no id, so Studio cannot use a stable edit target for its timeline and canvas controls.",
        "selector": "[data-composition-id]",
        "dataAttributes": {},
        "sourceFile": "C:\\vox-style-xe-giay-v1-hyperframes\\hyperframes\\videos\\ban-an-802-2020-tphcm\\compositions\\caption-track.html",
        "bbox": {
          "x": 0,
          "y": 0,
          "width": 0,
          "height": 0
        },
        "time": 0,
        "fixHint": "Add a stable, human-readable id such as id=\"hero-title\" or id=\"scene-1-card\" to every timeline-visible element you want agents or Studio to edit."
      },
      {
        "code": "studio_missing_editable_id",
        "severity": "warning",
        "message": "<div class=\"caption-page\" data-start=\"277.580000\"> has no id, so Studio cannot use a stable edit target for its timeline and canvas controls.",
        "selector": "[data-composition-id]",
        "dataAttributes": {},
        "sourceFile": "C:\\vox-style-xe-giay-v1-hyperframes\\hyperframes\\videos\\ban-an-802-2020-tphcm\\compositions\\caption-track.html",
        "bbox": {
          "x": 0,
          "y": 0,
          "width": 0,
          "height": 0
        },
        "time": 0,
        "fixHint": "Add a stable, human-readable id such as id=\"hero-title\" or id=\"scene-1-card\" to every timeline-visible element you want agents or Studio to edit."
      },
      {
        "code": "studio_missing_editable_id",
        "severity": "warning",
        "message": "<div class=\"caption-page\" data-start=\"277.910000\"> has no id, so Studio cannot use a stable edit target for its timeline and canvas controls.",
        "selector": "[data-composition-id]",
        "dataAttributes": {},
        "sourceFile": "C:\\vox-style-xe-giay-v1-hyperframes\\hyperframes\\videos\\ban-an-802-2020-tphcm\\compositions\\caption-track.html",
        "bbox": {
          "x": 0,
          "y": 0,
          "width": 0,
          "height": 0
        },
        "time": 0,
        "fixHint": "Add a stable, human-readable id such as id=\"hero-title\" or id=\"scene-1-card\" to every timeline-visible element you want agents or Studio to edit."
      },
      {
        "code": "studio_missing_editable_id",
        "severity": "warning",
        "message": "<div class=\"caption-page\" data-start=\"278.340000\"> has no id, so Studio cannot use a stable edit target for its timeline and canvas controls.",
        "selector": "[data-composition-id]",
        "dataAttributes": {},
        "sourceFile": "C:\\vox-style-xe-giay-v1-hyperframes\\hyperframes\\videos\\ban-an-802-2020-tphcm\\compositions\\caption-track.html",
        "bbox": {
          "x": 0,
          "y": 0,
          "width": 0,
          "height": 0
        },
        "time": 0,
        "fixHint": "Add a stable, human-readable id such as id=\"hero-title\" or id=\"scene-1-card\" to every timeline-visible element you want agents or Studio to edit."
      },
      {
        "code": "studio_missing_editable_id",
        "severity": "warning",
        "message": "<div class=\"caption-page\" data-start=\"279.090000\"> has no id, so Studio cannot use a stable edit target for its timeline and canvas controls.",
        "selector": "[data-composition-id]",
        "dataAttributes": {},
        "sourceFile": "C:\\vox-style-xe-giay-v1-hyperframes\\hyperframes\\videos\\ban-an-802-2020-tphcm\\compositions\\caption-track.html",
        "bbox": {
          "x": 0,
          "y": 0,
          "width": 0,
          "height": 0
        },
        "time": 0,
        "fixHint": "Add a stable, human-readable id such as id=\"hero-title\" or id=\"scene-1-card\" to every timeline-visible element you want agents or Studio to edit."
      },
      {
        "code": "studio_missing_editable_id",
        "severity": "warning",
        "message": "<div class=\"caption-page\" data-start=\"280.520000\"> has no id, so Studio cannot use a stable edit target for its timeline and canvas controls.",
        "selector": "[data-composition-id]",
        "dataAttributes": {},
        "sourceFile": "C:\\vox-style-xe-giay-v1-hyperframes\\hyperframes\\videos\\ban-an-802-2020-tphcm\\compositions\\caption-track.html",
        "bbox": {
          "x": 0,
          "y": 0,
          "width": 0,
          "height": 0
        },
        "time": 0,
        "fixHint": "Add a stable, human-readable id such as id=\"hero-title\" or id=\"scene-1-card\" to every timeline-visible element you want agents or Studio to edit."
      },
      {
        "code": "studio_missing_editable_id",
        "severity": "warning",
        "message": "<div class=\"caption-page\" data-start=\"281.940000\"> has no id, so Studio cannot use a stable edit target for its timeline and canvas controls.",
        "selector": "[data-composition-id]",
        "dataAttributes": {},
        "sourceFile": "C:\\vox-style-xe-giay-v1-hyperframes\\hyperframes\\videos\\ban-an-802-2020-tphcm\\compositions\\caption-track.html",
        "bbox": {
          "x": 0,
          "y": 0,
          "width": 0,
          "height": 0
        },
        "time": 0,
        "fixHint": "Add a stable, human-readable id such as id=\"hero-title\" or id=\"scene-1-card\" to every timeline-visible element you want agents or Studio to edit."
      },
      {
        "code": "studio_missing_editable_id",
        "severity": "warning",
        "message": "<div class=\"caption-page\" data-start=\"283.000000\"> has no id, so Studio cannot use a stable edit target for its timeline and canvas controls.",
        "selector": "[data-composition-id]",
        "dataAttributes": {},
        "sourceFile": "C:\\vox-style-xe-giay-v1-hyperframes\\hyperframes\\videos\\ban-an-802-2020-tphcm\\compositions\\caption-track.html",
        "bbox": {
          "x": 0,
          "y": 0,
          "width": 0,
          "height": 0
        },
        "time": 0,
        "fixHint": "Add a stable, human-readable id such as id=\"hero-title\" or id=\"scene-1-card\" to every timeline-visible element you want agents or Studio to edit."
      },
      {
        "code": "studio_missing_editable_id",
        "severity": "warning",
        "message": "<div class=\"caption-page\" data-start=\"284.570000\"> has no id, so Studio cannot use a stable edit target for its timeline and canvas controls.",
        "selector": "[data-composition-id]",
        "dataAttributes": {},
        "sourceFile": "C:\\vox-style-xe-giay-v1-hyperframes\\hyperframes\\videos\\ban-an-802-2020-tphcm\\compositions\\caption-track.html",
        "bbox": {
          "x": 0,
          "y": 0,
          "width": 0,
          "height": 0
        },
        "time": 0,
        "fixHint": "Add a stable, human-readable id such as id=\"hero-title\" or id=\"scene-1-card\" to every timeline-visible element you want agents or Studio to edit."
      },
      {
        "code": "studio_missing_editable_id",
        "severity": "warning",
        "message": "<div class=\"caption-page\" data-start=\"286.440000\"> has no id, so Studio cannot use a stable edit target for its timeline and canvas controls.",
        "selector": "[data-composition-id]",
        "dataAttributes": {},
        "sourceFile": "C:\\vox-style-xe-giay-v1-hyperframes\\hyperframes\\videos\\ban-an-802-2020-tphcm\\compositions\\caption-track.html",
        "bbox": {
          "x": 0,
          "y": 0,
          "width": 0,
          "height": 0
        },
        "time": 0,
        "fixHint": "Add a stable, human-readable id such as id=\"hero-title\" or id=\"scene-1-card\" to every timeline-visible element you want agents or Studio to edit."
      },
      {
        "code": "studio_missing_editable_id",
        "severity": "warning",
        "message": "<div class=\"caption-page\" data-start=\"287.780000\"> has no id, so Studio cannot use a stable edit target for its timeline and canvas controls.",
        "selector": "[data-composition-id]",
        "dataAttributes": {},
        "sourceFile": "C:\\vox-style-xe-giay-v1-hyperframes\\hyperframes\\videos\\ban-an-802-2020-tphcm\\compositions\\caption-track.html",
        "bbox": {
          "x": 0,
          "y": 0,
          "width": 0,
          "height": 0
        },
        "time": 0,
        "fixHint": "Add a stable, human-readable id such as id=\"hero-title\" or id=\"scene-1-card\" to every timeline-visible element you want agents or Studio to edit."
      },
      {
        "code": "studio_missing_editable_id",
        "severity": "warning",
        "message": "<div class=\"caption-page\" data-start=\"289.120000\"> has no id, so Studio cannot use a stable edit target for its timeline and canvas controls.",
        "selector": "[data-composition-id]",
        "dataAttributes": {},
        "sourceFile": "C:\\vox-style-xe-giay-v1-hyperframes\\hyperframes\\videos\\ban-an-802-2020-tphcm\\compositions\\caption-track.html",
        "bbox": {
          "x": 0,
          "y": 0,
          "width": 0,
          "height": 0
        },
        "time": 0,
        "fixHint": "Add a stable, human-readable id such as id=\"hero-title\" or id=\"scene-1-card\" to every timeline-visible element you want agents or Studio to edit."
      },
      {
        "code": "studio_missing_editable_id",
        "severity": "warning",
        "message": "<div class=\"caption-page\" data-start=\"290.620000\"> has no id, so Studio cannot use a stable edit target for its timeline and canvas controls.",
        "selector": "[data-composition-id]",
        "dataAttributes": {},
        "sourceFile": "C:\\vox-style-xe-giay-v1-hyperframes\\hyperframes\\videos\\ban-an-802-2020-tphcm\\compositions\\caption-track.html",
        "bbox": {
          "x": 0,
          "y": 0,
          "width": 0,
          "height": 0
        },
        "time": 0,
        "fixHint": "Add a stable, human-readable id such as id=\"hero-title\" or id=\"scene-1-card\" to every timeline-visible element you want agents or Studio to edit."
      },
      {
        "code": "studio_missing_editable_id",
        "severity": "warning",
        "message": "<div class=\"caption-page\" data-start=\"291.580000\"> has no id, so Studio cannot use a stable edit target for its timeline and canvas controls.",
        "selector": "[data-composition-id]",
        "dataAttributes": {},
        "sourceFile": "C:\\vox-style-xe-giay-v1-hyperframes\\hyperframes\\videos\\ban-an-802-2020-tphcm\\compositions\\caption-track.html",
        "bbox": {
          "x": 0,
          "y": 0,
          "width": 0,
          "height": 0
        },
        "time": 0,
        "fixHint": "Add a stable, human-readable id such as id=\"hero-title\" or id=\"scene-1-card\" to every timeline-visible element you want agents or Studio to edit."
      },
      {
        "code": "studio_missing_editable_id",
        "severity": "warning",
        "message": "<div class=\"caption-page\" data-start=\"291.940000\"> has no id, so Studio cannot use a stable edit target for its timeline and canvas controls.",
        "selector": "[data-composition-id]",
        "dataAttributes": {},
        "sourceFile": "C:\\vox-style-xe-giay-v1-hyperframes\\hyperframes\\videos\\ban-an-802-2020-tphcm\\compositions\\caption-track.html",
        "bbox": {
          "x": 0,
          "y": 0,
          "width": 0,
          "height": 0
        },
        "time": 0,
        "fixHint": "Add a stable, human-readable id such as id=\"hero-title\" or id=\"scene-1-card\" to every timeline-visible element you want agents or Studio to edit."
      },
      {
        "code": "studio_missing_editable_id",
        "severity": "warning",
        "message": "<div class=\"caption-page\" data-start=\"292.260000\"> has no id, so Studio cannot use a stable edit target for its timeline and canvas controls.",
        "selector": "[data-composition-id]",
        "dataAttributes": {},
        "sourceFile": "C:\\vox-style-xe-giay-v1-hyperframes\\hyperframes\\videos\\ban-an-802-2020-tphcm\\compositions\\caption-track.html",
        "bbox": {
          "x": 0,
          "y": 0,
          "width": 0,
          "height": 0
        },
        "time": 0,
        "fixHint": "Add a stable, human-readable id such as id=\"hero-title\" or id=\"scene-1-card\" to every timeline-visible element you want agents or Studio to edit."
      },
      {
        "code": "studio_missing_editable_id",
        "severity": "warning",
        "message": "<div class=\"caption-page\" data-start=\"292.670000\"> has no id, so Studio cannot use a stable edit target for its timeline and canvas controls.",
        "selector": "[data-composition-id]",
        "dataAttributes": {},
        "sourceFile": "C:\\vox-style-xe-giay-v1-hyperframes\\hyperframes\\videos\\ban-an-802-2020-tphcm\\compositions\\caption-track.html",
        "bbox": {
          "x": 0,
          "y": 0,
          "width": 0,
          "height": 0
        },
        "time": 0,
        "fixHint": "Add a stable, human-readable id such as id=\"hero-title\" or id=\"scene-1-card\" to every timeline-visible element you want agents or Studio to edit."
      },
      {
        "code": "studio_missing_editable_id",
        "severity": "warning",
        "message": "<div class=\"caption-page\" data-start=\"293.350000\"> has no id, so Studio cannot use a stable edit target for its timeline and canvas controls.",
        "selector": "[data-composition-id]",
        "dataAttributes": {},
        "sourceFile": "C:\\vox-style-xe-giay-v1-hyperframes\\hyperframes\\videos\\ban-an-802-2020-tphcm\\compositions\\caption-track.html",
        "bbox": {
          "x": 0,
          "y": 0,
          "width": 0,
          "height": 0
        },
        "time": 0,
        "fixHint": "Add a stable, human-readable id such as id=\"hero-title\" or id=\"scene-1-card\" to every timeline-visible element you want agents or Studio to edit."
      },
      {
        "code": "studio_missing_editable_id",
        "severity": "warning",
        "message": "<div class=\"caption-page\" data-start=\"294.340000\"> has no id, so Studio cannot use a stable edit target for its timeline and canvas controls.",
        "selector": "[data-composition-id]",
        "dataAttributes": {},
        "sourceFile": "C:\\vox-style-xe-giay-v1-hyperframes\\hyperframes\\videos\\ban-an-802-2020-tphcm\\compositions\\caption-track.html",
        "bbox": {
          "x": 0,
          "y": 0,
          "width": 0,
          "height": 0
        },
        "time": 0,
        "fixHint": "Add a stable, human-readable id such as id=\"hero-title\" or id=\"scene-1-card\" to every timeline-visible element you want agents or Studio to edit."
      },
      {
        "code": "studio_missing_editable_id",
        "severity": "warning",
        "message": "<div class=\"caption-page\" data-start=\"295.370000\"> has no id, so Studio cannot use a stable edit target for its timeline and canvas controls.",
        "selector": "[data-composition-id]",
        "dataAttributes": {},
        "sourceFile": "C:\\vox-style-xe-giay-v1-hyperframes\\hyperframes\\videos\\ban-an-802-2020-tphcm\\compositions\\caption-track.html",
        "bbox": {
          "x": 0,
          "y": 0,
          "width": 0,
          "height": 0
        },
        "time": 0,
        "fixHint": "Add a stable, human-readable id such as id=\"hero-title\" or id=\"scene-1-card\" to every timeline-visible element you want agents or Studio to edit."
      },
      {
        "code": "studio_missing_editable_id",
        "severity": "warning",
        "message": "<div class=\"caption-page\" data-start=\"296.560000\"> has no id, so Studio cannot use a stable edit target for its timeline and canvas controls.",
        "selector": "[data-composition-id]",
        "dataAttributes": {},
        "sourceFile": "C:\\vox-style-xe-giay-v1-hyperframes\\hyperframes\\videos\\ban-an-802-2020-tphcm\\compositions\\caption-track.html",
        "bbox": {
          "x": 0,
          "y": 0,
          "width": 0,
          "height": 0
        },
        "time": 0,
        "fixHint": "Add a stable, human-readable id such as id=\"hero-title\" or id=\"scene-1-card\" to every timeline-visible element you want agents or Studio to edit."
      },
      {
        "code": "studio_missing_editable_id",
        "severity": "warning",
        "message": "<div class=\"caption-page\" data-start=\"296.810000\"> has no id, so Studio cannot use a stable edit target for its timeline and canvas controls.",
        "selector": "[data-composition-id]",
        "dataAttributes": {},
        "sourceFile": "C:\\vox-style-xe-giay-v1-hyperframes\\hyperframes\\videos\\ban-an-802-2020-tphcm\\compositions\\caption-track.html",
        "bbox": {
          "x": 0,
          "y": 0,
          "width": 0,
          "height": 0
        },
        "time": 0,
        "fixHint": "Add a stable, human-readable id such as id=\"hero-title\" or id=\"scene-1-card\" to every timeline-visible element you want agents or Studio to edit."
      },
      {
        "code": "studio_missing_editable_id",
        "severity": "warning",
        "message": "<div class=\"caption-page\" data-start=\"297.990000\"> has no id, so Studio cannot use a stable edit target for its timeline and canvas controls.",
        "selector": "[data-composition-id]",
        "dataAttributes": {},
        "sourceFile": "C:\\vox-style-xe-giay-v1-hyperframes\\hyperframes\\videos\\ban-an-802-2020-tphcm\\compositions\\caption-track.html",
        "bbox": {
          "x": 0,
          "y": 0,
          "width": 0,
          "height": 0
        },
        "time": 0,
        "fixHint": "Add a stable, human-readable id such as id=\"hero-title\" or id=\"scene-1-card\" to every timeline-visible element you want agents or Studio to edit."
      },
      {
        "code": "studio_missing_editable_id",
        "severity": "warning",
        "message": "<div class=\"caption-page\" data-start=\"299.150000\"> has no id, so Studio cannot use a stable edit target for its timeline and canvas controls.",
        "selector": "[data-composition-id]",
        "dataAttributes": {},
        "sourceFile": "C:\\vox-style-xe-giay-v1-hyperframes\\hyperframes\\videos\\ban-an-802-2020-tphcm\\compositions\\caption-track.html",
        "bbox": {
          "x": 0,
          "y": 0,
          "width": 0,
          "height": 0
        },
        "time": 0,
        "fixHint": "Add a stable, human-readable id such as id=\"hero-title\" or id=\"scene-1-card\" to every timeline-visible element you want agents or Studio to edit."
      },
      {
        "code": "studio_missing_editable_id",
        "severity": "warning",
        "message": "<div class=\"caption-page\" data-start=\"300.380000\"> has no id, so Studio cannot use a stable edit target for its timeline and canvas controls.",
        "selector": "[data-composition-id]",
        "dataAttributes": {},
        "sourceFile": "C:\\vox-style-xe-giay-v1-hyperframes\\hyperframes\\videos\\ban-an-802-2020-tphcm\\compositions\\caption-track.html",
        "bbox": {
          "x": 0,
          "y": 0,
          "width": 0,
          "height": 0
        },
        "time": 0,
        "fixHint": "Add a stable, human-readable id such as id=\"hero-title\" or id=\"scene-1-card\" to every timeline-visible element you want agents or Studio to edit."
      },
      {
        "code": "studio_missing_editable_id",
        "severity": "warning",
        "message": "<div class=\"caption-page\" data-start=\"301.400000\"> has no id, so Studio cannot use a stable edit target for its timeline and canvas controls.",
        "selector": "[data-composition-id]",
        "dataAttributes": {},
        "sourceFile": "C:\\vox-style-xe-giay-v1-hyperframes\\hyperframes\\videos\\ban-an-802-2020-tphcm\\compositions\\caption-track.html",
        "bbox": {
          "x": 0,
          "y": 0,
          "width": 0,
          "height": 0
        },
        "time": 0,
        "fixHint": "Add a stable, human-readable id such as id=\"hero-title\" or id=\"scene-1-card\" to every timeline-visible element you want agents or Studio to edit."
      },
      {
        "code": "studio_missing_editable_id",
        "severity": "warning",
        "message": "<div class=\"caption-page\" data-start=\"302.260000\"> has no id, so Studio cannot use a stable edit target for its timeline and canvas controls.",
        "selector": "[data-composition-id]",
        "dataAttributes": {},
        "sourceFile": "C:\\vox-style-xe-giay-v1-hyperframes\\hyperframes\\videos\\ban-an-802-2020-tphcm\\compositions\\caption-track.html",
        "bbox": {
          "x": 0,
          "y": 0,
          "width": 0,
          "height": 0
        },
        "time": 0,
        "fixHint": "Add a stable, human-readable id such as id=\"hero-title\" or id=\"scene-1-card\" to every timeline-visible element you want agents or Studio to edit."
      },
      {
        "code": "studio_missing_editable_id",
        "severity": "warning",
        "message": "<div class=\"caption-page\" data-start=\"302.640000\"> has no id, so Studio cannot use a stable edit target for its timeline and canvas controls.",
        "selector": "[data-composition-id]",
        "dataAttributes": {},
        "sourceFile": "C:\\vox-style-xe-giay-v1-hyperframes\\hyperframes\\videos\\ban-an-802-2020-tphcm\\compositions\\caption-track.html",
        "bbox": {
          "x": 0,
          "y": 0,
          "width": 0,
          "height": 0
        },
        "time": 0,
        "fixHint": "Add a stable, human-readable id such as id=\"hero-title\" or id=\"scene-1-card\" to every timeline-visible element you want agents or Studio to edit."
      },
      {
        "code": "studio_missing_editable_id",
        "severity": "warning",
        "message": "<div class=\"caption-page\" data-start=\"303.590000\"> has no id, so Studio cannot use a stable edit target for its timeline and canvas controls.",
        "selector": "[data-composition-id]",
        "dataAttributes": {},
        "sourceFile": "C:\\vox-style-xe-giay-v1-hyperframes\\hyperframes\\videos\\ban-an-802-2020-tphcm\\compositions\\caption-track.html",
        "bbox": {
          "x": 0,
          "y": 0,
          "width": 0,
          "height": 0
        },
        "time": 0,
        "fixHint": "Add a stable, human-readable id such as id=\"hero-title\" or id=\"scene-1-card\" to every timeline-visible element you want agents or Studio to edit."
      },
      {
        "code": "studio_missing_editable_id",
        "severity": "warning",
        "message": "<div class=\"caption-page\" data-start=\"304.150000\"> has no id, so Studio cannot use a stable edit target for its timeline and canvas controls.",
        "selector": "[data-composition-id]",
        "dataAttributes": {},
        "sourceFile": "C:\\vox-style-xe-giay-v1-hyperframes\\hyperframes\\videos\\ban-an-802-2020-tphcm\\compositions\\caption-track.html",
        "bbox": {
          "x": 0,
          "y": 0,
          "width": 0,
          "height": 0
        },
        "time": 0,
        "fixHint": "Add a stable, human-readable id such as id=\"hero-title\" or id=\"scene-1-card\" to every timeline-visible element you want agents or Studio to edit."
      },
      {
        "code": "studio_missing_editable_id",
        "severity": "warning",
        "message": "<div class=\"caption-page\" data-start=\"305.240000\"> has no id, so Studio cannot use a stable edit target for its timeline and canvas controls.",
        "selector": "[data-composition-id]",
        "dataAttributes": {},
        "sourceFile": "C:\\vox-style-xe-giay-v1-hyperframes\\hyperframes\\videos\\ban-an-802-2020-tphcm\\compositions\\caption-track.html",
        "bbox": {
          "x": 0,
          "y": 0,
          "width": 0,
          "height": 0
        },
        "time": 0,
        "fixHint": "Add a stable, human-readable id such as id=\"hero-title\" or id=\"scene-1-card\" to every timeline-visible element you want agents or Studio to edit."
      },
      {
        "code": "studio_missing_editable_id",
        "severity": "warning",
        "message": "<div class=\"caption-page\" data-start=\"306.620000\"> has no id, so Studio cannot use a stable edit target for its timeline and canvas controls.",
        "selector": "[data-composition-id]",
        "dataAttributes": {},
        "sourceFile": "C:\\vox-style-xe-giay-v1-hyperframes\\hyperframes\\videos\\ban-an-802-2020-tphcm\\compositions\\caption-track.html",
        "bbox": {
          "x": 0,
          "y": 0,
          "width": 0,
          "height": 0
        },
        "time": 0,
        "fixHint": "Add a stable, human-readable id such as id=\"hero-title\" or id=\"scene-1-card\" to every timeline-visible element you want agents or Studio to edit."
      },
      {
        "code": "studio_missing_editable_id",
        "severity": "warning",
        "message": "<div class=\"caption-page\" data-start=\"307.330000\"> has no id, so Studio cannot use a stable edit target for its timeline and canvas controls.",
        "selector": "[data-composition-id]",
        "dataAttributes": {},
        "sourceFile": "C:\\vox-style-xe-giay-v1-hyperframes\\hyperframes\\videos\\ban-an-802-2020-tphcm\\compositions\\caption-track.html",
        "bbox": {
          "x": 0,
          "y": 0,
          "width": 0,
          "height": 0
        },
        "time": 0,
        "fixHint": "Add a stable, human-readable id such as id=\"hero-title\" or id=\"scene-1-card\" to every timeline-visible element you want agents or Studio to edit."
      },
      {
        "code": "studio_missing_editable_id",
        "severity": "warning",
        "message": "<div class=\"caption-page\" data-start=\"308.140000\"> has no id, so Studio cannot use a stable edit target for its timeline and canvas controls.",
        "selector": "[data-composition-id]",
        "dataAttributes": {},
        "sourceFile": "C:\\vox-style-xe-giay-v1-hyperframes\\hyperframes\\videos\\ban-an-802-2020-tphcm\\compositions\\caption-track.html",
        "bbox": {
          "x": 0,
          "y": 0,
          "width": 0,
          "height": 0
        },
        "time": 0,
        "fixHint": "Add a stable, human-readable id such as id=\"hero-title\" or id=\"scene-1-card\" to every timeline-visible element you want agents or Studio to edit."
      },
      {
        "code": "studio_missing_editable_id",
        "severity": "warning",
        "message": "<div class=\"caption-page\" data-start=\"308.990000\"> has no id, so Studio cannot use a stable edit target for its timeline and canvas controls.",
        "selector": "[data-composition-id]",
        "dataAttributes": {},
        "sourceFile": "C:\\vox-style-xe-giay-v1-hyperframes\\hyperframes\\videos\\ban-an-802-2020-tphcm\\compositions\\caption-track.html",
        "bbox": {
          "x": 0,
          "y": 0,
          "width": 0,
          "height": 0
        },
        "time": 0,
        "fixHint": "Add a stable, human-readable id such as id=\"hero-title\" or id=\"scene-1-card\" to every timeline-visible element you want agents or Studio to edit."
      },
      {
        "code": "studio_missing_editable_id",
        "severity": "warning",
        "message": "<div class=\"caption-page\" data-start=\"309.890000\"> has no id, so Studio cannot use a stable edit target for its timeline and canvas controls.",
        "selector": "[data-composition-id]",
        "dataAttributes": {},
        "sourceFile": "C:\\vox-style-xe-giay-v1-hyperframes\\hyperframes\\videos\\ban-an-802-2020-tphcm\\compositions\\caption-track.html",
        "bbox": {
          "x": 0,
          "y": 0,
          "width": 0,
          "height": 0
        },
        "time": 0,
        "fixHint": "Add a stable, human-readable id such as id=\"hero-title\" or id=\"scene-1-card\" to every timeline-visible element you want agents or Studio to edit."
      },
      {
        "code": "studio_missing_editable_id",
        "severity": "warning",
        "message": "<div class=\"caption-page\" data-start=\"310.630000\"> has no id, so Studio cannot use a stable edit target for its timeline and canvas controls.",
        "selector": "[data-composition-id]",
        "dataAttributes": {},
        "sourceFile": "C:\\vox-style-xe-giay-v1-hyperframes\\hyperframes\\videos\\ban-an-802-2020-tphcm\\compositions\\caption-track.html",
        "bbox": {
          "x": 0,
          "y": 0,
          "width": 0,
          "height": 0
        },
        "time": 0,
        "fixHint": "Add a stable, human-readable id such as id=\"hero-title\" or id=\"scene-1-card\" to every timeline-visible element you want agents or Studio to edit."
      },
      {
        "code": "studio_missing_editable_id",
        "severity": "warning",
        "message": "<div class=\"caption-page\" data-start=\"311.630000\"> has no id, so Studio cannot use a stable edit target for its timeline and canvas controls.",
        "selector": "[data-composition-id]",
        "dataAttributes": {},
        "sourceFile": "C:\\vox-style-xe-giay-v1-hyperframes\\hyperframes\\videos\\ban-an-802-2020-tphcm\\compositions\\caption-track.html",
        "bbox": {
          "x": 0,
          "y": 0,
          "width": 0,
          "height": 0
        },
        "time": 0,
        "fixHint": "Add a stable, human-readable id such as id=\"hero-title\" or id=\"scene-1-card\" to every timeline-visible element you want agents or Studio to edit."
      },
      {
        "code": "studio_missing_editable_id",
        "severity": "warning",
        "message": "<div class=\"caption-page\" data-start=\"312.530000\"> has no id, so Studio cannot use a stable edit target for its timeline and canvas controls.",
        "selector": "[data-composition-id]",
        "dataAttributes": {},
        "sourceFile": "C:\\vox-style-xe-giay-v1-hyperframes\\hyperframes\\videos\\ban-an-802-2020-tphcm\\compositions\\caption-track.html",
        "bbox": {
          "x": 0,
          "y": 0,
          "width": 0,
          "height": 0
        },
        "time": 0,
        "fixHint": "Add a stable, human-readable id such as id=\"hero-title\" or id=\"scene-1-card\" to every timeline-visible element you want agents or Studio to edit."
      },
      {
        "code": "studio_missing_editable_id",
        "severity": "warning",
        "message": "<div class=\"caption-page\" data-start=\"313.480000\"> has no id, so Studio cannot use a stable edit target for its timeline and canvas controls.",
        "selector": "[data-composition-id]",
        "dataAttributes": {},
        "sourceFile": "C:\\vox-style-xe-giay-v1-hyperframes\\hyperframes\\videos\\ban-an-802-2020-tphcm\\compositions\\caption-track.html",
        "bbox": {
          "x": 0,
          "y": 0,
          "width": 0,
          "height": 0
        },
        "time": 0,
        "fixHint": "Add a stable, human-readable id such as id=\"hero-title\" or id=\"scene-1-card\" to every timeline-visible element you want agents or Studio to edit."
      },
      {
        "code": "studio_missing_editable_id",
        "severity": "warning",
        "message": "<div class=\"caption-page\" data-start=\"314.630000\"> has no id, so Studio cannot use a stable edit target for its timeline and canvas controls.",
        "selector": "[data-composition-id]",
        "dataAttributes": {},
        "sourceFile": "C:\\vox-style-xe-giay-v1-hyperframes\\hyperframes\\videos\\ban-an-802-2020-tphcm\\compositions\\caption-track.html",
        "bbox": {
          "x": 0,
          "y": 0,
          "width": 0,
          "height": 0
        },
        "time": 0,
        "fixHint": "Add a stable, human-readable id such as id=\"hero-title\" or id=\"scene-1-card\" to every timeline-visible element you want agents or Studio to edit."
      },
      {
        "code": "studio_missing_editable_id",
        "severity": "warning",
        "message": "<div class=\"caption-page\" data-start=\"315.280000\"> has no id, so Studio cannot use a stable edit target for its timeline and canvas controls.",
        "selector": "[data-composition-id]",
        "dataAttributes": {},
        "sourceFile": "C:\\vox-style-xe-giay-v1-hyperframes\\hyperframes\\videos\\ban-an-802-2020-tphcm\\compositions\\caption-track.html",
        "bbox": {
          "x": 0,
          "y": 0,
          "width": 0,
          "height": 0
        },
        "time": 0,
        "fixHint": "Add a stable, human-readable id such as id=\"hero-title\" or id=\"scene-1-card\" to every timeline-visible element you want agents or Studio to edit."
      },
      {
        "code": "studio_missing_editable_id",
        "severity": "warning",
        "message": "<div class=\"caption-page\" data-start=\"316.430000\"> has no id, so Studio cannot use a stable edit target for its timeline and canvas controls.",
        "selector": "[data-composition-id]",
        "dataAttributes": {},
        "sourceFile": "C:\\vox-style-xe-giay-v1-hyperframes\\hyperframes\\videos\\ban-an-802-2020-tphcm\\compositions\\caption-track.html",
        "bbox": {
          "x": 0,
          "y": 0,
          "width": 0,
          "height": 0
        },
        "time": 0,
        "fixHint": "Add a stable, human-readable id such as id=\"hero-title\" or id=\"scene-1-card\" to every timeline-visible element you want agents or Studio to edit."
      },
      {
        "code": "studio_missing_editable_id",
        "severity": "warning",
        "message": "<div class=\"caption-page\" data-start=\"317.620000\"> has no id, so Studio cannot use a stable edit target for its timeline and canvas controls.",
        "selector": "[data-composition-id]",
        "dataAttributes": {},
        "sourceFile": "C:\\vox-style-xe-giay-v1-hyperframes\\hyperframes\\videos\\ban-an-802-2020-tphcm\\compositions\\caption-track.html",
        "bbox": {
          "x": 0,
          "y": 0,
          "width": 0,
          "height": 0
        },
        "time": 0,
        "fixHint": "Add a stable, human-readable id such as id=\"hero-title\" or id=\"scene-1-card\" to every timeline-visible element you want agents or Studio to edit."
      },
      {
        "code": "studio_missing_editable_id",
        "severity": "warning",
        "message": "<div class=\"caption-page\" data-start=\"318.650000\"> has no id, so Studio cannot use a stable edit target for its timeline and canvas controls.",
        "selector": "[data-composition-id]",
        "dataAttributes": {},
        "sourceFile": "C:\\vox-style-xe-giay-v1-hyperframes\\hyperframes\\videos\\ban-an-802-2020-tphcm\\compositions\\caption-track.html",
        "bbox": {
          "x": 0,
          "y": 0,
          "width": 0,
          "height": 0
        },
        "time": 0,
        "fixHint": "Add a stable, human-readable id such as id=\"hero-title\" or id=\"scene-1-card\" to every timeline-visible element you want agents or Studio to edit."
      },
      {
        "code": "studio_missing_editable_id",
        "severity": "warning",
        "message": "<div class=\"caption-page\" data-start=\"319.840000\"> has no id, so Studio cannot use a stable edit target for its timeline and canvas controls.",
        "selector": "[data-composition-id]",
        "dataAttributes": {},
        "sourceFile": "C:\\vox-style-xe-giay-v1-hyperframes\\hyperframes\\videos\\ban-an-802-2020-tphcm\\compositions\\caption-track.html",
        "bbox": {
          "x": 0,
          "y": 0,
          "width": 0,
          "height": 0
        },
        "time": 0,
        "fixHint": "Add a stable, human-readable id such as id=\"hero-title\" or id=\"scene-1-card\" to every timeline-visible element you want agents or Studio to edit."
      },
      {
        "code": "studio_missing_editable_id",
        "severity": "warning",
        "message": "<div class=\"caption-page\" data-start=\"320.780000\"> has no id, so Studio cannot use a stable edit target for its timeline and canvas controls.",
        "selector": "[data-composition-id]",
        "dataAttributes": {},
        "sourceFile": "C:\\vox-style-xe-giay-v1-hyperframes\\hyperframes\\videos\\ban-an-802-2020-tphcm\\compositions\\caption-track.html",
        "bbox": {
          "x": 0,
          "y": 0,
          "width": 0,
          "height": 0
        },
        "time": 0,
        "fixHint": "Add a stable, human-readable id such as id=\"hero-title\" or id=\"scene-1-card\" to every timeline-visible element you want agents or Studio to edit."
      },
      {
        "code": "studio_missing_editable_id",
        "severity": "warning",
        "message": "<div class=\"caption-page\" data-start=\"322.580000\"> has no id, so Studio cannot use a stable edit target for its timeline and canvas controls.",
        "selector": "[data-composition-id]",
        "dataAttributes": {},
        "sourceFile": "C:\\vox-style-xe-giay-v1-hyperframes\\hyperframes\\videos\\ban-an-802-2020-tphcm\\compositions\\caption-track.html",
        "bbox": {
          "x": 0,
          "y": 0,
          "width": 0,
          "height": 0
        },
        "time": 0,
        "fixHint": "Add a stable, human-readable id such as id=\"hero-title\" or id=\"scene-1-card\" to every timeline-visible element you want agents or Studio to edit."
      },
      {
        "code": "studio_missing_editable_id",
        "severity": "warning",
        "message": "<div class=\"caption-page\" data-start=\"322.790000\"> has no id, so Studio cannot use a stable edit target for its timeline and canvas controls.",
        "selector": "[data-composition-id]",
        "dataAttributes": {},
        "sourceFile": "C:\\vox-style-xe-giay-v1-hyperframes\\hyperframes\\videos\\ban-an-802-2020-tphcm\\compositions\\caption-track.html",
        "bbox": {
          "x": 0,
          "y": 0,
          "width": 0,
          "height": 0
        },
        "time": 0,
        "fixHint": "Add a stable, human-readable id such as id=\"hero-title\" or id=\"scene-1-card\" to every timeline-visible element you want agents or Studio to edit."
      },
      {
        "code": "studio_missing_editable_id",
        "severity": "warning",
        "message": "<div class=\"caption-page\" data-start=\"323.010000\"> has no id, so Studio cannot use a stable edit target for its timeline and canvas controls.",
        "selector": "[data-composition-id]",
        "dataAttributes": {},
        "sourceFile": "C:\\vox-style-xe-giay-v1-hyperframes\\hyperframes\\videos\\ban-an-802-2020-tphcm\\compositions\\caption-track.html",
        "bbox": {
          "x": 0,
          "y": 0,
          "width": 0,
          "height": 0
        },
        "time": 0,
        "fixHint": "Add a stable, human-readable id such as id=\"hero-title\" or id=\"scene-1-card\" to every timeline-visible element you want agents or Studio to edit."
      },
      {
        "code": "studio_missing_editable_id",
        "severity": "warning",
        "message": "<div class=\"caption-page\" data-start=\"323.290000\"> has no id, so Studio cannot use a stable edit target for its timeline and canvas controls.",
        "selector": "[data-composition-id]",
        "dataAttributes": {},
        "sourceFile": "C:\\vox-style-xe-giay-v1-hyperframes\\hyperframes\\videos\\ban-an-802-2020-tphcm\\compositions\\caption-track.html",
        "bbox": {
          "x": 0,
          "y": 0,
          "width": 0,
          "height": 0
        },
        "time": 0,
        "fixHint": "Add a stable, human-readable id such as id=\"hero-title\" or id=\"scene-1-card\" to every timeline-visible element you want agents or Studio to edit."
      },
      {
        "code": "studio_missing_editable_id",
        "severity": "warning",
        "message": "<div class=\"caption-page\" data-start=\"323.860000\"> has no id, so Studio cannot use a stable edit target for its timeline and canvas controls.",
        "selector": "[data-composition-id]",
        "dataAttributes": {},
        "sourceFile": "C:\\vox-style-xe-giay-v1-hyperframes\\hyperframes\\videos\\ban-an-802-2020-tphcm\\compositions\\caption-track.html",
        "bbox": {
          "x": 0,
          "y": 0,
          "width": 0,
          "height": 0
        },
        "time": 0,
        "fixHint": "Add a stable, human-readable id such as id=\"hero-title\" or id=\"scene-1-card\" to every timeline-visible element you want agents or Studio to edit."
      },
      {
        "code": "studio_missing_editable_id",
        "severity": "warning",
        "message": "<div class=\"caption-page\" data-start=\"324.900000\"> has no id, so Studio cannot use a stable edit target for its timeline and canvas controls.",
        "selector": "[data-composition-id]",
        "dataAttributes": {},
        "sourceFile": "C:\\vox-style-xe-giay-v1-hyperframes\\hyperframes\\videos\\ban-an-802-2020-tphcm\\compositions\\caption-track.html",
        "bbox": {
          "x": 0,
          "y": 0,
          "width": 0,
          "height": 0
        },
        "time": 0,
        "fixHint": "Add a stable, human-readable id such as id=\"hero-title\" or id=\"scene-1-card\" to every timeline-visible element you want agents or Studio to edit."
      },
      {
        "code": "studio_missing_editable_id",
        "severity": "warning",
        "message": "<div class=\"caption-page\" data-start=\"326.200000\"> has no id, so Studio cannot use a stable edit target for its timeline and canvas controls.",
        "selector": "[data-composition-id]",
        "dataAttributes": {},
        "sourceFile": "C:\\vox-style-xe-giay-v1-hyperframes\\hyperframes\\videos\\ban-an-802-2020-tphcm\\compositions\\caption-track.html",
        "bbox": {
          "x": 0,
          "y": 0,
          "width": 0,
          "height": 0
        },
        "time": 0,
        "fixHint": "Add a stable, human-readable id such as id=\"hero-title\" or id=\"scene-1-card\" to every timeline-visible element you want agents or Studio to edit."
      },
      {
        "code": "studio_missing_editable_id",
        "severity": "warning",
        "message": "<div class=\"caption-page\" data-start=\"327.260000\"> has no id, so Studio cannot use a stable edit target for its timeline and canvas controls.",
        "selector": "[data-composition-id]",
        "dataAttributes": {},
        "sourceFile": "C:\\vox-style-xe-giay-v1-hyperframes\\hyperframes\\videos\\ban-an-802-2020-tphcm\\compositions\\caption-track.html",
        "bbox": {
          "x": 0,
          "y": 0,
          "width": 0,
          "height": 0
        },
        "time": 0,
        "fixHint": "Add a stable, human-readable id such as id=\"hero-title\" or id=\"scene-1-card\" to every timeline-visible element you want agents or Studio to edit."
      },
      {
        "code": "studio_missing_editable_id",
        "severity": "warning",
        "message": "<div class=\"caption-page\" data-start=\"327.970000\"> has no id, so Studio cannot use a stable edit target for its timeline and canvas controls.",
        "selector": "[data-composition-id]",
        "dataAttributes": {},
        "sourceFile": "C:\\vox-style-xe-giay-v1-hyperframes\\hyperframes\\videos\\ban-an-802-2020-tphcm\\compositions\\caption-track.html",
        "bbox": {
          "x": 0,
          "y": 0,
          "width": 0,
          "height": 0
        },
        "time": 0,
        "fixHint": "Add a stable, human-readable id such as id=\"hero-title\" or id=\"scene-1-card\" to every timeline-visible element you want agents or Studio to edit."
      },
      {
        "code": "studio_missing_editable_id",
        "severity": "warning",
        "message": "<div class=\"caption-page\" data-start=\"329.050000\"> has no id, so Studio cannot use a stable edit target for its timeline and canvas controls.",
        "selector": "[data-composition-id]",
        "dataAttributes": {},
        "sourceFile": "C:\\vox-style-xe-giay-v1-hyperframes\\hyperframes\\videos\\ban-an-802-2020-tphcm\\compositions\\caption-track.html",
        "bbox": {
          "x": 0,
          "y": 0,
          "width": 0,
          "height": 0
        },
        "time": 0,
        "fixHint": "Add a stable, human-readable id such as id=\"hero-title\" or id=\"scene-1-card\" to every timeline-visible element you want agents or Studio to edit."
      },
      {
        "code": "studio_missing_editable_id",
        "severity": "warning",
        "message": "<div class=\"caption-page\" data-start=\"329.890000\"> has no id, so Studio cannot use a stable edit target for its timeline and canvas controls.",
        "selector": "[data-composition-id]",
        "dataAttributes": {},
        "sourceFile": "C:\\vox-style-xe-giay-v1-hyperframes\\hyperframes\\videos\\ban-an-802-2020-tphcm\\compositions\\caption-track.html",
        "bbox": {
          "x": 0,
          "y": 0,
          "width": 0,
          "height": 0
        },
        "time": 0,
        "fixHint": "Add a stable, human-readable id such as id=\"hero-title\" or id=\"scene-1-card\" to every timeline-visible element you want agents or Studio to edit."
      },
      {
        "code": "studio_missing_editable_id",
        "severity": "warning",
        "message": "<div class=\"caption-page\" data-start=\"330.640000\"> has no id, so Studio cannot use a stable edit target for its timeline and canvas controls.",
        "selector": "[data-composition-id]",
        "dataAttributes": {},
        "sourceFile": "C:\\vox-style-xe-giay-v1-hyperframes\\hyperframes\\videos\\ban-an-802-2020-tphcm\\compositions\\caption-track.html",
        "bbox": {
          "x": 0,
          "y": 0,
          "width": 0,
          "height": 0
        },
        "time": 0,
        "fixHint": "Add a stable, human-readable id such as id=\"hero-title\" or id=\"scene-1-card\" to every timeline-visible element you want agents or Studio to edit."
      },
      {
        "code": "studio_missing_editable_id",
        "severity": "warning",
        "message": "<div class=\"caption-page\" data-start=\"331.670000\"> has no id, so Studio cannot use a stable edit target for its timeline and canvas controls.",
        "selector": "[data-composition-id]",
        "dataAttributes": {},
        "sourceFile": "C:\\vox-style-xe-giay-v1-hyperframes\\hyperframes\\videos\\ban-an-802-2020-tphcm\\compositions\\caption-track.html",
        "bbox": {
          "x": 0,
          "y": 0,
          "width": 0,
          "height": 0
        },
        "time": 0,
        "fixHint": "Add a stable, human-readable id such as id=\"hero-title\" or id=\"scene-1-card\" to every timeline-visible element you want agents or Studio to edit."
      },
      {
        "code": "studio_missing_editable_id",
        "severity": "warning",
        "message": "<div class=\"caption-page\" data-start=\"332.420000\"> has no id, so Studio cannot use a stable edit target for its timeline and canvas controls.",
        "selector": "[data-composition-id]",
        "dataAttributes": {},
        "sourceFile": "C:\\vox-style-xe-giay-v1-hyperframes\\hyperframes\\videos\\ban-an-802-2020-tphcm\\compositions\\caption-track.html",
        "bbox": {
          "x": 0,
          "y": 0,
          "width": 0,
          "height": 0
        },
        "time": 0,
        "fixHint": "Add a stable, human-readable id such as id=\"hero-title\" or id=\"scene-1-card\" to every timeline-visible element you want agents or Studio to edit."
      },
      {
        "code": "studio_missing_editable_id",
        "severity": "warning",
        "message": "<div class=\"caption-page\" data-start=\"333.270000\"> has no id, so Studio cannot use a stable edit target for its timeline and canvas controls.",
        "selector": "[data-composition-id]",
        "dataAttributes": {},
        "sourceFile": "C:\\vox-style-xe-giay-v1-hyperframes\\hyperframes\\videos\\ban-an-802-2020-tphcm\\compositions\\caption-track.html",
        "bbox": {
          "x": 0,
          "y": 0,
          "width": 0,
          "height": 0
        },
        "time": 0,
        "fixHint": "Add a stable, human-readable id such as id=\"hero-title\" or id=\"scene-1-card\" to every timeline-visible element you want agents or Studio to edit."
      },
      {
        "code": "studio_missing_editable_id",
        "severity": "warning",
        "message": "<div class=\"caption-page\" data-start=\"334.100000\"> has no id, so Studio cannot use a stable edit target for its timeline and canvas controls.",
        "selector": "[data-composition-id]",
        "dataAttributes": {},
        "sourceFile": "C:\\vox-style-xe-giay-v1-hyperframes\\hyperframes\\videos\\ban-an-802-2020-tphcm\\compositions\\caption-track.html",
        "bbox": {
          "x": 0,
          "y": 0,
          "width": 0,
          "height": 0
        },
        "time": 0,
        "fixHint": "Add a stable, human-readable id such as id=\"hero-title\" or id=\"scene-1-card\" to every timeline-visible element you want agents or Studio to edit."
      },
      {
        "code": "studio_missing_editable_id",
        "severity": "warning",
        "message": "<div class=\"caption-page\" data-start=\"334.890000\"> has no id, so Studio cannot use a stable edit target for its timeline and canvas controls.",
        "selector": "[data-composition-id]",
        "dataAttributes": {},
        "sourceFile": "C:\\vox-style-xe-giay-v1-hyperframes\\hyperframes\\videos\\ban-an-802-2020-tphcm\\compositions\\caption-track.html",
        "bbox": {
          "x": 0,
          "y": 0,
          "width": 0,
          "height": 0
        },
        "time": 0,
        "fixHint": "Add a stable, human-readable id such as id=\"hero-title\" or id=\"scene-1-card\" to every timeline-visible element you want agents or Studio to edit."
      },
      {
        "code": "studio_missing_editable_id",
        "severity": "warning",
        "message": "<div class=\"caption-page\" data-start=\"335.290000\"> has no id, so Studio cannot use a stable edit target for its timeline and canvas controls.",
        "selector": "[data-composition-id]",
        "dataAttributes": {},
        "sourceFile": "C:\\vox-style-xe-giay-v1-hyperframes\\hyperframes\\videos\\ban-an-802-2020-tphcm\\compositions\\caption-track.html",
        "bbox": {
          "x": 0,
          "y": 0,
          "width": 0,
          "height": 0
        },
        "time": 0,
        "fixHint": "Add a stable, human-readable id such as id=\"hero-title\" or id=\"scene-1-card\" to every timeline-visible element you want agents or Studio to edit."
      },
      {
        "code": "studio_missing_editable_id",
        "severity": "warning",
        "message": "<div class=\"caption-page\" data-start=\"336.090000\"> has no id, so Studio cannot use a stable edit target for its timeline and canvas controls.",
        "selector": "[data-composition-id]",
        "dataAttributes": {},
        "sourceFile": "C:\\vox-style-xe-giay-v1-hyperframes\\hyperframes\\videos\\ban-an-802-2020-tphcm\\compositions\\caption-track.html",
        "bbox": {
          "x": 0,
          "y": 0,
          "width": 0,
          "height": 0
        },
        "time": 0,
        "fixHint": "Add a stable, human-readable id such as id=\"hero-title\" or id=\"scene-1-card\" to every timeline-visible element you want agents or Studio to edit."
      },
      {
        "code": "studio_missing_editable_id",
        "severity": "warning",
        "message": "<div class=\"caption-page\" data-start=\"336.990000\"> has no id, so Studio cannot use a stable edit target for its timeline and canvas controls.",
        "selector": "[data-composition-id]",
        "dataAttributes": {},
        "sourceFile": "C:\\vox-style-xe-giay-v1-hyperframes\\hyperframes\\videos\\ban-an-802-2020-tphcm\\compositions\\caption-track.html",
        "bbox": {
          "x": 0,
          "y": 0,
          "width": 0,
          "height": 0
        },
        "time": 0,
        "fixHint": "Add a stable, human-readable id such as id=\"hero-title\" or id=\"scene-1-card\" to every timeline-visible element you want agents or Studio to edit."
      },
      {
        "code": "studio_missing_editable_id",
        "severity": "warning",
        "message": "<div class=\"caption-page\" data-start=\"337.830000\"> has no id, so Studio cannot use a stable edit target for its timeline and canvas controls.",
        "selector": "[data-composition-id]",
        "dataAttributes": {},
        "sourceFile": "C:\\vox-style-xe-giay-v1-hyperframes\\hyperframes\\videos\\ban-an-802-2020-tphcm\\compositions\\caption-track.html",
        "bbox": {
          "x": 0,
          "y": 0,
          "width": 0,
          "height": 0
        },
        "time": 0,
        "fixHint": "Add a stable, human-readable id such as id=\"hero-title\" or id=\"scene-1-card\" to every timeline-visible element you want agents or Studio to edit."
      },
      {
        "code": "studio_missing_editable_id",
        "severity": "warning",
        "message": "<div class=\"caption-page\" data-start=\"338.610000\"> has no id, so Studio cannot use a stable edit target for its timeline and canvas controls.",
        "selector": "[data-composition-id]",
        "dataAttributes": {},
        "sourceFile": "C:\\vox-style-xe-giay-v1-hyperframes\\hyperframes\\videos\\ban-an-802-2020-tphcm\\compositions\\caption-track.html",
        "bbox": {
          "x": 0,
          "y": 0,
          "width": 0,
          "height": 0
        },
        "time": 0,
        "fixHint": "Add a stable, human-readable id such as id=\"hero-title\" or id=\"scene-1-card\" to every timeline-visible element you want agents or Studio to edit."
      },
      {
        "code": "studio_missing_editable_id",
        "severity": "warning",
        "message": "<div class=\"caption-page\" data-start=\"339.500000\"> has no id, so Studio cannot use a stable edit target for its timeline and canvas controls.",
        "selector": "[data-composition-id]",
        "dataAttributes": {},
        "sourceFile": "C:\\vox-style-xe-giay-v1-hyperframes\\hyperframes\\videos\\ban-an-802-2020-tphcm\\compositions\\caption-track.html",
        "bbox": {
          "x": 0,
          "y": 0,
          "width": 0,
          "height": 0
        },
        "time": 0,
        "fixHint": "Add a stable, human-readable id such as id=\"hero-title\" or id=\"scene-1-card\" to every timeline-visible element you want agents or Studio to edit."
      },
      {
        "code": "studio_missing_editable_id",
        "severity": "warning",
        "message": "<div class=\"caption-page\" data-start=\"340.560000\"> has no id, so Studio cannot use a stable edit target for its timeline and canvas controls.",
        "selector": "[data-composition-id]",
        "dataAttributes": {},
        "sourceFile": "C:\\vox-style-xe-giay-v1-hyperframes\\hyperframes\\videos\\ban-an-802-2020-tphcm\\compositions\\caption-track.html",
        "bbox": {
          "x": 0,
          "y": 0,
          "width": 0,
          "height": 0
        },
        "time": 0,
        "fixHint": "Add a stable, human-readable id such as id=\"hero-title\" or id=\"scene-1-card\" to every timeline-visible element you want agents or Studio to edit."
      },
      {
        "code": "studio_missing_editable_id",
        "severity": "warning",
        "message": "<div class=\"caption-page\" data-start=\"341.280000\"> has no id, so Studio cannot use a stable edit target for its timeline and canvas controls.",
        "selector": "[data-composition-id]",
        "dataAttributes": {},
        "sourceFile": "C:\\vox-style-xe-giay-v1-hyperframes\\hyperframes\\videos\\ban-an-802-2020-tphcm\\compositions\\caption-track.html",
        "bbox": {
          "x": 0,
          "y": 0,
          "width": 0,
          "height": 0
        },
        "time": 0,
        "fixHint": "Add a stable, human-readable id such as id=\"hero-title\" or id=\"scene-1-card\" to every timeline-visible element you want agents or Studio to edit."
      },
      {
        "code": "studio_missing_editable_id",
        "severity": "warning",
        "message": "<div class=\"caption-page\" data-start=\"342.730000\"> has no id, so Studio cannot use a stable edit target for its timeline and canvas controls.",
        "selector": "[data-composition-id]",
        "dataAttributes": {},
        "sourceFile": "C:\\vox-style-xe-giay-v1-hyperframes\\hyperframes\\videos\\ban-an-802-2020-tphcm\\compositions\\caption-track.html",
        "bbox": {
          "x": 0,
          "y": 0,
          "width": 0,
          "height": 0
        },
        "time": 0,
        "fixHint": "Add a stable, human-readable id such as id=\"hero-title\" or id=\"scene-1-card\" to every timeline-visible element you want agents or Studio to edit."
      },
      {
        "code": "studio_missing_editable_id",
        "severity": "warning",
        "message": "<div class=\"caption-page\" data-start=\"343.540000\"> has no id, so Studio cannot use a stable edit target for its timeline and canvas controls.",
        "selector": "[data-composition-id]",
        "dataAttributes": {},
        "sourceFile": "C:\\vox-style-xe-giay-v1-hyperframes\\hyperframes\\videos\\ban-an-802-2020-tphcm\\compositions\\caption-track.html",
        "bbox": {
          "x": 0,
          "y": 0,
          "width": 0,
          "height": 0
        },
        "time": 0,
        "fixHint": "Add a stable, human-readable id such as id=\"hero-title\" or id=\"scene-1-card\" to every timeline-visible element you want agents or Studio to edit."
      },
      {
        "code": "studio_missing_editable_id",
        "severity": "warning",
        "message": "<div class=\"caption-page\" data-start=\"344.860000\"> has no id, so Studio cannot use a stable edit target for its timeline and canvas controls.",
        "selector": "[data-composition-id]",
        "dataAttributes": {},
        "sourceFile": "C:\\vox-style-xe-giay-v1-hyperframes\\hyperframes\\videos\\ban-an-802-2020-tphcm\\compositions\\caption-track.html",
        "bbox": {
          "x": 0,
          "y": 0,
          "width": 0,
          "height": 0
        },
        "time": 0,
        "fixHint": "Add a stable, human-readable id such as id=\"hero-title\" or id=\"scene-1-card\" to every timeline-visible element you want agents or Studio to edit."
      },
      {
        "code": "studio_missing_editable_id",
        "severity": "warning",
        "message": "<div class=\"caption-page\" data-start=\"346.030000\"> has no id, so Studio cannot use a stable edit target for its timeline and canvas controls.",
        "selector": "[data-composition-id]",
        "dataAttributes": {},
        "sourceFile": "C:\\vox-style-xe-giay-v1-hyperframes\\hyperframes\\videos\\ban-an-802-2020-tphcm\\compositions\\caption-track.html",
        "bbox": {
          "x": 0,
          "y": 0,
          "width": 0,
          "height": 0
        },
        "time": 0,
        "fixHint": "Add a stable, human-readable id such as id=\"hero-title\" or id=\"scene-1-card\" to every timeline-visible element you want agents or Studio to edit."
      },
      {
        "code": "studio_missing_editable_id",
        "severity": "warning",
        "message": "<div class=\"caption-page\" data-start=\"346.840000\"> has no id, so Studio cannot use a stable edit target for its timeline and canvas controls.",
        "selector": "[data-composition-id]",
        "dataAttributes": {},
        "sourceFile": "C:\\vox-style-xe-giay-v1-hyperframes\\hyperframes\\videos\\ban-an-802-2020-tphcm\\compositions\\caption-track.html",
        "bbox": {
          "x": 0,
          "y": 0,
          "width": 0,
          "height": 0
        },
        "time": 0,
        "fixHint": "Add a stable, human-readable id such as id=\"hero-title\" or id=\"scene-1-card\" to every timeline-visible element you want agents or Studio to edit."
      },
      {
        "code": "composition_file_too_large",
        "severity": "warning",
        "message": "This HTML composition file has 1595 lines. Smaller sub-compositions are easier to read, iterate on, and diff.",
        "selector": "[data-composition-id]",
        "dataAttributes": {},
        "sourceFile": "C:\\vox-style-xe-giay-v1-hyperframes\\hyperframes\\videos\\ban-an-802-2020-tphcm\\compositions\\caption-track.html",
        "bbox": {
          "x": 0,
          "y": 0,
          "width": 0,
          "height": 0
        },
        "time": 0,
        "fixHint": "Split this sub-composition further into smaller .html files, then mount them from the parent with data-composition-src so each file stays small enough to inspect, revise, and validate independently."
      },
      {
        "code": "studio_missing_editable_id",
        "severity": "warning",
        "message": "<section data-start=\"0\"> has no id, so Studio cannot use a stable edit target for its timeline and canvas controls.",
        "selector": "[data-composition-id]",
        "dataAttributes": {},
        "sourceFile": "C:\\vox-style-xe-giay-v1-hyperframes\\hyperframes\\videos\\ban-an-802-2020-tphcm\\compositions\\scene-s02.html",
        "bbox": {
          "x": 0,
          "y": 0,
          "width": 0,
          "height": 0
        },
        "time": 0,
        "fixHint": "Add a stable, human-readable id such as id=\"hero-title\" or id=\"scene-1-card\" to every timeline-visible element you want agents or Studio to edit."
      },
      {
        "code": "composition_file_too_large",
        "severity": "warning",
        "message": "This HTML composition file has 317 lines. Smaller sub-compositions are easier to read, iterate on, and diff.",
        "selector": "[data-composition-id]",
        "dataAttributes": {},
        "sourceFile": "C:\\vox-style-xe-giay-v1-hyperframes\\hyperframes\\videos\\ban-an-802-2020-tphcm\\compositions\\scene-s11.html",
        "bbox": {
          "x": 0,
          "y": 0,
          "width": 0,
          "height": 0
        },
        "time": 0,
        "fixHint": "Split this sub-composition further into smaller .html files, then mount them from the parent with data-composition-src so each file stays small enough to inspect, revise, and validate independently."
      },
      {
        "code": "gsap_repeated_fromto_without_baseline",
        "severity": "warning",
        "message": "2 tl.fromTo() calls target \"#warning-badge-el\" with no stable baseline. The last-authored fromTo \"from\" values become the element's resting state for any seek before the first tween actually runs, because GSAP applies fromTo from-values at authoring time (immediateRender), not at tween position.",
        "selector": "#warning-badge-el",
        "dataAttributes": {},
        "sourceFile": "C:\\vox-style-xe-giay-v1-hyperframes\\hyperframes\\videos\\ban-an-802-2020-tphcm\\compositions\\scene-s13.html",
        "bbox": {
          "x": 0,
          "y": 0,
          "width": 0,
          "height": 0
        },
        "time": 0,
        "fixHint": "Add `immediateRender: false` to the destination vars of each future fromTo, or set a safe resting state with an earlier `tl.set(\"#warning-badge-el\", { ... }, 0)`. Pre-first-tween seeks must not inherit whichever fromTo call happened to author last."
      },
      {
        "code": "gsap_repeated_fromto_without_baseline",
        "severity": "warning",
        "message": "2 tl.fromTo() calls target \"#wire-loop-inner\" with no stable baseline. The last-authored fromTo \"from\" values become the element's resting state for any seek before the first tween actually runs, because GSAP applies fromTo from-values at authoring time (immediateRender), not at tween position.",
        "selector": "#wire-loop-inner",
        "dataAttributes": {},
        "sourceFile": "C:\\vox-style-xe-giay-v1-hyperframes\\hyperframes\\videos\\ban-an-802-2020-tphcm\\compositions\\scene-s16.html",
        "bbox": {
          "x": 0,
          "y": 0,
          "width": 0,
          "height": 0
        },
        "time": 0,
        "fixHint": "Add `immediateRender: false` to the destination vars of each future fromTo, or set a safe resting state with an earlier `tl.set(\"#wire-loop-inner\", { ... }, 0)`. Pre-first-tween seeks must not inherit whichever fromTo call happened to author last."
      },
      {
        "code": "composition_file_too_large",
        "severity": "warning",
        "message": "This HTML composition file has 422 lines. Smaller sub-compositions are easier to read, iterate on, and diff.",
        "selector": "[data-composition-id]",
        "dataAttributes": {},
        "sourceFile": "C:\\vox-style-xe-giay-v1-hyperframes\\hyperframes\\videos\\ban-an-802-2020-tphcm\\compositions\\scene-s16.html",
        "bbox": {
          "x": 0,
          "y": 0,
          "width": 0,
          "height": 0
        },
        "time": 0,
        "fixHint": "Split this sub-composition further into smaller .html files, then mount them from the parent with data-composition-src so each file stays small enough to inspect, revise, and validate independently."
      },
      {
        "code": "overlapping_gsap_tweens",
        "severity": "warning",
        "message": "GSAP tweens overlap on \"#hand-l\" for x between 2.78s and 2.78s.",
        "selector": "#hand-l",
        "dataAttributes": {},
        "sourceFile": "C:\\vox-style-xe-giay-v1-hyperframes\\hyperframes\\videos\\ban-an-802-2020-tphcm\\compositions\\scene-s17.html",
        "bbox": {
          "x": 0,
          "y": 0,
          "width": 0,
          "height": 0
        },
        "time": 0,
        "fixHint": "Shorten the earlier tween, move the later tween, or add `overwrite: \"auto\"`."
      },
      {
        "code": "overlapping_gsap_tweens",
        "severity": "warning",
        "message": "GSAP tweens overlap on \"#hand-r\" for x between 2.78s and 2.78s.",
        "selector": "#hand-r",
        "dataAttributes": {},
        "sourceFile": "C:\\vox-style-xe-giay-v1-hyperframes\\hyperframes\\videos\\ban-an-802-2020-tphcm\\compositions\\scene-s17.html",
        "bbox": {
          "x": 0,
          "y": 0,
          "width": 0,
          "height": 0
        },
        "time": 0,
        "fixHint": "Shorten the earlier tween, move the later tween, or add `overwrite: \"auto\"`."
      },
      {
        "code": "composition_file_too_large",
        "severity": "warning",
        "message": "This HTML composition file has 408 lines. Smaller sub-compositions are easier to read, iterate on, and diff.",
        "selector": "[data-composition-id]",
        "dataAttributes": {},
        "sourceFile": "C:\\vox-style-xe-giay-v1-hyperframes\\hyperframes\\videos\\ban-an-802-2020-tphcm\\compositions\\scene-s17.html",
        "bbox": {
          "x": 0,
          "y": 0,
          "width": 0,
          "height": 0
        },
        "time": 0,
        "fixHint": "Split this sub-composition further into smaller .html files, then mount them from the parent with data-composition-src so each file stays small enough to inspect, revise, and validate independently."
      },
      {
        "code": "gsap_timeline_set_initial_hide",
        "severity": "warning",
        "message": "Initial hidden state for \"#box-tape\" is set via tl.set(...) at position 0 inside the paused timeline. A zero-duration set at 0 does not render while the playhead sits exactly at 0, so frame 0 shows the un-hidden state.",
        "selector": "#box-tape",
        "dataAttributes": {},
        "sourceFile": "C:\\vox-style-xe-giay-v1-hyperframes\\hyperframes\\videos\\ban-an-802-2020-tphcm\\compositions\\scene-s18.html",
        "bbox": {
          "x": 0,
          "y": 0,
          "width": 0,
          "height": 0
        },
        "time": 0,
        "fixHint": "Use gsap.set(...) (immediate, outside the timeline) for initial states, or author the hidden state directly in CSS/attributes."
      },
      {
        "code": "composition_file_too_large",
        "severity": "warning",
        "message": "This HTML composition file has 468 lines. Smaller sub-compositions are easier to read, iterate on, and diff.",
        "selector": "[data-composition-id]",
        "dataAttributes": {},
        "sourceFile": "C:\\vox-style-xe-giay-v1-hyperframes\\hyperframes\\videos\\ban-an-802-2020-tphcm\\compositions\\scene-s18.html",
        "bbox": {
          "x": 0,
          "y": 0,
          "width": 0,
          "height": 0
        },
        "time": 0,
        "fixHint": "Split this sub-composition further into smaller .html files, then mount them from the parent with data-composition-src so each file stays small enough to inspect, revise, and validate independently."
      },
      {
        "code": "gsap_repeated_fromto_without_baseline",
        "severity": "warning",
        "message": "2 tl.fromTo() calls target \"#factor-card-2\" with no stable baseline. The last-authored fromTo \"from\" values become the element's resting state for any seek before the first tween actually runs, because GSAP applies fromTo from-values at authoring time (immediateRender), not at tween position.",
        "selector": "#factor-card-2",
        "dataAttributes": {},
        "sourceFile": "C:\\vox-style-xe-giay-v1-hyperframes\\hyperframes\\videos\\ban-an-802-2020-tphcm\\compositions\\scene-s25.html",
        "bbox": {
          "x": 0,
          "y": 0,
          "width": 0,
          "height": 0
        },
        "time": 0,
        "fixHint": "Add `immediateRender: false` to the destination vars of each future fromTo, or set a safe resting state with an earlier `tl.set(\"#factor-card-2\", { ... }, 0)`. Pre-first-tween seeks must not inherit whichever fromTo call happened to author last."
      },
      {
        "code": "overlapping_gsap_tweens",
        "severity": "warning",
        "message": "GSAP tweens overlap on \"#shield-wrapper\" for x, rotation between 5.81s and 5.81s.",
        "selector": "#shield-wrapper",
        "dataAttributes": {},
        "sourceFile": "C:\\vox-style-xe-giay-v1-hyperframes\\hyperframes\\videos\\ban-an-802-2020-tphcm\\compositions\\scene-s26.html",
        "bbox": {
          "x": 0,
          "y": 0,
          "width": 0,
          "height": 0
        },
        "time": 0,
        "fixHint": "Shorten the earlier tween, move the later tween, or add `overwrite: \"auto\"`."
      },
      {
        "code": "composition_file_too_large",
        "severity": "warning",
        "message": "This HTML composition file has 390 lines. Smaller sub-compositions are easier to read, iterate on, and diff.",
        "selector": "[data-composition-id]",
        "dataAttributes": {},
        "sourceFile": "C:\\vox-style-xe-giay-v1-hyperframes\\hyperframes\\videos\\ban-an-802-2020-tphcm\\compositions\\scene-s26.html",
        "bbox": {
          "x": 0,
          "y": 0,
          "width": 0,
          "height": 0
        },
        "time": 0,
        "fixHint": "Split this sub-composition further into smaller .html files, then mount them from the parent with data-composition-src so each file stays small enough to inspect, revise, and validate independently."
      },
      {
        "code": "overlapping_gsap_tweens",
        "severity": "warning",
        "message": "GSAP tweens overlap on \"#eraser-group\" for x, rotation between 3.86s and 3.86s.",
        "selector": "#eraser-group",
        "dataAttributes": {},
        "sourceFile": "C:\\vox-style-xe-giay-v1-hyperframes\\hyperframes\\videos\\ban-an-802-2020-tphcm\\compositions\\scene-s29.html",
        "bbox": {
          "x": 0,
          "y": 0,
          "width": 0,
          "height": 0
        },
        "time": 0,
        "fixHint": "Shorten the earlier tween, move the later tween, or add `overwrite: \"auto\"`."
      },
      {
        "code": "overlapping_gsap_tweens",
        "severity": "warning",
        "message": "GSAP tweens overlap on \"#eraser-group\" for x, rotation between 4.51s and 4.51s.",
        "selector": "#eraser-group",
        "dataAttributes": {},
        "sourceFile": "C:\\vox-style-xe-giay-v1-hyperframes\\hyperframes\\videos\\ban-an-802-2020-tphcm\\compositions\\scene-s29.html",
        "bbox": {
          "x": 0,
          "y": 0,
          "width": 0,
          "height": 0
        },
        "time": 0,
        "fixHint": "Shorten the earlier tween, move the later tween, or add `overwrite: \"auto\"`."
      },
      {
        "code": "gsap_timeline_set_initial_hide",
        "severity": "warning",
        "message": "Initial hidden state for \"#stamp-box\" is set via tl.set(...) at position 0 inside the paused timeline. A zero-duration set at 0 does not render while the playhead sits exactly at 0, so frame 0 shows the un-hidden state.",
        "selector": "#stamp-box",
        "dataAttributes": {},
        "sourceFile": "C:\\vox-style-xe-giay-v1-hyperframes\\hyperframes\\videos\\ban-an-802-2020-tphcm\\compositions\\scene-s32.html",
        "bbox": {
          "x": 0,
          "y": 0,
          "width": 0,
          "height": 0
        },
        "time": 0,
        "fixHint": "Use gsap.set(...) (immediate, outside the timeline) for initial states, or author the hidden state directly in CSS/attributes."
      },
      {
        "code": "gsap_timeline_set_initial_hide",
        "severity": "warning",
        "message": "Initial hidden state for \"#punch-banner\" is set via tl.set(...) at position 0 inside the paused timeline. A zero-duration set at 0 does not render while the playhead sits exactly at 0, so frame 0 shows the un-hidden state.",
        "selector": "#punch-banner",
        "dataAttributes": {},
        "sourceFile": "C:\\vox-style-xe-giay-v1-hyperframes\\hyperframes\\videos\\ban-an-802-2020-tphcm\\compositions\\scene-s32.html",
        "bbox": {
          "x": 0,
          "y": 0,
          "width": 0,
          "height": 0
        },
        "time": 0,
        "fixHint": "Use gsap.set(...) (immediate, outside the timeline) for initial states, or author the hidden state directly in CSS/attributes."
      },
      {
        "code": "gsap_timeline_set_initial_hide",
        "severity": "warning",
        "message": "Initial hidden state for \"#punch-sub\" is set via tl.set(...) at position 0 inside the paused timeline. A zero-duration set at 0 does not render while the playhead sits exactly at 0, so frame 0 shows the un-hidden state.",
        "selector": "#punch-sub",
        "dataAttributes": {},
        "sourceFile": "C:\\vox-style-xe-giay-v1-hyperframes\\hyperframes\\videos\\ban-an-802-2020-tphcm\\compositions\\scene-s32.html",
        "bbox": {
          "x": 0,
          "y": 0,
          "width": 0,
          "height": 0
        },
        "time": 0,
        "fixHint": "Use gsap.set(...) (immediate, outside the timeline) for initial states, or author the hidden state directly in CSS/attributes."
      },
      {
        "code": "gsap_timeline_set_initial_hide",
        "severity": "warning",
        "message": "Initial hidden state for \"#header-block, #step-1, #connector-1, #step-2, #connector-2, #step-3\" is set via tl.set(...) at position 0 inside the paused timeline. A zero-duration set at 0 does not render while the playhead sits exactly at 0, so frame 0 shows the un-hidden state.",
        "selector": "#header-block, #step-1, #connector-1, #step-2, #connector-2, #step-3",
        "dataAttributes": {},
        "sourceFile": "C:\\vox-style-xe-giay-v1-hyperframes\\hyperframes\\videos\\ban-an-802-2020-tphcm\\compositions\\scene-s34.html",
        "bbox": {
          "x": 0,
          "y": 0,
          "width": 0,
          "height": 0
        },
        "time": 0,
        "fixHint": "Use gsap.set(...) (immediate, outside the timeline) for initial states, or author the hidden state directly in CSS/attributes."
      },
      {
        "code": "gsap_timeline_set_initial_hide",
        "severity": "warning",
        "message": "Initial hidden state for \"#stamp-1, #stamp-2\" is set via tl.set(...) at position 0 inside the paused timeline. A zero-duration set at 0 does not render while the playhead sits exactly at 0, so frame 0 shows the un-hidden state.",
        "selector": "#stamp-1, #stamp-2",
        "dataAttributes": {},
        "sourceFile": "C:\\vox-style-xe-giay-v1-hyperframes\\hyperframes\\videos\\ban-an-802-2020-tphcm\\compositions\\scene-s34.html",
        "bbox": {
          "x": 0,
          "y": 0,
          "width": 0,
          "height": 0
        },
        "time": 0,
        "fixHint": "Use gsap.set(...) (immediate, outside the timeline) for initial states, or author the hidden state directly in CSS/attributes."
      },
      {
        "code": "gsap_timeline_set_initial_hide",
        "severity": "warning",
        "message": "Initial hidden state for \"#strike-line-1, #strike-line-2\" is set via tl.set(...) at position 0 inside the paused timeline. A zero-duration set at 0 does not render while the playhead sits exactly at 0, so frame 0 shows the un-hidden state.",
        "selector": "#strike-line-1, #strike-line-2",
        "dataAttributes": {},
        "sourceFile": "C:\\vox-style-xe-giay-v1-hyperframes\\hyperframes\\videos\\ban-an-802-2020-tphcm\\compositions\\scene-s34.html",
        "bbox": {
          "x": 0,
          "y": 0,
          "width": 0,
          "height": 0
        },
        "time": 0,
        "fixHint": "Use gsap.set(...) (immediate, outside the timeline) for initial states, or author the hidden state directly in CSS/attributes."
      },
      {
        "code": "composition_file_too_large",
        "severity": "warning",
        "message": "This HTML composition file has 306 lines. Smaller sub-compositions are easier to read, iterate on, and diff.",
        "selector": "[data-composition-id]",
        "dataAttributes": {},
        "sourceFile": "C:\\vox-style-xe-giay-v1-hyperframes\\hyperframes\\videos\\ban-an-802-2020-tphcm\\compositions\\scene-s36.html",
        "bbox": {
          "x": 0,
          "y": 0,
          "width": 0,
          "height": 0
        },
        "time": 0,
        "fixHint": "Split this sub-composition further into smaller .html files, then mount them from the parent with data-composition-src so each file stays small enough to inspect, revise, and validate independently."
      },
      {
        "code": "composition_file_too_large",
        "severity": "warning",
        "message": "This HTML composition file has 412 lines. Smaller sub-compositions are easier to read, iterate on, and diff.",
        "selector": "[data-composition-id]",
        "dataAttributes": {},
        "sourceFile": "C:\\vox-style-xe-giay-v1-hyperframes\\hyperframes\\videos\\ban-an-802-2020-tphcm\\compositions\\scene-s37.html",
        "bbox": {
          "x": 0,
          "y": 0,
          "width": 0,
          "height": 0
        },
        "time": 0,
        "fixHint": "Split this sub-composition further into smaller .html files, then mount them from the parent with data-composition-src so each file stays small enough to inspect, revise, and validate independently."
      },
      {
        "code": "composition_file_too_large",
        "severity": "warning",
        "message": "This HTML composition file has 330 lines. Smaller sub-compositions are easier to read, iterate on, and diff.",
        "selector": "[data-composition-id]",
        "dataAttributes": {},
        "sourceFile": "C:\\vox-style-xe-giay-v1-hyperframes\\hyperframes\\videos\\ban-an-802-2020-tphcm\\compositions\\scene-s38.html",
        "bbox": {
          "x": 0,
          "y": 0,
          "width": 0,
          "height": 0
        },
        "time": 0,
        "fixHint": "Split this sub-composition further into smaller .html files, then mount them from the parent with data-composition-src so each file stays small enough to inspect, revise, and validate independently."
      },
      {
        "code": "studio_missing_editable_id",
        "severity": "warning",
        "message": "<div data-start=\"0\"> has no id, so Studio cannot use a stable edit target for its timeline and canvas controls.",
        "selector": "[data-composition-id]",
        "dataAttributes": {},
        "sourceFile": "C:\\vox-style-xe-giay-v1-hyperframes\\hyperframes\\videos\\ban-an-802-2020-tphcm\\compositions\\scene-s40.html",
        "bbox": {
          "x": 0,
          "y": 0,
          "width": 0,
          "height": 0
        },
        "time": 0,
        "fixHint": "Add a stable, human-readable id such as id=\"hero-title\" or id=\"scene-1-card\" to every timeline-visible element you want agents or Studio to edit."
      },
      {
        "code": "gsap_repeated_fromto_without_baseline",
        "severity": "warning",
        "message": "5 tl.fromTo() calls target \"#scene-stage\" with no stable baseline. The last-authored fromTo \"from\" values become the element's resting state for any seek before the first tween actually runs, because GSAP applies fromTo from-values at authoring time (immediateRender), not at tween position.",
        "selector": "#scene-stage",
        "dataAttributes": {},
        "sourceFile": "C:\\vox-style-xe-giay-v1-hyperframes\\hyperframes\\videos\\ban-an-802-2020-tphcm\\compositions\\scene-s41.html",
        "bbox": {
          "x": 0,
          "y": 0,
          "width": 0,
          "height": 0
        },
        "time": 0,
        "fixHint": "Add `immediateRender: false` to the destination vars of each future fromTo, or set a safe resting state with an earlier `tl.set(\"#scene-stage\", { ... }, 0)`. Pre-first-tween seeks must not inherit whichever fromTo call happened to author last."
      },
      {
        "code": "composition_file_too_large",
        "severity": "warning",
        "message": "This HTML composition file has 331 lines. Smaller sub-compositions are easier to read, iterate on, and diff.",
        "selector": "[data-composition-id]",
        "dataAttributes": {},
        "sourceFile": "C:\\vox-style-xe-giay-v1-hyperframes\\hyperframes\\videos\\ban-an-802-2020-tphcm\\compositions\\scene-s41.html",
        "bbox": {
          "x": 0,
          "y": 0,
          "width": 0,
          "height": 0
        },
        "time": 0,
        "fixHint": "Split this sub-composition further into smaller .html files, then mount them from the parent with data-composition-src so each file stays small enough to inspect, revise, and validate independently."
      },
      {
        "code": "composition_file_too_large",
        "severity": "warning",
        "message": "This HTML composition file has 337 lines. Smaller sub-compositions are easier to read, iterate on, and diff.",
        "selector": "[data-composition-id]",
        "dataAttributes": {},
        "sourceFile": "C:\\vox-style-xe-giay-v1-hyperframes\\hyperframes\\videos\\ban-an-802-2020-tphcm\\compositions\\scene-s42.html",
        "bbox": {
          "x": 0,
          "y": 0,
          "width": 0,
          "height": 0
        },
        "time": 0,
        "fixHint": "Split this sub-composition further into smaller .html files, then mount them from the parent with data-composition-src so each file stays small enough to inspect, revise, and validate independently."
      }
    ],
    "filesScanned": 44
  },
  "runtime": {
    "ok": true,
    "errorCount": 0,
    "warningCount": 0,
    "infoCount": 0,
    "findings": []
  },
  "layout": {
    "ok": true,
    "errorCount": 0,
    "warningCount": 18,
    "infoCount": 30,
    "findings": [
      {
        "code": "container_overflow",
        "severity": "warning",
        "time": 18.132,
        "selector": "div.tape-accent",
        "message": "Element extends outside a clipping layout container.",
        "rect": {
          "left": 113.25,
          "top": 186.62,
          "right": 244.75,
          "bottom": 225.38,
          "width": 131.5,
          "height": 38.76
        },
        "containerSelector": "#hero-frame",
        "fixHint": "Resize/reposition the child or container, or mark intentional overflow with data-layout-allow-overflow.",
        "containerRect": {
          "left": 60,
          "top": 200,
          "right": 1020,
          "bottom": 1180,
          "width": 960,
          "height": 980
        },
        "overflow": {
          "top": 13.38
        },
        "dataAttributes": {},
        "sourceFile": "compositions/scene-s03.html",
        "bbox": {
          "x": 113.25,
          "y": 186.62,
          "width": 131.5,
          "height": 38.76
        },
        "firstSeen": 18.132,
        "lastSeen": 23.208,
        "occurrences": 3,
        "heldMs": 0
      },
      {
        "code": "container_overflow",
        "severity": "warning",
        "time": 42.008,
        "selector": "div.tape-corner.tape-tl",
        "message": "Element extends outside a clipping layout container.",
        "rect": {
          "left": 48.57,
          "top": 182.44,
          "right": 133.43,
          "bottom": 253.56,
          "width": 84.87,
          "height": 71.12
        },
        "containerSelector": "#photo-frame",
        "fixHint": "Resize/reposition the child or container, or mark intentional overflow with data-layout-allow-overflow.",
        "containerRect": {
          "left": 60,
          "top": 210,
          "right": 1020,
          "bottom": 1080,
          "width": 960,
          "height": 870
        },
        "overflow": {
          "left": 11.43,
          "top": 27.56
        },
        "dataAttributes": {},
        "sourceFile": "compositions/scene-s06.html",
        "bbox": {
          "x": 48.57,
          "y": 182.44,
          "width": 84.87,
          "height": 71.12
        },
        "firstSeen": 42.008,
        "lastSeen": 48.092,
        "occurrences": 3,
        "heldMs": 0
      },
      {
        "code": "container_overflow",
        "severity": "warning",
        "time": 42.008,
        "selector": "div.tape-corner.tape-tr",
        "message": "Element extends outside a clipping layout container.",
        "rect": {
          "left": 946.57,
          "top": 182.44,
          "right": 1031.43,
          "bottom": 253.56,
          "width": 84.87,
          "height": 71.12
        },
        "containerSelector": "#photo-frame",
        "fixHint": "Resize/reposition the child or container, or mark intentional overflow with data-layout-allow-overflow.",
        "containerRect": {
          "left": 60,
          "top": 210,
          "right": 1020,
          "bottom": 1080,
          "width": 960,
          "height": 870
        },
        "overflow": {
          "right": 11.43,
          "top": 27.56
        },
        "dataAttributes": {},
        "sourceFile": "compositions/scene-s06.html",
        "bbox": {
          "x": 946.57,
          "y": 182.44,
          "width": 84.87,
          "height": 71.12
        },
        "firstSeen": 42.008,
        "lastSeen": 48.092,
        "occurrences": 3,
        "heldMs": 0
      },
      {
        "code": "connector_orphan",
        "severity": "warning",
        "time": 64.61,
        "selector": "#path-straight-lead",
        "message": "Connector shaft is visible while its endpoint #step2 is not on stage.",
        "rect": {
          "left": 540,
          "top": 600,
          "right": 540,
          "bottom": 760,
          "width": 0,
          "height": 160
        },
        "containerSelector": "svg.flow-svg",
        "fixHint": "Show the shaft only after both ends are on, and hide it with the earlier exit. Do not give the line its own clock.",
        "dataAttributes": {},
        "sourceFile": "compositions/scene-s08.html",
        "bbox": {
          "x": 540,
          "y": 600,
          "width": 0,
          "height": 160
        },
        "firstSeen": 64.61,
        "lastSeen": 67.46,
        "occurrences": 2,
        "heldMs": 0
      },
      {
        "code": "connector_orphan",
        "severity": "warning",
        "time": 64.61,
        "selector": "#path-turn-right",
        "message": "Connector shaft is visible while both endpoints are not on stage.",
        "rect": {
          "left": 540,
          "top": 760,
          "right": 780,
          "bottom": 760,
          "width": 240,
          "height": 0
        },
        "containerSelector": "svg.flow-svg",
        "fixHint": "Show the shaft only after both ends are on, and hide it with the earlier exit. Do not give the line its own clock.",
        "dataAttributes": {},
        "sourceFile": "compositions/scene-s08.html",
        "bbox": {
          "x": 540,
          "y": 760,
          "width": 240,
          "height": 0
        },
        "firstSeen": 64.61,
        "lastSeen": 67.46,
        "occurrences": 2,
        "heldMs": 0
      },
      {
        "code": "connector_orphan",
        "severity": "warning",
        "time": 64.61,
        "selector": "#path-ghost-old",
        "message": "Connector shaft is visible while both endpoints are not on stage.",
        "rect": {
          "left": 540,
          "top": 760,
          "right": 540,
          "bottom": 920,
          "width": 0,
          "height": 160
        },
        "containerSelector": "svg.flow-svg",
        "fixHint": "Show the shaft only after both ends are on, and hide it with the earlier exit. Do not give the line its own clock.",
        "dataAttributes": {},
        "sourceFile": "compositions/scene-s08.html",
        "bbox": {
          "x": 540,
          "y": 760,
          "width": 0,
          "height": 160
        },
        "firstSeen": 64.61,
        "lastSeen": 67.46,
        "occurrences": 2,
        "heldMs": 0
      },
      {
        "code": "container_overflow",
        "severity": "warning",
        "time": 83.962,
        "selector": "div.collage-tape",
        "message": "Element extends outside a clipping layout container.",
        "rect": {
          "left": 884.24,
          "top": 208.14,
          "right": 995.76,
          "bottom": 245.86,
          "width": 111.52,
          "height": 37.71
        },
        "containerSelector": "#photo-frame",
        "fixHint": "Resize/reposition the child or container, or mark intentional overflow with data-layout-allow-overflow.",
        "containerRect": {
          "left": 50,
          "top": 220,
          "right": 1030,
          "bottom": 1360,
          "width": 980,
          "height": 1140
        },
        "overflow": {
          "top": 11.86
        },
        "dataAttributes": {},
        "sourceFile": "compositions/scene-s10.html",
        "bbox": {
          "x": 884.24,
          "y": 208.14,
          "width": 111.52,
          "height": 37.71
        },
        "firstSeen": 83.962,
        "lastSeen": 90.298,
        "occurrences": 3,
        "heldMs": 0
      },
      {
        "code": "connector_orphan",
        "severity": "warning",
        "time": 134.274,
        "selector": "#wire-knot",
        "message": "Connector shaft is visible while both endpoints are not on stage.",
        "rect": {
          "left": 231.43,
          "top": 640.48,
          "right": 714.2,
          "bottom": 759.93,
          "width": 482.77,
          "height": 119.45
        },
        "containerSelector": "#svg-canvas",
        "fixHint": "Show the shaft only after both ends are on, and hide it with the earlier exit. Do not give the line its own clock.",
        "dataAttributes": {},
        "sourceFile": "compositions/scene-s16.html",
        "bbox": {
          "x": 231.43,
          "y": 640.48,
          "width": 482.77,
          "height": 119.45
        },
        "firstSeen": 134.274,
        "lastSeen": 138.636,
        "occurrences": 3,
        "heldMs": 0
      },
      {
        "code": "rotation_pivot_drift",
        "severity": "warning",
        "time": 151.862,
        "selector": "#flap-left",
        "dataAttributes": {},
        "sourceFile": "index.html",
        "bbox": {
          "x": 152.91000000000003,
          "y": 645.1999999999999,
          "width": 193.6,
          "height": 57.2
        },
        "rect": {
          "left": 152.91000000000003,
          "top": 645.1999999999999,
          "right": 346.51,
          "bottom": 702.4,
          "width": 193.6,
          "height": 57.2
        },
        "message": "Rotating element's bounding-box center drifts 171px across rotation — it is not spinning about its own center (check transformOrigin/svgOrigin).",
        "fixHint": "The bounding-box center should stay fixed while the element spins; check its transformOrigin/svgOrigin so rotation pivots about the element's own center rather than a point in a coordinate space it was resized out of.",
        "firstSeen": 151.862,
        "lastSeen": 151.862,
        "occurrences": 1,
        "heldMs": 0
      },
      {
        "code": "rotation_pivot_drift",
        "severity": "warning",
        "time": 151.862,
        "selector": "#flap-right",
        "dataAttributes": {},
        "sourceFile": "index.html",
        "bbox": {
          "x": 346.51,
          "y": 645.1999999999999,
          "width": 193.6,
          "height": 57.2
        },
        "rect": {
          "left": 346.51,
          "top": 645.1999999999999,
          "right": 540.11,
          "bottom": 702.4,
          "width": 193.6,
          "height": 57.2
        },
        "message": "Rotating element's bounding-box center drifts 365px across rotation — it is not spinning about its own center (check transformOrigin/svgOrigin).",
        "fixHint": "The bounding-box center should stay fixed while the element spins; check its transformOrigin/svgOrigin so rotation pivots about the element's own center rather than a point in a coordinate space it was resized out of.",
        "firstSeen": 151.862,
        "lastSeen": 151.862,
        "occurrences": 1,
        "heldMs": 0
      },
      {
        "code": "connector_orphan",
        "severity": "warning",
        "time": 289.51,
        "selector": "#return-arrow",
        "message": "Connector shaft is visible while both endpoints are not on stage.",
        "rect": {
          "left": 185,
          "top": 917.5,
          "right": 265,
          "bottom": 917.5,
          "width": 80,
          "height": 0
        },
        "containerSelector": "div.illustration-box > svg:nth-of-type(1)",
        "fixHint": "Show the shaft only after both ends are on, and hide it with the earlier exit. Do not give the line its own clock.",
        "dataAttributes": {},
        "sourceFile": "compositions/scene-s36.html",
        "bbox": {
          "x": 185,
          "y": 917.5,
          "width": 80,
          "height": 0
        },
        "firstSeen": 289.51,
        "lastSeen": 291.352,
        "occurrences": 2,
        "heldMs": 0
      },
      {
        "code": "container_overflow",
        "severity": "warning",
        "time": 303.236,
        "selector": "#path-ghen",
        "message": "Element extends outside a clipping layout container.",
        "rect": {
          "left": 320,
          "top": 990,
          "right": 450,
          "bottom": 1070,
          "width": 130,
          "height": 80
        },
        "containerSelector": "#connector-svg",
        "fixHint": "Resize/reposition the child or container, or mark intentional overflow with data-layout-allow-overflow.",
        "containerRect": {
          "left": 0,
          "top": 360,
          "right": 1080,
          "bottom": 880,
          "width": 1080,
          "height": 520
        },
        "overflow": {
          "bottom": 190
        },
        "dataAttributes": {},
        "sourceFile": "compositions/scene-s38.html",
        "bbox": {
          "x": 320,
          "y": 990,
          "width": 130,
          "height": 80
        },
        "firstSeen": 303.236,
        "lastSeen": 308.744,
        "occurrences": 3,
        "heldMs": 0
      },
      {
        "code": "container_overflow",
        "severity": "warning",
        "time": 303.236,
        "selector": "#path-nghi",
        "message": "Element extends outside a clipping layout container.",
        "rect": {
          "left": 630,
          "top": 990,
          "right": 760,
          "bottom": 1070,
          "width": 130,
          "height": 80
        },
        "containerSelector": "#connector-svg",
        "fixHint": "Resize/reposition the child or container, or mark intentional overflow with data-layout-allow-overflow.",
        "containerRect": {
          "left": 0,
          "top": 360,
          "right": 1080,
          "bottom": 880,
          "width": 1080,
          "height": 520
        },
        "overflow": {
          "bottom": 190
        },
        "dataAttributes": {},
        "sourceFile": "compositions/scene-s38.html",
        "bbox": {
          "x": 630,
          "y": 990,
          "width": 130,
          "height": 80
        },
        "firstSeen": 303.236,
        "lastSeen": 308.744,
        "occurrences": 3,
        "heldMs": 0
      },
      {
        "code": "connector_orphan",
        "severity": "warning",
        "time": 303.236,
        "selector": "#path-buon",
        "message": "Connector shaft is visible while its endpoint #step2 is not on stage.",
        "rect": {
          "left": 320,
          "top": 820,
          "right": 450,
          "bottom": 870,
          "width": 130,
          "height": 50
        },
        "containerSelector": "#connector-svg",
        "fixHint": "Show the shaft only after both ends are on, and hide it with the earlier exit. Do not give the line its own clock.",
        "dataAttributes": {},
        "sourceFile": "compositions/scene-s38.html",
        "bbox": {
          "x": 320,
          "y": 820,
          "width": 130,
          "height": 50
        },
        "firstSeen": 303.236,
        "lastSeen": 308.744,
        "occurrences": 3,
        "heldMs": 0
      },
      {
        "code": "connector_orphan",
        "severity": "warning",
        "time": 303.236,
        "selector": "#path-tiec",
        "message": "Connector shaft is visible while its endpoint #step2 is not on stage.",
        "rect": {
          "left": 630,
          "top": 820,
          "right": 760,
          "bottom": 870,
          "width": 130,
          "height": 50
        },
        "containerSelector": "#connector-svg",
        "fixHint": "Show the shaft only after both ends are on, and hide it with the earlier exit. Do not give the line its own clock.",
        "dataAttributes": {},
        "sourceFile": "compositions/scene-s38.html",
        "bbox": {
          "x": 630,
          "y": 820,
          "width": 130,
          "height": 50
        },
        "firstSeen": 303.236,
        "lastSeen": 308.744,
        "occurrences": 3,
        "heldMs": 0
      },
      {
        "code": "connector_orphan",
        "severity": "warning",
        "time": 303.236,
        "selector": "#path-ghen",
        "message": "Connector shaft is visible while both endpoints are not on stage.",
        "rect": {
          "left": 320,
          "top": 990,
          "right": 450,
          "bottom": 1070,
          "width": 130,
          "height": 80
        },
        "containerSelector": "#connector-svg",
        "fixHint": "Show the shaft only after both ends are on, and hide it with the earlier exit. Do not give the line its own clock.",
        "dataAttributes": {},
        "sourceFile": "compositions/scene-s38.html",
        "bbox": {
          "x": 320,
          "y": 990,
          "width": 130,
          "height": 80
        },
        "firstSeen": 303.236,
        "lastSeen": 308.744,
        "occurrences": 3,
        "heldMs": 0
      },
      {
        "code": "connector_orphan",
        "severity": "warning",
        "time": 303.236,
        "selector": "#path-nghi",
        "message": "Connector shaft is visible while both endpoints are not on stage.",
        "rect": {
          "left": 630,
          "top": 990,
          "right": 760,
          "bottom": 1070,
          "width": 130,
          "height": 80
        },
        "containerSelector": "#connector-svg",
        "fixHint": "Show the shaft only after both ends are on, and hide it with the earlier exit. Do not give the line its own clock.",
        "dataAttributes": {},
        "sourceFile": "compositions/scene-s38.html",
        "bbox": {
          "x": 630,
          "y": 990,
          "width": 130,
          "height": 80
        },
        "firstSeen": 303.236,
        "lastSeen": 308.744,
        "occurrences": 3,
        "heldMs": 0
      },
      {
        "code": "content_overlap",
        "severity": "warning",
        "time": 334.705,
        "selector": "div.steps-container > div:nth-of-type(3) > div:nth-of-type(1) > span:nth-of-type(1)",
        "message": "Two text blocks overlap and may render unreadable.",
        "rect": {
          "left": 231.27,
          "top": 650.94,
          "right": 240.62,
          "bottom": 671.61,
          "width": 9.35,
          "height": 20.67
        },
        "containerSelector": "div.steps-container > div:nth-of-type(3) > div:nth-of-type(2)",
        "text": "▪",
        "fixHint": "Give each block its own zone, or mark intentional layering with data-layout-allow-overlap.",
        "dataAttributes": {},
        "sourceFile": "compositions/scene-s41.html",
        "bbox": {
          "x": 231.27,
          "y": 650.94,
          "width": 9.35,
          "height": 20.67
        },
        "firstSeen": 334.705,
        "lastSeen": 334.786,
        "occurrences": 2,
        "heldMs": 81.00000000001728
      },
      {
        "code": "container_overflow",
        "severity": "info",
        "time": 20.67,
        "selector": "#hero-img",
        "message": "Element extends outside a clipping layout container.",
        "rect": {
          "left": 52.1,
          "top": 191.85,
          "right": 1027.9,
          "bottom": 1188.15,
          "width": 975.8,
          "height": 996.3
        },
        "containerSelector": "#hero-frame",
        "fixHint": "Resize/reposition the child or container, or mark intentional overflow with data-layout-allow-overflow.",
        "containerRect": {
          "left": 60,
          "top": 200,
          "right": 1020,
          "bottom": 1180,
          "width": 960,
          "height": 980
        },
        "overflow": {
          "left": 7.9,
          "right": 7.9,
          "top": 8.15,
          "bottom": 8.15
        },
        "dataAttributes": {
          "data-hf-authored-opacity": ""
        },
        "sourceFile": "compositions/scene-s03.html",
        "bbox": {
          "x": 52.1,
          "y": 191.85,
          "width": 975.8,
          "height": 996.3
        },
        "firstSeen": 20.67,
        "lastSeen": 20.67,
        "occurrences": 1,
        "heldMs": 0
      },
      {
        "code": "container_overflow",
        "severity": "info",
        "time": 23.208,
        "selector": "#hero-img",
        "message": "Element extends outside a clipping layout container.",
        "rect": {
          "left": 44.96,
          "top": 184.56,
          "right": 1035.04,
          "bottom": 1195.44,
          "width": 990.08,
          "height": 1010.88
        },
        "containerSelector": "#hero-frame",
        "fixHint": "Resize/reposition the child or container, or mark intentional overflow with data-layout-allow-overflow.",
        "containerRect": {
          "left": 60,
          "top": 200,
          "right": 1020,
          "bottom": 1180,
          "width": 960,
          "height": 980
        },
        "overflow": {
          "left": 15.04,
          "right": 15.04,
          "top": 15.44,
          "bottom": 15.44
        },
        "dataAttributes": {
          "data-hf-authored-opacity": ""
        },
        "sourceFile": "compositions/scene-s03.html",
        "bbox": {
          "x": 44.96,
          "y": 184.56,
          "width": 990.08,
          "height": 1010.88
        },
        "firstSeen": 23.208,
        "lastSeen": 23.208,
        "occurrences": 1,
        "heldMs": 0
      },
      {
        "code": "connector_orphan",
        "severity": "info",
        "time": 67.46,
        "selector": "#path-turn-down",
        "message": "Connector shaft is visible while its endpoint #step3 is not on stage.",
        "rect": {
          "left": 540,
          "top": 760,
          "right": 780,
          "bottom": 1000,
          "width": 240,
          "height": 240
        },
        "containerSelector": "svg.flow-svg",
        "fixHint": "Show the shaft only after both ends are on, and hide it with the earlier exit. Do not give the line its own clock.",
        "dataAttributes": {},
        "sourceFile": "compositions/scene-s08.html",
        "bbox": {
          "x": 540,
          "y": 760,
          "width": 240,
          "height": 240
        },
        "firstSeen": 67.46,
        "lastSeen": 67.46,
        "occurrences": 1,
        "heldMs": 0
      },
      {
        "code": "container_overflow",
        "severity": "info",
        "time": 71.858,
        "selector": "#hero-img",
        "message": "Element extends outside a clipping layout container.",
        "rect": {
          "left": -2.38,
          "top": 8.33,
          "right": 1082.38,
          "bottom": 1936.77,
          "width": 1084.75,
          "height": 1928.45
        },
        "containerSelector": "#camera-layer",
        "fixHint": "Resize/reposition the child or container, or mark intentional overflow with data-layout-allow-overflow.",
        "containerRect": {
          "left": 0,
          "top": 0,
          "right": 1080,
          "bottom": 1920,
          "width": 1080,
          "height": 1920
        },
        "overflow": {
          "left": 2.38,
          "right": 2.38,
          "bottom": 16.77
        },
        "dataAttributes": {
          "data-hf-authored-opacity": ""
        },
        "sourceFile": "compositions/scene-s03.html",
        "bbox": {
          "x": -2.38,
          "y": 8.33,
          "width": 1084.75,
          "height": 1928.45
        },
        "firstSeen": 71.858,
        "lastSeen": 71.858,
        "occurrences": 1,
        "heldMs": 0
      },
      {
        "code": "container_overflow",
        "severity": "info",
        "time": 75.605,
        "selector": "#hero-img",
        "message": "Element extends outside a clipping layout container.",
        "rect": {
          "left": -7.56,
          "top": -17.17,
          "right": 1087.56,
          "bottom": 1929.71,
          "width": 1095.12,
          "height": 1946.88
        },
        "containerSelector": "#camera-layer",
        "fixHint": "Resize/reposition the child or container, or mark intentional overflow with data-layout-allow-overflow.",
        "containerRect": {
          "left": 0,
          "top": 0,
          "right": 1080,
          "bottom": 1920,
          "width": 1080,
          "height": 1920
        },
        "overflow": {
          "left": 7.56,
          "right": 7.56,
          "top": 17.17,
          "bottom": 9.71
        },
        "dataAttributes": {
          "data-hf-authored-opacity": ""
        },
        "sourceFile": "compositions/scene-s03.html",
        "bbox": {
          "x": -7.56,
          "y": -17.17,
          "width": 1095.12,
          "height": 1946.88
        },
        "firstSeen": 75.605,
        "lastSeen": 75.605,
        "occurrences": 1,
        "heldMs": 0
      },
      {
        "code": "container_overflow",
        "severity": "info",
        "time": 79.352,
        "selector": "#hero-img",
        "message": "Element extends outside a clipping layout container.",
        "rect": {
          "left": -12.74,
          "top": -42.54,
          "right": 1092.74,
          "bottom": 1922.77,
          "width": 1105.49,
          "height": 1965.31
        },
        "containerSelector": "#camera-layer",
        "fixHint": "Resize/reposition the child or container, or mark intentional overflow with data-layout-allow-overflow.",
        "containerRect": {
          "left": 0,
          "top": 0,
          "right": 1080,
          "bottom": 1920,
          "width": 1080,
          "height": 1920
        },
        "overflow": {
          "left": 12.74,
          "right": 12.74,
          "top": 42.54,
          "bottom": 2.77
        },
        "dataAttributes": {
          "data-hf-authored-opacity": ""
        },
        "sourceFile": "compositions/scene-s03.html",
        "bbox": {
          "x": -12.74,
          "y": -42.54,
          "width": 1105.49,
          "height": 1965.31
        },
        "firstSeen": 79.352,
        "lastSeen": 79.352,
        "occurrences": 1,
        "heldMs": 0
      },
      {
        "code": "container_overflow",
        "severity": "info",
        "time": 83.962,
        "selector": "#hero-img",
        "message": "Element extends outside a clipping layout container.",
        "rect": {
          "left": 35.84,
          "top": 223,
          "right": 1204.63,
          "bottom": 1357,
          "width": 1168.8,
          "height": 1134
        },
        "containerSelector": "#photo-frame",
        "fixHint": "Resize/reposition the child or container, or mark intentional overflow with data-layout-allow-overflow.",
        "containerRect": {
          "left": 50,
          "top": 220,
          "right": 1030,
          "bottom": 1360,
          "width": 980,
          "height": 1140
        },
        "overflow": {
          "left": 14.16,
          "right": 174.63
        },
        "dataAttributes": {
          "data-hf-authored-opacity": ""
        },
        "sourceFile": "compositions/scene-s03.html",
        "bbox": {
          "x": 35.84,
          "y": 223,
          "width": 1168.8,
          "height": 1134
        },
        "firstSeen": 83.962,
        "lastSeen": 83.962,
        "occurrences": 1,
        "heldMs": 0
      },
      {
        "code": "container_overflow",
        "severity": "info",
        "time": 87.13,
        "selector": "#hero-img",
        "message": "Element extends outside a clipping layout container.",
        "rect": {
          "left": 8.43,
          "top": 223,
          "right": 1177.23,
          "bottom": 1357,
          "width": 1168.8,
          "height": 1134
        },
        "containerSelector": "#photo-frame",
        "fixHint": "Resize/reposition the child or container, or mark intentional overflow with data-layout-allow-overflow.",
        "containerRect": {
          "left": 50,
          "top": 220,
          "right": 1030,
          "bottom": 1360,
          "width": 980,
          "height": 1140
        },
        "overflow": {
          "left": 41.57,
          "right": 147.23
        },
        "dataAttributes": {
          "data-hf-authored-opacity": ""
        },
        "sourceFile": "compositions/scene-s03.html",
        "bbox": {
          "x": 8.43,
          "y": 223,
          "width": 1168.8,
          "height": 1134
        },
        "firstSeen": 87.13,
        "lastSeen": 87.13,
        "occurrences": 1,
        "heldMs": 0
      },
      {
        "code": "container_overflow",
        "severity": "info",
        "time": 90.298,
        "selector": "#hero-img",
        "message": "Element extends outside a clipping layout container.",
        "rect": {
          "left": -18.97,
          "top": 223,
          "right": 1149.83,
          "bottom": 1357,
          "width": 1168.8,
          "height": 1134
        },
        "containerSelector": "#photo-frame",
        "fixHint": "Resize/reposition the child or container, or mark intentional overflow with data-layout-allow-overflow.",
        "containerRect": {
          "left": 50,
          "top": 220,
          "right": 1030,
          "bottom": 1360,
          "width": 980,
          "height": 1140
        },
        "overflow": {
          "left": 68.97,
          "right": 119.83
        },
        "dataAttributes": {
          "data-hf-authored-opacity": ""
        },
        "sourceFile": "compositions/scene-s03.html",
        "bbox": {
          "x": -18.97,
          "y": 223,
          "width": 1168.8,
          "height": 1134
        },
        "firstSeen": 90.298,
        "lastSeen": 90.298,
        "occurrences": 1,
        "heldMs": 0
      },
      {
        "code": "container_overflow",
        "severity": "info",
        "time": 112.328,
        "selector": "#hero-image",
        "message": "Element extends outside a clipping layout container.",
        "rect": {
          "left": 53.32,
          "top": 168.57,
          "right": 1026.68,
          "bottom": 1594.27,
          "width": 973.35,
          "height": 1425.7
        },
        "containerSelector": "#media-frame",
        "fixHint": "Resize/reposition the child or container, or mark intentional overflow with data-layout-allow-overflow.",
        "containerRect": {
          "left": 54,
          "top": 180,
          "right": 1026,
          "bottom": 1600,
          "width": 972,
          "height": 1420
        },
        "overflow": {
          "top": 11.43
        },
        "dataAttributes": {
          "data-hf-authored-opacity": ""
        },
        "sourceFile": "compositions/scene-s13.html",
        "bbox": {
          "x": 53.32,
          "y": 168.57,
          "width": 973.35,
          "height": 1425.7
        },
        "firstSeen": 112.328,
        "lastSeen": 112.328,
        "occurrences": 1,
        "heldMs": 0
      },
      {
        "code": "container_overflow",
        "severity": "info",
        "time": 113.93,
        "selector": "#hero-image",
        "message": "Element extends outside a clipping layout container.",
        "rect": {
          "left": 46.09,
          "top": 144.76,
          "right": 1033.91,
          "bottom": 1591.63,
          "width": 987.81,
          "height": 1446.88
        },
        "containerSelector": "#media-frame",
        "fixHint": "Resize/reposition the child or container, or mark intentional overflow with data-layout-allow-overflow.",
        "containerRect": {
          "left": 54,
          "top": 180,
          "right": 1026,
          "bottom": 1600,
          "width": 972,
          "height": 1420
        },
        "overflow": {
          "left": 7.91,
          "right": 7.91,
          "top": 35.24
        },
        "dataAttributes": {
          "data-hf-authored-opacity": ""
        },
        "sourceFile": "compositions/scene-s13.html",
        "bbox": {
          "x": 46.09,
          "y": 144.76,
          "width": 987.81,
          "height": 1446.88
        },
        "firstSeen": 113.93,
        "lastSeen": 113.93,
        "occurrences": 1,
        "heldMs": 0
      },
      {
        "code": "container_overflow",
        "severity": "info",
        "time": 115.532,
        "selector": "#hero-image",
        "message": "Element extends outside a clipping layout container.",
        "rect": {
          "left": 38.86,
          "top": 120.94,
          "right": 1041.14,
          "bottom": 1589,
          "width": 1002.27,
          "height": 1468.06
        },
        "containerSelector": "#media-frame",
        "fixHint": "Resize/reposition the child or container, or mark intentional overflow with data-layout-allow-overflow.",
        "containerRect": {
          "left": 54,
          "top": 180,
          "right": 1026,
          "bottom": 1600,
          "width": 972,
          "height": 1420
        },
        "overflow": {
          "left": 15.14,
          "right": 15.14,
          "top": 59.06
        },
        "dataAttributes": {
          "data-hf-authored-opacity": ""
        },
        "sourceFile": "compositions/scene-s13.html",
        "bbox": {
          "x": 38.86,
          "y": 120.94,
          "width": 1002.27,
          "height": 1468.06
        },
        "firstSeen": 115.532,
        "lastSeen": 115.532,
        "occurrences": 1,
        "heldMs": 0
      },
      {
        "code": "connector_orphan",
        "severity": "info",
        "time": 120.75,
        "selector": "#phone-connector",
        "message": "Connector shaft is visible while its endpoint #step3 is not on stage.",
        "rect": {
          "left": 540,
          "top": 433.4,
          "right": 540,
          "bottom": 1059.8,
          "width": 0,
          "height": 626.4
        },
        "containerSelector": "#kinetic-svg",
        "fixHint": "Show the shaft only after both ends are on, and hide it with the earlier exit. Do not give the line its own clock.",
        "dataAttributes": {},
        "sourceFile": "compositions/scene-s14.html",
        "bbox": {
          "x": 540,
          "y": 433.4,
          "width": 0,
          "height": 626.4
        },
        "firstSeen": 120.75,
        "lastSeen": 120.75,
        "occurrences": 1,
        "heldMs": 0
      },
      {
        "code": "connector_detached",
        "severity": "info",
        "time": 123.24,
        "selector": "#force-arrow",
        "message": "Connector path endpoints render 66px from the nearest anchorable element, but the path's user-space coordinates would attach if read as screen pixels — screen/viewport numbers were likely written into SVG `d` without inverting the CTM.",
        "rect": {
          "left": 145.3,
          "top": 363.29,
          "right": 970.16,
          "bottom": 1672.59,
          "width": 824.86,
          "height": 1309.3
        },
        "containerSelector": "#kinetic-svg",
        "fixHint": "Convert measured screen coordinates into the SVG's user space (subtract the SVG rect / invert getScreenCTM) before writing path `d`, and keep the SVG a direct child of the stage.",
        "dataAttributes": {},
        "sourceFile": "compositions/scene-s14.html",
        "bbox": {
          "x": 145.3,
          "y": 363.29,
          "width": 824.86,
          "height": 1309.3
        },
        "firstSeen": 123.24,
        "lastSeen": 123.24,
        "occurrences": 1,
        "heldMs": 0
      },
      {
        "code": "connector_orphan",
        "severity": "info",
        "time": 123.24,
        "selector": "#force-arrow",
        "message": "Connector shaft is visible while its endpoint #step1 is not on stage.",
        "rect": {
          "left": 145.3,
          "top": 363.29,
          "right": 970.16,
          "bottom": 1672.59,
          "width": 824.86,
          "height": 1309.3
        },
        "containerSelector": "#kinetic-svg",
        "fixHint": "Show the shaft only after both ends are on, and hide it with the earlier exit. Do not give the line its own clock.",
        "dataAttributes": {},
        "sourceFile": "compositions/scene-s14.html",
        "bbox": {
          "x": 145.3,
          "y": 363.29,
          "width": 824.86,
          "height": 1309.3
        },
        "firstSeen": 123.24,
        "lastSeen": 123.24,
        "occurrences": 1,
        "heldMs": 0
      },
      {
        "code": "container_overflow",
        "severity": "info",
        "time": 141.598,
        "selector": "#rope-loop",
        "message": "Element extends outside a clipping layout container.",
        "rect": {
          "left": 418.61,
          "top": 408.88,
          "right": 661.39,
          "bottom": 785.18,
          "width": 242.78,
          "height": 376.31
        },
        "containerSelector": "svg.rope-svg",
        "fixHint": "Resize/reposition the child or container, or mark intentional overflow with data-layout-allow-overflow.",
        "containerRect": {
          "left": 360,
          "top": 412.31,
          "right": 720,
          "bottom": 792.31,
          "width": 360,
          "height": 380
        },
        "overflow": {
          "top": 3.43
        },
        "dataAttributes": {
          "data-svg-origin": "150 175"
        },
        "sourceFile": "compositions/scene-s17.html",
        "bbox": {
          "x": 418.61,
          "y": 408.88,
          "width": 242.78,
          "height": 376.31
        },
        "firstSeen": 141.598,
        "lastSeen": 141.598,
        "occurrences": 1,
        "heldMs": 0
      },
      {
        "code": "content_overlap",
        "severity": "info",
        "time": 144.804,
        "selector": "#ecg-status-1",
        "message": "Two text blocks overlap and may render unreadable.",
        "rect": {
          "left": 809.19,
          "top": 855,
          "right": 981,
          "bottom": 878,
          "width": 171.81,
          "height": 23
        },
        "containerSelector": "#ecg-status-2",
        "text": "ĐANG NGHẸT THỞ",
        "fixHint": "Give each block its own zone, or mark intentional layering with data-layout-allow-overlap.",
        "dataAttributes": {},
        "sourceFile": "compositions/scene-s17.html",
        "bbox": {
          "x": 809.19,
          "y": 855,
          "width": 171.81,
          "height": 23
        },
        "firstSeen": 144.804,
        "lastSeen": 144.804,
        "occurrences": 1,
        "heldMs": 0
      },
      {
        "code": "container_overflow",
        "severity": "info",
        "time": 148.688,
        "selector": "#flap-left",
        "message": "Element extends outside a clipping layout container.",
        "rect": {
          "left": 266.26,
          "top": 538.37,
          "right": 483.75,
          "bottom": 717.8,
          "width": 217.5,
          "height": 179.43
        },
        "containerSelector": "div.carton-box > svg:nth-of-type(1)",
        "fixHint": "Resize/reposition the child or container, or mark intentional overflow with data-layout-allow-overflow.",
        "containerRect": {
          "left": 300,
          "top": 600,
          "right": 780,
          "bottom": 980,
          "width": 480,
          "height": 380
        },
        "overflow": {
          "left": 33.74,
          "top": 61.63
        },
        "dataAttributes": {
          "data-svg-origin": "40 135"
        },
        "sourceFile": "compositions/scene-s18.html",
        "bbox": {
          "x": 266.26,
          "y": 538.37,
          "width": 217.5,
          "height": 179.43
        },
        "firstSeen": 148.688,
        "lastSeen": 148.688,
        "occurrences": 1,
        "heldMs": 0
      },
      {
        "code": "container_overflow",
        "severity": "info",
        "time": 148.688,
        "selector": "#flap-right",
        "message": "Element extends outside a clipping layout container.",
        "rect": {
          "left": 643.27,
          "top": 389.24,
          "right": 860.76,
          "bottom": 568.67,
          "width": 217.5,
          "height": 179.43
        },
        "containerSelector": "div.carton-box > svg:nth-of-type(1)",
        "fixHint": "Resize/reposition the child or container, or mark intentional overflow with data-layout-allow-overflow.",
        "containerRect": {
          "left": 300,
          "top": 600,
          "right": 780,
          "bottom": 980,
          "width": 480,
          "height": 380
        },
        "overflow": {
          "right": 80.76,
          "top": 210.76
        },
        "dataAttributes": {
          "data-svg-origin": "700 135"
        },
        "sourceFile": "compositions/scene-s18.html",
        "bbox": {
          "x": 643.27,
          "y": 389.24,
          "width": 217.5,
          "height": 179.43
        },
        "firstSeen": 148.688,
        "lastSeen": 148.688,
        "occurrences": 1,
        "heldMs": 0
      },
      {
        "code": "connector_orphan",
        "severity": "info",
        "time": 151.862,
        "selector": "#escape-arrow-path",
        "message": "Connector shaft is visible while its endpoint #step2 is not on stage.",
        "rect": {
          "left": 286.51,
          "top": 880,
          "right": 806.51,
          "bottom": 880,
          "width": 520,
          "height": 0
        },
        "containerSelector": "#escape-group > svg:nth-of-type(1)",
        "fixHint": "Show the shaft only after both ends are on, and hide it with the earlier exit. Do not give the line its own clock.",
        "dataAttributes": {
          "data-svg-origin": "640 680"
        },
        "sourceFile": "compositions/scene-s18.html",
        "bbox": {
          "x": 286.51,
          "y": 880,
          "width": 520,
          "height": 0
        },
        "firstSeen": 151.862,
        "lastSeen": 151.862,
        "occurrences": 1,
        "heldMs": 0
      },
      {
        "code": "container_overflow",
        "severity": "info",
        "time": 166.732,
        "selector": "div.card-body",
        "message": "Element extends outside a clipping layout container.",
        "rect": {
          "left": 105,
          "top": 883,
          "right": 1017.84,
          "bottom": 1117,
          "width": 912.84,
          "height": 234
        },
        "containerSelector": "#card-3",
        "fixHint": "Resize/reposition the child or container, or mark intentional overflow with data-layout-allow-overflow.",
        "containerRect": {
          "left": 80,
          "top": 880,
          "right": 1000,
          "bottom": 1120,
          "width": 920,
          "height": 240
        },
        "overflow": {
          "right": 17.84
        },
        "dataAttributes": {},
        "sourceFile": "compositions/scene-s20.html",
        "bbox": {
          "x": 105,
          "y": 883,
          "width": 912.84,
          "height": 234
        },
        "firstSeen": 166.732,
        "lastSeen": 166.732,
        "occurrences": 1,
        "heldMs": 0
      },
      {
        "code": "container_overflow",
        "severity": "info",
        "time": 177.138,
        "selector": "#camera-rig",
        "message": "Element extends outside a clipping layout container.",
        "rect": {
          "left": -5.94,
          "top": -9.5,
          "right": 1085.94,
          "bottom": 1931.62,
          "width": 1091.88,
          "height": 1941.12
        },
        "containerSelector": "#slot-scene-s22 > div:nth-of-type(1)",
        "fixHint": "Resize/reposition the child or container, or mark intentional overflow with data-layout-allow-overflow.",
        "containerRect": {
          "left": 0,
          "top": 0,
          "right": 1080,
          "bottom": 1920,
          "width": 1080,
          "height": 1920
        },
        "overflow": {
          "left": 5.94,
          "right": 5.94,
          "top": 9.5,
          "bottom": 11.62
        },
        "dataAttributes": {
          "data-layout-allow-overflow": "true"
        },
        "sourceFile": "compositions/scene-s14.html",
        "bbox": {
          "x": -5.94,
          "y": -9.5,
          "width": 1091.88,
          "height": 1941.12
        },
        "firstSeen": 177.138,
        "lastSeen": 177.138,
        "occurrences": 1,
        "heldMs": 0
      },
      {
        "code": "container_overflow",
        "severity": "info",
        "time": 179.49,
        "selector": "#camera-rig",
        "message": "Element extends outside a clipping layout container.",
        "rect": {
          "left": -14.74,
          "top": -23.59,
          "right": 1094.74,
          "bottom": 1948.83,
          "width": 1109.48,
          "height": 1972.42
        },
        "containerSelector": "#slot-scene-s22 > div:nth-of-type(1)",
        "fixHint": "Resize/reposition the child or container, or mark intentional overflow with data-layout-allow-overflow.",
        "containerRect": {
          "left": 0,
          "top": 0,
          "right": 1080,
          "bottom": 1920,
          "width": 1080,
          "height": 1920
        },
        "overflow": {
          "left": 14.74,
          "right": 14.74,
          "top": 23.59,
          "bottom": 28.83
        },
        "dataAttributes": {
          "data-layout-allow-overflow": "true"
        },
        "sourceFile": "compositions/scene-s14.html",
        "bbox": {
          "x": -14.74,
          "y": -23.59,
          "width": 1109.48,
          "height": 1972.42
        },
        "firstSeen": 179.49,
        "lastSeen": 179.49,
        "occurrences": 1,
        "heldMs": 0
      },
      {
        "code": "container_overflow",
        "severity": "info",
        "time": 181.842,
        "selector": "#camera-rig",
        "message": "Element extends outside a clipping layout container.",
        "rect": {
          "left": -23.71,
          "top": -37.93,
          "right": 1103.71,
          "bottom": 1966.36,
          "width": 1127.41,
          "height": 2004.29
        },
        "containerSelector": "#slot-scene-s22 > div:nth-of-type(1)",
        "fixHint": "Resize/reposition the child or container, or mark intentional overflow with data-layout-allow-overflow.",
        "containerRect": {
          "left": 0,
          "top": 0,
          "right": 1080,
          "bottom": 1920,
          "width": 1080,
          "height": 1920
        },
        "overflow": {
          "left": 23.71,
          "right": 23.71,
          "top": 37.93,
          "bottom": 46.36
        },
        "dataAttributes": {
          "data-layout-allow-overflow": "true"
        },
        "sourceFile": "compositions/scene-s14.html",
        "bbox": {
          "x": -23.71,
          "y": -37.93,
          "width": 1127.41,
          "height": 2004.29
        },
        "firstSeen": 181.842,
        "lastSeen": 181.842,
        "occurrences": 1,
        "heldMs": 0
      },
      {
        "code": "container_overflow",
        "severity": "info",
        "time": 184.562,
        "selector": "#hero-img",
        "message": "Element extends outside a clipping layout container.",
        "rect": {
          "left": 23.4,
          "top": 150.2,
          "right": 1085.88,
          "bottom": 1398.27,
          "width": 1062.48,
          "height": 1248.07
        },
        "containerSelector": "#hero-frame",
        "fixHint": "Resize/reposition the child or container, or mark intentional overflow with data-layout-allow-overflow.",
        "containerRect": {
          "left": 70,
          "top": 240,
          "right": 1010,
          "bottom": 1200,
          "width": 940,
          "height": 960
        },
        "overflow": {
          "left": 46.6,
          "right": 75.88,
          "top": 89.8,
          "bottom": 198.27
        },
        "dataAttributes": {
          "data-hf-authored-opacity": ""
        },
        "sourceFile": "compositions/scene-s03.html",
        "bbox": {
          "x": 23.4,
          "y": 150.2,
          "width": 1062.48,
          "height": 1248.07
        },
        "firstSeen": 184.562,
        "lastSeen": 184.562,
        "occurrences": 1,
        "heldMs": 0
      },
      {
        "code": "container_overflow",
        "severity": "info",
        "time": 186.29,
        "selector": "#hero-img",
        "message": "Element extends outside a clipping layout container.",
        "rect": {
          "left": 8.95,
          "top": 123.72,
          "right": 1071.43,
          "bottom": 1371.79,
          "width": 1062.48,
          "height": 1248.07
        },
        "containerSelector": "#hero-frame",
        "fixHint": "Resize/reposition the child or container, or mark intentional overflow with data-layout-allow-overflow.",
        "containerRect": {
          "left": 70,
          "top": 240,
          "right": 1010,
          "bottom": 1200,
          "width": 940,
          "height": 960
        },
        "overflow": {
          "left": 61.05,
          "right": 61.43,
          "top": 116.28,
          "bottom": 171.79
        },
        "dataAttributes": {
          "data-hf-authored-opacity": ""
        },
        "sourceFile": "compositions/scene-s03.html",
        "bbox": {
          "x": 8.95,
          "y": 123.72,
          "width": 1062.48,
          "height": 1248.07
        },
        "firstSeen": 186.29,
        "lastSeen": 186.29,
        "occurrences": 1,
        "heldMs": 0
      },
      {
        "code": "container_overflow",
        "severity": "info",
        "time": 188.018,
        "selector": "#hero-img",
        "message": "Element extends outside a clipping layout container.",
        "rect": {
          "left": -5.49,
          "top": 97.24,
          "right": 1056.99,
          "bottom": 1345.31,
          "width": 1062.48,
          "height": 1248.07
        },
        "containerSelector": "#hero-frame",
        "fixHint": "Resize/reposition the child or container, or mark intentional overflow with data-layout-allow-overflow.",
        "containerRect": {
          "left": 70,
          "top": 240,
          "right": 1010,
          "bottom": 1200,
          "width": 940,
          "height": 960
        },
        "overflow": {
          "left": 75.49,
          "right": 46.99,
          "top": 142.76,
          "bottom": 145.31
        },
        "dataAttributes": {
          "data-hf-authored-opacity": ""
        },
        "sourceFile": "compositions/scene-s03.html",
        "bbox": {
          "x": -5.49,
          "y": 97.24,
          "width": 1062.48,
          "height": 1248.07
        },
        "firstSeen": 188.018,
        "lastSeen": 188.018,
        "occurrences": 1,
        "heldMs": 0
      },
      {
        "code": "container_overflow",
        "severity": "info",
        "time": 200.3,
        "selector": "#hero-img",
        "message": "Element extends outside a clipping layout container.",
        "rect": {
          "left": 54.48,
          "top": 330.98,
          "right": 1025.52,
          "bottom": 1353.02,
          "width": 971.04,
          "height": 1022.04
        },
        "containerSelector": "div.hero-card-frame",
        "fixHint": "Resize/reposition the child or container, or mark intentional overflow with data-layout-allow-overflow.",
        "containerRect": {
          "left": 60,
          "top": 336,
          "right": 1020,
          "bottom": 1346,
          "width": 960,
          "height": 1010
        },
        "overflow": {
          "left": 5.52,
          "right": 5.52,
          "top": 5.02,
          "bottom": 7.02
        },
        "dataAttributes": {
          "data-hf-authored-opacity": ""
        },
        "sourceFile": "compositions/scene-s03.html",
        "bbox": {
          "x": 54.48,
          "y": 330.98,
          "width": 971.04,
          "height": 1022.04
        },
        "firstSeen": 200.3,
        "lastSeen": 200.3,
        "occurrences": 1,
        "heldMs": 0
      },
      {
        "code": "container_overflow",
        "severity": "info",
        "time": 202.532,
        "selector": "#hero-img",
        "message": "Element extends outside a clipping layout container.",
        "rect": {
          "left": 48.86,
          "top": 325.66,
          "right": 1031.14,
          "bottom": 1359.53,
          "width": 982.27,
          "height": 1033.86
        },
        "containerSelector": "div.hero-card-frame",
        "fixHint": "Resize/reposition the child or container, or mark intentional overflow with data-layout-allow-overflow.",
        "containerRect": {
          "left": 60,
          "top": 336,
          "right": 1020,
          "bottom": 1346,
          "width": 960,
          "height": 1010
        },
        "overflow": {
          "left": 11.14,
          "right": 11.14,
          "top": 10.34,
          "bottom": 13.53
        },
        "dataAttributes": {
          "data-hf-authored-opacity": ""
        },
        "sourceFile": "compositions/scene-s03.html",
        "bbox": {
          "x": 48.86,
          "y": 325.66,
          "width": 982.27,
          "height": 1033.86
        },
        "firstSeen": 202.532,
        "lastSeen": 202.532,
        "occurrences": 1,
        "heldMs": 0
      },
      {
        "code": "container_overflow",
        "severity": "info",
        "time": 271.092,
        "selector": "#stamp-1",
        "message": "Element extends outside a clipping layout container.",
        "rect": {
          "left": 676.93,
          "top": 407.2,
          "right": 1021.27,
          "bottom": 532.8,
          "width": 344.34,
          "height": 125.6
        },
        "containerSelector": "#step-1",
        "fixHint": "Resize/reposition the child or container, or mark intentional overflow with data-layout-allow-overflow.",
        "containerRect": {
          "left": 80,
          "top": 320,
          "right": 1000,
          "bottom": 520,
          "width": 920,
          "height": 200
        },
        "overflow": {
          "right": 21.27,
          "bottom": 12.8
        },
        "dataAttributes": {
          "data-layout-allow-occlusion": "true"
        },
        "sourceFile": "compositions/scene-s34.html",
        "bbox": {
          "x": 676.93,
          "y": 407.2,
          "width": 344.34,
          "height": 125.6
        },
        "firstSeen": 271.092,
        "lastSeen": 271.092,
        "occurrences": 1,
        "heldMs": 0
      }
    ],
    "duration": 346.95,
    "samples": [
      0.672,
      1.575,
      2.478,
      3.844,
      4.99,
      6.136,
      8.808,
      11.67,
      14.532,
      18.132,
      20.67,
      23.208,
      26.316,
      28.44,
      30.564,
      33.58,
      35.98,
      38.38,
      42.008,
      45.05,
      48.092,
      52.068,
      54.99,
      57.912,
      61.76,
      64.61,
      67.46,
      71.858,
      75.605,
      79.352,
      83.962,
      87.13,
      90.298,
      93.95,
      96.26,
      98.57,
      102.34,
      105.685,
      109.03,
      112.328,
      113.93,
      115.532,
      118.26,
      120.75,
      123.24,
      126.484,
      128.86,
      131.236,
      134.274,
      136.455,
      138.636,
      141.598,
      143.86,
      146.122,
      148.688,
      150.275,
      151.862,
      154.852,
      157.75,
      160.648,
      163.618,
      165.175,
      166.732,
      169.33,
      171.67,
      174.01,
      177.138,
      179.49,
      181.842,
      184.562,
      186.29,
      188.018,
      190.652,
      192.875,
      195.098,
      198.068,
      200.3,
      202.532,
      205.732,
      208.3,
      210.868,
      214.086,
      216.345,
      218.604,
      221.276,
      223.025,
      224.774,
      227.42,
      229.64,
      231.86,
      235.188,
      237.96,
      240.732,
      244.378,
      247.075,
      249.772,
      253.572,
      256.575,
      259.578,
      263.208,
      265.65,
      268.092,
      271.092,
      273.15,
      275.208,
      277.47,
      278.805,
      280.14,
      282.112,
      283.735,
      285.358,
      287.668,
      289.51,
      291.352,
      294.344,
      296.99,
      299.636,
      303.236,
      305.99,
      308.744,
      312.98,
      316.58,
      320.18,
      324.38,
      327.08,
      329.78,
      332.83,
      334.705,
      336.58,
      339.654,
      342.39,
      345.126,
      346.95
    ],
    "transitionSamples": [],
    "transitionSamplesDropped": 0,
    "tolerance": 2,
    "totalIssueCount": 48,
    "truncated": false
  },
  "motion": {
    "ok": true,
    "errorCount": 0,
    "warningCount": 0,
    "infoCount": 0,
    "findings": [],
    "enabled": false,
    "samples": 0
  },
  "contrast": {
    "ok": true,
    "errorCount": 0,
    "warningCount": 0,
    "infoCount": 0,
    "findings": [],
    "enabled": true,
    "samples": [
      0.672,
      90.298,
      174.01,
      259.578,
      345.126
    ],
    "checked": 57,
    "passed": 57
  },
  "hdr": {
    "autoPromotion": null,
    "inspection": "available"
  },
  "snapshots": {
    "enabled": false,
    "files": [],
    "times": [],
    "findingFiles": []
  },
  "_meta": {
    "version": "0.8.56",
    "latestVersion": "0.8.96",
    "updateAvailable": true
  }
}
