{
  "ok": true,
  "strict": false,
  "lint": {
    "ok": true,
    "errorCount": 0,
    "warningCount": 331,
    "infoCount": 0,
    "findings": [
      {
        "code": "composition_file_too_large",
        "severity": "warning",
        "message": "This HTML composition file has 427 lines. Smaller sub-compositions are easier to read, iterate on, and diff.",
        "selector": "[data-composition-id]",
        "dataAttributes": {},
        "sourceFile": "C:\\vox-style-xe-giay-v1-hyperframes\\hyperframes\\videos\\ban-an-473-phan-3\\index.html",
        "bbox": {
          "x": 0,
          "y": 0,
          "width": 0,
          "height": 0
        },
        "time": 0,
        "fixHint": "Split coherent scenes or layers into separate .html files under compositions/, then mount them from the parent with data-composition-src so each file stays small enough to inspect, revise, and validate independently."
      },
      {
        "code": "studio_missing_editable_id",
        "severity": "warning",
        "message": "<div class=\"caption-page\" data-start=\"0.000000\"> has no id, so Studio cannot use a stable edit target for its timeline and canvas controls.",
        "selector": "[data-composition-id]",
        "dataAttributes": {},
        "sourceFile": "C:\\vox-style-xe-giay-v1-hyperframes\\hyperframes\\videos\\ban-an-473-phan-3\\compositions\\caption-track.html",
        "bbox": {
          "x": 0,
          "y": 0,
          "width": 0,
          "height": 0
        },
        "time": 0,
        "fixHint": "Add a stable, human-readable id such as id=\"hero-title\" or id=\"scene-1-card\" to every timeline-visible element you want agents or Studio to edit."
      },
      {
        "code": "studio_missing_editable_id",
        "severity": "warning",
        "message": "<div class=\"caption-page\" data-start=\"0.890000\"> has no id, so Studio cannot use a stable edit target for its timeline and canvas controls.",
        "selector": "[data-composition-id]",
        "dataAttributes": {},
        "sourceFile": "C:\\vox-style-xe-giay-v1-hyperframes\\hyperframes\\videos\\ban-an-473-phan-3\\compositions\\caption-track.html",
        "bbox": {
          "x": 0,
          "y": 0,
          "width": 0,
          "height": 0
        },
        "time": 0,
        "fixHint": "Add a stable, human-readable id such as id=\"hero-title\" or id=\"scene-1-card\" to every timeline-visible element you want agents or Studio to edit."
      },
      {
        "code": "studio_missing_editable_id",
        "severity": "warning",
        "message": "<div class=\"caption-page\" data-start=\"2.250000\"> has no id, so Studio cannot use a stable edit target for its timeline and canvas controls.",
        "selector": "[data-composition-id]",
        "dataAttributes": {},
        "sourceFile": "C:\\vox-style-xe-giay-v1-hyperframes\\hyperframes\\videos\\ban-an-473-phan-3\\compositions\\caption-track.html",
        "bbox": {
          "x": 0,
          "y": 0,
          "width": 0,
          "height": 0
        },
        "time": 0,
        "fixHint": "Add a stable, human-readable id such as id=\"hero-title\" or id=\"scene-1-card\" to every timeline-visible element you want agents or Studio to edit."
      },
      {
        "code": "studio_missing_editable_id",
        "severity": "warning",
        "message": "<div class=\"caption-page\" data-start=\"3.250000\"> has no id, so Studio cannot use a stable edit target for its timeline and canvas controls.",
        "selector": "[data-composition-id]",
        "dataAttributes": {},
        "sourceFile": "C:\\vox-style-xe-giay-v1-hyperframes\\hyperframes\\videos\\ban-an-473-phan-3\\compositions\\caption-track.html",
        "bbox": {
          "x": 0,
          "y": 0,
          "width": 0,
          "height": 0
        },
        "time": 0,
        "fixHint": "Add a stable, human-readable id such as id=\"hero-title\" or id=\"scene-1-card\" to every timeline-visible element you want agents or Studio to edit."
      },
      {
        "code": "studio_missing_editable_id",
        "severity": "warning",
        "message": "<div class=\"caption-page\" data-start=\"4.120000\"> has no id, so Studio cannot use a stable edit target for its timeline and canvas controls.",
        "selector": "[data-composition-id]",
        "dataAttributes": {},
        "sourceFile": "C:\\vox-style-xe-giay-v1-hyperframes\\hyperframes\\videos\\ban-an-473-phan-3\\compositions\\caption-track.html",
        "bbox": {
          "x": 0,
          "y": 0,
          "width": 0,
          "height": 0
        },
        "time": 0,
        "fixHint": "Add a stable, human-readable id such as id=\"hero-title\" or id=\"scene-1-card\" to every timeline-visible element you want agents or Studio to edit."
      },
      {
        "code": "studio_missing_editable_id",
        "severity": "warning",
        "message": "<div class=\"caption-page\" data-start=\"4.960000\"> has no id, so Studio cannot use a stable edit target for its timeline and canvas controls.",
        "selector": "[data-composition-id]",
        "dataAttributes": {},
        "sourceFile": "C:\\vox-style-xe-giay-v1-hyperframes\\hyperframes\\videos\\ban-an-473-phan-3\\compositions\\caption-track.html",
        "bbox": {
          "x": 0,
          "y": 0,
          "width": 0,
          "height": 0
        },
        "time": 0,
        "fixHint": "Add a stable, human-readable id such as id=\"hero-title\" or id=\"scene-1-card\" to every timeline-visible element you want agents or Studio to edit."
      },
      {
        "code": "studio_missing_editable_id",
        "severity": "warning",
        "message": "<div class=\"caption-page\" data-start=\"6.420000\"> has no id, so Studio cannot use a stable edit target for its timeline and canvas controls.",
        "selector": "[data-composition-id]",
        "dataAttributes": {},
        "sourceFile": "C:\\vox-style-xe-giay-v1-hyperframes\\hyperframes\\videos\\ban-an-473-phan-3\\compositions\\caption-track.html",
        "bbox": {
          "x": 0,
          "y": 0,
          "width": 0,
          "height": 0
        },
        "time": 0,
        "fixHint": "Add a stable, human-readable id such as id=\"hero-title\" or id=\"scene-1-card\" to every timeline-visible element you want agents or Studio to edit."
      },
      {
        "code": "studio_missing_editable_id",
        "severity": "warning",
        "message": "<div class=\"caption-page\" data-start=\"7.170000\"> has no id, so Studio cannot use a stable edit target for its timeline and canvas controls.",
        "selector": "[data-composition-id]",
        "dataAttributes": {},
        "sourceFile": "C:\\vox-style-xe-giay-v1-hyperframes\\hyperframes\\videos\\ban-an-473-phan-3\\compositions\\caption-track.html",
        "bbox": {
          "x": 0,
          "y": 0,
          "width": 0,
          "height": 0
        },
        "time": 0,
        "fixHint": "Add a stable, human-readable id such as id=\"hero-title\" or id=\"scene-1-card\" to every timeline-visible element you want agents or Studio to edit."
      },
      {
        "code": "studio_missing_editable_id",
        "severity": "warning",
        "message": "<div class=\"caption-page\" data-start=\"8.160000\"> has no id, so Studio cannot use a stable edit target for its timeline and canvas controls.",
        "selector": "[data-composition-id]",
        "dataAttributes": {},
        "sourceFile": "C:\\vox-style-xe-giay-v1-hyperframes\\hyperframes\\videos\\ban-an-473-phan-3\\compositions\\caption-track.html",
        "bbox": {
          "x": 0,
          "y": 0,
          "width": 0,
          "height": 0
        },
        "time": 0,
        "fixHint": "Add a stable, human-readable id such as id=\"hero-title\" or id=\"scene-1-card\" to every timeline-visible element you want agents or Studio to edit."
      },
      {
        "code": "studio_missing_editable_id",
        "severity": "warning",
        "message": "<div class=\"caption-page\" data-start=\"9.090000\"> has no id, so Studio cannot use a stable edit target for its timeline and canvas controls.",
        "selector": "[data-composition-id]",
        "dataAttributes": {},
        "sourceFile": "C:\\vox-style-xe-giay-v1-hyperframes\\hyperframes\\videos\\ban-an-473-phan-3\\compositions\\caption-track.html",
        "bbox": {
          "x": 0,
          "y": 0,
          "width": 0,
          "height": 0
        },
        "time": 0,
        "fixHint": "Add a stable, human-readable id such as id=\"hero-title\" or id=\"scene-1-card\" to every timeline-visible element you want agents or Studio to edit."
      },
      {
        "code": "studio_missing_editable_id",
        "severity": "warning",
        "message": "<div class=\"caption-page\" data-start=\"9.910000\"> has no id, so Studio cannot use a stable edit target for its timeline and canvas controls.",
        "selector": "[data-composition-id]",
        "dataAttributes": {},
        "sourceFile": "C:\\vox-style-xe-giay-v1-hyperframes\\hyperframes\\videos\\ban-an-473-phan-3\\compositions\\caption-track.html",
        "bbox": {
          "x": 0,
          "y": 0,
          "width": 0,
          "height": 0
        },
        "time": 0,
        "fixHint": "Add a stable, human-readable id such as id=\"hero-title\" or id=\"scene-1-card\" to every timeline-visible element you want agents or Studio to edit."
      },
      {
        "code": "studio_missing_editable_id",
        "severity": "warning",
        "message": "<div class=\"caption-page\" data-start=\"10.940000\"> has no id, so Studio cannot use a stable edit target for its timeline and canvas controls.",
        "selector": "[data-composition-id]",
        "dataAttributes": {},
        "sourceFile": "C:\\vox-style-xe-giay-v1-hyperframes\\hyperframes\\videos\\ban-an-473-phan-3\\compositions\\caption-track.html",
        "bbox": {
          "x": 0,
          "y": 0,
          "width": 0,
          "height": 0
        },
        "time": 0,
        "fixHint": "Add a stable, human-readable id such as id=\"hero-title\" or id=\"scene-1-card\" to every timeline-visible element you want agents or Studio to edit."
      },
      {
        "code": "studio_missing_editable_id",
        "severity": "warning",
        "message": "<div class=\"caption-page\" data-start=\"11.970000\"> has no id, so Studio cannot use a stable edit target for its timeline and canvas controls.",
        "selector": "[data-composition-id]",
        "dataAttributes": {},
        "sourceFile": "C:\\vox-style-xe-giay-v1-hyperframes\\hyperframes\\videos\\ban-an-473-phan-3\\compositions\\caption-track.html",
        "bbox": {
          "x": 0,
          "y": 0,
          "width": 0,
          "height": 0
        },
        "time": 0,
        "fixHint": "Add a stable, human-readable id such as id=\"hero-title\" or id=\"scene-1-card\" to every timeline-visible element you want agents or Studio to edit."
      },
      {
        "code": "studio_missing_editable_id",
        "severity": "warning",
        "message": "<div class=\"caption-page\" data-start=\"13.170000\"> has no id, so Studio cannot use a stable edit target for its timeline and canvas controls.",
        "selector": "[data-composition-id]",
        "dataAttributes": {},
        "sourceFile": "C:\\vox-style-xe-giay-v1-hyperframes\\hyperframes\\videos\\ban-an-473-phan-3\\compositions\\caption-track.html",
        "bbox": {
          "x": 0,
          "y": 0,
          "width": 0,
          "height": 0
        },
        "time": 0,
        "fixHint": "Add a stable, human-readable id such as id=\"hero-title\" or id=\"scene-1-card\" to every timeline-visible element you want agents or Studio to edit."
      },
      {
        "code": "studio_missing_editable_id",
        "severity": "warning",
        "message": "<div class=\"caption-page\" data-start=\"14.220000\"> has no id, so Studio cannot use a stable edit target for its timeline and canvas controls.",
        "selector": "[data-composition-id]",
        "dataAttributes": {},
        "sourceFile": "C:\\vox-style-xe-giay-v1-hyperframes\\hyperframes\\videos\\ban-an-473-phan-3\\compositions\\caption-track.html",
        "bbox": {
          "x": 0,
          "y": 0,
          "width": 0,
          "height": 0
        },
        "time": 0,
        "fixHint": "Add a stable, human-readable id such as id=\"hero-title\" or id=\"scene-1-card\" to every timeline-visible element you want agents or Studio to edit."
      },
      {
        "code": "studio_missing_editable_id",
        "severity": "warning",
        "message": "<div class=\"caption-page\" data-start=\"15.010000\"> has no id, so Studio cannot use a stable edit target for its timeline and canvas controls.",
        "selector": "[data-composition-id]",
        "dataAttributes": {},
        "sourceFile": "C:\\vox-style-xe-giay-v1-hyperframes\\hyperframes\\videos\\ban-an-473-phan-3\\compositions\\caption-track.html",
        "bbox": {
          "x": 0,
          "y": 0,
          "width": 0,
          "height": 0
        },
        "time": 0,
        "fixHint": "Add a stable, human-readable id such as id=\"hero-title\" or id=\"scene-1-card\" to every timeline-visible element you want agents or Studio to edit."
      },
      {
        "code": "studio_missing_editable_id",
        "severity": "warning",
        "message": "<div class=\"caption-page\" data-start=\"15.920000\"> has no id, so Studio cannot use a stable edit target for its timeline and canvas controls.",
        "selector": "[data-composition-id]",
        "dataAttributes": {},
        "sourceFile": "C:\\vox-style-xe-giay-v1-hyperframes\\hyperframes\\videos\\ban-an-473-phan-3\\compositions\\caption-track.html",
        "bbox": {
          "x": 0,
          "y": 0,
          "width": 0,
          "height": 0
        },
        "time": 0,
        "fixHint": "Add a stable, human-readable id such as id=\"hero-title\" or id=\"scene-1-card\" to every timeline-visible element you want agents or Studio to edit."
      },
      {
        "code": "studio_missing_editable_id",
        "severity": "warning",
        "message": "<div class=\"caption-page\" data-start=\"16.750000\"> has no id, so Studio cannot use a stable edit target for its timeline and canvas controls.",
        "selector": "[data-composition-id]",
        "dataAttributes": {},
        "sourceFile": "C:\\vox-style-xe-giay-v1-hyperframes\\hyperframes\\videos\\ban-an-473-phan-3\\compositions\\caption-track.html",
        "bbox": {
          "x": 0,
          "y": 0,
          "width": 0,
          "height": 0
        },
        "time": 0,
        "fixHint": "Add a stable, human-readable id such as id=\"hero-title\" or id=\"scene-1-card\" to every timeline-visible element you want agents or Studio to edit."
      },
      {
        "code": "studio_missing_editable_id",
        "severity": "warning",
        "message": "<div class=\"caption-page\" data-start=\"17.710000\"> has no id, so Studio cannot use a stable edit target for its timeline and canvas controls.",
        "selector": "[data-composition-id]",
        "dataAttributes": {},
        "sourceFile": "C:\\vox-style-xe-giay-v1-hyperframes\\hyperframes\\videos\\ban-an-473-phan-3\\compositions\\caption-track.html",
        "bbox": {
          "x": 0,
          "y": 0,
          "width": 0,
          "height": 0
        },
        "time": 0,
        "fixHint": "Add a stable, human-readable id such as id=\"hero-title\" or id=\"scene-1-card\" to every timeline-visible element you want agents or Studio to edit."
      },
      {
        "code": "studio_missing_editable_id",
        "severity": "warning",
        "message": "<div class=\"caption-page\" data-start=\"17.920000\"> has no id, so Studio cannot use a stable edit target for its timeline and canvas controls.",
        "selector": "[data-composition-id]",
        "dataAttributes": {},
        "sourceFile": "C:\\vox-style-xe-giay-v1-hyperframes\\hyperframes\\videos\\ban-an-473-phan-3\\compositions\\caption-track.html",
        "bbox": {
          "x": 0,
          "y": 0,
          "width": 0,
          "height": 0
        },
        "time": 0,
        "fixHint": "Add a stable, human-readable id such as id=\"hero-title\" or id=\"scene-1-card\" to every timeline-visible element you want agents or Studio to edit."
      },
      {
        "code": "studio_missing_editable_id",
        "severity": "warning",
        "message": "<div class=\"caption-page\" data-start=\"18.620000\"> has no id, so Studio cannot use a stable edit target for its timeline and canvas controls.",
        "selector": "[data-composition-id]",
        "dataAttributes": {},
        "sourceFile": "C:\\vox-style-xe-giay-v1-hyperframes\\hyperframes\\videos\\ban-an-473-phan-3\\compositions\\caption-track.html",
        "bbox": {
          "x": 0,
          "y": 0,
          "width": 0,
          "height": 0
        },
        "time": 0,
        "fixHint": "Add a stable, human-readable id such as id=\"hero-title\" or id=\"scene-1-card\" to every timeline-visible element you want agents or Studio to edit."
      },
      {
        "code": "studio_missing_editable_id",
        "severity": "warning",
        "message": "<div class=\"caption-page\" data-start=\"19.480000\"> has no id, so Studio cannot use a stable edit target for its timeline and canvas controls.",
        "selector": "[data-composition-id]",
        "dataAttributes": {},
        "sourceFile": "C:\\vox-style-xe-giay-v1-hyperframes\\hyperframes\\videos\\ban-an-473-phan-3\\compositions\\caption-track.html",
        "bbox": {
          "x": 0,
          "y": 0,
          "width": 0,
          "height": 0
        },
        "time": 0,
        "fixHint": "Add a stable, human-readable id such as id=\"hero-title\" or id=\"scene-1-card\" to every timeline-visible element you want agents or Studio to edit."
      },
      {
        "code": "studio_missing_editable_id",
        "severity": "warning",
        "message": "<div class=\"caption-page\" data-start=\"20.670000\"> has no id, so Studio cannot use a stable edit target for its timeline and canvas controls.",
        "selector": "[data-composition-id]",
        "dataAttributes": {},
        "sourceFile": "C:\\vox-style-xe-giay-v1-hyperframes\\hyperframes\\videos\\ban-an-473-phan-3\\compositions\\caption-track.html",
        "bbox": {
          "x": 0,
          "y": 0,
          "width": 0,
          "height": 0
        },
        "time": 0,
        "fixHint": "Add a stable, human-readable id such as id=\"hero-title\" or id=\"scene-1-card\" to every timeline-visible element you want agents or Studio to edit."
      },
      {
        "code": "studio_missing_editable_id",
        "severity": "warning",
        "message": "<div class=\"caption-page\" data-start=\"21.370000\"> has no id, so Studio cannot use a stable edit target for its timeline and canvas controls.",
        "selector": "[data-composition-id]",
        "dataAttributes": {},
        "sourceFile": "C:\\vox-style-xe-giay-v1-hyperframes\\hyperframes\\videos\\ban-an-473-phan-3\\compositions\\caption-track.html",
        "bbox": {
          "x": 0,
          "y": 0,
          "width": 0,
          "height": 0
        },
        "time": 0,
        "fixHint": "Add a stable, human-readable id such as id=\"hero-title\" or id=\"scene-1-card\" to every timeline-visible element you want agents or Studio to edit."
      },
      {
        "code": "studio_missing_editable_id",
        "severity": "warning",
        "message": "<div class=\"caption-page\" data-start=\"22.220000\"> has no id, so Studio cannot use a stable edit target for its timeline and canvas controls.",
        "selector": "[data-composition-id]",
        "dataAttributes": {},
        "sourceFile": "C:\\vox-style-xe-giay-v1-hyperframes\\hyperframes\\videos\\ban-an-473-phan-3\\compositions\\caption-track.html",
        "bbox": {
          "x": 0,
          "y": 0,
          "width": 0,
          "height": 0
        },
        "time": 0,
        "fixHint": "Add a stable, human-readable id such as id=\"hero-title\" or id=\"scene-1-card\" to every timeline-visible element you want agents or Studio to edit."
      },
      {
        "code": "studio_missing_editable_id",
        "severity": "warning",
        "message": "<div class=\"caption-page\" data-start=\"23.220000\"> has no id, so Studio cannot use a stable edit target for its timeline and canvas controls.",
        "selector": "[data-composition-id]",
        "dataAttributes": {},
        "sourceFile": "C:\\vox-style-xe-giay-v1-hyperframes\\hyperframes\\videos\\ban-an-473-phan-3\\compositions\\caption-track.html",
        "bbox": {
          "x": 0,
          "y": 0,
          "width": 0,
          "height": 0
        },
        "time": 0,
        "fixHint": "Add a stable, human-readable id such as id=\"hero-title\" or id=\"scene-1-card\" to every timeline-visible element you want agents or Studio to edit."
      },
      {
        "code": "studio_missing_editable_id",
        "severity": "warning",
        "message": "<div class=\"caption-page\" data-start=\"24.320000\"> has no id, so Studio cannot use a stable edit target for its timeline and canvas controls.",
        "selector": "[data-composition-id]",
        "dataAttributes": {},
        "sourceFile": "C:\\vox-style-xe-giay-v1-hyperframes\\hyperframes\\videos\\ban-an-473-phan-3\\compositions\\caption-track.html",
        "bbox": {
          "x": 0,
          "y": 0,
          "width": 0,
          "height": 0
        },
        "time": 0,
        "fixHint": "Add a stable, human-readable id such as id=\"hero-title\" or id=\"scene-1-card\" to every timeline-visible element you want agents or Studio to edit."
      },
      {
        "code": "studio_missing_editable_id",
        "severity": "warning",
        "message": "<div class=\"caption-page\" data-start=\"25.720000\"> has no id, so Studio cannot use a stable edit target for its timeline and canvas controls.",
        "selector": "[data-composition-id]",
        "dataAttributes": {},
        "sourceFile": "C:\\vox-style-xe-giay-v1-hyperframes\\hyperframes\\videos\\ban-an-473-phan-3\\compositions\\caption-track.html",
        "bbox": {
          "x": 0,
          "y": 0,
          "width": 0,
          "height": 0
        },
        "time": 0,
        "fixHint": "Add a stable, human-readable id such as id=\"hero-title\" or id=\"scene-1-card\" to every timeline-visible element you want agents or Studio to edit."
      },
      {
        "code": "studio_missing_editable_id",
        "severity": "warning",
        "message": "<div class=\"caption-page\" data-start=\"27.160000\"> has no id, so Studio cannot use a stable edit target for its timeline and canvas controls.",
        "selector": "[data-composition-id]",
        "dataAttributes": {},
        "sourceFile": "C:\\vox-style-xe-giay-v1-hyperframes\\hyperframes\\videos\\ban-an-473-phan-3\\compositions\\caption-track.html",
        "bbox": {
          "x": 0,
          "y": 0,
          "width": 0,
          "height": 0
        },
        "time": 0,
        "fixHint": "Add a stable, human-readable id such as id=\"hero-title\" or id=\"scene-1-card\" to every timeline-visible element you want agents or Studio to edit."
      },
      {
        "code": "studio_missing_editable_id",
        "severity": "warning",
        "message": "<div class=\"caption-page\" data-start=\"29.190000\"> has no id, so Studio cannot use a stable edit target for its timeline and canvas controls.",
        "selector": "[data-composition-id]",
        "dataAttributes": {},
        "sourceFile": "C:\\vox-style-xe-giay-v1-hyperframes\\hyperframes\\videos\\ban-an-473-phan-3\\compositions\\caption-track.html",
        "bbox": {
          "x": 0,
          "y": 0,
          "width": 0,
          "height": 0
        },
        "time": 0,
        "fixHint": "Add a stable, human-readable id such as id=\"hero-title\" or id=\"scene-1-card\" to every timeline-visible element you want agents or Studio to edit."
      },
      {
        "code": "studio_missing_editable_id",
        "severity": "warning",
        "message": "<div class=\"caption-page\" data-start=\"30.510000\"> has no id, so Studio cannot use a stable edit target for its timeline and canvas controls.",
        "selector": "[data-composition-id]",
        "dataAttributes": {},
        "sourceFile": "C:\\vox-style-xe-giay-v1-hyperframes\\hyperframes\\videos\\ban-an-473-phan-3\\compositions\\caption-track.html",
        "bbox": {
          "x": 0,
          "y": 0,
          "width": 0,
          "height": 0
        },
        "time": 0,
        "fixHint": "Add a stable, human-readable id such as id=\"hero-title\" or id=\"scene-1-card\" to every timeline-visible element you want agents or Studio to edit."
      },
      {
        "code": "studio_missing_editable_id",
        "severity": "warning",
        "message": "<div class=\"caption-page\" data-start=\"31.630000\"> has no id, so Studio cannot use a stable edit target for its timeline and canvas controls.",
        "selector": "[data-composition-id]",
        "dataAttributes": {},
        "sourceFile": "C:\\vox-style-xe-giay-v1-hyperframes\\hyperframes\\videos\\ban-an-473-phan-3\\compositions\\caption-track.html",
        "bbox": {
          "x": 0,
          "y": 0,
          "width": 0,
          "height": 0
        },
        "time": 0,
        "fixHint": "Add a stable, human-readable id such as id=\"hero-title\" or id=\"scene-1-card\" to every timeline-visible element you want agents or Studio to edit."
      },
      {
        "code": "studio_missing_editable_id",
        "severity": "warning",
        "message": "<div class=\"caption-page\" data-start=\"32.960000\"> has no id, so Studio cannot use a stable edit target for its timeline and canvas controls.",
        "selector": "[data-composition-id]",
        "dataAttributes": {},
        "sourceFile": "C:\\vox-style-xe-giay-v1-hyperframes\\hyperframes\\videos\\ban-an-473-phan-3\\compositions\\caption-track.html",
        "bbox": {
          "x": 0,
          "y": 0,
          "width": 0,
          "height": 0
        },
        "time": 0,
        "fixHint": "Add a stable, human-readable id such as id=\"hero-title\" or id=\"scene-1-card\" to every timeline-visible element you want agents or Studio to edit."
      },
      {
        "code": "studio_missing_editable_id",
        "severity": "warning",
        "message": "<div class=\"caption-page\" data-start=\"34.440000\"> has no id, so Studio cannot use a stable edit target for its timeline and canvas controls.",
        "selector": "[data-composition-id]",
        "dataAttributes": {},
        "sourceFile": "C:\\vox-style-xe-giay-v1-hyperframes\\hyperframes\\videos\\ban-an-473-phan-3\\compositions\\caption-track.html",
        "bbox": {
          "x": 0,
          "y": 0,
          "width": 0,
          "height": 0
        },
        "time": 0,
        "fixHint": "Add a stable, human-readable id such as id=\"hero-title\" or id=\"scene-1-card\" to every timeline-visible element you want agents or Studio to edit."
      },
      {
        "code": "studio_missing_editable_id",
        "severity": "warning",
        "message": "<div class=\"caption-page\" data-start=\"34.970000\"> has no id, so Studio cannot use a stable edit target for its timeline and canvas controls.",
        "selector": "[data-composition-id]",
        "dataAttributes": {},
        "sourceFile": "C:\\vox-style-xe-giay-v1-hyperframes\\hyperframes\\videos\\ban-an-473-phan-3\\compositions\\caption-track.html",
        "bbox": {
          "x": 0,
          "y": 0,
          "width": 0,
          "height": 0
        },
        "time": 0,
        "fixHint": "Add a stable, human-readable id such as id=\"hero-title\" or id=\"scene-1-card\" to every timeline-visible element you want agents or Studio to edit."
      },
      {
        "code": "studio_missing_editable_id",
        "severity": "warning",
        "message": "<div class=\"caption-page\" data-start=\"36.140000\"> has no id, so Studio cannot use a stable edit target for its timeline and canvas controls.",
        "selector": "[data-composition-id]",
        "dataAttributes": {},
        "sourceFile": "C:\\vox-style-xe-giay-v1-hyperframes\\hyperframes\\videos\\ban-an-473-phan-3\\compositions\\caption-track.html",
        "bbox": {
          "x": 0,
          "y": 0,
          "width": 0,
          "height": 0
        },
        "time": 0,
        "fixHint": "Add a stable, human-readable id such as id=\"hero-title\" or id=\"scene-1-card\" to every timeline-visible element you want agents or Studio to edit."
      },
      {
        "code": "studio_missing_editable_id",
        "severity": "warning",
        "message": "<div class=\"caption-page\" data-start=\"37.880000\"> has no id, so Studio cannot use a stable edit target for its timeline and canvas controls.",
        "selector": "[data-composition-id]",
        "dataAttributes": {},
        "sourceFile": "C:\\vox-style-xe-giay-v1-hyperframes\\hyperframes\\videos\\ban-an-473-phan-3\\compositions\\caption-track.html",
        "bbox": {
          "x": 0,
          "y": 0,
          "width": 0,
          "height": 0
        },
        "time": 0,
        "fixHint": "Add a stable, human-readable id such as id=\"hero-title\" or id=\"scene-1-card\" to every timeline-visible element you want agents or Studio to edit."
      },
      {
        "code": "studio_missing_editable_id",
        "severity": "warning",
        "message": "<div class=\"caption-page\" data-start=\"39.460000\"> has no id, so Studio cannot use a stable edit target for its timeline and canvas controls.",
        "selector": "[data-composition-id]",
        "dataAttributes": {},
        "sourceFile": "C:\\vox-style-xe-giay-v1-hyperframes\\hyperframes\\videos\\ban-an-473-phan-3\\compositions\\caption-track.html",
        "bbox": {
          "x": 0,
          "y": 0,
          "width": 0,
          "height": 0
        },
        "time": 0,
        "fixHint": "Add a stable, human-readable id such as id=\"hero-title\" or id=\"scene-1-card\" to every timeline-visible element you want agents or Studio to edit."
      },
      {
        "code": "studio_missing_editable_id",
        "severity": "warning",
        "message": "<div class=\"caption-page\" data-start=\"41.120000\"> has no id, so Studio cannot use a stable edit target for its timeline and canvas controls.",
        "selector": "[data-composition-id]",
        "dataAttributes": {},
        "sourceFile": "C:\\vox-style-xe-giay-v1-hyperframes\\hyperframes\\videos\\ban-an-473-phan-3\\compositions\\caption-track.html",
        "bbox": {
          "x": 0,
          "y": 0,
          "width": 0,
          "height": 0
        },
        "time": 0,
        "fixHint": "Add a stable, human-readable id such as id=\"hero-title\" or id=\"scene-1-card\" to every timeline-visible element you want agents or Studio to edit."
      },
      {
        "code": "studio_missing_editable_id",
        "severity": "warning",
        "message": "<div class=\"caption-page\" data-start=\"42.000000\"> has no id, so Studio cannot use a stable edit target for its timeline and canvas controls.",
        "selector": "[data-composition-id]",
        "dataAttributes": {},
        "sourceFile": "C:\\vox-style-xe-giay-v1-hyperframes\\hyperframes\\videos\\ban-an-473-phan-3\\compositions\\caption-track.html",
        "bbox": {
          "x": 0,
          "y": 0,
          "width": 0,
          "height": 0
        },
        "time": 0,
        "fixHint": "Add a stable, human-readable id such as id=\"hero-title\" or id=\"scene-1-card\" to every timeline-visible element you want agents or Studio to edit."
      },
      {
        "code": "studio_missing_editable_id",
        "severity": "warning",
        "message": "<div class=\"caption-page\" data-start=\"42.680000\"> has no id, so Studio cannot use a stable edit target for its timeline and canvas controls.",
        "selector": "[data-composition-id]",
        "dataAttributes": {},
        "sourceFile": "C:\\vox-style-xe-giay-v1-hyperframes\\hyperframes\\videos\\ban-an-473-phan-3\\compositions\\caption-track.html",
        "bbox": {
          "x": 0,
          "y": 0,
          "width": 0,
          "height": 0
        },
        "time": 0,
        "fixHint": "Add a stable, human-readable id such as id=\"hero-title\" or id=\"scene-1-card\" to every timeline-visible element you want agents or Studio to edit."
      },
      {
        "code": "studio_missing_editable_id",
        "severity": "warning",
        "message": "<div class=\"caption-page\" data-start=\"43.930000\"> has no id, so Studio cannot use a stable edit target for its timeline and canvas controls.",
        "selector": "[data-composition-id]",
        "dataAttributes": {},
        "sourceFile": "C:\\vox-style-xe-giay-v1-hyperframes\\hyperframes\\videos\\ban-an-473-phan-3\\compositions\\caption-track.html",
        "bbox": {
          "x": 0,
          "y": 0,
          "width": 0,
          "height": 0
        },
        "time": 0,
        "fixHint": "Add a stable, human-readable id such as id=\"hero-title\" or id=\"scene-1-card\" to every timeline-visible element you want agents or Studio to edit."
      },
      {
        "code": "studio_missing_editable_id",
        "severity": "warning",
        "message": "<div class=\"caption-page\" data-start=\"44.760000\"> has no id, so Studio cannot use a stable edit target for its timeline and canvas controls.",
        "selector": "[data-composition-id]",
        "dataAttributes": {},
        "sourceFile": "C:\\vox-style-xe-giay-v1-hyperframes\\hyperframes\\videos\\ban-an-473-phan-3\\compositions\\caption-track.html",
        "bbox": {
          "x": 0,
          "y": 0,
          "width": 0,
          "height": 0
        },
        "time": 0,
        "fixHint": "Add a stable, human-readable id such as id=\"hero-title\" or id=\"scene-1-card\" to every timeline-visible element you want agents or Studio to edit."
      },
      {
        "code": "studio_missing_editable_id",
        "severity": "warning",
        "message": "<div class=\"caption-page\" data-start=\"45.560000\"> has no id, so Studio cannot use a stable edit target for its timeline and canvas controls.",
        "selector": "[data-composition-id]",
        "dataAttributes": {},
        "sourceFile": "C:\\vox-style-xe-giay-v1-hyperframes\\hyperframes\\videos\\ban-an-473-phan-3\\compositions\\caption-track.html",
        "bbox": {
          "x": 0,
          "y": 0,
          "width": 0,
          "height": 0
        },
        "time": 0,
        "fixHint": "Add a stable, human-readable id such as id=\"hero-title\" or id=\"scene-1-card\" to every timeline-visible element you want agents or Studio to edit."
      },
      {
        "code": "studio_missing_editable_id",
        "severity": "warning",
        "message": "<div class=\"caption-page\" data-start=\"46.360000\"> has no id, so Studio cannot use a stable edit target for its timeline and canvas controls.",
        "selector": "[data-composition-id]",
        "dataAttributes": {},
        "sourceFile": "C:\\vox-style-xe-giay-v1-hyperframes\\hyperframes\\videos\\ban-an-473-phan-3\\compositions\\caption-track.html",
        "bbox": {
          "x": 0,
          "y": 0,
          "width": 0,
          "height": 0
        },
        "time": 0,
        "fixHint": "Add a stable, human-readable id such as id=\"hero-title\" or id=\"scene-1-card\" to every timeline-visible element you want agents or Studio to edit."
      },
      {
        "code": "studio_missing_editable_id",
        "severity": "warning",
        "message": "<div class=\"caption-page\" data-start=\"47.130000\"> has no id, so Studio cannot use a stable edit target for its timeline and canvas controls.",
        "selector": "[data-composition-id]",
        "dataAttributes": {},
        "sourceFile": "C:\\vox-style-xe-giay-v1-hyperframes\\hyperframes\\videos\\ban-an-473-phan-3\\compositions\\caption-track.html",
        "bbox": {
          "x": 0,
          "y": 0,
          "width": 0,
          "height": 0
        },
        "time": 0,
        "fixHint": "Add a stable, human-readable id such as id=\"hero-title\" or id=\"scene-1-card\" to every timeline-visible element you want agents or Studio to edit."
      },
      {
        "code": "studio_missing_editable_id",
        "severity": "warning",
        "message": "<div class=\"caption-page\" data-start=\"48.220000\"> has no id, so Studio cannot use a stable edit target for its timeline and canvas controls.",
        "selector": "[data-composition-id]",
        "dataAttributes": {},
        "sourceFile": "C:\\vox-style-xe-giay-v1-hyperframes\\hyperframes\\videos\\ban-an-473-phan-3\\compositions\\caption-track.html",
        "bbox": {
          "x": 0,
          "y": 0,
          "width": 0,
          "height": 0
        },
        "time": 0,
        "fixHint": "Add a stable, human-readable id such as id=\"hero-title\" or id=\"scene-1-card\" to every timeline-visible element you want agents or Studio to edit."
      },
      {
        "code": "studio_missing_editable_id",
        "severity": "warning",
        "message": "<div class=\"caption-page\" data-start=\"48.970000\"> has no id, so Studio cannot use a stable edit target for its timeline and canvas controls.",
        "selector": "[data-composition-id]",
        "dataAttributes": {},
        "sourceFile": "C:\\vox-style-xe-giay-v1-hyperframes\\hyperframes\\videos\\ban-an-473-phan-3\\compositions\\caption-track.html",
        "bbox": {
          "x": 0,
          "y": 0,
          "width": 0,
          "height": 0
        },
        "time": 0,
        "fixHint": "Add a stable, human-readable id such as id=\"hero-title\" or id=\"scene-1-card\" to every timeline-visible element you want agents or Studio to edit."
      },
      {
        "code": "studio_missing_editable_id",
        "severity": "warning",
        "message": "<div class=\"caption-page\" data-start=\"50.060000\"> has no id, so Studio cannot use a stable edit target for its timeline and canvas controls.",
        "selector": "[data-composition-id]",
        "dataAttributes": {},
        "sourceFile": "C:\\vox-style-xe-giay-v1-hyperframes\\hyperframes\\videos\\ban-an-473-phan-3\\compositions\\caption-track.html",
        "bbox": {
          "x": 0,
          "y": 0,
          "width": 0,
          "height": 0
        },
        "time": 0,
        "fixHint": "Add a stable, human-readable id such as id=\"hero-title\" or id=\"scene-1-card\" to every timeline-visible element you want agents or Studio to edit."
      },
      {
        "code": "studio_missing_editable_id",
        "severity": "warning",
        "message": "<div class=\"caption-page\" data-start=\"51.200000\"> has no id, so Studio cannot use a stable edit target for its timeline and canvas controls.",
        "selector": "[data-composition-id]",
        "dataAttributes": {},
        "sourceFile": "C:\\vox-style-xe-giay-v1-hyperframes\\hyperframes\\videos\\ban-an-473-phan-3\\compositions\\caption-track.html",
        "bbox": {
          "x": 0,
          "y": 0,
          "width": 0,
          "height": 0
        },
        "time": 0,
        "fixHint": "Add a stable, human-readable id such as id=\"hero-title\" or id=\"scene-1-card\" to every timeline-visible element you want agents or Studio to edit."
      },
      {
        "code": "studio_missing_editable_id",
        "severity": "warning",
        "message": "<div class=\"caption-page\" data-start=\"52.540000\"> has no id, so Studio cannot use a stable edit target for its timeline and canvas controls.",
        "selector": "[data-composition-id]",
        "dataAttributes": {},
        "sourceFile": "C:\\vox-style-xe-giay-v1-hyperframes\\hyperframes\\videos\\ban-an-473-phan-3\\compositions\\caption-track.html",
        "bbox": {
          "x": 0,
          "y": 0,
          "width": 0,
          "height": 0
        },
        "time": 0,
        "fixHint": "Add a stable, human-readable id such as id=\"hero-title\" or id=\"scene-1-card\" to every timeline-visible element you want agents or Studio to edit."
      },
      {
        "code": "studio_missing_editable_id",
        "severity": "warning",
        "message": "<div class=\"caption-page\" data-start=\"54.080000\"> has no id, so Studio cannot use a stable edit target for its timeline and canvas controls.",
        "selector": "[data-composition-id]",
        "dataAttributes": {},
        "sourceFile": "C:\\vox-style-xe-giay-v1-hyperframes\\hyperframes\\videos\\ban-an-473-phan-3\\compositions\\caption-track.html",
        "bbox": {
          "x": 0,
          "y": 0,
          "width": 0,
          "height": 0
        },
        "time": 0,
        "fixHint": "Add a stable, human-readable id such as id=\"hero-title\" or id=\"scene-1-card\" to every timeline-visible element you want agents or Studio to edit."
      },
      {
        "code": "studio_missing_editable_id",
        "severity": "warning",
        "message": "<div class=\"caption-page\" data-start=\"54.920000\"> has no id, so Studio cannot use a stable edit target for its timeline and canvas controls.",
        "selector": "[data-composition-id]",
        "dataAttributes": {},
        "sourceFile": "C:\\vox-style-xe-giay-v1-hyperframes\\hyperframes\\videos\\ban-an-473-phan-3\\compositions\\caption-track.html",
        "bbox": {
          "x": 0,
          "y": 0,
          "width": 0,
          "height": 0
        },
        "time": 0,
        "fixHint": "Add a stable, human-readable id such as id=\"hero-title\" or id=\"scene-1-card\" to every timeline-visible element you want agents or Studio to edit."
      },
      {
        "code": "studio_missing_editable_id",
        "severity": "warning",
        "message": "<div class=\"caption-page\" data-start=\"56.550000\"> has no id, so Studio cannot use a stable edit target for its timeline and canvas controls.",
        "selector": "[data-composition-id]",
        "dataAttributes": {},
        "sourceFile": "C:\\vox-style-xe-giay-v1-hyperframes\\hyperframes\\videos\\ban-an-473-phan-3\\compositions\\caption-track.html",
        "bbox": {
          "x": 0,
          "y": 0,
          "width": 0,
          "height": 0
        },
        "time": 0,
        "fixHint": "Add a stable, human-readable id such as id=\"hero-title\" or id=\"scene-1-card\" to every timeline-visible element you want agents or Studio to edit."
      },
      {
        "code": "studio_missing_editable_id",
        "severity": "warning",
        "message": "<div class=\"caption-page\" data-start=\"58.840000\"> has no id, so Studio cannot use a stable edit target for its timeline and canvas controls.",
        "selector": "[data-composition-id]",
        "dataAttributes": {},
        "sourceFile": "C:\\vox-style-xe-giay-v1-hyperframes\\hyperframes\\videos\\ban-an-473-phan-3\\compositions\\caption-track.html",
        "bbox": {
          "x": 0,
          "y": 0,
          "width": 0,
          "height": 0
        },
        "time": 0,
        "fixHint": "Add a stable, human-readable id such as id=\"hero-title\" or id=\"scene-1-card\" to every timeline-visible element you want agents or Studio to edit."
      },
      {
        "code": "studio_missing_editable_id",
        "severity": "warning",
        "message": "<div class=\"caption-page\" data-start=\"59.040000\"> has no id, so Studio cannot use a stable edit target for its timeline and canvas controls.",
        "selector": "[data-composition-id]",
        "dataAttributes": {},
        "sourceFile": "C:\\vox-style-xe-giay-v1-hyperframes\\hyperframes\\videos\\ban-an-473-phan-3\\compositions\\caption-track.html",
        "bbox": {
          "x": 0,
          "y": 0,
          "width": 0,
          "height": 0
        },
        "time": 0,
        "fixHint": "Add a stable, human-readable id such as id=\"hero-title\" or id=\"scene-1-card\" to every timeline-visible element you want agents or Studio to edit."
      },
      {
        "code": "studio_missing_editable_id",
        "severity": "warning",
        "message": "<div class=\"caption-page\" data-start=\"60.780000\"> has no id, so Studio cannot use a stable edit target for its timeline and canvas controls.",
        "selector": "[data-composition-id]",
        "dataAttributes": {},
        "sourceFile": "C:\\vox-style-xe-giay-v1-hyperframes\\hyperframes\\videos\\ban-an-473-phan-3\\compositions\\caption-track.html",
        "bbox": {
          "x": 0,
          "y": 0,
          "width": 0,
          "height": 0
        },
        "time": 0,
        "fixHint": "Add a stable, human-readable id such as id=\"hero-title\" or id=\"scene-1-card\" to every timeline-visible element you want agents or Studio to edit."
      },
      {
        "code": "studio_missing_editable_id",
        "severity": "warning",
        "message": "<div class=\"caption-page\" data-start=\"62.670000\"> has no id, so Studio cannot use a stable edit target for its timeline and canvas controls.",
        "selector": "[data-composition-id]",
        "dataAttributes": {},
        "sourceFile": "C:\\vox-style-xe-giay-v1-hyperframes\\hyperframes\\videos\\ban-an-473-phan-3\\compositions\\caption-track.html",
        "bbox": {
          "x": 0,
          "y": 0,
          "width": 0,
          "height": 0
        },
        "time": 0,
        "fixHint": "Add a stable, human-readable id such as id=\"hero-title\" or id=\"scene-1-card\" to every timeline-visible element you want agents or Studio to edit."
      },
      {
        "code": "studio_missing_editable_id",
        "severity": "warning",
        "message": "<div class=\"caption-page\" data-start=\"64.710000\"> has no id, so Studio cannot use a stable edit target for its timeline and canvas controls.",
        "selector": "[data-composition-id]",
        "dataAttributes": {},
        "sourceFile": "C:\\vox-style-xe-giay-v1-hyperframes\\hyperframes\\videos\\ban-an-473-phan-3\\compositions\\caption-track.html",
        "bbox": {
          "x": 0,
          "y": 0,
          "width": 0,
          "height": 0
        },
        "time": 0,
        "fixHint": "Add a stable, human-readable id such as id=\"hero-title\" or id=\"scene-1-card\" to every timeline-visible element you want agents or Studio to edit."
      },
      {
        "code": "studio_missing_editable_id",
        "severity": "warning",
        "message": "<div class=\"caption-page\" data-start=\"65.810000\"> has no id, so Studio cannot use a stable edit target for its timeline and canvas controls.",
        "selector": "[data-composition-id]",
        "dataAttributes": {},
        "sourceFile": "C:\\vox-style-xe-giay-v1-hyperframes\\hyperframes\\videos\\ban-an-473-phan-3\\compositions\\caption-track.html",
        "bbox": {
          "x": 0,
          "y": 0,
          "width": 0,
          "height": 0
        },
        "time": 0,
        "fixHint": "Add a stable, human-readable id such as id=\"hero-title\" or id=\"scene-1-card\" to every timeline-visible element you want agents or Studio to edit."
      },
      {
        "code": "studio_missing_editable_id",
        "severity": "warning",
        "message": "<div class=\"caption-page\" data-start=\"67.180000\"> has no id, so Studio cannot use a stable edit target for its timeline and canvas controls.",
        "selector": "[data-composition-id]",
        "dataAttributes": {},
        "sourceFile": "C:\\vox-style-xe-giay-v1-hyperframes\\hyperframes\\videos\\ban-an-473-phan-3\\compositions\\caption-track.html",
        "bbox": {
          "x": 0,
          "y": 0,
          "width": 0,
          "height": 0
        },
        "time": 0,
        "fixHint": "Add a stable, human-readable id such as id=\"hero-title\" or id=\"scene-1-card\" to every timeline-visible element you want agents or Studio to edit."
      },
      {
        "code": "studio_missing_editable_id",
        "severity": "warning",
        "message": "<div class=\"caption-page\" data-start=\"68.400000\"> has no id, so Studio cannot use a stable edit target for its timeline and canvas controls.",
        "selector": "[data-composition-id]",
        "dataAttributes": {},
        "sourceFile": "C:\\vox-style-xe-giay-v1-hyperframes\\hyperframes\\videos\\ban-an-473-phan-3\\compositions\\caption-track.html",
        "bbox": {
          "x": 0,
          "y": 0,
          "width": 0,
          "height": 0
        },
        "time": 0,
        "fixHint": "Add a stable, human-readable id such as id=\"hero-title\" or id=\"scene-1-card\" to every timeline-visible element you want agents or Studio to edit."
      },
      {
        "code": "studio_missing_editable_id",
        "severity": "warning",
        "message": "<div class=\"caption-page\" data-start=\"70.840000\"> has no id, so Studio cannot use a stable edit target for its timeline and canvas controls.",
        "selector": "[data-composition-id]",
        "dataAttributes": {},
        "sourceFile": "C:\\vox-style-xe-giay-v1-hyperframes\\hyperframes\\videos\\ban-an-473-phan-3\\compositions\\caption-track.html",
        "bbox": {
          "x": 0,
          "y": 0,
          "width": 0,
          "height": 0
        },
        "time": 0,
        "fixHint": "Add a stable, human-readable id such as id=\"hero-title\" or id=\"scene-1-card\" to every timeline-visible element you want agents or Studio to edit."
      },
      {
        "code": "studio_missing_editable_id",
        "severity": "warning",
        "message": "<div class=\"caption-page\" data-start=\"71.660000\"> has no id, so Studio cannot use a stable edit target for its timeline and canvas controls.",
        "selector": "[data-composition-id]",
        "dataAttributes": {},
        "sourceFile": "C:\\vox-style-xe-giay-v1-hyperframes\\hyperframes\\videos\\ban-an-473-phan-3\\compositions\\caption-track.html",
        "bbox": {
          "x": 0,
          "y": 0,
          "width": 0,
          "height": 0
        },
        "time": 0,
        "fixHint": "Add a stable, human-readable id such as id=\"hero-title\" or id=\"scene-1-card\" to every timeline-visible element you want agents or Studio to edit."
      },
      {
        "code": "studio_missing_editable_id",
        "severity": "warning",
        "message": "<div class=\"caption-page\" data-start=\"72.540000\"> has no id, so Studio cannot use a stable edit target for its timeline and canvas controls.",
        "selector": "[data-composition-id]",
        "dataAttributes": {},
        "sourceFile": "C:\\vox-style-xe-giay-v1-hyperframes\\hyperframes\\videos\\ban-an-473-phan-3\\compositions\\caption-track.html",
        "bbox": {
          "x": 0,
          "y": 0,
          "width": 0,
          "height": 0
        },
        "time": 0,
        "fixHint": "Add a stable, human-readable id such as id=\"hero-title\" or id=\"scene-1-card\" to every timeline-visible element you want agents or Studio to edit."
      },
      {
        "code": "studio_missing_editable_id",
        "severity": "warning",
        "message": "<div class=\"caption-page\" data-start=\"73.500000\"> has no id, so Studio cannot use a stable edit target for its timeline and canvas controls.",
        "selector": "[data-composition-id]",
        "dataAttributes": {},
        "sourceFile": "C:\\vox-style-xe-giay-v1-hyperframes\\hyperframes\\videos\\ban-an-473-phan-3\\compositions\\caption-track.html",
        "bbox": {
          "x": 0,
          "y": 0,
          "width": 0,
          "height": 0
        },
        "time": 0,
        "fixHint": "Add a stable, human-readable id such as id=\"hero-title\" or id=\"scene-1-card\" to every timeline-visible element you want agents or Studio to edit."
      },
      {
        "code": "studio_missing_editable_id",
        "severity": "warning",
        "message": "<div class=\"caption-page\" data-start=\"74.040000\"> has no id, so Studio cannot use a stable edit target for its timeline and canvas controls.",
        "selector": "[data-composition-id]",
        "dataAttributes": {},
        "sourceFile": "C:\\vox-style-xe-giay-v1-hyperframes\\hyperframes\\videos\\ban-an-473-phan-3\\compositions\\caption-track.html",
        "bbox": {
          "x": 0,
          "y": 0,
          "width": 0,
          "height": 0
        },
        "time": 0,
        "fixHint": "Add a stable, human-readable id such as id=\"hero-title\" or id=\"scene-1-card\" to every timeline-visible element you want agents or Studio to edit."
      },
      {
        "code": "studio_missing_editable_id",
        "severity": "warning",
        "message": "<div class=\"caption-page\" data-start=\"74.780000\"> has no id, so Studio cannot use a stable edit target for its timeline and canvas controls.",
        "selector": "[data-composition-id]",
        "dataAttributes": {},
        "sourceFile": "C:\\vox-style-xe-giay-v1-hyperframes\\hyperframes\\videos\\ban-an-473-phan-3\\compositions\\caption-track.html",
        "bbox": {
          "x": 0,
          "y": 0,
          "width": 0,
          "height": 0
        },
        "time": 0,
        "fixHint": "Add a stable, human-readable id such as id=\"hero-title\" or id=\"scene-1-card\" to every timeline-visible element you want agents or Studio to edit."
      },
      {
        "code": "studio_missing_editable_id",
        "severity": "warning",
        "message": "<div class=\"caption-page\" data-start=\"75.830000\"> has no id, so Studio cannot use a stable edit target for its timeline and canvas controls.",
        "selector": "[data-composition-id]",
        "dataAttributes": {},
        "sourceFile": "C:\\vox-style-xe-giay-v1-hyperframes\\hyperframes\\videos\\ban-an-473-phan-3\\compositions\\caption-track.html",
        "bbox": {
          "x": 0,
          "y": 0,
          "width": 0,
          "height": 0
        },
        "time": 0,
        "fixHint": "Add a stable, human-readable id such as id=\"hero-title\" or id=\"scene-1-card\" to every timeline-visible element you want agents or Studio to edit."
      },
      {
        "code": "studio_missing_editable_id",
        "severity": "warning",
        "message": "<div class=\"caption-page\" data-start=\"76.610000\"> has no id, so Studio cannot use a stable edit target for its timeline and canvas controls.",
        "selector": "[data-composition-id]",
        "dataAttributes": {},
        "sourceFile": "C:\\vox-style-xe-giay-v1-hyperframes\\hyperframes\\videos\\ban-an-473-phan-3\\compositions\\caption-track.html",
        "bbox": {
          "x": 0,
          "y": 0,
          "width": 0,
          "height": 0
        },
        "time": 0,
        "fixHint": "Add a stable, human-readable id such as id=\"hero-title\" or id=\"scene-1-card\" to every timeline-visible element you want agents or Studio to edit."
      },
      {
        "code": "studio_missing_editable_id",
        "severity": "warning",
        "message": "<div class=\"caption-page\" data-start=\"77.370000\"> has no id, so Studio cannot use a stable edit target for its timeline and canvas controls.",
        "selector": "[data-composition-id]",
        "dataAttributes": {},
        "sourceFile": "C:\\vox-style-xe-giay-v1-hyperframes\\hyperframes\\videos\\ban-an-473-phan-3\\compositions\\caption-track.html",
        "bbox": {
          "x": 0,
          "y": 0,
          "width": 0,
          "height": 0
        },
        "time": 0,
        "fixHint": "Add a stable, human-readable id such as id=\"hero-title\" or id=\"scene-1-card\" to every timeline-visible element you want agents or Studio to edit."
      },
      {
        "code": "studio_missing_editable_id",
        "severity": "warning",
        "message": "<div class=\"caption-page\" data-start=\"78.110000\"> has no id, so Studio cannot use a stable edit target for its timeline and canvas controls.",
        "selector": "[data-composition-id]",
        "dataAttributes": {},
        "sourceFile": "C:\\vox-style-xe-giay-v1-hyperframes\\hyperframes\\videos\\ban-an-473-phan-3\\compositions\\caption-track.html",
        "bbox": {
          "x": 0,
          "y": 0,
          "width": 0,
          "height": 0
        },
        "time": 0,
        "fixHint": "Add a stable, human-readable id such as id=\"hero-title\" or id=\"scene-1-card\" to every timeline-visible element you want agents or Studio to edit."
      },
      {
        "code": "studio_missing_editable_id",
        "severity": "warning",
        "message": "<div class=\"caption-page\" data-start=\"78.770000\"> has no id, so Studio cannot use a stable edit target for its timeline and canvas controls.",
        "selector": "[data-composition-id]",
        "dataAttributes": {},
        "sourceFile": "C:\\vox-style-xe-giay-v1-hyperframes\\hyperframes\\videos\\ban-an-473-phan-3\\compositions\\caption-track.html",
        "bbox": {
          "x": 0,
          "y": 0,
          "width": 0,
          "height": 0
        },
        "time": 0,
        "fixHint": "Add a stable, human-readable id such as id=\"hero-title\" or id=\"scene-1-card\" to every timeline-visible element you want agents or Studio to edit."
      },
      {
        "code": "studio_missing_editable_id",
        "severity": "warning",
        "message": "<div class=\"caption-page\" data-start=\"79.280000\"> has no id, so Studio cannot use a stable edit target for its timeline and canvas controls.",
        "selector": "[data-composition-id]",
        "dataAttributes": {},
        "sourceFile": "C:\\vox-style-xe-giay-v1-hyperframes\\hyperframes\\videos\\ban-an-473-phan-3\\compositions\\caption-track.html",
        "bbox": {
          "x": 0,
          "y": 0,
          "width": 0,
          "height": 0
        },
        "time": 0,
        "fixHint": "Add a stable, human-readable id such as id=\"hero-title\" or id=\"scene-1-card\" to every timeline-visible element you want agents or Studio to edit."
      },
      {
        "code": "studio_missing_editable_id",
        "severity": "warning",
        "message": "<div class=\"caption-page\" data-start=\"80.160000\"> has no id, so Studio cannot use a stable edit target for its timeline and canvas controls.",
        "selector": "[data-composition-id]",
        "dataAttributes": {},
        "sourceFile": "C:\\vox-style-xe-giay-v1-hyperframes\\hyperframes\\videos\\ban-an-473-phan-3\\compositions\\caption-track.html",
        "bbox": {
          "x": 0,
          "y": 0,
          "width": 0,
          "height": 0
        },
        "time": 0,
        "fixHint": "Add a stable, human-readable id such as id=\"hero-title\" or id=\"scene-1-card\" to every timeline-visible element you want agents or Studio to edit."
      },
      {
        "code": "studio_missing_editable_id",
        "severity": "warning",
        "message": "<div class=\"caption-page\" data-start=\"80.990000\"> has no id, so Studio cannot use a stable edit target for its timeline and canvas controls.",
        "selector": "[data-composition-id]",
        "dataAttributes": {},
        "sourceFile": "C:\\vox-style-xe-giay-v1-hyperframes\\hyperframes\\videos\\ban-an-473-phan-3\\compositions\\caption-track.html",
        "bbox": {
          "x": 0,
          "y": 0,
          "width": 0,
          "height": 0
        },
        "time": 0,
        "fixHint": "Add a stable, human-readable id such as id=\"hero-title\" or id=\"scene-1-card\" to every timeline-visible element you want agents or Studio to edit."
      },
      {
        "code": "studio_missing_editable_id",
        "severity": "warning",
        "message": "<div class=\"caption-page\" data-start=\"81.780000\"> has no id, so Studio cannot use a stable edit target for its timeline and canvas controls.",
        "selector": "[data-composition-id]",
        "dataAttributes": {},
        "sourceFile": "C:\\vox-style-xe-giay-v1-hyperframes\\hyperframes\\videos\\ban-an-473-phan-3\\compositions\\caption-track.html",
        "bbox": {
          "x": 0,
          "y": 0,
          "width": 0,
          "height": 0
        },
        "time": 0,
        "fixHint": "Add a stable, human-readable id such as id=\"hero-title\" or id=\"scene-1-card\" to every timeline-visible element you want agents or Studio to edit."
      },
      {
        "code": "studio_missing_editable_id",
        "severity": "warning",
        "message": "<div class=\"caption-page\" data-start=\"82.470000\"> has no id, so Studio cannot use a stable edit target for its timeline and canvas controls.",
        "selector": "[data-composition-id]",
        "dataAttributes": {},
        "sourceFile": "C:\\vox-style-xe-giay-v1-hyperframes\\hyperframes\\videos\\ban-an-473-phan-3\\compositions\\caption-track.html",
        "bbox": {
          "x": 0,
          "y": 0,
          "width": 0,
          "height": 0
        },
        "time": 0,
        "fixHint": "Add a stable, human-readable id such as id=\"hero-title\" or id=\"scene-1-card\" to every timeline-visible element you want agents or Studio to edit."
      },
      {
        "code": "studio_missing_editable_id",
        "severity": "warning",
        "message": "<div class=\"caption-page\" data-start=\"83.370000\"> has no id, so Studio cannot use a stable edit target for its timeline and canvas controls.",
        "selector": "[data-composition-id]",
        "dataAttributes": {},
        "sourceFile": "C:\\vox-style-xe-giay-v1-hyperframes\\hyperframes\\videos\\ban-an-473-phan-3\\compositions\\caption-track.html",
        "bbox": {
          "x": 0,
          "y": 0,
          "width": 0,
          "height": 0
        },
        "time": 0,
        "fixHint": "Add a stable, human-readable id such as id=\"hero-title\" or id=\"scene-1-card\" to every timeline-visible element you want agents or Studio to edit."
      },
      {
        "code": "studio_missing_editable_id",
        "severity": "warning",
        "message": "<div class=\"caption-page\" data-start=\"84.290000\"> has no id, so Studio cannot use a stable edit target for its timeline and canvas controls.",
        "selector": "[data-composition-id]",
        "dataAttributes": {},
        "sourceFile": "C:\\vox-style-xe-giay-v1-hyperframes\\hyperframes\\videos\\ban-an-473-phan-3\\compositions\\caption-track.html",
        "bbox": {
          "x": 0,
          "y": 0,
          "width": 0,
          "height": 0
        },
        "time": 0,
        "fixHint": "Add a stable, human-readable id such as id=\"hero-title\" or id=\"scene-1-card\" to every timeline-visible element you want agents or Studio to edit."
      },
      {
        "code": "studio_missing_editable_id",
        "severity": "warning",
        "message": "<div class=\"caption-page\" data-start=\"85.480000\"> has no id, so Studio cannot use a stable edit target for its timeline and canvas controls.",
        "selector": "[data-composition-id]",
        "dataAttributes": {},
        "sourceFile": "C:\\vox-style-xe-giay-v1-hyperframes\\hyperframes\\videos\\ban-an-473-phan-3\\compositions\\caption-track.html",
        "bbox": {
          "x": 0,
          "y": 0,
          "width": 0,
          "height": 0
        },
        "time": 0,
        "fixHint": "Add a stable, human-readable id such as id=\"hero-title\" or id=\"scene-1-card\" to every timeline-visible element you want agents or Studio to edit."
      },
      {
        "code": "studio_missing_editable_id",
        "severity": "warning",
        "message": "<div class=\"caption-page\" data-start=\"86.260000\"> has no id, so Studio cannot use a stable edit target for its timeline and canvas controls.",
        "selector": "[data-composition-id]",
        "dataAttributes": {},
        "sourceFile": "C:\\vox-style-xe-giay-v1-hyperframes\\hyperframes\\videos\\ban-an-473-phan-3\\compositions\\caption-track.html",
        "bbox": {
          "x": 0,
          "y": 0,
          "width": 0,
          "height": 0
        },
        "time": 0,
        "fixHint": "Add a stable, human-readable id such as id=\"hero-title\" or id=\"scene-1-card\" to every timeline-visible element you want agents or Studio to edit."
      },
      {
        "code": "studio_missing_editable_id",
        "severity": "warning",
        "message": "<div class=\"caption-page\" data-start=\"87.160000\"> has no id, so Studio cannot use a stable edit target for its timeline and canvas controls.",
        "selector": "[data-composition-id]",
        "dataAttributes": {},
        "sourceFile": "C:\\vox-style-xe-giay-v1-hyperframes\\hyperframes\\videos\\ban-an-473-phan-3\\compositions\\caption-track.html",
        "bbox": {
          "x": 0,
          "y": 0,
          "width": 0,
          "height": 0
        },
        "time": 0,
        "fixHint": "Add a stable, human-readable id such as id=\"hero-title\" or id=\"scene-1-card\" to every timeline-visible element you want agents or Studio to edit."
      },
      {
        "code": "studio_missing_editable_id",
        "severity": "warning",
        "message": "<div class=\"caption-page\" data-start=\"87.560000\"> has no id, so Studio cannot use a stable edit target for its timeline and canvas controls.",
        "selector": "[data-composition-id]",
        "dataAttributes": {},
        "sourceFile": "C:\\vox-style-xe-giay-v1-hyperframes\\hyperframes\\videos\\ban-an-473-phan-3\\compositions\\caption-track.html",
        "bbox": {
          "x": 0,
          "y": 0,
          "width": 0,
          "height": 0
        },
        "time": 0,
        "fixHint": "Add a stable, human-readable id such as id=\"hero-title\" or id=\"scene-1-card\" to every timeline-visible element you want agents or Studio to edit."
      },
      {
        "code": "studio_missing_editable_id",
        "severity": "warning",
        "message": "<div class=\"caption-page\" data-start=\"88.210000\"> has no id, so Studio cannot use a stable edit target for its timeline and canvas controls.",
        "selector": "[data-composition-id]",
        "dataAttributes": {},
        "sourceFile": "C:\\vox-style-xe-giay-v1-hyperframes\\hyperframes\\videos\\ban-an-473-phan-3\\compositions\\caption-track.html",
        "bbox": {
          "x": 0,
          "y": 0,
          "width": 0,
          "height": 0
        },
        "time": 0,
        "fixHint": "Add a stable, human-readable id such as id=\"hero-title\" or id=\"scene-1-card\" to every timeline-visible element you want agents or Studio to edit."
      },
      {
        "code": "studio_missing_editable_id",
        "severity": "warning",
        "message": "<div class=\"caption-page\" data-start=\"89.280000\"> has no id, so Studio cannot use a stable edit target for its timeline and canvas controls.",
        "selector": "[data-composition-id]",
        "dataAttributes": {},
        "sourceFile": "C:\\vox-style-xe-giay-v1-hyperframes\\hyperframes\\videos\\ban-an-473-phan-3\\compositions\\caption-track.html",
        "bbox": {
          "x": 0,
          "y": 0,
          "width": 0,
          "height": 0
        },
        "time": 0,
        "fixHint": "Add a stable, human-readable id such as id=\"hero-title\" or id=\"scene-1-card\" to every timeline-visible element you want agents or Studio to edit."
      },
      {
        "code": "studio_missing_editable_id",
        "severity": "warning",
        "message": "<div class=\"caption-page\" data-start=\"90.110000\"> has no id, so Studio cannot use a stable edit target for its timeline and canvas controls.",
        "selector": "[data-composition-id]",
        "dataAttributes": {},
        "sourceFile": "C:\\vox-style-xe-giay-v1-hyperframes\\hyperframes\\videos\\ban-an-473-phan-3\\compositions\\caption-track.html",
        "bbox": {
          "x": 0,
          "y": 0,
          "width": 0,
          "height": 0
        },
        "time": 0,
        "fixHint": "Add a stable, human-readable id such as id=\"hero-title\" or id=\"scene-1-card\" to every timeline-visible element you want agents or Studio to edit."
      },
      {
        "code": "studio_missing_editable_id",
        "severity": "warning",
        "message": "<div class=\"caption-page\" data-start=\"91.280000\"> has no id, so Studio cannot use a stable edit target for its timeline and canvas controls.",
        "selector": "[data-composition-id]",
        "dataAttributes": {},
        "sourceFile": "C:\\vox-style-xe-giay-v1-hyperframes\\hyperframes\\videos\\ban-an-473-phan-3\\compositions\\caption-track.html",
        "bbox": {
          "x": 0,
          "y": 0,
          "width": 0,
          "height": 0
        },
        "time": 0,
        "fixHint": "Add a stable, human-readable id such as id=\"hero-title\" or id=\"scene-1-card\" to every timeline-visible element you want agents or Studio to edit."
      },
      {
        "code": "studio_missing_editable_id",
        "severity": "warning",
        "message": "<div class=\"caption-page\" data-start=\"92.190000\"> has no id, so Studio cannot use a stable edit target for its timeline and canvas controls.",
        "selector": "[data-composition-id]",
        "dataAttributes": {},
        "sourceFile": "C:\\vox-style-xe-giay-v1-hyperframes\\hyperframes\\videos\\ban-an-473-phan-3\\compositions\\caption-track.html",
        "bbox": {
          "x": 0,
          "y": 0,
          "width": 0,
          "height": 0
        },
        "time": 0,
        "fixHint": "Add a stable, human-readable id such as id=\"hero-title\" or id=\"scene-1-card\" to every timeline-visible element you want agents or Studio to edit."
      },
      {
        "code": "studio_missing_editable_id",
        "severity": "warning",
        "message": "<div class=\"caption-page\" data-start=\"93.280000\"> has no id, so Studio cannot use a stable edit target for its timeline and canvas controls.",
        "selector": "[data-composition-id]",
        "dataAttributes": {},
        "sourceFile": "C:\\vox-style-xe-giay-v1-hyperframes\\hyperframes\\videos\\ban-an-473-phan-3\\compositions\\caption-track.html",
        "bbox": {
          "x": 0,
          "y": 0,
          "width": 0,
          "height": 0
        },
        "time": 0,
        "fixHint": "Add a stable, human-readable id such as id=\"hero-title\" or id=\"scene-1-card\" to every timeline-visible element you want agents or Studio to edit."
      },
      {
        "code": "studio_missing_editable_id",
        "severity": "warning",
        "message": "<div class=\"caption-page\" data-start=\"94.290000\"> has no id, so Studio cannot use a stable edit target for its timeline and canvas controls.",
        "selector": "[data-composition-id]",
        "dataAttributes": {},
        "sourceFile": "C:\\vox-style-xe-giay-v1-hyperframes\\hyperframes\\videos\\ban-an-473-phan-3\\compositions\\caption-track.html",
        "bbox": {
          "x": 0,
          "y": 0,
          "width": 0,
          "height": 0
        },
        "time": 0,
        "fixHint": "Add a stable, human-readable id such as id=\"hero-title\" or id=\"scene-1-card\" to every timeline-visible element you want agents or Studio to edit."
      },
      {
        "code": "studio_missing_editable_id",
        "severity": "warning",
        "message": "<div class=\"caption-page\" data-start=\"95.710000\"> has no id, so Studio cannot use a stable edit target for its timeline and canvas controls.",
        "selector": "[data-composition-id]",
        "dataAttributes": {},
        "sourceFile": "C:\\vox-style-xe-giay-v1-hyperframes\\hyperframes\\videos\\ban-an-473-phan-3\\compositions\\caption-track.html",
        "bbox": {
          "x": 0,
          "y": 0,
          "width": 0,
          "height": 0
        },
        "time": 0,
        "fixHint": "Add a stable, human-readable id such as id=\"hero-title\" or id=\"scene-1-card\" to every timeline-visible element you want agents or Studio to edit."
      },
      {
        "code": "studio_missing_editable_id",
        "severity": "warning",
        "message": "<div class=\"caption-page\" data-start=\"96.510000\"> has no id, so Studio cannot use a stable edit target for its timeline and canvas controls.",
        "selector": "[data-composition-id]",
        "dataAttributes": {},
        "sourceFile": "C:\\vox-style-xe-giay-v1-hyperframes\\hyperframes\\videos\\ban-an-473-phan-3\\compositions\\caption-track.html",
        "bbox": {
          "x": 0,
          "y": 0,
          "width": 0,
          "height": 0
        },
        "time": 0,
        "fixHint": "Add a stable, human-readable id such as id=\"hero-title\" or id=\"scene-1-card\" to every timeline-visible element you want agents or Studio to edit."
      },
      {
        "code": "studio_missing_editable_id",
        "severity": "warning",
        "message": "<div class=\"caption-page\" data-start=\"97.250000\"> has no id, so Studio cannot use a stable edit target for its timeline and canvas controls.",
        "selector": "[data-composition-id]",
        "dataAttributes": {},
        "sourceFile": "C:\\vox-style-xe-giay-v1-hyperframes\\hyperframes\\videos\\ban-an-473-phan-3\\compositions\\caption-track.html",
        "bbox": {
          "x": 0,
          "y": 0,
          "width": 0,
          "height": 0
        },
        "time": 0,
        "fixHint": "Add a stable, human-readable id such as id=\"hero-title\" or id=\"scene-1-card\" to every timeline-visible element you want agents or Studio to edit."
      },
      {
        "code": "studio_missing_editable_id",
        "severity": "warning",
        "message": "<div class=\"caption-page\" data-start=\"98.290000\"> has no id, so Studio cannot use a stable edit target for its timeline and canvas controls.",
        "selector": "[data-composition-id]",
        "dataAttributes": {},
        "sourceFile": "C:\\vox-style-xe-giay-v1-hyperframes\\hyperframes\\videos\\ban-an-473-phan-3\\compositions\\caption-track.html",
        "bbox": {
          "x": 0,
          "y": 0,
          "width": 0,
          "height": 0
        },
        "time": 0,
        "fixHint": "Add a stable, human-readable id such as id=\"hero-title\" or id=\"scene-1-card\" to every timeline-visible element you want agents or Studio to edit."
      },
      {
        "code": "studio_missing_editable_id",
        "severity": "warning",
        "message": "<div class=\"caption-page\" data-start=\"99.160000\"> has no id, so Studio cannot use a stable edit target for its timeline and canvas controls.",
        "selector": "[data-composition-id]",
        "dataAttributes": {},
        "sourceFile": "C:\\vox-style-xe-giay-v1-hyperframes\\hyperframes\\videos\\ban-an-473-phan-3\\compositions\\caption-track.html",
        "bbox": {
          "x": 0,
          "y": 0,
          "width": 0,
          "height": 0
        },
        "time": 0,
        "fixHint": "Add a stable, human-readable id such as id=\"hero-title\" or id=\"scene-1-card\" to every timeline-visible element you want agents or Studio to edit."
      },
      {
        "code": "studio_missing_editable_id",
        "severity": "warning",
        "message": "<div class=\"caption-page\" data-start=\"100.180000\"> has no id, so Studio cannot use a stable edit target for its timeline and canvas controls.",
        "selector": "[data-composition-id]",
        "dataAttributes": {},
        "sourceFile": "C:\\vox-style-xe-giay-v1-hyperframes\\hyperframes\\videos\\ban-an-473-phan-3\\compositions\\caption-track.html",
        "bbox": {
          "x": 0,
          "y": 0,
          "width": 0,
          "height": 0
        },
        "time": 0,
        "fixHint": "Add a stable, human-readable id such as id=\"hero-title\" or id=\"scene-1-card\" to every timeline-visible element you want agents or Studio to edit."
      },
      {
        "code": "studio_missing_editable_id",
        "severity": "warning",
        "message": "<div class=\"caption-page\" data-start=\"101.530000\"> has no id, so Studio cannot use a stable edit target for its timeline and canvas controls.",
        "selector": "[data-composition-id]",
        "dataAttributes": {},
        "sourceFile": "C:\\vox-style-xe-giay-v1-hyperframes\\hyperframes\\videos\\ban-an-473-phan-3\\compositions\\caption-track.html",
        "bbox": {
          "x": 0,
          "y": 0,
          "width": 0,
          "height": 0
        },
        "time": 0,
        "fixHint": "Add a stable, human-readable id such as id=\"hero-title\" or id=\"scene-1-card\" to every timeline-visible element you want agents or Studio to edit."
      },
      {
        "code": "studio_missing_editable_id",
        "severity": "warning",
        "message": "<div class=\"caption-page\" data-start=\"102.330000\"> has no id, so Studio cannot use a stable edit target for its timeline and canvas controls.",
        "selector": "[data-composition-id]",
        "dataAttributes": {},
        "sourceFile": "C:\\vox-style-xe-giay-v1-hyperframes\\hyperframes\\videos\\ban-an-473-phan-3\\compositions\\caption-track.html",
        "bbox": {
          "x": 0,
          "y": 0,
          "width": 0,
          "height": 0
        },
        "time": 0,
        "fixHint": "Add a stable, human-readable id such as id=\"hero-title\" or id=\"scene-1-card\" to every timeline-visible element you want agents or Studio to edit."
      },
      {
        "code": "studio_missing_editable_id",
        "severity": "warning",
        "message": "<div class=\"caption-page\" data-start=\"103.390000\"> has no id, so Studio cannot use a stable edit target for its timeline and canvas controls.",
        "selector": "[data-composition-id]",
        "dataAttributes": {},
        "sourceFile": "C:\\vox-style-xe-giay-v1-hyperframes\\hyperframes\\videos\\ban-an-473-phan-3\\compositions\\caption-track.html",
        "bbox": {
          "x": 0,
          "y": 0,
          "width": 0,
          "height": 0
        },
        "time": 0,
        "fixHint": "Add a stable, human-readable id such as id=\"hero-title\" or id=\"scene-1-card\" to every timeline-visible element you want agents or Studio to edit."
      },
      {
        "code": "studio_missing_editable_id",
        "severity": "warning",
        "message": "<div class=\"caption-page\" data-start=\"104.290000\"> has no id, so Studio cannot use a stable edit target for its timeline and canvas controls.",
        "selector": "[data-composition-id]",
        "dataAttributes": {},
        "sourceFile": "C:\\vox-style-xe-giay-v1-hyperframes\\hyperframes\\videos\\ban-an-473-phan-3\\compositions\\caption-track.html",
        "bbox": {
          "x": 0,
          "y": 0,
          "width": 0,
          "height": 0
        },
        "time": 0,
        "fixHint": "Add a stable, human-readable id such as id=\"hero-title\" or id=\"scene-1-card\" to every timeline-visible element you want agents or Studio to edit."
      },
      {
        "code": "studio_missing_editable_id",
        "severity": "warning",
        "message": "<div class=\"caption-page\" data-start=\"105.360000\"> has no id, so Studio cannot use a stable edit target for its timeline and canvas controls.",
        "selector": "[data-composition-id]",
        "dataAttributes": {},
        "sourceFile": "C:\\vox-style-xe-giay-v1-hyperframes\\hyperframes\\videos\\ban-an-473-phan-3\\compositions\\caption-track.html",
        "bbox": {
          "x": 0,
          "y": 0,
          "width": 0,
          "height": 0
        },
        "time": 0,
        "fixHint": "Add a stable, human-readable id such as id=\"hero-title\" or id=\"scene-1-card\" to every timeline-visible element you want agents or Studio to edit."
      },
      {
        "code": "studio_missing_editable_id",
        "severity": "warning",
        "message": "<div class=\"caption-page\" data-start=\"106.320000\"> has no id, so Studio cannot use a stable edit target for its timeline and canvas controls.",
        "selector": "[data-composition-id]",
        "dataAttributes": {},
        "sourceFile": "C:\\vox-style-xe-giay-v1-hyperframes\\hyperframes\\videos\\ban-an-473-phan-3\\compositions\\caption-track.html",
        "bbox": {
          "x": 0,
          "y": 0,
          "width": 0,
          "height": 0
        },
        "time": 0,
        "fixHint": "Add a stable, human-readable id such as id=\"hero-title\" or id=\"scene-1-card\" to every timeline-visible element you want agents or Studio to edit."
      },
      {
        "code": "studio_missing_editable_id",
        "severity": "warning",
        "message": "<div class=\"caption-page\" data-start=\"107.190000\"> has no id, so Studio cannot use a stable edit target for its timeline and canvas controls.",
        "selector": "[data-composition-id]",
        "dataAttributes": {},
        "sourceFile": "C:\\vox-style-xe-giay-v1-hyperframes\\hyperframes\\videos\\ban-an-473-phan-3\\compositions\\caption-track.html",
        "bbox": {
          "x": 0,
          "y": 0,
          "width": 0,
          "height": 0
        },
        "time": 0,
        "fixHint": "Add a stable, human-readable id such as id=\"hero-title\" or id=\"scene-1-card\" to every timeline-visible element you want agents or Studio to edit."
      },
      {
        "code": "studio_missing_editable_id",
        "severity": "warning",
        "message": "<div class=\"caption-page\" data-start=\"108.020000\"> has no id, so Studio cannot use a stable edit target for its timeline and canvas controls.",
        "selector": "[data-composition-id]",
        "dataAttributes": {},
        "sourceFile": "C:\\vox-style-xe-giay-v1-hyperframes\\hyperframes\\videos\\ban-an-473-phan-3\\compositions\\caption-track.html",
        "bbox": {
          "x": 0,
          "y": 0,
          "width": 0,
          "height": 0
        },
        "time": 0,
        "fixHint": "Add a stable, human-readable id such as id=\"hero-title\" or id=\"scene-1-card\" to every timeline-visible element you want agents or Studio to edit."
      },
      {
        "code": "studio_missing_editable_id",
        "severity": "warning",
        "message": "<div class=\"caption-page\" data-start=\"108.820000\"> has no id, so Studio cannot use a stable edit target for its timeline and canvas controls.",
        "selector": "[data-composition-id]",
        "dataAttributes": {},
        "sourceFile": "C:\\vox-style-xe-giay-v1-hyperframes\\hyperframes\\videos\\ban-an-473-phan-3\\compositions\\caption-track.html",
        "bbox": {
          "x": 0,
          "y": 0,
          "width": 0,
          "height": 0
        },
        "time": 0,
        "fixHint": "Add a stable, human-readable id such as id=\"hero-title\" or id=\"scene-1-card\" to every timeline-visible element you want agents or Studio to edit."
      },
      {
        "code": "studio_missing_editable_id",
        "severity": "warning",
        "message": "<div class=\"caption-page\" data-start=\"109.320000\"> has no id, so Studio cannot use a stable edit target for its timeline and canvas controls.",
        "selector": "[data-composition-id]",
        "dataAttributes": {},
        "sourceFile": "C:\\vox-style-xe-giay-v1-hyperframes\\hyperframes\\videos\\ban-an-473-phan-3\\compositions\\caption-track.html",
        "bbox": {
          "x": 0,
          "y": 0,
          "width": 0,
          "height": 0
        },
        "time": 0,
        "fixHint": "Add a stable, human-readable id such as id=\"hero-title\" or id=\"scene-1-card\" to every timeline-visible element you want agents or Studio to edit."
      },
      {
        "code": "studio_missing_editable_id",
        "severity": "warning",
        "message": "<div class=\"caption-page\" data-start=\"110.070000\"> has no id, so Studio cannot use a stable edit target for its timeline and canvas controls.",
        "selector": "[data-composition-id]",
        "dataAttributes": {},
        "sourceFile": "C:\\vox-style-xe-giay-v1-hyperframes\\hyperframes\\videos\\ban-an-473-phan-3\\compositions\\caption-track.html",
        "bbox": {
          "x": 0,
          "y": 0,
          "width": 0,
          "height": 0
        },
        "time": 0,
        "fixHint": "Add a stable, human-readable id such as id=\"hero-title\" or id=\"scene-1-card\" to every timeline-visible element you want agents or Studio to edit."
      },
      {
        "code": "studio_missing_editable_id",
        "severity": "warning",
        "message": "<div class=\"caption-page\" data-start=\"111.420000\"> has no id, so Studio cannot use a stable edit target for its timeline and canvas controls.",
        "selector": "[data-composition-id]",
        "dataAttributes": {},
        "sourceFile": "C:\\vox-style-xe-giay-v1-hyperframes\\hyperframes\\videos\\ban-an-473-phan-3\\compositions\\caption-track.html",
        "bbox": {
          "x": 0,
          "y": 0,
          "width": 0,
          "height": 0
        },
        "time": 0,
        "fixHint": "Add a stable, human-readable id such as id=\"hero-title\" or id=\"scene-1-card\" to every timeline-visible element you want agents or Studio to edit."
      },
      {
        "code": "studio_missing_editable_id",
        "severity": "warning",
        "message": "<div class=\"caption-page\" data-start=\"112.520000\"> has no id, so Studio cannot use a stable edit target for its timeline and canvas controls.",
        "selector": "[data-composition-id]",
        "dataAttributes": {},
        "sourceFile": "C:\\vox-style-xe-giay-v1-hyperframes\\hyperframes\\videos\\ban-an-473-phan-3\\compositions\\caption-track.html",
        "bbox": {
          "x": 0,
          "y": 0,
          "width": 0,
          "height": 0
        },
        "time": 0,
        "fixHint": "Add a stable, human-readable id such as id=\"hero-title\" or id=\"scene-1-card\" to every timeline-visible element you want agents or Studio to edit."
      },
      {
        "code": "studio_missing_editable_id",
        "severity": "warning",
        "message": "<div class=\"caption-page\" data-start=\"113.870000\"> has no id, so Studio cannot use a stable edit target for its timeline and canvas controls.",
        "selector": "[data-composition-id]",
        "dataAttributes": {},
        "sourceFile": "C:\\vox-style-xe-giay-v1-hyperframes\\hyperframes\\videos\\ban-an-473-phan-3\\compositions\\caption-track.html",
        "bbox": {
          "x": 0,
          "y": 0,
          "width": 0,
          "height": 0
        },
        "time": 0,
        "fixHint": "Add a stable, human-readable id such as id=\"hero-title\" or id=\"scene-1-card\" to every timeline-visible element you want agents or Studio to edit."
      },
      {
        "code": "studio_missing_editable_id",
        "severity": "warning",
        "message": "<div class=\"caption-page\" data-start=\"114.990000\"> has no id, so Studio cannot use a stable edit target for its timeline and canvas controls.",
        "selector": "[data-composition-id]",
        "dataAttributes": {},
        "sourceFile": "C:\\vox-style-xe-giay-v1-hyperframes\\hyperframes\\videos\\ban-an-473-phan-3\\compositions\\caption-track.html",
        "bbox": {
          "x": 0,
          "y": 0,
          "width": 0,
          "height": 0
        },
        "time": 0,
        "fixHint": "Add a stable, human-readable id such as id=\"hero-title\" or id=\"scene-1-card\" to every timeline-visible element you want agents or Studio to edit."
      },
      {
        "code": "studio_missing_editable_id",
        "severity": "warning",
        "message": "<div class=\"caption-page\" data-start=\"115.710000\"> has no id, so Studio cannot use a stable edit target for its timeline and canvas controls.",
        "selector": "[data-composition-id]",
        "dataAttributes": {},
        "sourceFile": "C:\\vox-style-xe-giay-v1-hyperframes\\hyperframes\\videos\\ban-an-473-phan-3\\compositions\\caption-track.html",
        "bbox": {
          "x": 0,
          "y": 0,
          "width": 0,
          "height": 0
        },
        "time": 0,
        "fixHint": "Add a stable, human-readable id such as id=\"hero-title\" or id=\"scene-1-card\" to every timeline-visible element you want agents or Studio to edit."
      },
      {
        "code": "studio_missing_editable_id",
        "severity": "warning",
        "message": "<div class=\"caption-page\" data-start=\"116.800000\"> has no id, so Studio cannot use a stable edit target for its timeline and canvas controls.",
        "selector": "[data-composition-id]",
        "dataAttributes": {},
        "sourceFile": "C:\\vox-style-xe-giay-v1-hyperframes\\hyperframes\\videos\\ban-an-473-phan-3\\compositions\\caption-track.html",
        "bbox": {
          "x": 0,
          "y": 0,
          "width": 0,
          "height": 0
        },
        "time": 0,
        "fixHint": "Add a stable, human-readable id such as id=\"hero-title\" or id=\"scene-1-card\" to every timeline-visible element you want agents or Studio to edit."
      },
      {
        "code": "studio_missing_editable_id",
        "severity": "warning",
        "message": "<div class=\"caption-page\" data-start=\"117.800000\"> has no id, so Studio cannot use a stable edit target for its timeline and canvas controls.",
        "selector": "[data-composition-id]",
        "dataAttributes": {},
        "sourceFile": "C:\\vox-style-xe-giay-v1-hyperframes\\hyperframes\\videos\\ban-an-473-phan-3\\compositions\\caption-track.html",
        "bbox": {
          "x": 0,
          "y": 0,
          "width": 0,
          "height": 0
        },
        "time": 0,
        "fixHint": "Add a stable, human-readable id such as id=\"hero-title\" or id=\"scene-1-card\" to every timeline-visible element you want agents or Studio to edit."
      },
      {
        "code": "studio_missing_editable_id",
        "severity": "warning",
        "message": "<div class=\"caption-page\" data-start=\"119.110000\"> has no id, so Studio cannot use a stable edit target for its timeline and canvas controls.",
        "selector": "[data-composition-id]",
        "dataAttributes": {},
        "sourceFile": "C:\\vox-style-xe-giay-v1-hyperframes\\hyperframes\\videos\\ban-an-473-phan-3\\compositions\\caption-track.html",
        "bbox": {
          "x": 0,
          "y": 0,
          "width": 0,
          "height": 0
        },
        "time": 0,
        "fixHint": "Add a stable, human-readable id such as id=\"hero-title\" or id=\"scene-1-card\" to every timeline-visible element you want agents or Studio to edit."
      },
      {
        "code": "studio_missing_editable_id",
        "severity": "warning",
        "message": "<div class=\"caption-page\" data-start=\"120.150000\"> has no id, so Studio cannot use a stable edit target for its timeline and canvas controls.",
        "selector": "[data-composition-id]",
        "dataAttributes": {},
        "sourceFile": "C:\\vox-style-xe-giay-v1-hyperframes\\hyperframes\\videos\\ban-an-473-phan-3\\compositions\\caption-track.html",
        "bbox": {
          "x": 0,
          "y": 0,
          "width": 0,
          "height": 0
        },
        "time": 0,
        "fixHint": "Add a stable, human-readable id such as id=\"hero-title\" or id=\"scene-1-card\" to every timeline-visible element you want agents or Studio to edit."
      },
      {
        "code": "studio_missing_editable_id",
        "severity": "warning",
        "message": "<div class=\"caption-page\" data-start=\"121.450000\"> has no id, so Studio cannot use a stable edit target for its timeline and canvas controls.",
        "selector": "[data-composition-id]",
        "dataAttributes": {},
        "sourceFile": "C:\\vox-style-xe-giay-v1-hyperframes\\hyperframes\\videos\\ban-an-473-phan-3\\compositions\\caption-track.html",
        "bbox": {
          "x": 0,
          "y": 0,
          "width": 0,
          "height": 0
        },
        "time": 0,
        "fixHint": "Add a stable, human-readable id such as id=\"hero-title\" or id=\"scene-1-card\" to every timeline-visible element you want agents or Studio to edit."
      },
      {
        "code": "studio_missing_editable_id",
        "severity": "warning",
        "message": "<div class=\"caption-page\" data-start=\"122.460000\"> has no id, so Studio cannot use a stable edit target for its timeline and canvas controls.",
        "selector": "[data-composition-id]",
        "dataAttributes": {},
        "sourceFile": "C:\\vox-style-xe-giay-v1-hyperframes\\hyperframes\\videos\\ban-an-473-phan-3\\compositions\\caption-track.html",
        "bbox": {
          "x": 0,
          "y": 0,
          "width": 0,
          "height": 0
        },
        "time": 0,
        "fixHint": "Add a stable, human-readable id such as id=\"hero-title\" or id=\"scene-1-card\" to every timeline-visible element you want agents or Studio to edit."
      },
      {
        "code": "studio_missing_editable_id",
        "severity": "warning",
        "message": "<div class=\"caption-page\" data-start=\"123.480000\"> has no id, so Studio cannot use a stable edit target for its timeline and canvas controls.",
        "selector": "[data-composition-id]",
        "dataAttributes": {},
        "sourceFile": "C:\\vox-style-xe-giay-v1-hyperframes\\hyperframes\\videos\\ban-an-473-phan-3\\compositions\\caption-track.html",
        "bbox": {
          "x": 0,
          "y": 0,
          "width": 0,
          "height": 0
        },
        "time": 0,
        "fixHint": "Add a stable, human-readable id such as id=\"hero-title\" or id=\"scene-1-card\" to every timeline-visible element you want agents or Studio to edit."
      },
      {
        "code": "studio_missing_editable_id",
        "severity": "warning",
        "message": "<div class=\"caption-page\" data-start=\"125.700000\"> has no id, so Studio cannot use a stable edit target for its timeline and canvas controls.",
        "selector": "[data-composition-id]",
        "dataAttributes": {},
        "sourceFile": "C:\\vox-style-xe-giay-v1-hyperframes\\hyperframes\\videos\\ban-an-473-phan-3\\compositions\\caption-track.html",
        "bbox": {
          "x": 0,
          "y": 0,
          "width": 0,
          "height": 0
        },
        "time": 0,
        "fixHint": "Add a stable, human-readable id such as id=\"hero-title\" or id=\"scene-1-card\" to every timeline-visible element you want agents or Studio to edit."
      },
      {
        "code": "studio_missing_editable_id",
        "severity": "warning",
        "message": "<div class=\"caption-page\" data-start=\"126.700000\"> has no id, so Studio cannot use a stable edit target for its timeline and canvas controls.",
        "selector": "[data-composition-id]",
        "dataAttributes": {},
        "sourceFile": "C:\\vox-style-xe-giay-v1-hyperframes\\hyperframes\\videos\\ban-an-473-phan-3\\compositions\\caption-track.html",
        "bbox": {
          "x": 0,
          "y": 0,
          "width": 0,
          "height": 0
        },
        "time": 0,
        "fixHint": "Add a stable, human-readable id such as id=\"hero-title\" or id=\"scene-1-card\" to every timeline-visible element you want agents or Studio to edit."
      },
      {
        "code": "studio_missing_editable_id",
        "severity": "warning",
        "message": "<div class=\"caption-page\" data-start=\"127.740000\"> has no id, so Studio cannot use a stable edit target for its timeline and canvas controls.",
        "selector": "[data-composition-id]",
        "dataAttributes": {},
        "sourceFile": "C:\\vox-style-xe-giay-v1-hyperframes\\hyperframes\\videos\\ban-an-473-phan-3\\compositions\\caption-track.html",
        "bbox": {
          "x": 0,
          "y": 0,
          "width": 0,
          "height": 0
        },
        "time": 0,
        "fixHint": "Add a stable, human-readable id such as id=\"hero-title\" or id=\"scene-1-card\" to every timeline-visible element you want agents or Studio to edit."
      },
      {
        "code": "studio_missing_editable_id",
        "severity": "warning",
        "message": "<div class=\"caption-page\" data-start=\"128.290000\"> has no id, so Studio cannot use a stable edit target for its timeline and canvas controls.",
        "selector": "[data-composition-id]",
        "dataAttributes": {},
        "sourceFile": "C:\\vox-style-xe-giay-v1-hyperframes\\hyperframes\\videos\\ban-an-473-phan-3\\compositions\\caption-track.html",
        "bbox": {
          "x": 0,
          "y": 0,
          "width": 0,
          "height": 0
        },
        "time": 0,
        "fixHint": "Add a stable, human-readable id such as id=\"hero-title\" or id=\"scene-1-card\" to every timeline-visible element you want agents or Studio to edit."
      },
      {
        "code": "studio_missing_editable_id",
        "severity": "warning",
        "message": "<div class=\"caption-page\" data-start=\"129.150000\"> has no id, so Studio cannot use a stable edit target for its timeline and canvas controls.",
        "selector": "[data-composition-id]",
        "dataAttributes": {},
        "sourceFile": "C:\\vox-style-xe-giay-v1-hyperframes\\hyperframes\\videos\\ban-an-473-phan-3\\compositions\\caption-track.html",
        "bbox": {
          "x": 0,
          "y": 0,
          "width": 0,
          "height": 0
        },
        "time": 0,
        "fixHint": "Add a stable, human-readable id such as id=\"hero-title\" or id=\"scene-1-card\" to every timeline-visible element you want agents or Studio to edit."
      },
      {
        "code": "studio_missing_editable_id",
        "severity": "warning",
        "message": "<div class=\"caption-page\" data-start=\"130.500000\"> has no id, so Studio cannot use a stable edit target for its timeline and canvas controls.",
        "selector": "[data-composition-id]",
        "dataAttributes": {},
        "sourceFile": "C:\\vox-style-xe-giay-v1-hyperframes\\hyperframes\\videos\\ban-an-473-phan-3\\compositions\\caption-track.html",
        "bbox": {
          "x": 0,
          "y": 0,
          "width": 0,
          "height": 0
        },
        "time": 0,
        "fixHint": "Add a stable, human-readable id such as id=\"hero-title\" or id=\"scene-1-card\" to every timeline-visible element you want agents or Studio to edit."
      },
      {
        "code": "studio_missing_editable_id",
        "severity": "warning",
        "message": "<div class=\"caption-page\" data-start=\"131.420000\"> has no id, so Studio cannot use a stable edit target for its timeline and canvas controls.",
        "selector": "[data-composition-id]",
        "dataAttributes": {},
        "sourceFile": "C:\\vox-style-xe-giay-v1-hyperframes\\hyperframes\\videos\\ban-an-473-phan-3\\compositions\\caption-track.html",
        "bbox": {
          "x": 0,
          "y": 0,
          "width": 0,
          "height": 0
        },
        "time": 0,
        "fixHint": "Add a stable, human-readable id such as id=\"hero-title\" or id=\"scene-1-card\" to every timeline-visible element you want agents or Studio to edit."
      },
      {
        "code": "studio_missing_editable_id",
        "severity": "warning",
        "message": "<div class=\"caption-page\" data-start=\"132.300000\"> has no id, so Studio cannot use a stable edit target for its timeline and canvas controls.",
        "selector": "[data-composition-id]",
        "dataAttributes": {},
        "sourceFile": "C:\\vox-style-xe-giay-v1-hyperframes\\hyperframes\\videos\\ban-an-473-phan-3\\compositions\\caption-track.html",
        "bbox": {
          "x": 0,
          "y": 0,
          "width": 0,
          "height": 0
        },
        "time": 0,
        "fixHint": "Add a stable, human-readable id such as id=\"hero-title\" or id=\"scene-1-card\" to every timeline-visible element you want agents or Studio to edit."
      },
      {
        "code": "studio_missing_editable_id",
        "severity": "warning",
        "message": "<div class=\"caption-page\" data-start=\"133.760000\"> has no id, so Studio cannot use a stable edit target for its timeline and canvas controls.",
        "selector": "[data-composition-id]",
        "dataAttributes": {},
        "sourceFile": "C:\\vox-style-xe-giay-v1-hyperframes\\hyperframes\\videos\\ban-an-473-phan-3\\compositions\\caption-track.html",
        "bbox": {
          "x": 0,
          "y": 0,
          "width": 0,
          "height": 0
        },
        "time": 0,
        "fixHint": "Add a stable, human-readable id such as id=\"hero-title\" or id=\"scene-1-card\" to every timeline-visible element you want agents or Studio to edit."
      },
      {
        "code": "studio_missing_editable_id",
        "severity": "warning",
        "message": "<div class=\"caption-page\" data-start=\"134.600000\"> has no id, so Studio cannot use a stable edit target for its timeline and canvas controls.",
        "selector": "[data-composition-id]",
        "dataAttributes": {},
        "sourceFile": "C:\\vox-style-xe-giay-v1-hyperframes\\hyperframes\\videos\\ban-an-473-phan-3\\compositions\\caption-track.html",
        "bbox": {
          "x": 0,
          "y": 0,
          "width": 0,
          "height": 0
        },
        "time": 0,
        "fixHint": "Add a stable, human-readable id such as id=\"hero-title\" or id=\"scene-1-card\" to every timeline-visible element you want agents or Studio to edit."
      },
      {
        "code": "studio_missing_editable_id",
        "severity": "warning",
        "message": "<div class=\"caption-page\" data-start=\"135.410000\"> has no id, so Studio cannot use a stable edit target for its timeline and canvas controls.",
        "selector": "[data-composition-id]",
        "dataAttributes": {},
        "sourceFile": "C:\\vox-style-xe-giay-v1-hyperframes\\hyperframes\\videos\\ban-an-473-phan-3\\compositions\\caption-track.html",
        "bbox": {
          "x": 0,
          "y": 0,
          "width": 0,
          "height": 0
        },
        "time": 0,
        "fixHint": "Add a stable, human-readable id such as id=\"hero-title\" or id=\"scene-1-card\" to every timeline-visible element you want agents or Studio to edit."
      },
      {
        "code": "studio_missing_editable_id",
        "severity": "warning",
        "message": "<div class=\"caption-page\" data-start=\"136.720000\"> has no id, so Studio cannot use a stable edit target for its timeline and canvas controls.",
        "selector": "[data-composition-id]",
        "dataAttributes": {},
        "sourceFile": "C:\\vox-style-xe-giay-v1-hyperframes\\hyperframes\\videos\\ban-an-473-phan-3\\compositions\\caption-track.html",
        "bbox": {
          "x": 0,
          "y": 0,
          "width": 0,
          "height": 0
        },
        "time": 0,
        "fixHint": "Add a stable, human-readable id such as id=\"hero-title\" or id=\"scene-1-card\" to every timeline-visible element you want agents or Studio to edit."
      },
      {
        "code": "studio_missing_editable_id",
        "severity": "warning",
        "message": "<div class=\"caption-page\" data-start=\"137.440000\"> has no id, so Studio cannot use a stable edit target for its timeline and canvas controls.",
        "selector": "[data-composition-id]",
        "dataAttributes": {},
        "sourceFile": "C:\\vox-style-xe-giay-v1-hyperframes\\hyperframes\\videos\\ban-an-473-phan-3\\compositions\\caption-track.html",
        "bbox": {
          "x": 0,
          "y": 0,
          "width": 0,
          "height": 0
        },
        "time": 0,
        "fixHint": "Add a stable, human-readable id such as id=\"hero-title\" or id=\"scene-1-card\" to every timeline-visible element you want agents or Studio to edit."
      },
      {
        "code": "studio_missing_editable_id",
        "severity": "warning",
        "message": "<div class=\"caption-page\" data-start=\"138.400000\"> has no id, so Studio cannot use a stable edit target for its timeline and canvas controls.",
        "selector": "[data-composition-id]",
        "dataAttributes": {},
        "sourceFile": "C:\\vox-style-xe-giay-v1-hyperframes\\hyperframes\\videos\\ban-an-473-phan-3\\compositions\\caption-track.html",
        "bbox": {
          "x": 0,
          "y": 0,
          "width": 0,
          "height": 0
        },
        "time": 0,
        "fixHint": "Add a stable, human-readable id such as id=\"hero-title\" or id=\"scene-1-card\" to every timeline-visible element you want agents or Studio to edit."
      },
      {
        "code": "studio_missing_editable_id",
        "severity": "warning",
        "message": "<div class=\"caption-page\" data-start=\"139.310000\"> has no id, so Studio cannot use a stable edit target for its timeline and canvas controls.",
        "selector": "[data-composition-id]",
        "dataAttributes": {},
        "sourceFile": "C:\\vox-style-xe-giay-v1-hyperframes\\hyperframes\\videos\\ban-an-473-phan-3\\compositions\\caption-track.html",
        "bbox": {
          "x": 0,
          "y": 0,
          "width": 0,
          "height": 0
        },
        "time": 0,
        "fixHint": "Add a stable, human-readable id such as id=\"hero-title\" or id=\"scene-1-card\" to every timeline-visible element you want agents or Studio to edit."
      },
      {
        "code": "studio_missing_editable_id",
        "severity": "warning",
        "message": "<div class=\"caption-page\" data-start=\"140.230000\"> has no id, so Studio cannot use a stable edit target for its timeline and canvas controls.",
        "selector": "[data-composition-id]",
        "dataAttributes": {},
        "sourceFile": "C:\\vox-style-xe-giay-v1-hyperframes\\hyperframes\\videos\\ban-an-473-phan-3\\compositions\\caption-track.html",
        "bbox": {
          "x": 0,
          "y": 0,
          "width": 0,
          "height": 0
        },
        "time": 0,
        "fixHint": "Add a stable, human-readable id such as id=\"hero-title\" or id=\"scene-1-card\" to every timeline-visible element you want agents or Studio to edit."
      },
      {
        "code": "studio_missing_editable_id",
        "severity": "warning",
        "message": "<div class=\"caption-page\" data-start=\"140.960000\"> has no id, so Studio cannot use a stable edit target for its timeline and canvas controls.",
        "selector": "[data-composition-id]",
        "dataAttributes": {},
        "sourceFile": "C:\\vox-style-xe-giay-v1-hyperframes\\hyperframes\\videos\\ban-an-473-phan-3\\compositions\\caption-track.html",
        "bbox": {
          "x": 0,
          "y": 0,
          "width": 0,
          "height": 0
        },
        "time": 0,
        "fixHint": "Add a stable, human-readable id such as id=\"hero-title\" or id=\"scene-1-card\" to every timeline-visible element you want agents or Studio to edit."
      },
      {
        "code": "studio_missing_editable_id",
        "severity": "warning",
        "message": "<div class=\"caption-page\" data-start=\"141.700000\"> has no id, so Studio cannot use a stable edit target for its timeline and canvas controls.",
        "selector": "[data-composition-id]",
        "dataAttributes": {},
        "sourceFile": "C:\\vox-style-xe-giay-v1-hyperframes\\hyperframes\\videos\\ban-an-473-phan-3\\compositions\\caption-track.html",
        "bbox": {
          "x": 0,
          "y": 0,
          "width": 0,
          "height": 0
        },
        "time": 0,
        "fixHint": "Add a stable, human-readable id such as id=\"hero-title\" or id=\"scene-1-card\" to every timeline-visible element you want agents or Studio to edit."
      },
      {
        "code": "studio_missing_editable_id",
        "severity": "warning",
        "message": "<div class=\"caption-page\" data-start=\"142.820000\"> has no id, so Studio cannot use a stable edit target for its timeline and canvas controls.",
        "selector": "[data-composition-id]",
        "dataAttributes": {},
        "sourceFile": "C:\\vox-style-xe-giay-v1-hyperframes\\hyperframes\\videos\\ban-an-473-phan-3\\compositions\\caption-track.html",
        "bbox": {
          "x": 0,
          "y": 0,
          "width": 0,
          "height": 0
        },
        "time": 0,
        "fixHint": "Add a stable, human-readable id such as id=\"hero-title\" or id=\"scene-1-card\" to every timeline-visible element you want agents or Studio to edit."
      },
      {
        "code": "studio_missing_editable_id",
        "severity": "warning",
        "message": "<div class=\"caption-page\" data-start=\"143.660000\"> has no id, so Studio cannot use a stable edit target for its timeline and canvas controls.",
        "selector": "[data-composition-id]",
        "dataAttributes": {},
        "sourceFile": "C:\\vox-style-xe-giay-v1-hyperframes\\hyperframes\\videos\\ban-an-473-phan-3\\compositions\\caption-track.html",
        "bbox": {
          "x": 0,
          "y": 0,
          "width": 0,
          "height": 0
        },
        "time": 0,
        "fixHint": "Add a stable, human-readable id such as id=\"hero-title\" or id=\"scene-1-card\" to every timeline-visible element you want agents or Studio to edit."
      },
      {
        "code": "studio_missing_editable_id",
        "severity": "warning",
        "message": "<div class=\"caption-page\" data-start=\"144.680000\"> has no id, so Studio cannot use a stable edit target for its timeline and canvas controls.",
        "selector": "[data-composition-id]",
        "dataAttributes": {},
        "sourceFile": "C:\\vox-style-xe-giay-v1-hyperframes\\hyperframes\\videos\\ban-an-473-phan-3\\compositions\\caption-track.html",
        "bbox": {
          "x": 0,
          "y": 0,
          "width": 0,
          "height": 0
        },
        "time": 0,
        "fixHint": "Add a stable, human-readable id such as id=\"hero-title\" or id=\"scene-1-card\" to every timeline-visible element you want agents or Studio to edit."
      },
      {
        "code": "studio_missing_editable_id",
        "severity": "warning",
        "message": "<div class=\"caption-page\" data-start=\"145.480000\"> has no id, so Studio cannot use a stable edit target for its timeline and canvas controls.",
        "selector": "[data-composition-id]",
        "dataAttributes": {},
        "sourceFile": "C:\\vox-style-xe-giay-v1-hyperframes\\hyperframes\\videos\\ban-an-473-phan-3\\compositions\\caption-track.html",
        "bbox": {
          "x": 0,
          "y": 0,
          "width": 0,
          "height": 0
        },
        "time": 0,
        "fixHint": "Add a stable, human-readable id such as id=\"hero-title\" or id=\"scene-1-card\" to every timeline-visible element you want agents or Studio to edit."
      },
      {
        "code": "studio_missing_editable_id",
        "severity": "warning",
        "message": "<div class=\"caption-page\" data-start=\"146.570000\"> has no id, so Studio cannot use a stable edit target for its timeline and canvas controls.",
        "selector": "[data-composition-id]",
        "dataAttributes": {},
        "sourceFile": "C:\\vox-style-xe-giay-v1-hyperframes\\hyperframes\\videos\\ban-an-473-phan-3\\compositions\\caption-track.html",
        "bbox": {
          "x": 0,
          "y": 0,
          "width": 0,
          "height": 0
        },
        "time": 0,
        "fixHint": "Add a stable, human-readable id such as id=\"hero-title\" or id=\"scene-1-card\" to every timeline-visible element you want agents or Studio to edit."
      },
      {
        "code": "studio_missing_editable_id",
        "severity": "warning",
        "message": "<div class=\"caption-page\" data-start=\"147.350000\"> has no id, so Studio cannot use a stable edit target for its timeline and canvas controls.",
        "selector": "[data-composition-id]",
        "dataAttributes": {},
        "sourceFile": "C:\\vox-style-xe-giay-v1-hyperframes\\hyperframes\\videos\\ban-an-473-phan-3\\compositions\\caption-track.html",
        "bbox": {
          "x": 0,
          "y": 0,
          "width": 0,
          "height": 0
        },
        "time": 0,
        "fixHint": "Add a stable, human-readable id such as id=\"hero-title\" or id=\"scene-1-card\" to every timeline-visible element you want agents or Studio to edit."
      },
      {
        "code": "studio_missing_editable_id",
        "severity": "warning",
        "message": "<div class=\"caption-page\" data-start=\"148.370000\"> has no id, so Studio cannot use a stable edit target for its timeline and canvas controls.",
        "selector": "[data-composition-id]",
        "dataAttributes": {},
        "sourceFile": "C:\\vox-style-xe-giay-v1-hyperframes\\hyperframes\\videos\\ban-an-473-phan-3\\compositions\\caption-track.html",
        "bbox": {
          "x": 0,
          "y": 0,
          "width": 0,
          "height": 0
        },
        "time": 0,
        "fixHint": "Add a stable, human-readable id such as id=\"hero-title\" or id=\"scene-1-card\" to every timeline-visible element you want agents or Studio to edit."
      },
      {
        "code": "studio_missing_editable_id",
        "severity": "warning",
        "message": "<div class=\"caption-page\" data-start=\"149.150000\"> has no id, so Studio cannot use a stable edit target for its timeline and canvas controls.",
        "selector": "[data-composition-id]",
        "dataAttributes": {},
        "sourceFile": "C:\\vox-style-xe-giay-v1-hyperframes\\hyperframes\\videos\\ban-an-473-phan-3\\compositions\\caption-track.html",
        "bbox": {
          "x": 0,
          "y": 0,
          "width": 0,
          "height": 0
        },
        "time": 0,
        "fixHint": "Add a stable, human-readable id such as id=\"hero-title\" or id=\"scene-1-card\" to every timeline-visible element you want agents or Studio to edit."
      },
      {
        "code": "studio_missing_editable_id",
        "severity": "warning",
        "message": "<div class=\"caption-page\" data-start=\"150.020000\"> has no id, so Studio cannot use a stable edit target for its timeline and canvas controls.",
        "selector": "[data-composition-id]",
        "dataAttributes": {},
        "sourceFile": "C:\\vox-style-xe-giay-v1-hyperframes\\hyperframes\\videos\\ban-an-473-phan-3\\compositions\\caption-track.html",
        "bbox": {
          "x": 0,
          "y": 0,
          "width": 0,
          "height": 0
        },
        "time": 0,
        "fixHint": "Add a stable, human-readable id such as id=\"hero-title\" or id=\"scene-1-card\" to every timeline-visible element you want agents or Studio to edit."
      },
      {
        "code": "studio_missing_editable_id",
        "severity": "warning",
        "message": "<div class=\"caption-page\" data-start=\"150.940000\"> has no id, so Studio cannot use a stable edit target for its timeline and canvas controls.",
        "selector": "[data-composition-id]",
        "dataAttributes": {},
        "sourceFile": "C:\\vox-style-xe-giay-v1-hyperframes\\hyperframes\\videos\\ban-an-473-phan-3\\compositions\\caption-track.html",
        "bbox": {
          "x": 0,
          "y": 0,
          "width": 0,
          "height": 0
        },
        "time": 0,
        "fixHint": "Add a stable, human-readable id such as id=\"hero-title\" or id=\"scene-1-card\" to every timeline-visible element you want agents or Studio to edit."
      },
      {
        "code": "studio_missing_editable_id",
        "severity": "warning",
        "message": "<div class=\"caption-page\" data-start=\"151.860000\"> has no id, so Studio cannot use a stable edit target for its timeline and canvas controls.",
        "selector": "[data-composition-id]",
        "dataAttributes": {},
        "sourceFile": "C:\\vox-style-xe-giay-v1-hyperframes\\hyperframes\\videos\\ban-an-473-phan-3\\compositions\\caption-track.html",
        "bbox": {
          "x": 0,
          "y": 0,
          "width": 0,
          "height": 0
        },
        "time": 0,
        "fixHint": "Add a stable, human-readable id such as id=\"hero-title\" or id=\"scene-1-card\" to every timeline-visible element you want agents or Studio to edit."
      },
      {
        "code": "studio_missing_editable_id",
        "severity": "warning",
        "message": "<div class=\"caption-page\" data-start=\"152.780000\"> has no id, so Studio cannot use a stable edit target for its timeline and canvas controls.",
        "selector": "[data-composition-id]",
        "dataAttributes": {},
        "sourceFile": "C:\\vox-style-xe-giay-v1-hyperframes\\hyperframes\\videos\\ban-an-473-phan-3\\compositions\\caption-track.html",
        "bbox": {
          "x": 0,
          "y": 0,
          "width": 0,
          "height": 0
        },
        "time": 0,
        "fixHint": "Add a stable, human-readable id such as id=\"hero-title\" or id=\"scene-1-card\" to every timeline-visible element you want agents or Studio to edit."
      },
      {
        "code": "studio_missing_editable_id",
        "severity": "warning",
        "message": "<div class=\"caption-page\" data-start=\"153.820000\"> has no id, so Studio cannot use a stable edit target for its timeline and canvas controls.",
        "selector": "[data-composition-id]",
        "dataAttributes": {},
        "sourceFile": "C:\\vox-style-xe-giay-v1-hyperframes\\hyperframes\\videos\\ban-an-473-phan-3\\compositions\\caption-track.html",
        "bbox": {
          "x": 0,
          "y": 0,
          "width": 0,
          "height": 0
        },
        "time": 0,
        "fixHint": "Add a stable, human-readable id such as id=\"hero-title\" or id=\"scene-1-card\" to every timeline-visible element you want agents or Studio to edit."
      },
      {
        "code": "studio_missing_editable_id",
        "severity": "warning",
        "message": "<div class=\"caption-page\" data-start=\"155.320000\"> has no id, so Studio cannot use a stable edit target for its timeline and canvas controls.",
        "selector": "[data-composition-id]",
        "dataAttributes": {},
        "sourceFile": "C:\\vox-style-xe-giay-v1-hyperframes\\hyperframes\\videos\\ban-an-473-phan-3\\compositions\\caption-track.html",
        "bbox": {
          "x": 0,
          "y": 0,
          "width": 0,
          "height": 0
        },
        "time": 0,
        "fixHint": "Add a stable, human-readable id such as id=\"hero-title\" or id=\"scene-1-card\" to every timeline-visible element you want agents or Studio to edit."
      },
      {
        "code": "studio_missing_editable_id",
        "severity": "warning",
        "message": "<div class=\"caption-page\" data-start=\"155.720000\"> has no id, so Studio cannot use a stable edit target for its timeline and canvas controls.",
        "selector": "[data-composition-id]",
        "dataAttributes": {},
        "sourceFile": "C:\\vox-style-xe-giay-v1-hyperframes\\hyperframes\\videos\\ban-an-473-phan-3\\compositions\\caption-track.html",
        "bbox": {
          "x": 0,
          "y": 0,
          "width": 0,
          "height": 0
        },
        "time": 0,
        "fixHint": "Add a stable, human-readable id such as id=\"hero-title\" or id=\"scene-1-card\" to every timeline-visible element you want agents or Studio to edit."
      },
      {
        "code": "studio_missing_editable_id",
        "severity": "warning",
        "message": "<div class=\"caption-page\" data-start=\"156.510000\"> has no id, so Studio cannot use a stable edit target for its timeline and canvas controls.",
        "selector": "[data-composition-id]",
        "dataAttributes": {},
        "sourceFile": "C:\\vox-style-xe-giay-v1-hyperframes\\hyperframes\\videos\\ban-an-473-phan-3\\compositions\\caption-track.html",
        "bbox": {
          "x": 0,
          "y": 0,
          "width": 0,
          "height": 0
        },
        "time": 0,
        "fixHint": "Add a stable, human-readable id such as id=\"hero-title\" or id=\"scene-1-card\" to every timeline-visible element you want agents or Studio to edit."
      },
      {
        "code": "studio_missing_editable_id",
        "severity": "warning",
        "message": "<div class=\"caption-page\" data-start=\"157.350000\"> has no id, so Studio cannot use a stable edit target for its timeline and canvas controls.",
        "selector": "[data-composition-id]",
        "dataAttributes": {},
        "sourceFile": "C:\\vox-style-xe-giay-v1-hyperframes\\hyperframes\\videos\\ban-an-473-phan-3\\compositions\\caption-track.html",
        "bbox": {
          "x": 0,
          "y": 0,
          "width": 0,
          "height": 0
        },
        "time": 0,
        "fixHint": "Add a stable, human-readable id such as id=\"hero-title\" or id=\"scene-1-card\" to every timeline-visible element you want agents or Studio to edit."
      },
      {
        "code": "studio_missing_editable_id",
        "severity": "warning",
        "message": "<div class=\"caption-page\" data-start=\"158.000000\"> has no id, so Studio cannot use a stable edit target for its timeline and canvas controls.",
        "selector": "[data-composition-id]",
        "dataAttributes": {},
        "sourceFile": "C:\\vox-style-xe-giay-v1-hyperframes\\hyperframes\\videos\\ban-an-473-phan-3\\compositions\\caption-track.html",
        "bbox": {
          "x": 0,
          "y": 0,
          "width": 0,
          "height": 0
        },
        "time": 0,
        "fixHint": "Add a stable, human-readable id such as id=\"hero-title\" or id=\"scene-1-card\" to every timeline-visible element you want agents or Studio to edit."
      },
      {
        "code": "studio_missing_editable_id",
        "severity": "warning",
        "message": "<div class=\"caption-page\" data-start=\"158.710000\"> has no id, so Studio cannot use a stable edit target for its timeline and canvas controls.",
        "selector": "[data-composition-id]",
        "dataAttributes": {},
        "sourceFile": "C:\\vox-style-xe-giay-v1-hyperframes\\hyperframes\\videos\\ban-an-473-phan-3\\compositions\\caption-track.html",
        "bbox": {
          "x": 0,
          "y": 0,
          "width": 0,
          "height": 0
        },
        "time": 0,
        "fixHint": "Add a stable, human-readable id such as id=\"hero-title\" or id=\"scene-1-card\" to every timeline-visible element you want agents or Studio to edit."
      },
      {
        "code": "studio_missing_editable_id",
        "severity": "warning",
        "message": "<div class=\"caption-page\" data-start=\"159.690000\"> has no id, so Studio cannot use a stable edit target for its timeline and canvas controls.",
        "selector": "[data-composition-id]",
        "dataAttributes": {},
        "sourceFile": "C:\\vox-style-xe-giay-v1-hyperframes\\hyperframes\\videos\\ban-an-473-phan-3\\compositions\\caption-track.html",
        "bbox": {
          "x": 0,
          "y": 0,
          "width": 0,
          "height": 0
        },
        "time": 0,
        "fixHint": "Add a stable, human-readable id such as id=\"hero-title\" or id=\"scene-1-card\" to every timeline-visible element you want agents or Studio to edit."
      },
      {
        "code": "studio_missing_editable_id",
        "severity": "warning",
        "message": "<div class=\"caption-page\" data-start=\"160.660000\"> has no id, so Studio cannot use a stable edit target for its timeline and canvas controls.",
        "selector": "[data-composition-id]",
        "dataAttributes": {},
        "sourceFile": "C:\\vox-style-xe-giay-v1-hyperframes\\hyperframes\\videos\\ban-an-473-phan-3\\compositions\\caption-track.html",
        "bbox": {
          "x": 0,
          "y": 0,
          "width": 0,
          "height": 0
        },
        "time": 0,
        "fixHint": "Add a stable, human-readable id such as id=\"hero-title\" or id=\"scene-1-card\" to every timeline-visible element you want agents or Studio to edit."
      },
      {
        "code": "studio_missing_editable_id",
        "severity": "warning",
        "message": "<div class=\"caption-page\" data-start=\"161.870000\"> has no id, so Studio cannot use a stable edit target for its timeline and canvas controls.",
        "selector": "[data-composition-id]",
        "dataAttributes": {},
        "sourceFile": "C:\\vox-style-xe-giay-v1-hyperframes\\hyperframes\\videos\\ban-an-473-phan-3\\compositions\\caption-track.html",
        "bbox": {
          "x": 0,
          "y": 0,
          "width": 0,
          "height": 0
        },
        "time": 0,
        "fixHint": "Add a stable, human-readable id such as id=\"hero-title\" or id=\"scene-1-card\" to every timeline-visible element you want agents or Studio to edit."
      },
      {
        "code": "studio_missing_editable_id",
        "severity": "warning",
        "message": "<div class=\"caption-page\" data-start=\"162.940000\"> has no id, so Studio cannot use a stable edit target for its timeline and canvas controls.",
        "selector": "[data-composition-id]",
        "dataAttributes": {},
        "sourceFile": "C:\\vox-style-xe-giay-v1-hyperframes\\hyperframes\\videos\\ban-an-473-phan-3\\compositions\\caption-track.html",
        "bbox": {
          "x": 0,
          "y": 0,
          "width": 0,
          "height": 0
        },
        "time": 0,
        "fixHint": "Add a stable, human-readable id such as id=\"hero-title\" or id=\"scene-1-card\" to every timeline-visible element you want agents or Studio to edit."
      },
      {
        "code": "studio_missing_editable_id",
        "severity": "warning",
        "message": "<div class=\"caption-page\" data-start=\"163.960000\"> has no id, so Studio cannot use a stable edit target for its timeline and canvas controls.",
        "selector": "[data-composition-id]",
        "dataAttributes": {},
        "sourceFile": "C:\\vox-style-xe-giay-v1-hyperframes\\hyperframes\\videos\\ban-an-473-phan-3\\compositions\\caption-track.html",
        "bbox": {
          "x": 0,
          "y": 0,
          "width": 0,
          "height": 0
        },
        "time": 0,
        "fixHint": "Add a stable, human-readable id such as id=\"hero-title\" or id=\"scene-1-card\" to every timeline-visible element you want agents or Studio to edit."
      },
      {
        "code": "studio_missing_editable_id",
        "severity": "warning",
        "message": "<div class=\"caption-page\" data-start=\"164.900000\"> has no id, so Studio cannot use a stable edit target for its timeline and canvas controls.",
        "selector": "[data-composition-id]",
        "dataAttributes": {},
        "sourceFile": "C:\\vox-style-xe-giay-v1-hyperframes\\hyperframes\\videos\\ban-an-473-phan-3\\compositions\\caption-track.html",
        "bbox": {
          "x": 0,
          "y": 0,
          "width": 0,
          "height": 0
        },
        "time": 0,
        "fixHint": "Add a stable, human-readable id such as id=\"hero-title\" or id=\"scene-1-card\" to every timeline-visible element you want agents or Studio to edit."
      },
      {
        "code": "studio_missing_editable_id",
        "severity": "warning",
        "message": "<div class=\"caption-page\" data-start=\"165.310000\"> has no id, so Studio cannot use a stable edit target for its timeline and canvas controls.",
        "selector": "[data-composition-id]",
        "dataAttributes": {},
        "sourceFile": "C:\\vox-style-xe-giay-v1-hyperframes\\hyperframes\\videos\\ban-an-473-phan-3\\compositions\\caption-track.html",
        "bbox": {
          "x": 0,
          "y": 0,
          "width": 0,
          "height": 0
        },
        "time": 0,
        "fixHint": "Add a stable, human-readable id such as id=\"hero-title\" or id=\"scene-1-card\" to every timeline-visible element you want agents or Studio to edit."
      },
      {
        "code": "studio_missing_editable_id",
        "severity": "warning",
        "message": "<div class=\"caption-page\" data-start=\"165.970000\"> has no id, so Studio cannot use a stable edit target for its timeline and canvas controls.",
        "selector": "[data-composition-id]",
        "dataAttributes": {},
        "sourceFile": "C:\\vox-style-xe-giay-v1-hyperframes\\hyperframes\\videos\\ban-an-473-phan-3\\compositions\\caption-track.html",
        "bbox": {
          "x": 0,
          "y": 0,
          "width": 0,
          "height": 0
        },
        "time": 0,
        "fixHint": "Add a stable, human-readable id such as id=\"hero-title\" or id=\"scene-1-card\" to every timeline-visible element you want agents or Studio to edit."
      },
      {
        "code": "studio_missing_editable_id",
        "severity": "warning",
        "message": "<div class=\"caption-page\" data-start=\"167.090000\"> has no id, so Studio cannot use a stable edit target for its timeline and canvas controls.",
        "selector": "[data-composition-id]",
        "dataAttributes": {},
        "sourceFile": "C:\\vox-style-xe-giay-v1-hyperframes\\hyperframes\\videos\\ban-an-473-phan-3\\compositions\\caption-track.html",
        "bbox": {
          "x": 0,
          "y": 0,
          "width": 0,
          "height": 0
        },
        "time": 0,
        "fixHint": "Add a stable, human-readable id such as id=\"hero-title\" or id=\"scene-1-card\" to every timeline-visible element you want agents or Studio to edit."
      },
      {
        "code": "studio_missing_editable_id",
        "severity": "warning",
        "message": "<div class=\"caption-page\" data-start=\"168.460000\"> has no id, so Studio cannot use a stable edit target for its timeline and canvas controls.",
        "selector": "[data-composition-id]",
        "dataAttributes": {},
        "sourceFile": "C:\\vox-style-xe-giay-v1-hyperframes\\hyperframes\\videos\\ban-an-473-phan-3\\compositions\\caption-track.html",
        "bbox": {
          "x": 0,
          "y": 0,
          "width": 0,
          "height": 0
        },
        "time": 0,
        "fixHint": "Add a stable, human-readable id such as id=\"hero-title\" or id=\"scene-1-card\" to every timeline-visible element you want agents or Studio to edit."
      },
      {
        "code": "studio_missing_editable_id",
        "severity": "warning",
        "message": "<div class=\"caption-page\" data-start=\"169.630000\"> has no id, so Studio cannot use a stable edit target for its timeline and canvas controls.",
        "selector": "[data-composition-id]",
        "dataAttributes": {},
        "sourceFile": "C:\\vox-style-xe-giay-v1-hyperframes\\hyperframes\\videos\\ban-an-473-phan-3\\compositions\\caption-track.html",
        "bbox": {
          "x": 0,
          "y": 0,
          "width": 0,
          "height": 0
        },
        "time": 0,
        "fixHint": "Add a stable, human-readable id such as id=\"hero-title\" or id=\"scene-1-card\" to every timeline-visible element you want agents or Studio to edit."
      },
      {
        "code": "studio_missing_editable_id",
        "severity": "warning",
        "message": "<div class=\"caption-page\" data-start=\"170.420000\"> has no id, so Studio cannot use a stable edit target for its timeline and canvas controls.",
        "selector": "[data-composition-id]",
        "dataAttributes": {},
        "sourceFile": "C:\\vox-style-xe-giay-v1-hyperframes\\hyperframes\\videos\\ban-an-473-phan-3\\compositions\\caption-track.html",
        "bbox": {
          "x": 0,
          "y": 0,
          "width": 0,
          "height": 0
        },
        "time": 0,
        "fixHint": "Add a stable, human-readable id such as id=\"hero-title\" or id=\"scene-1-card\" to every timeline-visible element you want agents or Studio to edit."
      },
      {
        "code": "studio_missing_editable_id",
        "severity": "warning",
        "message": "<div class=\"caption-page\" data-start=\"171.200000\"> has no id, so Studio cannot use a stable edit target for its timeline and canvas controls.",
        "selector": "[data-composition-id]",
        "dataAttributes": {},
        "sourceFile": "C:\\vox-style-xe-giay-v1-hyperframes\\hyperframes\\videos\\ban-an-473-phan-3\\compositions\\caption-track.html",
        "bbox": {
          "x": 0,
          "y": 0,
          "width": 0,
          "height": 0
        },
        "time": 0,
        "fixHint": "Add a stable, human-readable id such as id=\"hero-title\" or id=\"scene-1-card\" to every timeline-visible element you want agents or Studio to edit."
      },
      {
        "code": "studio_missing_editable_id",
        "severity": "warning",
        "message": "<div class=\"caption-page\" data-start=\"171.470000\"> has no id, so Studio cannot use a stable edit target for its timeline and canvas controls.",
        "selector": "[data-composition-id]",
        "dataAttributes": {},
        "sourceFile": "C:\\vox-style-xe-giay-v1-hyperframes\\hyperframes\\videos\\ban-an-473-phan-3\\compositions\\caption-track.html",
        "bbox": {
          "x": 0,
          "y": 0,
          "width": 0,
          "height": 0
        },
        "time": 0,
        "fixHint": "Add a stable, human-readable id such as id=\"hero-title\" or id=\"scene-1-card\" to every timeline-visible element you want agents or Studio to edit."
      },
      {
        "code": "studio_missing_editable_id",
        "severity": "warning",
        "message": "<div class=\"caption-page\" data-start=\"172.310000\"> has no id, so Studio cannot use a stable edit target for its timeline and canvas controls.",
        "selector": "[data-composition-id]",
        "dataAttributes": {},
        "sourceFile": "C:\\vox-style-xe-giay-v1-hyperframes\\hyperframes\\videos\\ban-an-473-phan-3\\compositions\\caption-track.html",
        "bbox": {
          "x": 0,
          "y": 0,
          "width": 0,
          "height": 0
        },
        "time": 0,
        "fixHint": "Add a stable, human-readable id such as id=\"hero-title\" or id=\"scene-1-card\" to every timeline-visible element you want agents or Studio to edit."
      },
      {
        "code": "studio_missing_editable_id",
        "severity": "warning",
        "message": "<div class=\"caption-page\" data-start=\"173.190000\"> has no id, so Studio cannot use a stable edit target for its timeline and canvas controls.",
        "selector": "[data-composition-id]",
        "dataAttributes": {},
        "sourceFile": "C:\\vox-style-xe-giay-v1-hyperframes\\hyperframes\\videos\\ban-an-473-phan-3\\compositions\\caption-track.html",
        "bbox": {
          "x": 0,
          "y": 0,
          "width": 0,
          "height": 0
        },
        "time": 0,
        "fixHint": "Add a stable, human-readable id such as id=\"hero-title\" or id=\"scene-1-card\" to every timeline-visible element you want agents or Studio to edit."
      },
      {
        "code": "studio_missing_editable_id",
        "severity": "warning",
        "message": "<div class=\"caption-page\" data-start=\"174.110000\"> has no id, so Studio cannot use a stable edit target for its timeline and canvas controls.",
        "selector": "[data-composition-id]",
        "dataAttributes": {},
        "sourceFile": "C:\\vox-style-xe-giay-v1-hyperframes\\hyperframes\\videos\\ban-an-473-phan-3\\compositions\\caption-track.html",
        "bbox": {
          "x": 0,
          "y": 0,
          "width": 0,
          "height": 0
        },
        "time": 0,
        "fixHint": "Add a stable, human-readable id such as id=\"hero-title\" or id=\"scene-1-card\" to every timeline-visible element you want agents or Studio to edit."
      },
      {
        "code": "studio_missing_editable_id",
        "severity": "warning",
        "message": "<div class=\"caption-page\" data-start=\"174.780000\"> has no id, so Studio cannot use a stable edit target for its timeline and canvas controls.",
        "selector": "[data-composition-id]",
        "dataAttributes": {},
        "sourceFile": "C:\\vox-style-xe-giay-v1-hyperframes\\hyperframes\\videos\\ban-an-473-phan-3\\compositions\\caption-track.html",
        "bbox": {
          "x": 0,
          "y": 0,
          "width": 0,
          "height": 0
        },
        "time": 0,
        "fixHint": "Add a stable, human-readable id such as id=\"hero-title\" or id=\"scene-1-card\" to every timeline-visible element you want agents or Studio to edit."
      },
      {
        "code": "studio_missing_editable_id",
        "severity": "warning",
        "message": "<div class=\"caption-page\" data-start=\"175.460000\"> has no id, so Studio cannot use a stable edit target for its timeline and canvas controls.",
        "selector": "[data-composition-id]",
        "dataAttributes": {},
        "sourceFile": "C:\\vox-style-xe-giay-v1-hyperframes\\hyperframes\\videos\\ban-an-473-phan-3\\compositions\\caption-track.html",
        "bbox": {
          "x": 0,
          "y": 0,
          "width": 0,
          "height": 0
        },
        "time": 0,
        "fixHint": "Add a stable, human-readable id such as id=\"hero-title\" or id=\"scene-1-card\" to every timeline-visible element you want agents or Studio to edit."
      },
      {
        "code": "studio_missing_editable_id",
        "severity": "warning",
        "message": "<div class=\"caption-page\" data-start=\"176.690000\"> has no id, so Studio cannot use a stable edit target for its timeline and canvas controls.",
        "selector": "[data-composition-id]",
        "dataAttributes": {},
        "sourceFile": "C:\\vox-style-xe-giay-v1-hyperframes\\hyperframes\\videos\\ban-an-473-phan-3\\compositions\\caption-track.html",
        "bbox": {
          "x": 0,
          "y": 0,
          "width": 0,
          "height": 0
        },
        "time": 0,
        "fixHint": "Add a stable, human-readable id such as id=\"hero-title\" or id=\"scene-1-card\" to every timeline-visible element you want agents or Studio to edit."
      },
      {
        "code": "studio_missing_editable_id",
        "severity": "warning",
        "message": "<div class=\"caption-page\" data-start=\"177.750000\"> has no id, so Studio cannot use a stable edit target for its timeline and canvas controls.",
        "selector": "[data-composition-id]",
        "dataAttributes": {},
        "sourceFile": "C:\\vox-style-xe-giay-v1-hyperframes\\hyperframes\\videos\\ban-an-473-phan-3\\compositions\\caption-track.html",
        "bbox": {
          "x": 0,
          "y": 0,
          "width": 0,
          "height": 0
        },
        "time": 0,
        "fixHint": "Add a stable, human-readable id such as id=\"hero-title\" or id=\"scene-1-card\" to every timeline-visible element you want agents or Studio to edit."
      },
      {
        "code": "studio_missing_editable_id",
        "severity": "warning",
        "message": "<div class=\"caption-page\" data-start=\"178.530000\"> has no id, so Studio cannot use a stable edit target for its timeline and canvas controls.",
        "selector": "[data-composition-id]",
        "dataAttributes": {},
        "sourceFile": "C:\\vox-style-xe-giay-v1-hyperframes\\hyperframes\\videos\\ban-an-473-phan-3\\compositions\\caption-track.html",
        "bbox": {
          "x": 0,
          "y": 0,
          "width": 0,
          "height": 0
        },
        "time": 0,
        "fixHint": "Add a stable, human-readable id such as id=\"hero-title\" or id=\"scene-1-card\" to every timeline-visible element you want agents or Studio to edit."
      },
      {
        "code": "studio_missing_editable_id",
        "severity": "warning",
        "message": "<div class=\"caption-page\" data-start=\"179.180000\"> has no id, so Studio cannot use a stable edit target for its timeline and canvas controls.",
        "selector": "[data-composition-id]",
        "dataAttributes": {},
        "sourceFile": "C:\\vox-style-xe-giay-v1-hyperframes\\hyperframes\\videos\\ban-an-473-phan-3\\compositions\\caption-track.html",
        "bbox": {
          "x": 0,
          "y": 0,
          "width": 0,
          "height": 0
        },
        "time": 0,
        "fixHint": "Add a stable, human-readable id such as id=\"hero-title\" or id=\"scene-1-card\" to every timeline-visible element you want agents or Studio to edit."
      },
      {
        "code": "studio_missing_editable_id",
        "severity": "warning",
        "message": "<div class=\"caption-page\" data-start=\"180.280000\"> has no id, so Studio cannot use a stable edit target for its timeline and canvas controls.",
        "selector": "[data-composition-id]",
        "dataAttributes": {},
        "sourceFile": "C:\\vox-style-xe-giay-v1-hyperframes\\hyperframes\\videos\\ban-an-473-phan-3\\compositions\\caption-track.html",
        "bbox": {
          "x": 0,
          "y": 0,
          "width": 0,
          "height": 0
        },
        "time": 0,
        "fixHint": "Add a stable, human-readable id such as id=\"hero-title\" or id=\"scene-1-card\" to every timeline-visible element you want agents or Studio to edit."
      },
      {
        "code": "studio_missing_editable_id",
        "severity": "warning",
        "message": "<div class=\"caption-page\" data-start=\"181.480000\"> has no id, so Studio cannot use a stable edit target for its timeline and canvas controls.",
        "selector": "[data-composition-id]",
        "dataAttributes": {},
        "sourceFile": "C:\\vox-style-xe-giay-v1-hyperframes\\hyperframes\\videos\\ban-an-473-phan-3\\compositions\\caption-track.html",
        "bbox": {
          "x": 0,
          "y": 0,
          "width": 0,
          "height": 0
        },
        "time": 0,
        "fixHint": "Add a stable, human-readable id such as id=\"hero-title\" or id=\"scene-1-card\" to every timeline-visible element you want agents or Studio to edit."
      },
      {
        "code": "studio_missing_editable_id",
        "severity": "warning",
        "message": "<div class=\"caption-page\" data-start=\"182.380000\"> has no id, so Studio cannot use a stable edit target for its timeline and canvas controls.",
        "selector": "[data-composition-id]",
        "dataAttributes": {},
        "sourceFile": "C:\\vox-style-xe-giay-v1-hyperframes\\hyperframes\\videos\\ban-an-473-phan-3\\compositions\\caption-track.html",
        "bbox": {
          "x": 0,
          "y": 0,
          "width": 0,
          "height": 0
        },
        "time": 0,
        "fixHint": "Add a stable, human-readable id such as id=\"hero-title\" or id=\"scene-1-card\" to every timeline-visible element you want agents or Studio to edit."
      },
      {
        "code": "studio_missing_editable_id",
        "severity": "warning",
        "message": "<div class=\"caption-page\" data-start=\"183.220000\"> has no id, so Studio cannot use a stable edit target for its timeline and canvas controls.",
        "selector": "[data-composition-id]",
        "dataAttributes": {},
        "sourceFile": "C:\\vox-style-xe-giay-v1-hyperframes\\hyperframes\\videos\\ban-an-473-phan-3\\compositions\\caption-track.html",
        "bbox": {
          "x": 0,
          "y": 0,
          "width": 0,
          "height": 0
        },
        "time": 0,
        "fixHint": "Add a stable, human-readable id such as id=\"hero-title\" or id=\"scene-1-card\" to every timeline-visible element you want agents or Studio to edit."
      },
      {
        "code": "studio_missing_editable_id",
        "severity": "warning",
        "message": "<div class=\"caption-page\" data-start=\"184.060000\"> has no id, so Studio cannot use a stable edit target for its timeline and canvas controls.",
        "selector": "[data-composition-id]",
        "dataAttributes": {},
        "sourceFile": "C:\\vox-style-xe-giay-v1-hyperframes\\hyperframes\\videos\\ban-an-473-phan-3\\compositions\\caption-track.html",
        "bbox": {
          "x": 0,
          "y": 0,
          "width": 0,
          "height": 0
        },
        "time": 0,
        "fixHint": "Add a stable, human-readable id such as id=\"hero-title\" or id=\"scene-1-card\" to every timeline-visible element you want agents or Studio to edit."
      },
      {
        "code": "studio_missing_editable_id",
        "severity": "warning",
        "message": "<div class=\"caption-page\" data-start=\"184.980000\"> has no id, so Studio cannot use a stable edit target for its timeline and canvas controls.",
        "selector": "[data-composition-id]",
        "dataAttributes": {},
        "sourceFile": "C:\\vox-style-xe-giay-v1-hyperframes\\hyperframes\\videos\\ban-an-473-phan-3\\compositions\\caption-track.html",
        "bbox": {
          "x": 0,
          "y": 0,
          "width": 0,
          "height": 0
        },
        "time": 0,
        "fixHint": "Add a stable, human-readable id such as id=\"hero-title\" or id=\"scene-1-card\" to every timeline-visible element you want agents or Studio to edit."
      },
      {
        "code": "studio_missing_editable_id",
        "severity": "warning",
        "message": "<div class=\"caption-page\" data-start=\"185.880000\"> has no id, so Studio cannot use a stable edit target for its timeline and canvas controls.",
        "selector": "[data-composition-id]",
        "dataAttributes": {},
        "sourceFile": "C:\\vox-style-xe-giay-v1-hyperframes\\hyperframes\\videos\\ban-an-473-phan-3\\compositions\\caption-track.html",
        "bbox": {
          "x": 0,
          "y": 0,
          "width": 0,
          "height": 0
        },
        "time": 0,
        "fixHint": "Add a stable, human-readable id such as id=\"hero-title\" or id=\"scene-1-card\" to every timeline-visible element you want agents or Studio to edit."
      },
      {
        "code": "studio_missing_editable_id",
        "severity": "warning",
        "message": "<div class=\"caption-page\" data-start=\"186.780000\"> has no id, so Studio cannot use a stable edit target for its timeline and canvas controls.",
        "selector": "[data-composition-id]",
        "dataAttributes": {},
        "sourceFile": "C:\\vox-style-xe-giay-v1-hyperframes\\hyperframes\\videos\\ban-an-473-phan-3\\compositions\\caption-track.html",
        "bbox": {
          "x": 0,
          "y": 0,
          "width": 0,
          "height": 0
        },
        "time": 0,
        "fixHint": "Add a stable, human-readable id such as id=\"hero-title\" or id=\"scene-1-card\" to every timeline-visible element you want agents or Studio to edit."
      },
      {
        "code": "studio_missing_editable_id",
        "severity": "warning",
        "message": "<div class=\"caption-page\" data-start=\"188.140000\"> has no id, so Studio cannot use a stable edit target for its timeline and canvas controls.",
        "selector": "[data-composition-id]",
        "dataAttributes": {},
        "sourceFile": "C:\\vox-style-xe-giay-v1-hyperframes\\hyperframes\\videos\\ban-an-473-phan-3\\compositions\\caption-track.html",
        "bbox": {
          "x": 0,
          "y": 0,
          "width": 0,
          "height": 0
        },
        "time": 0,
        "fixHint": "Add a stable, human-readable id such as id=\"hero-title\" or id=\"scene-1-card\" to every timeline-visible element you want agents or Studio to edit."
      },
      {
        "code": "studio_missing_editable_id",
        "severity": "warning",
        "message": "<div class=\"caption-page\" data-start=\"188.880000\"> has no id, so Studio cannot use a stable edit target for its timeline and canvas controls.",
        "selector": "[data-composition-id]",
        "dataAttributes": {},
        "sourceFile": "C:\\vox-style-xe-giay-v1-hyperframes\\hyperframes\\videos\\ban-an-473-phan-3\\compositions\\caption-track.html",
        "bbox": {
          "x": 0,
          "y": 0,
          "width": 0,
          "height": 0
        },
        "time": 0,
        "fixHint": "Add a stable, human-readable id such as id=\"hero-title\" or id=\"scene-1-card\" to every timeline-visible element you want agents or Studio to edit."
      },
      {
        "code": "studio_missing_editable_id",
        "severity": "warning",
        "message": "<div class=\"caption-page\" data-start=\"189.890000\"> has no id, so Studio cannot use a stable edit target for its timeline and canvas controls.",
        "selector": "[data-composition-id]",
        "dataAttributes": {},
        "sourceFile": "C:\\vox-style-xe-giay-v1-hyperframes\\hyperframes\\videos\\ban-an-473-phan-3\\compositions\\caption-track.html",
        "bbox": {
          "x": 0,
          "y": 0,
          "width": 0,
          "height": 0
        },
        "time": 0,
        "fixHint": "Add a stable, human-readable id such as id=\"hero-title\" or id=\"scene-1-card\" to every timeline-visible element you want agents or Studio to edit."
      },
      {
        "code": "studio_missing_editable_id",
        "severity": "warning",
        "message": "<div class=\"caption-page\" data-start=\"191.130000\"> has no id, so Studio cannot use a stable edit target for its timeline and canvas controls.",
        "selector": "[data-composition-id]",
        "dataAttributes": {},
        "sourceFile": "C:\\vox-style-xe-giay-v1-hyperframes\\hyperframes\\videos\\ban-an-473-phan-3\\compositions\\caption-track.html",
        "bbox": {
          "x": 0,
          "y": 0,
          "width": 0,
          "height": 0
        },
        "time": 0,
        "fixHint": "Add a stable, human-readable id such as id=\"hero-title\" or id=\"scene-1-card\" to every timeline-visible element you want agents or Studio to edit."
      },
      {
        "code": "studio_missing_editable_id",
        "severity": "warning",
        "message": "<div class=\"caption-page\" data-start=\"192.150000\"> has no id, so Studio cannot use a stable edit target for its timeline and canvas controls.",
        "selector": "[data-composition-id]",
        "dataAttributes": {},
        "sourceFile": "C:\\vox-style-xe-giay-v1-hyperframes\\hyperframes\\videos\\ban-an-473-phan-3\\compositions\\caption-track.html",
        "bbox": {
          "x": 0,
          "y": 0,
          "width": 0,
          "height": 0
        },
        "time": 0,
        "fixHint": "Add a stable, human-readable id such as id=\"hero-title\" or id=\"scene-1-card\" to every timeline-visible element you want agents or Studio to edit."
      },
      {
        "code": "studio_missing_editable_id",
        "severity": "warning",
        "message": "<div class=\"caption-page\" data-start=\"193.150000\"> has no id, so Studio cannot use a stable edit target for its timeline and canvas controls.",
        "selector": "[data-composition-id]",
        "dataAttributes": {},
        "sourceFile": "C:\\vox-style-xe-giay-v1-hyperframes\\hyperframes\\videos\\ban-an-473-phan-3\\compositions\\caption-track.html",
        "bbox": {
          "x": 0,
          "y": 0,
          "width": 0,
          "height": 0
        },
        "time": 0,
        "fixHint": "Add a stable, human-readable id such as id=\"hero-title\" or id=\"scene-1-card\" to every timeline-visible element you want agents or Studio to edit."
      },
      {
        "code": "studio_missing_editable_id",
        "severity": "warning",
        "message": "<div class=\"caption-page\" data-start=\"194.000000\"> has no id, so Studio cannot use a stable edit target for its timeline and canvas controls.",
        "selector": "[data-composition-id]",
        "dataAttributes": {},
        "sourceFile": "C:\\vox-style-xe-giay-v1-hyperframes\\hyperframes\\videos\\ban-an-473-phan-3\\compositions\\caption-track.html",
        "bbox": {
          "x": 0,
          "y": 0,
          "width": 0,
          "height": 0
        },
        "time": 0,
        "fixHint": "Add a stable, human-readable id such as id=\"hero-title\" or id=\"scene-1-card\" to every timeline-visible element you want agents or Studio to edit."
      },
      {
        "code": "studio_missing_editable_id",
        "severity": "warning",
        "message": "<div class=\"caption-page\" data-start=\"195.260000\"> has no id, so Studio cannot use a stable edit target for its timeline and canvas controls.",
        "selector": "[data-composition-id]",
        "dataAttributes": {},
        "sourceFile": "C:\\vox-style-xe-giay-v1-hyperframes\\hyperframes\\videos\\ban-an-473-phan-3\\compositions\\caption-track.html",
        "bbox": {
          "x": 0,
          "y": 0,
          "width": 0,
          "height": 0
        },
        "time": 0,
        "fixHint": "Add a stable, human-readable id such as id=\"hero-title\" or id=\"scene-1-card\" to every timeline-visible element you want agents or Studio to edit."
      },
      {
        "code": "studio_missing_editable_id",
        "severity": "warning",
        "message": "<div class=\"caption-page\" data-start=\"196.000000\"> has no id, so Studio cannot use a stable edit target for its timeline and canvas controls.",
        "selector": "[data-composition-id]",
        "dataAttributes": {},
        "sourceFile": "C:\\vox-style-xe-giay-v1-hyperframes\\hyperframes\\videos\\ban-an-473-phan-3\\compositions\\caption-track.html",
        "bbox": {
          "x": 0,
          "y": 0,
          "width": 0,
          "height": 0
        },
        "time": 0,
        "fixHint": "Add a stable, human-readable id such as id=\"hero-title\" or id=\"scene-1-card\" to every timeline-visible element you want agents or Studio to edit."
      },
      {
        "code": "studio_missing_editable_id",
        "severity": "warning",
        "message": "<div class=\"caption-page\" data-start=\"197.290000\"> has no id, so Studio cannot use a stable edit target for its timeline and canvas controls.",
        "selector": "[data-composition-id]",
        "dataAttributes": {},
        "sourceFile": "C:\\vox-style-xe-giay-v1-hyperframes\\hyperframes\\videos\\ban-an-473-phan-3\\compositions\\caption-track.html",
        "bbox": {
          "x": 0,
          "y": 0,
          "width": 0,
          "height": 0
        },
        "time": 0,
        "fixHint": "Add a stable, human-readable id such as id=\"hero-title\" or id=\"scene-1-card\" to every timeline-visible element you want agents or Studio to edit."
      },
      {
        "code": "studio_missing_editable_id",
        "severity": "warning",
        "message": "<div class=\"caption-page\" data-start=\"198.070000\"> has no id, so Studio cannot use a stable edit target for its timeline and canvas controls.",
        "selector": "[data-composition-id]",
        "dataAttributes": {},
        "sourceFile": "C:\\vox-style-xe-giay-v1-hyperframes\\hyperframes\\videos\\ban-an-473-phan-3\\compositions\\caption-track.html",
        "bbox": {
          "x": 0,
          "y": 0,
          "width": 0,
          "height": 0
        },
        "time": 0,
        "fixHint": "Add a stable, human-readable id such as id=\"hero-title\" or id=\"scene-1-card\" to every timeline-visible element you want agents or Studio to edit."
      },
      {
        "code": "studio_missing_editable_id",
        "severity": "warning",
        "message": "<div class=\"caption-page\" data-start=\"199.230000\"> has no id, so Studio cannot use a stable edit target for its timeline and canvas controls.",
        "selector": "[data-composition-id]",
        "dataAttributes": {},
        "sourceFile": "C:\\vox-style-xe-giay-v1-hyperframes\\hyperframes\\videos\\ban-an-473-phan-3\\compositions\\caption-track.html",
        "bbox": {
          "x": 0,
          "y": 0,
          "width": 0,
          "height": 0
        },
        "time": 0,
        "fixHint": "Add a stable, human-readable id such as id=\"hero-title\" or id=\"scene-1-card\" to every timeline-visible element you want agents or Studio to edit."
      },
      {
        "code": "studio_missing_editable_id",
        "severity": "warning",
        "message": "<div class=\"caption-page\" data-start=\"199.960000\"> has no id, so Studio cannot use a stable edit target for its timeline and canvas controls.",
        "selector": "[data-composition-id]",
        "dataAttributes": {},
        "sourceFile": "C:\\vox-style-xe-giay-v1-hyperframes\\hyperframes\\videos\\ban-an-473-phan-3\\compositions\\caption-track.html",
        "bbox": {
          "x": 0,
          "y": 0,
          "width": 0,
          "height": 0
        },
        "time": 0,
        "fixHint": "Add a stable, human-readable id such as id=\"hero-title\" or id=\"scene-1-card\" to every timeline-visible element you want agents or Studio to edit."
      },
      {
        "code": "studio_missing_editable_id",
        "severity": "warning",
        "message": "<div class=\"caption-page\" data-start=\"200.610000\"> has no id, so Studio cannot use a stable edit target for its timeline and canvas controls.",
        "selector": "[data-composition-id]",
        "dataAttributes": {},
        "sourceFile": "C:\\vox-style-xe-giay-v1-hyperframes\\hyperframes\\videos\\ban-an-473-phan-3\\compositions\\caption-track.html",
        "bbox": {
          "x": 0,
          "y": 0,
          "width": 0,
          "height": 0
        },
        "time": 0,
        "fixHint": "Add a stable, human-readable id such as id=\"hero-title\" or id=\"scene-1-card\" to every timeline-visible element you want agents or Studio to edit."
      },
      {
        "code": "studio_missing_editable_id",
        "severity": "warning",
        "message": "<div class=\"caption-page\" data-start=\"201.370000\"> has no id, so Studio cannot use a stable edit target for its timeline and canvas controls.",
        "selector": "[data-composition-id]",
        "dataAttributes": {},
        "sourceFile": "C:\\vox-style-xe-giay-v1-hyperframes\\hyperframes\\videos\\ban-an-473-phan-3\\compositions\\caption-track.html",
        "bbox": {
          "x": 0,
          "y": 0,
          "width": 0,
          "height": 0
        },
        "time": 0,
        "fixHint": "Add a stable, human-readable id such as id=\"hero-title\" or id=\"scene-1-card\" to every timeline-visible element you want agents or Studio to edit."
      },
      {
        "code": "studio_missing_editable_id",
        "severity": "warning",
        "message": "<div class=\"caption-page\" data-start=\"202.010000\"> has no id, so Studio cannot use a stable edit target for its timeline and canvas controls.",
        "selector": "[data-composition-id]",
        "dataAttributes": {},
        "sourceFile": "C:\\vox-style-xe-giay-v1-hyperframes\\hyperframes\\videos\\ban-an-473-phan-3\\compositions\\caption-track.html",
        "bbox": {
          "x": 0,
          "y": 0,
          "width": 0,
          "height": 0
        },
        "time": 0,
        "fixHint": "Add a stable, human-readable id such as id=\"hero-title\" or id=\"scene-1-card\" to every timeline-visible element you want agents or Studio to edit."
      },
      {
        "code": "studio_missing_editable_id",
        "severity": "warning",
        "message": "<div class=\"caption-page\" data-start=\"202.600000\"> has no id, so Studio cannot use a stable edit target for its timeline and canvas controls.",
        "selector": "[data-composition-id]",
        "dataAttributes": {},
        "sourceFile": "C:\\vox-style-xe-giay-v1-hyperframes\\hyperframes\\videos\\ban-an-473-phan-3\\compositions\\caption-track.html",
        "bbox": {
          "x": 0,
          "y": 0,
          "width": 0,
          "height": 0
        },
        "time": 0,
        "fixHint": "Add a stable, human-readable id such as id=\"hero-title\" or id=\"scene-1-card\" to every timeline-visible element you want agents or Studio to edit."
      },
      {
        "code": "studio_missing_editable_id",
        "severity": "warning",
        "message": "<div class=\"caption-page\" data-start=\"203.410000\"> has no id, so Studio cannot use a stable edit target for its timeline and canvas controls.",
        "selector": "[data-composition-id]",
        "dataAttributes": {},
        "sourceFile": "C:\\vox-style-xe-giay-v1-hyperframes\\hyperframes\\videos\\ban-an-473-phan-3\\compositions\\caption-track.html",
        "bbox": {
          "x": 0,
          "y": 0,
          "width": 0,
          "height": 0
        },
        "time": 0,
        "fixHint": "Add a stable, human-readable id such as id=\"hero-title\" or id=\"scene-1-card\" to every timeline-visible element you want agents or Studio to edit."
      },
      {
        "code": "studio_missing_editable_id",
        "severity": "warning",
        "message": "<div class=\"caption-page\" data-start=\"204.230000\"> has no id, so Studio cannot use a stable edit target for its timeline and canvas controls.",
        "selector": "[data-composition-id]",
        "dataAttributes": {},
        "sourceFile": "C:\\vox-style-xe-giay-v1-hyperframes\\hyperframes\\videos\\ban-an-473-phan-3\\compositions\\caption-track.html",
        "bbox": {
          "x": 0,
          "y": 0,
          "width": 0,
          "height": 0
        },
        "time": 0,
        "fixHint": "Add a stable, human-readable id such as id=\"hero-title\" or id=\"scene-1-card\" to every timeline-visible element you want agents or Studio to edit."
      },
      {
        "code": "studio_missing_editable_id",
        "severity": "warning",
        "message": "<div class=\"caption-page\" data-start=\"204.940000\"> has no id, so Studio cannot use a stable edit target for its timeline and canvas controls.",
        "selector": "[data-composition-id]",
        "dataAttributes": {},
        "sourceFile": "C:\\vox-style-xe-giay-v1-hyperframes\\hyperframes\\videos\\ban-an-473-phan-3\\compositions\\caption-track.html",
        "bbox": {
          "x": 0,
          "y": 0,
          "width": 0,
          "height": 0
        },
        "time": 0,
        "fixHint": "Add a stable, human-readable id such as id=\"hero-title\" or id=\"scene-1-card\" to every timeline-visible element you want agents or Studio to edit."
      },
      {
        "code": "studio_missing_editable_id",
        "severity": "warning",
        "message": "<div class=\"caption-page\" data-start=\"205.900000\"> has no id, so Studio cannot use a stable edit target for its timeline and canvas controls.",
        "selector": "[data-composition-id]",
        "dataAttributes": {},
        "sourceFile": "C:\\vox-style-xe-giay-v1-hyperframes\\hyperframes\\videos\\ban-an-473-phan-3\\compositions\\caption-track.html",
        "bbox": {
          "x": 0,
          "y": 0,
          "width": 0,
          "height": 0
        },
        "time": 0,
        "fixHint": "Add a stable, human-readable id such as id=\"hero-title\" or id=\"scene-1-card\" to every timeline-visible element you want agents or Studio to edit."
      },
      {
        "code": "studio_missing_editable_id",
        "severity": "warning",
        "message": "<div class=\"caption-page\" data-start=\"206.700000\"> has no id, so Studio cannot use a stable edit target for its timeline and canvas controls.",
        "selector": "[data-composition-id]",
        "dataAttributes": {},
        "sourceFile": "C:\\vox-style-xe-giay-v1-hyperframes\\hyperframes\\videos\\ban-an-473-phan-3\\compositions\\caption-track.html",
        "bbox": {
          "x": 0,
          "y": 0,
          "width": 0,
          "height": 0
        },
        "time": 0,
        "fixHint": "Add a stable, human-readable id such as id=\"hero-title\" or id=\"scene-1-card\" to every timeline-visible element you want agents or Studio to edit."
      },
      {
        "code": "studio_missing_editable_id",
        "severity": "warning",
        "message": "<div class=\"caption-page\" data-start=\"208.130000\"> has no id, so Studio cannot use a stable edit target for its timeline and canvas controls.",
        "selector": "[data-composition-id]",
        "dataAttributes": {},
        "sourceFile": "C:\\vox-style-xe-giay-v1-hyperframes\\hyperframes\\videos\\ban-an-473-phan-3\\compositions\\caption-track.html",
        "bbox": {
          "x": 0,
          "y": 0,
          "width": 0,
          "height": 0
        },
        "time": 0,
        "fixHint": "Add a stable, human-readable id such as id=\"hero-title\" or id=\"scene-1-card\" to every timeline-visible element you want agents or Studio to edit."
      },
      {
        "code": "studio_missing_editable_id",
        "severity": "warning",
        "message": "<div class=\"caption-page\" data-start=\"209.130000\"> has no id, so Studio cannot use a stable edit target for its timeline and canvas controls.",
        "selector": "[data-composition-id]",
        "dataAttributes": {},
        "sourceFile": "C:\\vox-style-xe-giay-v1-hyperframes\\hyperframes\\videos\\ban-an-473-phan-3\\compositions\\caption-track.html",
        "bbox": {
          "x": 0,
          "y": 0,
          "width": 0,
          "height": 0
        },
        "time": 0,
        "fixHint": "Add a stable, human-readable id such as id=\"hero-title\" or id=\"scene-1-card\" to every timeline-visible element you want agents or Studio to edit."
      },
      {
        "code": "studio_missing_editable_id",
        "severity": "warning",
        "message": "<div class=\"caption-page\" data-start=\"210.190000\"> has no id, so Studio cannot use a stable edit target for its timeline and canvas controls.",
        "selector": "[data-composition-id]",
        "dataAttributes": {},
        "sourceFile": "C:\\vox-style-xe-giay-v1-hyperframes\\hyperframes\\videos\\ban-an-473-phan-3\\compositions\\caption-track.html",
        "bbox": {
          "x": 0,
          "y": 0,
          "width": 0,
          "height": 0
        },
        "time": 0,
        "fixHint": "Add a stable, human-readable id such as id=\"hero-title\" or id=\"scene-1-card\" to every timeline-visible element you want agents or Studio to edit."
      },
      {
        "code": "studio_missing_editable_id",
        "severity": "warning",
        "message": "<div class=\"caption-page\" data-start=\"210.960000\"> has no id, so Studio cannot use a stable edit target for its timeline and canvas controls.",
        "selector": "[data-composition-id]",
        "dataAttributes": {},
        "sourceFile": "C:\\vox-style-xe-giay-v1-hyperframes\\hyperframes\\videos\\ban-an-473-phan-3\\compositions\\caption-track.html",
        "bbox": {
          "x": 0,
          "y": 0,
          "width": 0,
          "height": 0
        },
        "time": 0,
        "fixHint": "Add a stable, human-readable id such as id=\"hero-title\" or id=\"scene-1-card\" to every timeline-visible element you want agents or Studio to edit."
      },
      {
        "code": "studio_missing_editable_id",
        "severity": "warning",
        "message": "<div class=\"caption-page\" data-start=\"211.860000\"> has no id, so Studio cannot use a stable edit target for its timeline and canvas controls.",
        "selector": "[data-composition-id]",
        "dataAttributes": {},
        "sourceFile": "C:\\vox-style-xe-giay-v1-hyperframes\\hyperframes\\videos\\ban-an-473-phan-3\\compositions\\caption-track.html",
        "bbox": {
          "x": 0,
          "y": 0,
          "width": 0,
          "height": 0
        },
        "time": 0,
        "fixHint": "Add a stable, human-readable id such as id=\"hero-title\" or id=\"scene-1-card\" to every timeline-visible element you want agents or Studio to edit."
      },
      {
        "code": "studio_missing_editable_id",
        "severity": "warning",
        "message": "<div class=\"caption-page\" data-start=\"212.610000\"> has no id, so Studio cannot use a stable edit target for its timeline and canvas controls.",
        "selector": "[data-composition-id]",
        "dataAttributes": {},
        "sourceFile": "C:\\vox-style-xe-giay-v1-hyperframes\\hyperframes\\videos\\ban-an-473-phan-3\\compositions\\caption-track.html",
        "bbox": {
          "x": 0,
          "y": 0,
          "width": 0,
          "height": 0
        },
        "time": 0,
        "fixHint": "Add a stable, human-readable id such as id=\"hero-title\" or id=\"scene-1-card\" to every timeline-visible element you want agents or Studio to edit."
      },
      {
        "code": "studio_missing_editable_id",
        "severity": "warning",
        "message": "<div class=\"caption-page\" data-start=\"213.870000\"> has no id, so Studio cannot use a stable edit target for its timeline and canvas controls.",
        "selector": "[data-composition-id]",
        "dataAttributes": {},
        "sourceFile": "C:\\vox-style-xe-giay-v1-hyperframes\\hyperframes\\videos\\ban-an-473-phan-3\\compositions\\caption-track.html",
        "bbox": {
          "x": 0,
          "y": 0,
          "width": 0,
          "height": 0
        },
        "time": 0,
        "fixHint": "Add a stable, human-readable id such as id=\"hero-title\" or id=\"scene-1-card\" to every timeline-visible element you want agents or Studio to edit."
      },
      {
        "code": "studio_missing_editable_id",
        "severity": "warning",
        "message": "<div class=\"caption-page\" data-start=\"214.750000\"> has no id, so Studio cannot use a stable edit target for its timeline and canvas controls.",
        "selector": "[data-composition-id]",
        "dataAttributes": {},
        "sourceFile": "C:\\vox-style-xe-giay-v1-hyperframes\\hyperframes\\videos\\ban-an-473-phan-3\\compositions\\caption-track.html",
        "bbox": {
          "x": 0,
          "y": 0,
          "width": 0,
          "height": 0
        },
        "time": 0,
        "fixHint": "Add a stable, human-readable id such as id=\"hero-title\" or id=\"scene-1-card\" to every timeline-visible element you want agents or Studio to edit."
      },
      {
        "code": "studio_missing_editable_id",
        "severity": "warning",
        "message": "<div class=\"caption-page\" data-start=\"215.400000\"> has no id, so Studio cannot use a stable edit target for its timeline and canvas controls.",
        "selector": "[data-composition-id]",
        "dataAttributes": {},
        "sourceFile": "C:\\vox-style-xe-giay-v1-hyperframes\\hyperframes\\videos\\ban-an-473-phan-3\\compositions\\caption-track.html",
        "bbox": {
          "x": 0,
          "y": 0,
          "width": 0,
          "height": 0
        },
        "time": 0,
        "fixHint": "Add a stable, human-readable id such as id=\"hero-title\" or id=\"scene-1-card\" to every timeline-visible element you want agents or Studio to edit."
      },
      {
        "code": "studio_missing_editable_id",
        "severity": "warning",
        "message": "<div class=\"caption-page\" data-start=\"216.240000\"> has no id, so Studio cannot use a stable edit target for its timeline and canvas controls.",
        "selector": "[data-composition-id]",
        "dataAttributes": {},
        "sourceFile": "C:\\vox-style-xe-giay-v1-hyperframes\\hyperframes\\videos\\ban-an-473-phan-3\\compositions\\caption-track.html",
        "bbox": {
          "x": 0,
          "y": 0,
          "width": 0,
          "height": 0
        },
        "time": 0,
        "fixHint": "Add a stable, human-readable id such as id=\"hero-title\" or id=\"scene-1-card\" to every timeline-visible element you want agents or Studio to edit."
      },
      {
        "code": "studio_missing_editable_id",
        "severity": "warning",
        "message": "<div class=\"caption-page\" data-start=\"217.400000\"> has no id, so Studio cannot use a stable edit target for its timeline and canvas controls.",
        "selector": "[data-composition-id]",
        "dataAttributes": {},
        "sourceFile": "C:\\vox-style-xe-giay-v1-hyperframes\\hyperframes\\videos\\ban-an-473-phan-3\\compositions\\caption-track.html",
        "bbox": {
          "x": 0,
          "y": 0,
          "width": 0,
          "height": 0
        },
        "time": 0,
        "fixHint": "Add a stable, human-readable id such as id=\"hero-title\" or id=\"scene-1-card\" to every timeline-visible element you want agents or Studio to edit."
      },
      {
        "code": "studio_missing_editable_id",
        "severity": "warning",
        "message": "<div class=\"caption-page\" data-start=\"218.330000\"> has no id, so Studio cannot use a stable edit target for its timeline and canvas controls.",
        "selector": "[data-composition-id]",
        "dataAttributes": {},
        "sourceFile": "C:\\vox-style-xe-giay-v1-hyperframes\\hyperframes\\videos\\ban-an-473-phan-3\\compositions\\caption-track.html",
        "bbox": {
          "x": 0,
          "y": 0,
          "width": 0,
          "height": 0
        },
        "time": 0,
        "fixHint": "Add a stable, human-readable id such as id=\"hero-title\" or id=\"scene-1-card\" to every timeline-visible element you want agents or Studio to edit."
      },
      {
        "code": "studio_missing_editable_id",
        "severity": "warning",
        "message": "<div class=\"caption-page\" data-start=\"219.080000\"> has no id, so Studio cannot use a stable edit target for its timeline and canvas controls.",
        "selector": "[data-composition-id]",
        "dataAttributes": {},
        "sourceFile": "C:\\vox-style-xe-giay-v1-hyperframes\\hyperframes\\videos\\ban-an-473-phan-3\\compositions\\caption-track.html",
        "bbox": {
          "x": 0,
          "y": 0,
          "width": 0,
          "height": 0
        },
        "time": 0,
        "fixHint": "Add a stable, human-readable id such as id=\"hero-title\" or id=\"scene-1-card\" to every timeline-visible element you want agents or Studio to edit."
      },
      {
        "code": "studio_missing_editable_id",
        "severity": "warning",
        "message": "<div class=\"caption-page\" data-start=\"220.040000\"> has no id, so Studio cannot use a stable edit target for its timeline and canvas controls.",
        "selector": "[data-composition-id]",
        "dataAttributes": {},
        "sourceFile": "C:\\vox-style-xe-giay-v1-hyperframes\\hyperframes\\videos\\ban-an-473-phan-3\\compositions\\caption-track.html",
        "bbox": {
          "x": 0,
          "y": 0,
          "width": 0,
          "height": 0
        },
        "time": 0,
        "fixHint": "Add a stable, human-readable id such as id=\"hero-title\" or id=\"scene-1-card\" to every timeline-visible element you want agents or Studio to edit."
      },
      {
        "code": "studio_missing_editable_id",
        "severity": "warning",
        "message": "<div class=\"caption-page\" data-start=\"220.600000\"> has no id, so Studio cannot use a stable edit target for its timeline and canvas controls.",
        "selector": "[data-composition-id]",
        "dataAttributes": {},
        "sourceFile": "C:\\vox-style-xe-giay-v1-hyperframes\\hyperframes\\videos\\ban-an-473-phan-3\\compositions\\caption-track.html",
        "bbox": {
          "x": 0,
          "y": 0,
          "width": 0,
          "height": 0
        },
        "time": 0,
        "fixHint": "Add a stable, human-readable id such as id=\"hero-title\" or id=\"scene-1-card\" to every timeline-visible element you want agents or Studio to edit."
      },
      {
        "code": "studio_missing_editable_id",
        "severity": "warning",
        "message": "<div class=\"caption-page\" data-start=\"221.570000\"> has no id, so Studio cannot use a stable edit target for its timeline and canvas controls.",
        "selector": "[data-composition-id]",
        "dataAttributes": {},
        "sourceFile": "C:\\vox-style-xe-giay-v1-hyperframes\\hyperframes\\videos\\ban-an-473-phan-3\\compositions\\caption-track.html",
        "bbox": {
          "x": 0,
          "y": 0,
          "width": 0,
          "height": 0
        },
        "time": 0,
        "fixHint": "Add a stable, human-readable id such as id=\"hero-title\" or id=\"scene-1-card\" to every timeline-visible element you want agents or Studio to edit."
      },
      {
        "code": "studio_missing_editable_id",
        "severity": "warning",
        "message": "<div class=\"caption-page\" data-start=\"222.390000\"> has no id, so Studio cannot use a stable edit target for its timeline and canvas controls.",
        "selector": "[data-composition-id]",
        "dataAttributes": {},
        "sourceFile": "C:\\vox-style-xe-giay-v1-hyperframes\\hyperframes\\videos\\ban-an-473-phan-3\\compositions\\caption-track.html",
        "bbox": {
          "x": 0,
          "y": 0,
          "width": 0,
          "height": 0
        },
        "time": 0,
        "fixHint": "Add a stable, human-readable id such as id=\"hero-title\" or id=\"scene-1-card\" to every timeline-visible element you want agents or Studio to edit."
      },
      {
        "code": "studio_missing_editable_id",
        "severity": "warning",
        "message": "<div class=\"caption-page\" data-start=\"223.740000\"> has no id, so Studio cannot use a stable edit target for its timeline and canvas controls.",
        "selector": "[data-composition-id]",
        "dataAttributes": {},
        "sourceFile": "C:\\vox-style-xe-giay-v1-hyperframes\\hyperframes\\videos\\ban-an-473-phan-3\\compositions\\caption-track.html",
        "bbox": {
          "x": 0,
          "y": 0,
          "width": 0,
          "height": 0
        },
        "time": 0,
        "fixHint": "Add a stable, human-readable id such as id=\"hero-title\" or id=\"scene-1-card\" to every timeline-visible element you want agents or Studio to edit."
      },
      {
        "code": "studio_missing_editable_id",
        "severity": "warning",
        "message": "<div class=\"caption-page\" data-start=\"224.590000\"> has no id, so Studio cannot use a stable edit target for its timeline and canvas controls.",
        "selector": "[data-composition-id]",
        "dataAttributes": {},
        "sourceFile": "C:\\vox-style-xe-giay-v1-hyperframes\\hyperframes\\videos\\ban-an-473-phan-3\\compositions\\caption-track.html",
        "bbox": {
          "x": 0,
          "y": 0,
          "width": 0,
          "height": 0
        },
        "time": 0,
        "fixHint": "Add a stable, human-readable id such as id=\"hero-title\" or id=\"scene-1-card\" to every timeline-visible element you want agents or Studio to edit."
      },
      {
        "code": "studio_missing_editable_id",
        "severity": "warning",
        "message": "<div class=\"caption-page\" data-start=\"225.700000\"> has no id, so Studio cannot use a stable edit target for its timeline and canvas controls.",
        "selector": "[data-composition-id]",
        "dataAttributes": {},
        "sourceFile": "C:\\vox-style-xe-giay-v1-hyperframes\\hyperframes\\videos\\ban-an-473-phan-3\\compositions\\caption-track.html",
        "bbox": {
          "x": 0,
          "y": 0,
          "width": 0,
          "height": 0
        },
        "time": 0,
        "fixHint": "Add a stable, human-readable id such as id=\"hero-title\" or id=\"scene-1-card\" to every timeline-visible element you want agents or Studio to edit."
      },
      {
        "code": "studio_missing_editable_id",
        "severity": "warning",
        "message": "<div class=\"caption-page\" data-start=\"226.800000\"> has no id, so Studio cannot use a stable edit target for its timeline and canvas controls.",
        "selector": "[data-composition-id]",
        "dataAttributes": {},
        "sourceFile": "C:\\vox-style-xe-giay-v1-hyperframes\\hyperframes\\videos\\ban-an-473-phan-3\\compositions\\caption-track.html",
        "bbox": {
          "x": 0,
          "y": 0,
          "width": 0,
          "height": 0
        },
        "time": 0,
        "fixHint": "Add a stable, human-readable id such as id=\"hero-title\" or id=\"scene-1-card\" to every timeline-visible element you want agents or Studio to edit."
      },
      {
        "code": "studio_missing_editable_id",
        "severity": "warning",
        "message": "<div class=\"caption-page\" data-start=\"228.190000\"> has no id, so Studio cannot use a stable edit target for its timeline and canvas controls.",
        "selector": "[data-composition-id]",
        "dataAttributes": {},
        "sourceFile": "C:\\vox-style-xe-giay-v1-hyperframes\\hyperframes\\videos\\ban-an-473-phan-3\\compositions\\caption-track.html",
        "bbox": {
          "x": 0,
          "y": 0,
          "width": 0,
          "height": 0
        },
        "time": 0,
        "fixHint": "Add a stable, human-readable id such as id=\"hero-title\" or id=\"scene-1-card\" to every timeline-visible element you want agents or Studio to edit."
      },
      {
        "code": "studio_missing_editable_id",
        "severity": "warning",
        "message": "<div class=\"caption-page\" data-start=\"229.340000\"> has no id, so Studio cannot use a stable edit target for its timeline and canvas controls.",
        "selector": "[data-composition-id]",
        "dataAttributes": {},
        "sourceFile": "C:\\vox-style-xe-giay-v1-hyperframes\\hyperframes\\videos\\ban-an-473-phan-3\\compositions\\caption-track.html",
        "bbox": {
          "x": 0,
          "y": 0,
          "width": 0,
          "height": 0
        },
        "time": 0,
        "fixHint": "Add a stable, human-readable id such as id=\"hero-title\" or id=\"scene-1-card\" to every timeline-visible element you want agents or Studio to edit."
      },
      {
        "code": "studio_missing_editable_id",
        "severity": "warning",
        "message": "<div class=\"caption-page\" data-start=\"230.290000\"> has no id, so Studio cannot use a stable edit target for its timeline and canvas controls.",
        "selector": "[data-composition-id]",
        "dataAttributes": {},
        "sourceFile": "C:\\vox-style-xe-giay-v1-hyperframes\\hyperframes\\videos\\ban-an-473-phan-3\\compositions\\caption-track.html",
        "bbox": {
          "x": 0,
          "y": 0,
          "width": 0,
          "height": 0
        },
        "time": 0,
        "fixHint": "Add a stable, human-readable id such as id=\"hero-title\" or id=\"scene-1-card\" to every timeline-visible element you want agents or Studio to edit."
      },
      {
        "code": "studio_missing_editable_id",
        "severity": "warning",
        "message": "<div class=\"caption-page\" data-start=\"230.940000\"> has no id, so Studio cannot use a stable edit target for its timeline and canvas controls.",
        "selector": "[data-composition-id]",
        "dataAttributes": {},
        "sourceFile": "C:\\vox-style-xe-giay-v1-hyperframes\\hyperframes\\videos\\ban-an-473-phan-3\\compositions\\caption-track.html",
        "bbox": {
          "x": 0,
          "y": 0,
          "width": 0,
          "height": 0
        },
        "time": 0,
        "fixHint": "Add a stable, human-readable id such as id=\"hero-title\" or id=\"scene-1-card\" to every timeline-visible element you want agents or Studio to edit."
      },
      {
        "code": "studio_missing_editable_id",
        "severity": "warning",
        "message": "<div class=\"caption-page\" data-start=\"231.230000\"> has no id, so Studio cannot use a stable edit target for its timeline and canvas controls.",
        "selector": "[data-composition-id]",
        "dataAttributes": {},
        "sourceFile": "C:\\vox-style-xe-giay-v1-hyperframes\\hyperframes\\videos\\ban-an-473-phan-3\\compositions\\caption-track.html",
        "bbox": {
          "x": 0,
          "y": 0,
          "width": 0,
          "height": 0
        },
        "time": 0,
        "fixHint": "Add a stable, human-readable id such as id=\"hero-title\" or id=\"scene-1-card\" to every timeline-visible element you want agents or Studio to edit."
      },
      {
        "code": "studio_missing_editable_id",
        "severity": "warning",
        "message": "<div class=\"caption-page\" data-start=\"232.190000\"> has no id, so Studio cannot use a stable edit target for its timeline and canvas controls.",
        "selector": "[data-composition-id]",
        "dataAttributes": {},
        "sourceFile": "C:\\vox-style-xe-giay-v1-hyperframes\\hyperframes\\videos\\ban-an-473-phan-3\\compositions\\caption-track.html",
        "bbox": {
          "x": 0,
          "y": 0,
          "width": 0,
          "height": 0
        },
        "time": 0,
        "fixHint": "Add a stable, human-readable id such as id=\"hero-title\" or id=\"scene-1-card\" to every timeline-visible element you want agents or Studio to edit."
      },
      {
        "code": "studio_missing_editable_id",
        "severity": "warning",
        "message": "<div class=\"caption-page\" data-start=\"233.160000\"> has no id, so Studio cannot use a stable edit target for its timeline and canvas controls.",
        "selector": "[data-composition-id]",
        "dataAttributes": {},
        "sourceFile": "C:\\vox-style-xe-giay-v1-hyperframes\\hyperframes\\videos\\ban-an-473-phan-3\\compositions\\caption-track.html",
        "bbox": {
          "x": 0,
          "y": 0,
          "width": 0,
          "height": 0
        },
        "time": 0,
        "fixHint": "Add a stable, human-readable id such as id=\"hero-title\" or id=\"scene-1-card\" to every timeline-visible element you want agents or Studio to edit."
      },
      {
        "code": "studio_missing_editable_id",
        "severity": "warning",
        "message": "<div class=\"caption-page\" data-start=\"234.100000\"> has no id, so Studio cannot use a stable edit target for its timeline and canvas controls.",
        "selector": "[data-composition-id]",
        "dataAttributes": {},
        "sourceFile": "C:\\vox-style-xe-giay-v1-hyperframes\\hyperframes\\videos\\ban-an-473-phan-3\\compositions\\caption-track.html",
        "bbox": {
          "x": 0,
          "y": 0,
          "width": 0,
          "height": 0
        },
        "time": 0,
        "fixHint": "Add a stable, human-readable id such as id=\"hero-title\" or id=\"scene-1-card\" to every timeline-visible element you want agents or Studio to edit."
      },
      {
        "code": "studio_missing_editable_id",
        "severity": "warning",
        "message": "<div class=\"caption-page\" data-start=\"234.790000\"> has no id, so Studio cannot use a stable edit target for its timeline and canvas controls.",
        "selector": "[data-composition-id]",
        "dataAttributes": {},
        "sourceFile": "C:\\vox-style-xe-giay-v1-hyperframes\\hyperframes\\videos\\ban-an-473-phan-3\\compositions\\caption-track.html",
        "bbox": {
          "x": 0,
          "y": 0,
          "width": 0,
          "height": 0
        },
        "time": 0,
        "fixHint": "Add a stable, human-readable id such as id=\"hero-title\" or id=\"scene-1-card\" to every timeline-visible element you want agents or Studio to edit."
      },
      {
        "code": "studio_missing_editable_id",
        "severity": "warning",
        "message": "<div class=\"caption-page\" data-start=\"235.880000\"> has no id, so Studio cannot use a stable edit target for its timeline and canvas controls.",
        "selector": "[data-composition-id]",
        "dataAttributes": {},
        "sourceFile": "C:\\vox-style-xe-giay-v1-hyperframes\\hyperframes\\videos\\ban-an-473-phan-3\\compositions\\caption-track.html",
        "bbox": {
          "x": 0,
          "y": 0,
          "width": 0,
          "height": 0
        },
        "time": 0,
        "fixHint": "Add a stable, human-readable id such as id=\"hero-title\" or id=\"scene-1-card\" to every timeline-visible element you want agents or Studio to edit."
      },
      {
        "code": "studio_missing_editable_id",
        "severity": "warning",
        "message": "<div class=\"caption-page\" data-start=\"236.920000\"> has no id, so Studio cannot use a stable edit target for its timeline and canvas controls.",
        "selector": "[data-composition-id]",
        "dataAttributes": {},
        "sourceFile": "C:\\vox-style-xe-giay-v1-hyperframes\\hyperframes\\videos\\ban-an-473-phan-3\\compositions\\caption-track.html",
        "bbox": {
          "x": 0,
          "y": 0,
          "width": 0,
          "height": 0
        },
        "time": 0,
        "fixHint": "Add a stable, human-readable id such as id=\"hero-title\" or id=\"scene-1-card\" to every timeline-visible element you want agents or Studio to edit."
      },
      {
        "code": "studio_missing_editable_id",
        "severity": "warning",
        "message": "<div class=\"caption-page\" data-start=\"237.520000\"> has no id, so Studio cannot use a stable edit target for its timeline and canvas controls.",
        "selector": "[data-composition-id]",
        "dataAttributes": {},
        "sourceFile": "C:\\vox-style-xe-giay-v1-hyperframes\\hyperframes\\videos\\ban-an-473-phan-3\\compositions\\caption-track.html",
        "bbox": {
          "x": 0,
          "y": 0,
          "width": 0,
          "height": 0
        },
        "time": 0,
        "fixHint": "Add a stable, human-readable id such as id=\"hero-title\" or id=\"scene-1-card\" to every timeline-visible element you want agents or Studio to edit."
      },
      {
        "code": "studio_missing_editable_id",
        "severity": "warning",
        "message": "<div class=\"caption-page\" data-start=\"238.230000\"> has no id, so Studio cannot use a stable edit target for its timeline and canvas controls.",
        "selector": "[data-composition-id]",
        "dataAttributes": {},
        "sourceFile": "C:\\vox-style-xe-giay-v1-hyperframes\\hyperframes\\videos\\ban-an-473-phan-3\\compositions\\caption-track.html",
        "bbox": {
          "x": 0,
          "y": 0,
          "width": 0,
          "height": 0
        },
        "time": 0,
        "fixHint": "Add a stable, human-readable id such as id=\"hero-title\" or id=\"scene-1-card\" to every timeline-visible element you want agents or Studio to edit."
      },
      {
        "code": "studio_missing_editable_id",
        "severity": "warning",
        "message": "<div class=\"caption-page\" data-start=\"239.520000\"> has no id, so Studio cannot use a stable edit target for its timeline and canvas controls.",
        "selector": "[data-composition-id]",
        "dataAttributes": {},
        "sourceFile": "C:\\vox-style-xe-giay-v1-hyperframes\\hyperframes\\videos\\ban-an-473-phan-3\\compositions\\caption-track.html",
        "bbox": {
          "x": 0,
          "y": 0,
          "width": 0,
          "height": 0
        },
        "time": 0,
        "fixHint": "Add a stable, human-readable id such as id=\"hero-title\" or id=\"scene-1-card\" to every timeline-visible element you want agents or Studio to edit."
      },
      {
        "code": "studio_missing_editable_id",
        "severity": "warning",
        "message": "<div class=\"caption-page\" data-start=\"240.470000\"> has no id, so Studio cannot use a stable edit target for its timeline and canvas controls.",
        "selector": "[data-composition-id]",
        "dataAttributes": {},
        "sourceFile": "C:\\vox-style-xe-giay-v1-hyperframes\\hyperframes\\videos\\ban-an-473-phan-3\\compositions\\caption-track.html",
        "bbox": {
          "x": 0,
          "y": 0,
          "width": 0,
          "height": 0
        },
        "time": 0,
        "fixHint": "Add a stable, human-readable id such as id=\"hero-title\" or id=\"scene-1-card\" to every timeline-visible element you want agents or Studio to edit."
      },
      {
        "code": "studio_missing_editable_id",
        "severity": "warning",
        "message": "<div class=\"caption-page\" data-start=\"241.440000\"> has no id, so Studio cannot use a stable edit target for its timeline and canvas controls.",
        "selector": "[data-composition-id]",
        "dataAttributes": {},
        "sourceFile": "C:\\vox-style-xe-giay-v1-hyperframes\\hyperframes\\videos\\ban-an-473-phan-3\\compositions\\caption-track.html",
        "bbox": {
          "x": 0,
          "y": 0,
          "width": 0,
          "height": 0
        },
        "time": 0,
        "fixHint": "Add a stable, human-readable id such as id=\"hero-title\" or id=\"scene-1-card\" to every timeline-visible element you want agents or Studio to edit."
      },
      {
        "code": "studio_missing_editable_id",
        "severity": "warning",
        "message": "<div class=\"caption-page\" data-start=\"242.140000\"> has no id, so Studio cannot use a stable edit target for its timeline and canvas controls.",
        "selector": "[data-composition-id]",
        "dataAttributes": {},
        "sourceFile": "C:\\vox-style-xe-giay-v1-hyperframes\\hyperframes\\videos\\ban-an-473-phan-3\\compositions\\caption-track.html",
        "bbox": {
          "x": 0,
          "y": 0,
          "width": 0,
          "height": 0
        },
        "time": 0,
        "fixHint": "Add a stable, human-readable id such as id=\"hero-title\" or id=\"scene-1-card\" to every timeline-visible element you want agents or Studio to edit."
      },
      {
        "code": "studio_missing_editable_id",
        "severity": "warning",
        "message": "<div class=\"caption-page\" data-start=\"243.390000\"> has no id, so Studio cannot use a stable edit target for its timeline and canvas controls.",
        "selector": "[data-composition-id]",
        "dataAttributes": {},
        "sourceFile": "C:\\vox-style-xe-giay-v1-hyperframes\\hyperframes\\videos\\ban-an-473-phan-3\\compositions\\caption-track.html",
        "bbox": {
          "x": 0,
          "y": 0,
          "width": 0,
          "height": 0
        },
        "time": 0,
        "fixHint": "Add a stable, human-readable id such as id=\"hero-title\" or id=\"scene-1-card\" to every timeline-visible element you want agents or Studio to edit."
      },
      {
        "code": "studio_missing_editable_id",
        "severity": "warning",
        "message": "<div class=\"caption-page\" data-start=\"244.470000\"> has no id, so Studio cannot use a stable edit target for its timeline and canvas controls.",
        "selector": "[data-composition-id]",
        "dataAttributes": {},
        "sourceFile": "C:\\vox-style-xe-giay-v1-hyperframes\\hyperframes\\videos\\ban-an-473-phan-3\\compositions\\caption-track.html",
        "bbox": {
          "x": 0,
          "y": 0,
          "width": 0,
          "height": 0
        },
        "time": 0,
        "fixHint": "Add a stable, human-readable id such as id=\"hero-title\" or id=\"scene-1-card\" to every timeline-visible element you want agents or Studio to edit."
      },
      {
        "code": "studio_missing_editable_id",
        "severity": "warning",
        "message": "<div class=\"caption-page\" data-start=\"245.460000\"> has no id, so Studio cannot use a stable edit target for its timeline and canvas controls.",
        "selector": "[data-composition-id]",
        "dataAttributes": {},
        "sourceFile": "C:\\vox-style-xe-giay-v1-hyperframes\\hyperframes\\videos\\ban-an-473-phan-3\\compositions\\caption-track.html",
        "bbox": {
          "x": 0,
          "y": 0,
          "width": 0,
          "height": 0
        },
        "time": 0,
        "fixHint": "Add a stable, human-readable id such as id=\"hero-title\" or id=\"scene-1-card\" to every timeline-visible element you want agents or Studio to edit."
      },
      {
        "code": "studio_missing_editable_id",
        "severity": "warning",
        "message": "<div class=\"caption-page\" data-start=\"246.590000\"> has no id, so Studio cannot use a stable edit target for its timeline and canvas controls.",
        "selector": "[data-composition-id]",
        "dataAttributes": {},
        "sourceFile": "C:\\vox-style-xe-giay-v1-hyperframes\\hyperframes\\videos\\ban-an-473-phan-3\\compositions\\caption-track.html",
        "bbox": {
          "x": 0,
          "y": 0,
          "width": 0,
          "height": 0
        },
        "time": 0,
        "fixHint": "Add a stable, human-readable id such as id=\"hero-title\" or id=\"scene-1-card\" to every timeline-visible element you want agents or Studio to edit."
      },
      {
        "code": "studio_missing_editable_id",
        "severity": "warning",
        "message": "<div class=\"caption-page\" data-start=\"247.680000\"> has no id, so Studio cannot use a stable edit target for its timeline and canvas controls.",
        "selector": "[data-composition-id]",
        "dataAttributes": {},
        "sourceFile": "C:\\vox-style-xe-giay-v1-hyperframes\\hyperframes\\videos\\ban-an-473-phan-3\\compositions\\caption-track.html",
        "bbox": {
          "x": 0,
          "y": 0,
          "width": 0,
          "height": 0
        },
        "time": 0,
        "fixHint": "Add a stable, human-readable id such as id=\"hero-title\" or id=\"scene-1-card\" to every timeline-visible element you want agents or Studio to edit."
      },
      {
        "code": "studio_missing_editable_id",
        "severity": "warning",
        "message": "<div class=\"caption-page\" data-start=\"249.070000\"> has no id, so Studio cannot use a stable edit target for its timeline and canvas controls.",
        "selector": "[data-composition-id]",
        "dataAttributes": {},
        "sourceFile": "C:\\vox-style-xe-giay-v1-hyperframes\\hyperframes\\videos\\ban-an-473-phan-3\\compositions\\caption-track.html",
        "bbox": {
          "x": 0,
          "y": 0,
          "width": 0,
          "height": 0
        },
        "time": 0,
        "fixHint": "Add a stable, human-readable id such as id=\"hero-title\" or id=\"scene-1-card\" to every timeline-visible element you want agents or Studio to edit."
      },
      {
        "code": "studio_missing_editable_id",
        "severity": "warning",
        "message": "<div class=\"caption-page\" data-start=\"250.090000\"> has no id, so Studio cannot use a stable edit target for its timeline and canvas controls.",
        "selector": "[data-composition-id]",
        "dataAttributes": {},
        "sourceFile": "C:\\vox-style-xe-giay-v1-hyperframes\\hyperframes\\videos\\ban-an-473-phan-3\\compositions\\caption-track.html",
        "bbox": {
          "x": 0,
          "y": 0,
          "width": 0,
          "height": 0
        },
        "time": 0,
        "fixHint": "Add a stable, human-readable id such as id=\"hero-title\" or id=\"scene-1-card\" to every timeline-visible element you want agents or Studio to edit."
      },
      {
        "code": "studio_missing_editable_id",
        "severity": "warning",
        "message": "<div class=\"caption-page\" data-start=\"251.200000\"> has no id, so Studio cannot use a stable edit target for its timeline and canvas controls.",
        "selector": "[data-composition-id]",
        "dataAttributes": {},
        "sourceFile": "C:\\vox-style-xe-giay-v1-hyperframes\\hyperframes\\videos\\ban-an-473-phan-3\\compositions\\caption-track.html",
        "bbox": {
          "x": 0,
          "y": 0,
          "width": 0,
          "height": 0
        },
        "time": 0,
        "fixHint": "Add a stable, human-readable id such as id=\"hero-title\" or id=\"scene-1-card\" to every timeline-visible element you want agents or Studio to edit."
      },
      {
        "code": "studio_missing_editable_id",
        "severity": "warning",
        "message": "<div class=\"caption-page\" data-start=\"251.780000\"> has no id, so Studio cannot use a stable edit target for its timeline and canvas controls.",
        "selector": "[data-composition-id]",
        "dataAttributes": {},
        "sourceFile": "C:\\vox-style-xe-giay-v1-hyperframes\\hyperframes\\videos\\ban-an-473-phan-3\\compositions\\caption-track.html",
        "bbox": {
          "x": 0,
          "y": 0,
          "width": 0,
          "height": 0
        },
        "time": 0,
        "fixHint": "Add a stable, human-readable id such as id=\"hero-title\" or id=\"scene-1-card\" to every timeline-visible element you want agents or Studio to edit."
      },
      {
        "code": "studio_missing_editable_id",
        "severity": "warning",
        "message": "<div class=\"caption-page\" data-start=\"252.740000\"> has no id, so Studio cannot use a stable edit target for its timeline and canvas controls.",
        "selector": "[data-composition-id]",
        "dataAttributes": {},
        "sourceFile": "C:\\vox-style-xe-giay-v1-hyperframes\\hyperframes\\videos\\ban-an-473-phan-3\\compositions\\caption-track.html",
        "bbox": {
          "x": 0,
          "y": 0,
          "width": 0,
          "height": 0
        },
        "time": 0,
        "fixHint": "Add a stable, human-readable id such as id=\"hero-title\" or id=\"scene-1-card\" to every timeline-visible element you want agents or Studio to edit."
      },
      {
        "code": "studio_missing_editable_id",
        "severity": "warning",
        "message": "<div class=\"caption-page\" data-start=\"253.640000\"> has no id, so Studio cannot use a stable edit target for its timeline and canvas controls.",
        "selector": "[data-composition-id]",
        "dataAttributes": {},
        "sourceFile": "C:\\vox-style-xe-giay-v1-hyperframes\\hyperframes\\videos\\ban-an-473-phan-3\\compositions\\caption-track.html",
        "bbox": {
          "x": 0,
          "y": 0,
          "width": 0,
          "height": 0
        },
        "time": 0,
        "fixHint": "Add a stable, human-readable id such as id=\"hero-title\" or id=\"scene-1-card\" to every timeline-visible element you want agents or Studio to edit."
      },
      {
        "code": "studio_missing_editable_id",
        "severity": "warning",
        "message": "<div class=\"caption-page\" data-start=\"254.770000\"> has no id, so Studio cannot use a stable edit target for its timeline and canvas controls.",
        "selector": "[data-composition-id]",
        "dataAttributes": {},
        "sourceFile": "C:\\vox-style-xe-giay-v1-hyperframes\\hyperframes\\videos\\ban-an-473-phan-3\\compositions\\caption-track.html",
        "bbox": {
          "x": 0,
          "y": 0,
          "width": 0,
          "height": 0
        },
        "time": 0,
        "fixHint": "Add a stable, human-readable id such as id=\"hero-title\" or id=\"scene-1-card\" to every timeline-visible element you want agents or Studio to edit."
      },
      {
        "code": "studio_missing_editable_id",
        "severity": "warning",
        "message": "<div class=\"caption-page\" data-start=\"256.180000\"> has no id, so Studio cannot use a stable edit target for its timeline and canvas controls.",
        "selector": "[data-composition-id]",
        "dataAttributes": {},
        "sourceFile": "C:\\vox-style-xe-giay-v1-hyperframes\\hyperframes\\videos\\ban-an-473-phan-3\\compositions\\caption-track.html",
        "bbox": {
          "x": 0,
          "y": 0,
          "width": 0,
          "height": 0
        },
        "time": 0,
        "fixHint": "Add a stable, human-readable id such as id=\"hero-title\" or id=\"scene-1-card\" to every timeline-visible element you want agents or Studio to edit."
      },
      {
        "code": "studio_missing_editable_id",
        "severity": "warning",
        "message": "<div class=\"caption-page\" data-start=\"257.350000\"> has no id, so Studio cannot use a stable edit target for its timeline and canvas controls.",
        "selector": "[data-composition-id]",
        "dataAttributes": {},
        "sourceFile": "C:\\vox-style-xe-giay-v1-hyperframes\\hyperframes\\videos\\ban-an-473-phan-3\\compositions\\caption-track.html",
        "bbox": {
          "x": 0,
          "y": 0,
          "width": 0,
          "height": 0
        },
        "time": 0,
        "fixHint": "Add a stable, human-readable id such as id=\"hero-title\" or id=\"scene-1-card\" to every timeline-visible element you want agents or Studio to edit."
      },
      {
        "code": "studio_missing_editable_id",
        "severity": "warning",
        "message": "<div class=\"caption-page\" data-start=\"258.600000\"> has no id, so Studio cannot use a stable edit target for its timeline and canvas controls.",
        "selector": "[data-composition-id]",
        "dataAttributes": {},
        "sourceFile": "C:\\vox-style-xe-giay-v1-hyperframes\\hyperframes\\videos\\ban-an-473-phan-3\\compositions\\caption-track.html",
        "bbox": {
          "x": 0,
          "y": 0,
          "width": 0,
          "height": 0
        },
        "time": 0,
        "fixHint": "Add a stable, human-readable id such as id=\"hero-title\" or id=\"scene-1-card\" to every timeline-visible element you want agents or Studio to edit."
      },
      {
        "code": "studio_missing_editable_id",
        "severity": "warning",
        "message": "<div class=\"caption-page\" data-start=\"259.740000\"> has no id, so Studio cannot use a stable edit target for its timeline and canvas controls.",
        "selector": "[data-composition-id]",
        "dataAttributes": {},
        "sourceFile": "C:\\vox-style-xe-giay-v1-hyperframes\\hyperframes\\videos\\ban-an-473-phan-3\\compositions\\caption-track.html",
        "bbox": {
          "x": 0,
          "y": 0,
          "width": 0,
          "height": 0
        },
        "time": 0,
        "fixHint": "Add a stable, human-readable id such as id=\"hero-title\" or id=\"scene-1-card\" to every timeline-visible element you want agents or Studio to edit."
      },
      {
        "code": "studio_missing_editable_id",
        "severity": "warning",
        "message": "<div class=\"caption-page\" data-start=\"260.720000\"> has no id, so Studio cannot use a stable edit target for its timeline and canvas controls.",
        "selector": "[data-composition-id]",
        "dataAttributes": {},
        "sourceFile": "C:\\vox-style-xe-giay-v1-hyperframes\\hyperframes\\videos\\ban-an-473-phan-3\\compositions\\caption-track.html",
        "bbox": {
          "x": 0,
          "y": 0,
          "width": 0,
          "height": 0
        },
        "time": 0,
        "fixHint": "Add a stable, human-readable id such as id=\"hero-title\" or id=\"scene-1-card\" to every timeline-visible element you want agents or Studio to edit."
      },
      {
        "code": "studio_missing_editable_id",
        "severity": "warning",
        "message": "<div class=\"caption-page\" data-start=\"261.970000\"> has no id, so Studio cannot use a stable edit target for its timeline and canvas controls.",
        "selector": "[data-composition-id]",
        "dataAttributes": {},
        "sourceFile": "C:\\vox-style-xe-giay-v1-hyperframes\\hyperframes\\videos\\ban-an-473-phan-3\\compositions\\caption-track.html",
        "bbox": {
          "x": 0,
          "y": 0,
          "width": 0,
          "height": 0
        },
        "time": 0,
        "fixHint": "Add a stable, human-readable id such as id=\"hero-title\" or id=\"scene-1-card\" to every timeline-visible element you want agents or Studio to edit."
      },
      {
        "code": "studio_missing_editable_id",
        "severity": "warning",
        "message": "<div class=\"caption-page\" data-start=\"262.820000\"> has no id, so Studio cannot use a stable edit target for its timeline and canvas controls.",
        "selector": "[data-composition-id]",
        "dataAttributes": {},
        "sourceFile": "C:\\vox-style-xe-giay-v1-hyperframes\\hyperframes\\videos\\ban-an-473-phan-3\\compositions\\caption-track.html",
        "bbox": {
          "x": 0,
          "y": 0,
          "width": 0,
          "height": 0
        },
        "time": 0,
        "fixHint": "Add a stable, human-readable id such as id=\"hero-title\" or id=\"scene-1-card\" to every timeline-visible element you want agents or Studio to edit."
      },
      {
        "code": "studio_missing_editable_id",
        "severity": "warning",
        "message": "<div class=\"caption-page\" data-start=\"263.600000\"> has no id, so Studio cannot use a stable edit target for its timeline and canvas controls.",
        "selector": "[data-composition-id]",
        "dataAttributes": {},
        "sourceFile": "C:\\vox-style-xe-giay-v1-hyperframes\\hyperframes\\videos\\ban-an-473-phan-3\\compositions\\caption-track.html",
        "bbox": {
          "x": 0,
          "y": 0,
          "width": 0,
          "height": 0
        },
        "time": 0,
        "fixHint": "Add a stable, human-readable id such as id=\"hero-title\" or id=\"scene-1-card\" to every timeline-visible element you want agents or Studio to edit."
      },
      {
        "code": "studio_missing_editable_id",
        "severity": "warning",
        "message": "<div class=\"caption-page\" data-start=\"264.530000\"> has no id, so Studio cannot use a stable edit target for its timeline and canvas controls.",
        "selector": "[data-composition-id]",
        "dataAttributes": {},
        "sourceFile": "C:\\vox-style-xe-giay-v1-hyperframes\\hyperframes\\videos\\ban-an-473-phan-3\\compositions\\caption-track.html",
        "bbox": {
          "x": 0,
          "y": 0,
          "width": 0,
          "height": 0
        },
        "time": 0,
        "fixHint": "Add a stable, human-readable id such as id=\"hero-title\" or id=\"scene-1-card\" to every timeline-visible element you want agents or Studio to edit."
      },
      {
        "code": "studio_missing_editable_id",
        "severity": "warning",
        "message": "<div class=\"caption-page\" data-start=\"265.530000\"> has no id, so Studio cannot use a stable edit target for its timeline and canvas controls.",
        "selector": "[data-composition-id]",
        "dataAttributes": {},
        "sourceFile": "C:\\vox-style-xe-giay-v1-hyperframes\\hyperframes\\videos\\ban-an-473-phan-3\\compositions\\caption-track.html",
        "bbox": {
          "x": 0,
          "y": 0,
          "width": 0,
          "height": 0
        },
        "time": 0,
        "fixHint": "Add a stable, human-readable id such as id=\"hero-title\" or id=\"scene-1-card\" to every timeline-visible element you want agents or Studio to edit."
      },
      {
        "code": "studio_missing_editable_id",
        "severity": "warning",
        "message": "<div class=\"caption-page\" data-start=\"266.390000\"> has no id, so Studio cannot use a stable edit target for its timeline and canvas controls.",
        "selector": "[data-composition-id]",
        "dataAttributes": {},
        "sourceFile": "C:\\vox-style-xe-giay-v1-hyperframes\\hyperframes\\videos\\ban-an-473-phan-3\\compositions\\caption-track.html",
        "bbox": {
          "x": 0,
          "y": 0,
          "width": 0,
          "height": 0
        },
        "time": 0,
        "fixHint": "Add a stable, human-readable id such as id=\"hero-title\" or id=\"scene-1-card\" to every timeline-visible element you want agents or Studio to edit."
      },
      {
        "code": "studio_missing_editable_id",
        "severity": "warning",
        "message": "<div class=\"caption-page\" data-start=\"267.270000\"> has no id, so Studio cannot use a stable edit target for its timeline and canvas controls.",
        "selector": "[data-composition-id]",
        "dataAttributes": {},
        "sourceFile": "C:\\vox-style-xe-giay-v1-hyperframes\\hyperframes\\videos\\ban-an-473-phan-3\\compositions\\caption-track.html",
        "bbox": {
          "x": 0,
          "y": 0,
          "width": 0,
          "height": 0
        },
        "time": 0,
        "fixHint": "Add a stable, human-readable id such as id=\"hero-title\" or id=\"scene-1-card\" to every timeline-visible element you want agents or Studio to edit."
      },
      {
        "code": "studio_missing_editable_id",
        "severity": "warning",
        "message": "<div class=\"caption-page\" data-start=\"268.110000\"> has no id, so Studio cannot use a stable edit target for its timeline and canvas controls.",
        "selector": "[data-composition-id]",
        "dataAttributes": {},
        "sourceFile": "C:\\vox-style-xe-giay-v1-hyperframes\\hyperframes\\videos\\ban-an-473-phan-3\\compositions\\caption-track.html",
        "bbox": {
          "x": 0,
          "y": 0,
          "width": 0,
          "height": 0
        },
        "time": 0,
        "fixHint": "Add a stable, human-readable id such as id=\"hero-title\" or id=\"scene-1-card\" to every timeline-visible element you want agents or Studio to edit."
      },
      {
        "code": "studio_missing_editable_id",
        "severity": "warning",
        "message": "<div class=\"caption-page\" data-start=\"268.780000\"> has no id, so Studio cannot use a stable edit target for its timeline and canvas controls.",
        "selector": "[data-composition-id]",
        "dataAttributes": {},
        "sourceFile": "C:\\vox-style-xe-giay-v1-hyperframes\\hyperframes\\videos\\ban-an-473-phan-3\\compositions\\caption-track.html",
        "bbox": {
          "x": 0,
          "y": 0,
          "width": 0,
          "height": 0
        },
        "time": 0,
        "fixHint": "Add a stable, human-readable id such as id=\"hero-title\" or id=\"scene-1-card\" to every timeline-visible element you want agents or Studio to edit."
      },
      {
        "code": "studio_missing_editable_id",
        "severity": "warning",
        "message": "<div class=\"caption-page\" data-start=\"269.970000\"> has no id, so Studio cannot use a stable edit target for its timeline and canvas controls.",
        "selector": "[data-composition-id]",
        "dataAttributes": {},
        "sourceFile": "C:\\vox-style-xe-giay-v1-hyperframes\\hyperframes\\videos\\ban-an-473-phan-3\\compositions\\caption-track.html",
        "bbox": {
          "x": 0,
          "y": 0,
          "width": 0,
          "height": 0
        },
        "time": 0,
        "fixHint": "Add a stable, human-readable id such as id=\"hero-title\" or id=\"scene-1-card\" to every timeline-visible element you want agents or Studio to edit."
      },
      {
        "code": "studio_missing_editable_id",
        "severity": "warning",
        "message": "<div class=\"caption-page\" data-start=\"270.760000\"> has no id, so Studio cannot use a stable edit target for its timeline and canvas controls.",
        "selector": "[data-composition-id]",
        "dataAttributes": {},
        "sourceFile": "C:\\vox-style-xe-giay-v1-hyperframes\\hyperframes\\videos\\ban-an-473-phan-3\\compositions\\caption-track.html",
        "bbox": {
          "x": 0,
          "y": 0,
          "width": 0,
          "height": 0
        },
        "time": 0,
        "fixHint": "Add a stable, human-readable id such as id=\"hero-title\" or id=\"scene-1-card\" to every timeline-visible element you want agents or Studio to edit."
      },
      {
        "code": "studio_missing_editable_id",
        "severity": "warning",
        "message": "<div class=\"caption-page\" data-start=\"271.450000\"> has no id, so Studio cannot use a stable edit target for its timeline and canvas controls.",
        "selector": "[data-composition-id]",
        "dataAttributes": {},
        "sourceFile": "C:\\vox-style-xe-giay-v1-hyperframes\\hyperframes\\videos\\ban-an-473-phan-3\\compositions\\caption-track.html",
        "bbox": {
          "x": 0,
          "y": 0,
          "width": 0,
          "height": 0
        },
        "time": 0,
        "fixHint": "Add a stable, human-readable id such as id=\"hero-title\" or id=\"scene-1-card\" to every timeline-visible element you want agents or Studio to edit."
      },
      {
        "code": "studio_missing_editable_id",
        "severity": "warning",
        "message": "<div class=\"caption-page\" data-start=\"272.640000\"> has no id, so Studio cannot use a stable edit target for its timeline and canvas controls.",
        "selector": "[data-composition-id]",
        "dataAttributes": {},
        "sourceFile": "C:\\vox-style-xe-giay-v1-hyperframes\\hyperframes\\videos\\ban-an-473-phan-3\\compositions\\caption-track.html",
        "bbox": {
          "x": 0,
          "y": 0,
          "width": 0,
          "height": 0
        },
        "time": 0,
        "fixHint": "Add a stable, human-readable id such as id=\"hero-title\" or id=\"scene-1-card\" to every timeline-visible element you want agents or Studio to edit."
      },
      {
        "code": "studio_missing_editable_id",
        "severity": "warning",
        "message": "<div class=\"caption-page\" data-start=\"273.550000\"> has no id, so Studio cannot use a stable edit target for its timeline and canvas controls.",
        "selector": "[data-composition-id]",
        "dataAttributes": {},
        "sourceFile": "C:\\vox-style-xe-giay-v1-hyperframes\\hyperframes\\videos\\ban-an-473-phan-3\\compositions\\caption-track.html",
        "bbox": {
          "x": 0,
          "y": 0,
          "width": 0,
          "height": 0
        },
        "time": 0,
        "fixHint": "Add a stable, human-readable id such as id=\"hero-title\" or id=\"scene-1-card\" to every timeline-visible element you want agents or Studio to edit."
      },
      {
        "code": "studio_missing_editable_id",
        "severity": "warning",
        "message": "<div class=\"caption-page\" data-start=\"274.650000\"> has no id, so Studio cannot use a stable edit target for its timeline and canvas controls.",
        "selector": "[data-composition-id]",
        "dataAttributes": {},
        "sourceFile": "C:\\vox-style-xe-giay-v1-hyperframes\\hyperframes\\videos\\ban-an-473-phan-3\\compositions\\caption-track.html",
        "bbox": {
          "x": 0,
          "y": 0,
          "width": 0,
          "height": 0
        },
        "time": 0,
        "fixHint": "Add a stable, human-readable id such as id=\"hero-title\" or id=\"scene-1-card\" to every timeline-visible element you want agents or Studio to edit."
      },
      {
        "code": "studio_missing_editable_id",
        "severity": "warning",
        "message": "<div class=\"caption-page\" data-start=\"275.580000\"> has no id, so Studio cannot use a stable edit target for its timeline and canvas controls.",
        "selector": "[data-composition-id]",
        "dataAttributes": {},
        "sourceFile": "C:\\vox-style-xe-giay-v1-hyperframes\\hyperframes\\videos\\ban-an-473-phan-3\\compositions\\caption-track.html",
        "bbox": {
          "x": 0,
          "y": 0,
          "width": 0,
          "height": 0
        },
        "time": 0,
        "fixHint": "Add a stable, human-readable id such as id=\"hero-title\" or id=\"scene-1-card\" to every timeline-visible element you want agents or Studio to edit."
      },
      {
        "code": "studio_missing_editable_id",
        "severity": "warning",
        "message": "<div class=\"caption-page\" data-start=\"276.510000\"> has no id, so Studio cannot use a stable edit target for its timeline and canvas controls.",
        "selector": "[data-composition-id]",
        "dataAttributes": {},
        "sourceFile": "C:\\vox-style-xe-giay-v1-hyperframes\\hyperframes\\videos\\ban-an-473-phan-3\\compositions\\caption-track.html",
        "bbox": {
          "x": 0,
          "y": 0,
          "width": 0,
          "height": 0
        },
        "time": 0,
        "fixHint": "Add a stable, human-readable id such as id=\"hero-title\" or id=\"scene-1-card\" to every timeline-visible element you want agents or Studio to edit."
      },
      {
        "code": "studio_missing_editable_id",
        "severity": "warning",
        "message": "<div class=\"caption-page\" data-start=\"277.440000\"> has no id, so Studio cannot use a stable edit target for its timeline and canvas controls.",
        "selector": "[data-composition-id]",
        "dataAttributes": {},
        "sourceFile": "C:\\vox-style-xe-giay-v1-hyperframes\\hyperframes\\videos\\ban-an-473-phan-3\\compositions\\caption-track.html",
        "bbox": {
          "x": 0,
          "y": 0,
          "width": 0,
          "height": 0
        },
        "time": 0,
        "fixHint": "Add a stable, human-readable id such as id=\"hero-title\" or id=\"scene-1-card\" to every timeline-visible element you want agents or Studio to edit."
      },
      {
        "code": "studio_missing_editable_id",
        "severity": "warning",
        "message": "<div class=\"caption-page\" data-start=\"278.480000\"> has no id, so Studio cannot use a stable edit target for its timeline and canvas controls.",
        "selector": "[data-composition-id]",
        "dataAttributes": {},
        "sourceFile": "C:\\vox-style-xe-giay-v1-hyperframes\\hyperframes\\videos\\ban-an-473-phan-3\\compositions\\caption-track.html",
        "bbox": {
          "x": 0,
          "y": 0,
          "width": 0,
          "height": 0
        },
        "time": 0,
        "fixHint": "Add a stable, human-readable id such as id=\"hero-title\" or id=\"scene-1-card\" to every timeline-visible element you want agents or Studio to edit."
      },
      {
        "code": "studio_missing_editable_id",
        "severity": "warning",
        "message": "<div class=\"caption-page\" data-start=\"279.620000\"> has no id, so Studio cannot use a stable edit target for its timeline and canvas controls.",
        "selector": "[data-composition-id]",
        "dataAttributes": {},
        "sourceFile": "C:\\vox-style-xe-giay-v1-hyperframes\\hyperframes\\videos\\ban-an-473-phan-3\\compositions\\caption-track.html",
        "bbox": {
          "x": 0,
          "y": 0,
          "width": 0,
          "height": 0
        },
        "time": 0,
        "fixHint": "Add a stable, human-readable id such as id=\"hero-title\" or id=\"scene-1-card\" to every timeline-visible element you want agents or Studio to edit."
      },
      {
        "code": "studio_missing_editable_id",
        "severity": "warning",
        "message": "<div class=\"caption-page\" data-start=\"280.700000\"> has no id, so Studio cannot use a stable edit target for its timeline and canvas controls.",
        "selector": "[data-composition-id]",
        "dataAttributes": {},
        "sourceFile": "C:\\vox-style-xe-giay-v1-hyperframes\\hyperframes\\videos\\ban-an-473-phan-3\\compositions\\caption-track.html",
        "bbox": {
          "x": 0,
          "y": 0,
          "width": 0,
          "height": 0
        },
        "time": 0,
        "fixHint": "Add a stable, human-readable id such as id=\"hero-title\" or id=\"scene-1-card\" to every timeline-visible element you want agents or Studio to edit."
      },
      {
        "code": "studio_missing_editable_id",
        "severity": "warning",
        "message": "<div class=\"caption-page\" data-start=\"282.080000\"> has no id, so Studio cannot use a stable edit target for its timeline and canvas controls.",
        "selector": "[data-composition-id]",
        "dataAttributes": {},
        "sourceFile": "C:\\vox-style-xe-giay-v1-hyperframes\\hyperframes\\videos\\ban-an-473-phan-3\\compositions\\caption-track.html",
        "bbox": {
          "x": 0,
          "y": 0,
          "width": 0,
          "height": 0
        },
        "time": 0,
        "fixHint": "Add a stable, human-readable id such as id=\"hero-title\" or id=\"scene-1-card\" to every timeline-visible element you want agents or Studio to edit."
      },
      {
        "code": "studio_missing_editable_id",
        "severity": "warning",
        "message": "<div class=\"caption-page\" data-start=\"282.940000\"> has no id, so Studio cannot use a stable edit target for its timeline and canvas controls.",
        "selector": "[data-composition-id]",
        "dataAttributes": {},
        "sourceFile": "C:\\vox-style-xe-giay-v1-hyperframes\\hyperframes\\videos\\ban-an-473-phan-3\\compositions\\caption-track.html",
        "bbox": {
          "x": 0,
          "y": 0,
          "width": 0,
          "height": 0
        },
        "time": 0,
        "fixHint": "Add a stable, human-readable id such as id=\"hero-title\" or id=\"scene-1-card\" to every timeline-visible element you want agents or Studio to edit."
      },
      {
        "code": "composition_file_too_large",
        "severity": "warning",
        "message": "This HTML composition file has 1211 lines. Smaller sub-compositions are easier to read, iterate on, and diff.",
        "selector": "[data-composition-id]",
        "dataAttributes": {},
        "sourceFile": "C:\\vox-style-xe-giay-v1-hyperframes\\hyperframes\\videos\\ban-an-473-phan-3\\compositions\\caption-track.html",
        "bbox": {
          "x": 0,
          "y": 0,
          "width": 0,
          "height": 0
        },
        "time": 0,
        "fixHint": "Split this sub-composition further into smaller .html files, then mount them from the parent with data-composition-src so each file stays small enough to inspect, revise, and validate independently."
      },
      {
        "code": "nested_media_start_basis_ambiguous",
        "severity": "warning",
        "message": "<video id=\"vid-shot-2\"> has data-start=\"5.52\" inside a sub-composition. Nested media timing is local to its composition by default; a nonzero value can be confused with a legacy root-global timestamp.",
        "selector": "#vid-shot-2",
        "dataAttributes": {},
        "sourceFile": "C:\\vox-style-xe-giay-v1-hyperframes\\hyperframes\\videos\\ban-an-473-phan-3\\compositions\\scene-s01.html",
        "bbox": {
          "x": 0,
          "y": 0,
          "width": 0,
          "height": 0
        },
        "time": 0,
        "fixHint": "Keep data-start=\"5.52\" if it is composition-local. If this is a legacy root-global timestamp, add data-hf-media-start-basis=\"global\"; otherwise convert it to local time by subtracting the host start."
      },
      {
        "code": "composition_file_too_large",
        "severity": "warning",
        "message": "This HTML composition file has 368 lines. Smaller sub-compositions are easier to read, iterate on, and diff.",
        "selector": "[data-composition-id]",
        "dataAttributes": {},
        "sourceFile": "C:\\vox-style-xe-giay-v1-hyperframes\\hyperframes\\videos\\ban-an-473-phan-3\\compositions\\scene-s01.html",
        "bbox": {
          "x": 0,
          "y": 0,
          "width": 0,
          "height": 0
        },
        "time": 0,
        "fixHint": "Split this sub-composition further into smaller .html files, then mount them from the parent with data-composition-src so each file stays small enough to inspect, revise, and validate independently."
      },
      {
        "code": "duplicate_media_discovery_risk",
        "severity": "warning",
        "message": "Detected 2 matching img entries with the same source/start/duration.",
        "selector": "[data-composition-id]",
        "dataAttributes": {},
        "sourceFile": "C:\\vox-style-xe-giay-v1-hyperframes\\hyperframes\\videos\\ban-an-473-phan-3\\compositions\\scene-s04.html",
        "bbox": {
          "x": 0,
          "y": 0,
          "width": 0,
          "height": 0
        },
        "time": 0,
        "fixHint": "Avoid duplicated media nodes that can be discovered twice during compilation."
      },
      {
        "code": "gsap_repeated_fromto_without_baseline",
        "severity": "warning",
        "message": "3 tl.fromTo() calls target \"dwell/hold\" with no stable baseline. The last-authored fromTo \"from\" values become the element's resting state for any seek before the first tween actually runs, because GSAP applies fromTo from-values at authoring time (immediateRender), not at tween position.",
        "selector": "dwell/hold",
        "dataAttributes": {},
        "sourceFile": "C:\\vox-style-xe-giay-v1-hyperframes\\hyperframes\\videos\\ban-an-473-phan-3\\compositions\\scene-s05.html",
        "bbox": {
          "x": 0,
          "y": 0,
          "width": 0,
          "height": 0
        },
        "time": 0,
        "fixHint": "Add `immediateRender: false` to the destination vars of each future fromTo, or set a safe resting state with an earlier `tl.set(\"dwell/hold\", { ... }, 0)`. Pre-first-tween seeks must not inherit whichever fromTo call happened to author last."
      },
      {
        "code": "nested_media_start_basis_ambiguous",
        "severity": "warning",
        "message": "<video id=\"vid-2\"> has data-start=\"5.24\" inside a sub-composition. Nested media timing is local to its composition by default; a nonzero value can be confused with a legacy root-global timestamp.",
        "selector": "#vid-2",
        "dataAttributes": {},
        "sourceFile": "C:\\vox-style-xe-giay-v1-hyperframes\\hyperframes\\videos\\ban-an-473-phan-3\\compositions\\scene-s06.html",
        "bbox": {
          "x": 0,
          "y": 0,
          "width": 0,
          "height": 0
        },
        "time": 0,
        "fixHint": "Keep data-start=\"5.24\" if it is composition-local. If this is a legacy root-global timestamp, add data-hf-media-start-basis=\"global\"; otherwise convert it to local time by subtracting the host start."
      },
      {
        "code": "gsap_repeated_fromto_without_baseline",
        "severity": "warning",
        "message": "2 tl.fromTo() calls target \"#scanner-beam-1\" with no stable baseline. The last-authored fromTo \"from\" values become the element's resting state for any seek before the first tween actually runs, because GSAP applies fromTo from-values at authoring time (immediateRender), not at tween position.",
        "selector": "#scanner-beam-1",
        "dataAttributes": {},
        "sourceFile": "C:\\vox-style-xe-giay-v1-hyperframes\\hyperframes\\videos\\ban-an-473-phan-3\\compositions\\scene-s07.html",
        "bbox": {
          "x": 0,
          "y": 0,
          "width": 0,
          "height": 0
        },
        "time": 0,
        "fixHint": "Add `immediateRender: false` to the destination vars of each future fromTo, or set a safe resting state with an earlier `tl.set(\"#scanner-beam-1\", { ... }, 0)`. Pre-first-tween seeks must not inherit whichever fromTo call happened to author last."
      },
      {
        "code": "gsap_repeated_fromto_without_baseline",
        "severity": "warning",
        "message": "2 tl.fromTo() calls target \"dwell/hold\" with no stable baseline. The last-authored fromTo \"from\" values become the element's resting state for any seek before the first tween actually runs, because GSAP applies fromTo from-values at authoring time (immediateRender), not at tween position.",
        "selector": "dwell/hold",
        "dataAttributes": {},
        "sourceFile": "C:\\vox-style-xe-giay-v1-hyperframes\\hyperframes\\videos\\ban-an-473-phan-3\\compositions\\scene-s07.html",
        "bbox": {
          "x": 0,
          "y": 0,
          "width": 0,
          "height": 0
        },
        "time": 0,
        "fixHint": "Add `immediateRender: false` to the destination vars of each future fromTo, or set a safe resting state with an earlier `tl.set(\"dwell/hold\", { ... }, 0)`. Pre-first-tween seeks must not inherit whichever fromTo call happened to author last."
      },
      {
        "code": "gsap_repeated_fromto_without_baseline",
        "severity": "warning",
        "message": "2 tl.fromTo() calls target \"#scanner-beam-2\" with no stable baseline. The last-authored fromTo \"from\" values become the element's resting state for any seek before the first tween actually runs, because GSAP applies fromTo from-values at authoring time (immediateRender), not at tween position.",
        "selector": "#scanner-beam-2",
        "dataAttributes": {},
        "sourceFile": "C:\\vox-style-xe-giay-v1-hyperframes\\hyperframes\\videos\\ban-an-473-phan-3\\compositions\\scene-s07.html",
        "bbox": {
          "x": 0,
          "y": 0,
          "width": 0,
          "height": 0
        },
        "time": 0,
        "fixHint": "Add `immediateRender: false` to the destination vars of each future fromTo, or set a safe resting state with an earlier `tl.set(\"#scanner-beam-2\", { ... }, 0)`. Pre-first-tween seeks must not inherit whichever fromTo call happened to author last."
      },
      {
        "code": "composition_file_too_large",
        "severity": "warning",
        "message": "This HTML composition file has 313 lines. Smaller sub-compositions are easier to read, iterate on, and diff.",
        "selector": "[data-composition-id]",
        "dataAttributes": {},
        "sourceFile": "C:\\vox-style-xe-giay-v1-hyperframes\\hyperframes\\videos\\ban-an-473-phan-3\\compositions\\scene-s08.html",
        "bbox": {
          "x": 0,
          "y": 0,
          "width": 0,
          "height": 0
        },
        "time": 0,
        "fixHint": "Split this sub-composition further into smaller .html files, then mount them from the parent with data-composition-src so each file stays small enough to inspect, revise, and validate independently."
      },
      {
        "code": "nested_media_start_basis_ambiguous",
        "severity": "warning",
        "message": "<video id=\"vid-shot2\"> has data-start=\"5.0\" inside a sub-composition. Nested media timing is local to its composition by default; a nonzero value can be confused with a legacy root-global timestamp.",
        "selector": "#vid-shot2",
        "dataAttributes": {},
        "sourceFile": "C:\\vox-style-xe-giay-v1-hyperframes\\hyperframes\\videos\\ban-an-473-phan-3\\compositions\\scene-s09.html",
        "bbox": {
          "x": 0,
          "y": 0,
          "width": 0,
          "height": 0
        },
        "time": 0,
        "fixHint": "Keep data-start=\"5.0\" if it is composition-local. If this is a legacy root-global timestamp, add data-hf-media-start-basis=\"global\"; otherwise convert it to local time by subtracting the host start."
      },
      {
        "code": "duplicate_media_discovery_risk",
        "severity": "warning",
        "message": "Detected 2 matching img entries with the same source/start/duration.",
        "selector": "[data-composition-id]",
        "dataAttributes": {},
        "sourceFile": "C:\\vox-style-xe-giay-v1-hyperframes\\hyperframes\\videos\\ban-an-473-phan-3\\compositions\\scene-s11.html",
        "bbox": {
          "x": 0,
          "y": 0,
          "width": 0,
          "height": 0
        },
        "time": 0,
        "fixHint": "Avoid duplicated media nodes that can be discovered twice during compilation."
      },
      {
        "code": "composition_file_too_large",
        "severity": "warning",
        "message": "This HTML composition file has 345 lines. Smaller sub-compositions are easier to read, iterate on, and diff.",
        "selector": "[data-composition-id]",
        "dataAttributes": {},
        "sourceFile": "C:\\vox-style-xe-giay-v1-hyperframes\\hyperframes\\videos\\ban-an-473-phan-3\\compositions\\scene-s11.html",
        "bbox": {
          "x": 0,
          "y": 0,
          "width": 0,
          "height": 0
        },
        "time": 0,
        "fixHint": "Split this sub-composition further into smaller .html files, then mount them from the parent with data-composition-src so each file stays small enough to inspect, revise, and validate independently."
      },
      {
        "code": "composition_file_too_large",
        "severity": "warning",
        "message": "This HTML composition file has 537 lines. Smaller sub-compositions are easier to read, iterate on, and diff.",
        "selector": "[data-composition-id]",
        "dataAttributes": {},
        "sourceFile": "C:\\vox-style-xe-giay-v1-hyperframes\\hyperframes\\videos\\ban-an-473-phan-3\\compositions\\scene-s12.html",
        "bbox": {
          "x": 0,
          "y": 0,
          "width": 0,
          "height": 0
        },
        "time": 0,
        "fixHint": "Split this sub-composition further into smaller .html files, then mount them from the parent with data-composition-src so each file stays small enough to inspect, revise, and validate independently."
      },
      {
        "code": "composition_file_too_large",
        "severity": "warning",
        "message": "This HTML composition file has 311 lines. Smaller sub-compositions are easier to read, iterate on, and diff.",
        "selector": "[data-composition-id]",
        "dataAttributes": {},
        "sourceFile": "C:\\vox-style-xe-giay-v1-hyperframes\\hyperframes\\videos\\ban-an-473-phan-3\\compositions\\scene-s13.html",
        "bbox": {
          "x": 0,
          "y": 0,
          "width": 0,
          "height": 0
        },
        "time": 0,
        "fixHint": "Split this sub-composition further into smaller .html files, then mount them from the parent with data-composition-src so each file stays small enough to inspect, revise, and validate independently."
      },
      {
        "code": "gsap_repeated_fromto_without_baseline",
        "severity": "warning",
        "message": "2 tl.fromTo() calls target \"#penalty-box\" with no stable baseline. The last-authored fromTo \"from\" values become the element's resting state for any seek before the first tween actually runs, because GSAP applies fromTo from-values at authoring time (immediateRender), not at tween position.",
        "selector": "#penalty-box",
        "dataAttributes": {},
        "sourceFile": "C:\\vox-style-xe-giay-v1-hyperframes\\hyperframes\\videos\\ban-an-473-phan-3\\compositions\\scene-s14.html",
        "bbox": {
          "x": 0,
          "y": 0,
          "width": 0,
          "height": 0
        },
        "time": 0,
        "fixHint": "Add `immediateRender: false` to the destination vars of each future fromTo, or set a safe resting state with an earlier `tl.set(\"#penalty-box\", { ... }, 0)`. Pre-first-tween seeks must not inherit whichever fromTo call happened to author last."
      },
      {
        "code": "nested_media_start_basis_ambiguous",
        "severity": "warning",
        "message": "<video id=\"video-shot-2\"> has data-start=\"4.8\" inside a sub-composition. Nested media timing is local to its composition by default; a nonzero value can be confused with a legacy root-global timestamp.",
        "selector": "#video-shot-2",
        "dataAttributes": {},
        "sourceFile": "C:\\vox-style-xe-giay-v1-hyperframes\\hyperframes\\videos\\ban-an-473-phan-3\\compositions\\scene-s15.html",
        "bbox": {
          "x": 0,
          "y": 0,
          "width": 0,
          "height": 0
        },
        "time": 0,
        "fixHint": "Keep data-start=\"4.8\" if it is composition-local. If this is a legacy root-global timestamp, add data-hf-media-start-basis=\"global\"; otherwise convert it to local time by subtracting the host start."
      },
      {
        "code": "duplicate_media_discovery_risk",
        "severity": "warning",
        "message": "Detected 2 matching img entries with the same source/start/duration.",
        "selector": "[data-composition-id]",
        "dataAttributes": {},
        "sourceFile": "C:\\vox-style-xe-giay-v1-hyperframes\\hyperframes\\videos\\ban-an-473-phan-3\\compositions\\scene-s16.html",
        "bbox": {
          "x": 0,
          "y": 0,
          "width": 0,
          "height": 0
        },
        "time": 0,
        "fixHint": "Avoid duplicated media nodes that can be discovered twice during compilation."
      },
      {
        "code": "composition_file_too_large",
        "severity": "warning",
        "message": "This HTML composition file has 313 lines. Smaller sub-compositions are easier to read, iterate on, and diff.",
        "selector": "[data-composition-id]",
        "dataAttributes": {},
        "sourceFile": "C:\\vox-style-xe-giay-v1-hyperframes\\hyperframes\\videos\\ban-an-473-phan-3\\compositions\\scene-s16.html",
        "bbox": {
          "x": 0,
          "y": 0,
          "width": 0,
          "height": 0
        },
        "time": 0,
        "fixHint": "Split this sub-composition further into smaller .html files, then mount them from the parent with data-composition-src so each file stays small enough to inspect, revise, and validate independently."
      },
      {
        "code": "gsap_repeated_fromto_without_baseline",
        "severity": "warning",
        "message": "2 tl.fromTo() calls target \"#dossier\" with no stable baseline. The last-authored fromTo \"from\" values become the element's resting state for any seek before the first tween actually runs, because GSAP applies fromTo from-values at authoring time (immediateRender), not at tween position.",
        "selector": "#dossier",
        "dataAttributes": {},
        "sourceFile": "C:\\vox-style-xe-giay-v1-hyperframes\\hyperframes\\videos\\ban-an-473-phan-3\\compositions\\scene-s17.html",
        "bbox": {
          "x": 0,
          "y": 0,
          "width": 0,
          "height": 0
        },
        "time": 0,
        "fixHint": "Add `immediateRender: false` to the destination vars of each future fromTo, or set a safe resting state with an earlier `tl.set(\"#dossier\", { ... }, 0)`. Pre-first-tween seeks must not inherit whichever fromTo call happened to author last."
      },
      {
        "code": "gsap_repeated_fromto_without_baseline",
        "severity": "warning",
        "message": "2 tl.fromTo() calls target \"#pan-pulse-ring\" with no stable baseline. The last-authored fromTo \"from\" values become the element's resting state for any seek before the first tween actually runs, because GSAP applies fromTo from-values at authoring time (immediateRender), not at tween position.",
        "selector": "#pan-pulse-ring",
        "dataAttributes": {},
        "sourceFile": "C:\\vox-style-xe-giay-v1-hyperframes\\hyperframes\\videos\\ban-an-473-phan-3\\compositions\\scene-s19.html",
        "bbox": {
          "x": 0,
          "y": 0,
          "width": 0,
          "height": 0
        },
        "time": 0,
        "fixHint": "Add `immediateRender: false` to the destination vars of each future fromTo, or set a safe resting state with an earlier `tl.set(\"#pan-pulse-ring\", { ... }, 0)`. Pre-first-tween seeks must not inherit whichever fromTo call happened to author last."
      },
      {
        "code": "nested_media_start_basis_ambiguous",
        "severity": "warning",
        "message": "<video id=\"vid-shot-2\"> has data-start=\"6.16\" inside a sub-composition. Nested media timing is local to its composition by default; a nonzero value can be confused with a legacy root-global timestamp.",
        "selector": "#vid-shot-2",
        "dataAttributes": {},
        "sourceFile": "C:\\vox-style-xe-giay-v1-hyperframes\\hyperframes\\videos\\ban-an-473-phan-3\\compositions\\scene-s20.html",
        "bbox": {
          "x": 0,
          "y": 0,
          "width": 0,
          "height": 0
        },
        "time": 0,
        "fixHint": "Keep data-start=\"6.16\" if it is composition-local. If this is a legacy root-global timestamp, add data-hf-media-start-basis=\"global\"; otherwise convert it to local time by subtracting the host start."
      },
      {
        "code": "composition_file_too_large",
        "severity": "warning",
        "message": "This HTML composition file has 335 lines. Smaller sub-compositions are easier to read, iterate on, and diff.",
        "selector": "[data-composition-id]",
        "dataAttributes": {},
        "sourceFile": "C:\\vox-style-xe-giay-v1-hyperframes\\hyperframes\\videos\\ban-an-473-phan-3\\compositions\\scene-s21.html",
        "bbox": {
          "x": 0,
          "y": 0,
          "width": 0,
          "height": 0
        },
        "time": 0,
        "fixHint": "Split this sub-composition further into smaller .html files, then mount them from the parent with data-composition-src so each file stays small enough to inspect, revise, and validate independently."
      },
      {
        "code": "gsap_repeated_fromto_without_baseline",
        "severity": "warning",
        "message": "2 tl.fromTo() calls target \"#defendant-silhouette\" with no stable baseline. The last-authored fromTo \"from\" values become the element's resting state for any seek before the first tween actually runs, because GSAP applies fromTo from-values at authoring time (immediateRender), not at tween position.",
        "selector": "#defendant-silhouette",
        "dataAttributes": {},
        "sourceFile": "C:\\vox-style-xe-giay-v1-hyperframes\\hyperframes\\videos\\ban-an-473-phan-3\\compositions\\scene-s24.html",
        "bbox": {
          "x": 0,
          "y": 0,
          "width": 0,
          "height": 0
        },
        "time": 0,
        "fixHint": "Add `immediateRender: false` to the destination vars of each future fromTo, or set a safe resting state with an earlier `tl.set(\"#defendant-silhouette\", { ... }, 0)`. Pre-first-tween seeks must not inherit whichever fromTo call happened to author last."
      },
      {
        "code": "composition_file_too_large",
        "severity": "warning",
        "message": "This HTML composition file has 342 lines. Smaller sub-compositions are easier to read, iterate on, and diff.",
        "selector": "[data-composition-id]",
        "dataAttributes": {},
        "sourceFile": "C:\\vox-style-xe-giay-v1-hyperframes\\hyperframes\\videos\\ban-an-473-phan-3\\compositions\\scene-s24.html",
        "bbox": {
          "x": 0,
          "y": 0,
          "width": 0,
          "height": 0
        },
        "time": 0,
        "fixHint": "Split this sub-composition further into smaller .html files, then mount them from the parent with data-composition-src so each file stays small enough to inspect, revise, and validate independently."
      },
      {
        "code": "composition_file_too_large",
        "severity": "warning",
        "message": "This HTML composition file has 458 lines. Smaller sub-compositions are easier to read, iterate on, and diff.",
        "selector": "[data-composition-id]",
        "dataAttributes": {},
        "sourceFile": "C:\\vox-style-xe-giay-v1-hyperframes\\hyperframes\\videos\\ban-an-473-phan-3\\compositions\\scene-s26.html",
        "bbox": {
          "x": 0,
          "y": 0,
          "width": 0,
          "height": 0
        },
        "time": 0,
        "fixHint": "Split this sub-composition further into smaller .html files, then mount them from the parent with data-composition-src so each file stays small enough to inspect, revise, and validate independently."
      },
      {
        "code": "composition_file_too_large",
        "severity": "warning",
        "message": "This HTML composition file has 617 lines. Smaller sub-compositions are easier to read, iterate on, and diff.",
        "selector": "[data-composition-id]",
        "dataAttributes": {},
        "sourceFile": "C:\\vox-style-xe-giay-v1-hyperframes\\hyperframes\\videos\\ban-an-473-phan-3\\compositions\\scene-s28.html",
        "bbox": {
          "x": 0,
          "y": 0,
          "width": 0,
          "height": 0
        },
        "time": 0,
        "fixHint": "Split this sub-composition further into smaller .html files, then mount them from the parent with data-composition-src so each file stays small enough to inspect, revise, and validate independently."
      },
      {
        "code": "gsap_timeline_set_initial_hide",
        "severity": "warning",
        "message": "Initial hidden state for \"#electrodes\" is set via tl.set(...) at position 0 inside the paused timeline. A zero-duration set at 0 does not render while the playhead sits exactly at 0, so frame 0 shows the un-hidden state.",
        "selector": "#electrodes",
        "dataAttributes": {},
        "sourceFile": "C:\\vox-style-xe-giay-v1-hyperframes\\hyperframes\\videos\\ban-an-473-phan-3\\compositions\\scene-s29.html",
        "bbox": {
          "x": 0,
          "y": 0,
          "width": 0,
          "height": 0
        },
        "time": 0,
        "fixHint": "Use gsap.set(...) (immediate, outside the timeline) for initial states, or author the hidden state directly in CSS/attributes."
      },
      {
        "code": "gsap_timeline_set_initial_hide",
        "severity": "warning",
        "message": "Initial hidden state for \"#water-glow\" is set via tl.set(...) at position 0 inside the paused timeline. A zero-duration set at 0 does not render while the playhead sits exactly at 0, so frame 0 shows the un-hidden state.",
        "selector": "#water-glow",
        "dataAttributes": {},
        "sourceFile": "C:\\vox-style-xe-giay-v1-hyperframes\\hyperframes\\videos\\ban-an-473-phan-3\\compositions\\scene-s29.html",
        "bbox": {
          "x": 0,
          "y": 0,
          "width": 0,
          "height": 0
        },
        "time": 0,
        "fixHint": "Use gsap.set(...) (immediate, outside the timeline) for initial states, or author the hidden state directly in CSS/attributes."
      },
      {
        "code": "gsap_timeline_set_initial_hide",
        "severity": "warning",
        "message": "Initial hidden state for \"#shockwave-1, #shockwave-2\" is set via tl.set(...) at position 0 inside the paused timeline. A zero-duration set at 0 does not render while the playhead sits exactly at 0, so frame 0 shows the un-hidden state.",
        "selector": "#shockwave-1, #shockwave-2",
        "dataAttributes": {},
        "sourceFile": "C:\\vox-style-xe-giay-v1-hyperframes\\hyperframes\\videos\\ban-an-473-phan-3\\compositions\\scene-s29.html",
        "bbox": {
          "x": 0,
          "y": 0,
          "width": 0,
          "height": 0
        },
        "time": 0,
        "fixHint": "Use gsap.set(...) (immediate, outside the timeline) for initial states, or author the hidden state directly in CSS/attributes."
      },
      {
        "code": "gsap_timeline_set_initial_hide",
        "severity": "warning",
        "message": "Initial hidden state for \"#warning-path\" is set via tl.set(...) at position 0 inside the paused timeline. A zero-duration set at 0 does not render while the playhead sits exactly at 0, so frame 0 shows the un-hidden state.",
        "selector": "#warning-path",
        "dataAttributes": {},
        "sourceFile": "C:\\vox-style-xe-giay-v1-hyperframes\\hyperframes\\videos\\ban-an-473-phan-3\\compositions\\scene-s29.html",
        "bbox": {
          "x": 0,
          "y": 0,
          "width": 0,
          "height": 0
        },
        "time": 0,
        "fixHint": "Use gsap.set(...) (immediate, outside the timeline) for initial states, or author the hidden state directly in CSS/attributes."
      },
      {
        "code": "gsap_timeline_set_initial_hide",
        "severity": "warning",
        "message": "Initial hidden state for \"#warning-exclamation\" is set via tl.set(...) at position 0 inside the paused timeline. A zero-duration set at 0 does not render while the playhead sits exactly at 0, so frame 0 shows the un-hidden state.",
        "selector": "#warning-exclamation",
        "dataAttributes": {},
        "sourceFile": "C:\\vox-style-xe-giay-v1-hyperframes\\hyperframes\\videos\\ban-an-473-phan-3\\compositions\\scene-s29.html",
        "bbox": {
          "x": 0,
          "y": 0,
          "width": 0,
          "height": 0
        },
        "time": 0,
        "fixHint": "Use gsap.set(...) (immediate, outside the timeline) for initial states, or author the hidden state directly in CSS/attributes."
      },
      {
        "code": "gsap_timeline_set_initial_hide",
        "severity": "warning",
        "message": "Initial hidden state for \"#lightning-arcs\" is set via tl.set(...) at position 0 inside the paused timeline. A zero-duration set at 0 does not render while the playhead sits exactly at 0, so frame 0 shows the un-hidden state.",
        "selector": "#lightning-arcs",
        "dataAttributes": {},
        "sourceFile": "C:\\vox-style-xe-giay-v1-hyperframes\\hyperframes\\videos\\ban-an-473-phan-3\\compositions\\scene-s29.html",
        "bbox": {
          "x": 0,
          "y": 0,
          "width": 0,
          "height": 0
        },
        "time": 0,
        "fixHint": "Use gsap.set(...) (immediate, outside the timeline) for initial states, or author the hidden state directly in CSS/attributes."
      },
      {
        "code": "composition_file_too_large",
        "severity": "warning",
        "message": "This HTML composition file has 348 lines. Smaller sub-compositions are easier to read, iterate on, and diff.",
        "selector": "[data-composition-id]",
        "dataAttributes": {},
        "sourceFile": "C:\\vox-style-xe-giay-v1-hyperframes\\hyperframes\\videos\\ban-an-473-phan-3\\compositions\\scene-s29.html",
        "bbox": {
          "x": 0,
          "y": 0,
          "width": 0,
          "height": 0
        },
        "time": 0,
        "fixHint": "Split this sub-composition further into smaller .html files, then mount them from the parent with data-composition-src so each file stays small enough to inspect, revise, and validate independently."
      },
      {
        "code": "duplicate_media_discovery_risk",
        "severity": "warning",
        "message": "Detected 2 matching img entries with the same source/start/duration.",
        "selector": "[data-composition-id]",
        "dataAttributes": {},
        "sourceFile": "C:\\vox-style-xe-giay-v1-hyperframes\\hyperframes\\videos\\ban-an-473-phan-3\\compositions\\scene-s30.html",
        "bbox": {
          "x": 0,
          "y": 0,
          "width": 0,
          "height": 0
        },
        "time": 0,
        "fixHint": "Avoid duplicated media nodes that can be discovered twice during compilation."
      },
      {
        "code": "composition_file_too_large",
        "severity": "warning",
        "message": "This HTML composition file has 303 lines. Smaller sub-compositions are easier to read, iterate on, and diff.",
        "selector": "[data-composition-id]",
        "dataAttributes": {},
        "sourceFile": "C:\\vox-style-xe-giay-v1-hyperframes\\hyperframes\\videos\\ban-an-473-phan-3\\compositions\\scene-s30.html",
        "bbox": {
          "x": 0,
          "y": 0,
          "width": 0,
          "height": 0
        },
        "time": 0,
        "fixHint": "Split this sub-composition further into smaller .html files, then mount them from the parent with data-composition-src so each file stays small enough to inspect, revise, and validate independently."
      },
      {
        "code": "duplicate_media_discovery_risk",
        "severity": "warning",
        "message": "Detected 2 matching img entries with the same source/start/duration.",
        "selector": "[data-composition-id]",
        "dataAttributes": {},
        "sourceFile": "C:\\vox-style-xe-giay-v1-hyperframes\\hyperframes\\videos\\ban-an-473-phan-3\\compositions\\scene-s31.html",
        "bbox": {
          "x": 0,
          "y": 0,
          "width": 0,
          "height": 0
        },
        "time": 0,
        "fixHint": "Avoid duplicated media nodes that can be discovered twice during compilation."
      },
      {
        "code": "gsap_repeated_fromto_without_baseline",
        "severity": "warning",
        "message": "2 tl.fromTo() calls target \"#shot2-card\" with no stable baseline. The last-authored fromTo \"from\" values become the element's resting state for any seek before the first tween actually runs, because GSAP applies fromTo from-values at authoring time (immediateRender), not at tween position.",
        "selector": "#shot2-card",
        "dataAttributes": {},
        "sourceFile": "C:\\vox-style-xe-giay-v1-hyperframes\\hyperframes\\videos\\ban-an-473-phan-3\\compositions\\scene-s31.html",
        "bbox": {
          "x": 0,
          "y": 0,
          "width": 0,
          "height": 0
        },
        "time": 0,
        "fixHint": "Add `immediateRender: false` to the destination vars of each future fromTo, or set a safe resting state with an earlier `tl.set(\"#shot2-card\", { ... }, 0)`. Pre-first-tween seeks must not inherit whichever fromTo call happened to author last."
      },
      {
        "code": "duplicate_media_discovery_risk",
        "severity": "warning",
        "message": "Detected 2 matching img entries with the same source/start/duration.",
        "selector": "[data-composition-id]",
        "dataAttributes": {},
        "sourceFile": "C:\\vox-style-xe-giay-v1-hyperframes\\hyperframes\\videos\\ban-an-473-phan-3\\compositions\\scene-s32.html",
        "bbox": {
          "x": 0,
          "y": 0,
          "width": 0,
          "height": 0
        },
        "time": 0,
        "fixHint": "Avoid duplicated media nodes that can be discovered twice during compilation."
      },
      {
        "code": "composition_file_too_large",
        "severity": "warning",
        "message": "This HTML composition file has 368 lines. Smaller sub-compositions are easier to read, iterate on, and diff.",
        "selector": "[data-composition-id]",
        "dataAttributes": {},
        "sourceFile": "C:\\vox-style-xe-giay-v1-hyperframes\\hyperframes\\videos\\ban-an-473-phan-3\\compositions\\scene-s32.html",
        "bbox": {
          "x": 0,
          "y": 0,
          "width": 0,
          "height": 0
        },
        "time": 0,
        "fixHint": "Split this sub-composition further into smaller .html files, then mount them from the parent with data-composition-src so each file stays small enough to inspect, revise, and validate independently."
      },
      {
        "code": "composition_file_too_large",
        "severity": "warning",
        "message": "This HTML composition file has 305 lines. Smaller sub-compositions are easier to read, iterate on, and diff.",
        "selector": "[data-composition-id]",
        "dataAttributes": {},
        "sourceFile": "C:\\vox-style-xe-giay-v1-hyperframes\\hyperframes\\videos\\ban-an-473-phan-3\\compositions\\scene-s34.html",
        "bbox": {
          "x": 0,
          "y": 0,
          "width": 0,
          "height": 0
        },
        "time": 0,
        "fixHint": "Split this sub-composition further into smaller .html files, then mount them from the parent with data-composition-src so each file stays small enough to inspect, revise, and validate independently."
      },
      {
        "code": "gsap_repeated_fromto_without_baseline",
        "severity": "warning",
        "message": "2 tl.fromTo() calls target \"#vid-03\" with no stable baseline. The last-authored fromTo \"from\" values become the element's resting state for any seek before the first tween actually runs, because GSAP applies fromTo from-values at authoring time (immediateRender), not at tween position.",
        "selector": "#vid-03",
        "dataAttributes": {},
        "sourceFile": "C:\\vox-style-xe-giay-v1-hyperframes\\hyperframes\\videos\\ban-an-473-phan-3\\compositions\\scene-s35.html",
        "bbox": {
          "x": 0,
          "y": 0,
          "width": 0,
          "height": 0
        },
        "time": 0,
        "fixHint": "Add `immediateRender: false` to the destination vars of each future fromTo, or set a safe resting state with an earlier `tl.set(\"#vid-03\", { ... }, 0)`. Pre-first-tween seeks must not inherit whichever fromTo call happened to author last."
      }
    ],
    "filesScanned": 37
  },
  "runtime": {
    "ok": true,
    "errorCount": 0,
    "warningCount": 0,
    "infoCount": 0,
    "findings": []
  },
  "layout": {
    "ok": true,
    "errorCount": 0,
    "warningCount": 0,
    "infoCount": 12,
    "findings": [
      {
        "code": "text_occluded",
        "severity": "info",
        "time": 78.911,
        "selector": "div.punch-eyebrow",
        "message": "Text is hidden beneath an opaque element.",
        "rect": {
          "left": 132,
          "top": 1118,
          "right": 410.39,
          "bottom": 1146,
          "width": 278.39,
          "height": 28
        },
        "containerSelector": "#slot-scene-s09 > div:nth-of-type(1) > div:nth-of-type(1)",
        "text": "ĐÍNH CHÍNH PHÁP LÝ",
        "fixHint": "Give the text its own zone, raise its stacking order above the covering element, or mark intentional layering with data-layout-allow-occlusion.",
        "coveredFraction": 1,
        "dataAttributes": {},
        "sourceFile": "compositions/scene-s09.html",
        "bbox": {
          "x": 132,
          "y": 1118,
          "width": 278.39,
          "height": 28
        },
        "firstSeen": 78.911,
        "lastSeen": 78.911,
        "occurrences": 1,
        "heldMs": 0
      },
      {
        "code": "text_occluded",
        "severity": "info",
        "time": 78.911,
        "selector": "#slot-scene-s09 > div:nth-of-type(1) > section:nth-of-type(2) > div:nth-of-type(2) > div:nth-of-type(1) > h1:nth-of-type(1)",
        "message": "Text is hidden beneath an opaque element.",
        "rect": {
          "left": 104,
          "top": 1154,
          "right": 800.48,
          "bottom": 1237,
          "width": 696.48,
          "height": 83
        },
        "containerSelector": "#slot-scene-s09 > div:nth-of-type(1) > div:nth-of-type(1)",
        "text": "KHÔNG PHẢI SÌN SÚ!",
        "fixHint": "Give the text its own zone, raise its stacking order above the covering element, or mark intentional layering with data-layout-allow-occlusion.",
        "coveredFraction": 1,
        "dataAttributes": {},
        "sourceFile": "compositions/scene-s09.html",
        "bbox": {
          "x": 104,
          "y": 1154,
          "width": 696.48,
          "height": 83
        },
        "firstSeen": 78.911,
        "lastSeen": 78.911,
        "occurrences": 1,
        "heldMs": 0
      },
      {
        "code": "text_occluded",
        "severity": "info",
        "time": 78.911,
        "selector": "span.punch-sub-text",
        "message": "Text is hidden beneath an opaque element.",
        "rect": {
          "left": 164,
          "top": 1266.89,
          "right": 597.17,
          "bottom": 1306.89,
          "width": 433.17,
          "height": 40
        },
        "containerSelector": "#slot-scene-s09 > div:nth-of-type(1) > div:nth-of-type(1)",
        "text": "ÁP DỤNG ĐIỀU 326 BLHS",
        "fixHint": "Give the text its own zone, raise its stacking order above the covering element, or mark intentional layering with data-layout-allow-occlusion.",
        "coveredFraction": 1,
        "dataAttributes": {},
        "sourceFile": "compositions/scene-s09.html",
        "bbox": {
          "x": 164,
          "y": 1266.89,
          "width": 433.17,
          "height": 40
        },
        "firstSeen": 78.911,
        "lastSeen": 78.911,
        "occurrences": 1,
        "heldMs": 0
      },
      {
        "code": "container_overflow",
        "severity": "info",
        "time": 110.476,
        "selector": "#camera-stage",
        "message": "Element extends outside a clipping layout container.",
        "rect": {
          "left": -3.29,
          "top": -6.9,
          "right": 1083.29,
          "bottom": 1924.81,
          "width": 1086.59,
          "height": 1931.71
        },
        "containerSelector": "#slot-scene-s13 > div:nth-of-type(1)",
        "fixHint": "Resize/reposition the child or container, or mark intentional overflow with data-layout-allow-overflow.",
        "containerRect": {
          "left": 0,
          "top": 0,
          "right": 1080,
          "bottom": 1920,
          "width": 1080,
          "height": 1920
        },
        "overflow": {
          "left": 3.29,
          "right": 3.29,
          "top": 6.9,
          "bottom": 4.81
        },
        "dataAttributes": {},
        "sourceFile": "compositions/scene-s05.html",
        "bbox": {
          "x": -3.29,
          "y": -6.9,
          "width": 1086.59,
          "height": 1931.71
        },
        "firstSeen": 110.476,
        "lastSeen": 110.476,
        "occurrences": 1,
        "heldMs": 0
      },
      {
        "code": "text_occluded",
        "severity": "info",
        "time": 142.04,
        "selector": "#shot2-diagram > div:nth-of-type(3) > div:nth-of-type(2)",
        "message": "Text is hidden beneath an opaque element.",
        "rect": {
          "left": 750.84,
          "top": 1474,
          "right": 892.31,
          "bottom": 1499,
          "width": 141.47,
          "height": 25
        },
        "containerSelector": "[data-start=\"141.700000\"] > div:nth-of-type(1)",
        "text": "Hưởng án treo",
        "fixHint": "Give the text its own zone, raise its stacking order above the covering element, or mark intentional layering with data-layout-allow-occlusion.",
        "coveredFraction": 0.33,
        "dataAttributes": {},
        "sourceFile": "compositions/scene-s16.html",
        "bbox": {
          "x": 750.84,
          "y": 1474,
          "width": 141.47,
          "height": 25
        },
        "firstSeen": 142.04,
        "lastSeen": 142.04,
        "occurrences": 1,
        "heldMs": 0
      },
      {
        "code": "container_overflow",
        "severity": "info",
        "time": 142.04,
        "selector": "div.tape-corner",
        "message": "Element extends outside a clipping layout container.",
        "rect": {
          "left": 913.98,
          "top": 321.87,
          "right": 1038.02,
          "bottom": 378.13,
          "width": 124.03,
          "height": 56.25
        },
        "containerSelector": "div.photo-frame",
        "fixHint": "Resize/reposition the child or container, or mark intentional overflow with data-layout-allow-overflow.",
        "containerRect": {
          "left": 60,
          "top": 340,
          "right": 1020,
          "bottom": 1060,
          "width": 960,
          "height": 720
        },
        "overflow": {
          "right": 18.02,
          "top": 18.13
        },
        "dataAttributes": {},
        "sourceFile": "compositions/scene-s16.html",
        "bbox": {
          "x": 913.98,
          "y": 321.87,
          "width": 124.03,
          "height": 56.25
        },
        "firstSeen": 142.04,
        "lastSeen": 142.04,
        "occurrences": 1,
        "heldMs": 0
      },
      {
        "code": "container_overflow",
        "severity": "info",
        "time": 142.04,
        "selector": "#shot2-img",
        "message": "Element extends outside a clipping layout container.",
        "rect": {
          "left": -100.53,
          "top": 201.6,
          "right": 1232.27,
          "bottom": 1198.4,
          "width": 1332.8,
          "height": 996.8
        },
        "containerSelector": "div.photo-frame",
        "fixHint": "Resize/reposition the child or container, or mark intentional overflow with data-layout-allow-overflow.",
        "containerRect": {
          "left": 60,
          "top": 340,
          "right": 1020,
          "bottom": 1060,
          "width": 960,
          "height": 720
        },
        "overflow": {
          "left": 160.53,
          "right": 212.27,
          "top": 138.4,
          "bottom": 138.4
        },
        "dataAttributes": {
          "data-hf-authored-opacity": ""
        },
        "sourceFile": "compositions/scene-s16.html",
        "bbox": {
          "x": -100.53,
          "y": 201.6,
          "width": 1332.8,
          "height": 996.8
        },
        "firstSeen": 142.04,
        "lastSeen": 142.04,
        "occurrences": 1,
        "heldMs": 0
      },
      {
        "code": "container_overflow",
        "severity": "info",
        "time": 173.604,
        "selector": "#vid-shot-2",
        "message": "Element extends outside a clipping layout container.",
        "rect": {
          "left": -13.88,
          "top": -24.67,
          "right": 1093.88,
          "bottom": 1944.67,
          "width": 1107.76,
          "height": 1969.34
        },
        "containerSelector": "#slot-scene-s20 > div:nth-of-type(1)",
        "fixHint": "Resize/reposition the child or container, or mark intentional overflow with data-layout-allow-overflow.",
        "containerRect": {
          "left": 0,
          "top": 0,
          "right": 1080,
          "bottom": 1920,
          "width": 1080,
          "height": 1920
        },
        "overflow": {
          "left": 13.88,
          "right": 13.88,
          "top": 24.67,
          "bottom": 24.67
        },
        "dataAttributes": {
          "data-start": "5.52",
          "data-duration": "3.57",
          "data-media-start": "4.4",
          "data-track-index": "0",
          "data-hf-authored-opacity": ""
        },
        "sourceFile": "compositions/scene-s01.html",
        "bbox": {
          "x": -13.88,
          "y": -24.67,
          "width": 1107.76,
          "height": 1969.34
        },
        "firstSeen": 173.604,
        "lastSeen": 173.604,
        "occurrences": 1,
        "heldMs": 0
      },
      {
        "code": "text_occluded",
        "severity": "info",
        "time": 236.733,
        "selector": "#scene-s29 > div:nth-of-type(1) > div:nth-of-type(4) > div:nth-of-type(1) > div:nth-of-type(1)",
        "message": "Text is hidden beneath an opaque element.",
        "rect": {
          "left": 76.69,
          "top": 1178.09,
          "right": 300.6,
          "bottom": 1198.96,
          "width": 223.91,
          "height": 20.87
        },
        "containerSelector": "#bg-layer",
        "text": "NGHỊCH LÝ ĐIỀU HÀNH",
        "fixHint": "Give the text its own zone, raise its stacking order above the covering element, or mark intentional layering with data-layout-allow-occlusion.",
        "coveredFraction": 1,
        "dataAttributes": {},
        "sourceFile": "compositions/scene-s29.html",
        "bbox": {
          "x": 76.69,
          "y": 1178.09,
          "width": 223.91,
          "height": 20.87
        },
        "firstSeen": 236.733,
        "lastSeen": 236.733,
        "occurrences": 1,
        "heldMs": 0
      },
      {
        "code": "text_occluded",
        "severity": "info",
        "time": 236.733,
        "selector": "span.punch-orange",
        "message": "Text is hidden beneath an opaque element.",
        "rect": {
          "left": 76.69,
          "top": 1238.36,
          "right": 385.89,
          "bottom": 1331.23,
          "width": 309.2,
          "height": 92.87
        },
        "containerSelector": "#bg-layer",
        "text": "XẢ ĐIỆN",
        "fixHint": "Give the text its own zone, raise its stacking order above the covering element, or mark intentional layering with data-layout-allow-occlusion.",
        "coveredFraction": 1,
        "dataAttributes": {},
        "sourceFile": "compositions/scene-s29.html",
        "bbox": {
          "x": 76.69,
          "y": 1238.36,
          "width": 309.2,
          "height": 92.87
        },
        "firstSeen": 236.733,
        "lastSeen": 236.733,
        "occurrences": 1,
        "heldMs": 0
      },
      {
        "code": "text_occluded",
        "severity": "info",
        "time": 236.733,
        "selector": "span.punch-white",
        "message": "Text is hidden beneath an opaque element.",
        "rect": {
          "left": 404.67,
          "top": 1238.36,
          "right": 646.5,
          "bottom": 1331.23,
          "width": 241.83,
          "height": 92.87
        },
        "containerSelector": "#bg-layer",
        "text": "CẢ HỒ",
        "fixHint": "Give the text its own zone, raise its stacking order above the covering element, or mark intentional layering with data-layout-allow-occlusion.",
        "coveredFraction": 1,
        "dataAttributes": {},
        "sourceFile": "compositions/scene-s29.html",
        "bbox": {
          "x": 404.67,
          "y": 1238.36,
          "width": 241.83,
          "height": 92.87
        },
        "firstSeen": 236.733,
        "lastSeen": 236.733,
        "occurrences": 1,
        "heldMs": 0
      },
      {
        "code": "text_occluded",
        "severity": "info",
        "time": 236.733,
        "selector": "div.punch-desc",
        "message": "Text is hidden beneath an opaque element.",
        "rect": {
          "left": 76.69,
          "top": 1361.75,
          "right": 613.09,
          "bottom": 1385.75,
          "width": 536.41,
          "height": 24
        },
        "containerSelector": "#bg-layer",
        "text": "TIÊU DIỆT TOÀN BỘ HỆ SINH THÁI ĐỂ BẮT VÀI CON CÁ",
        "fixHint": "Give the text its own zone, raise its stacking order above the covering element, or mark intentional layering with data-layout-allow-occlusion.",
        "coveredFraction": 1,
        "dataAttributes": {},
        "sourceFile": "compositions/scene-s29.html",
        "bbox": {
          "x": 76.69,
          "y": 1361.75,
          "width": 536.41,
          "height": 24
        },
        "firstSeen": 236.733,
        "lastSeen": 236.733,
        "occurrences": 1,
        "heldMs": 0
      }
    ],
    "duration": 284.08,
    "samples": [
      15.782,
      47.347,
      78.911,
      110.476,
      142.04,
      173.604,
      205.169,
      236.733,
      268.298,
      284.08
    ],
    "transitionSamples": [],
    "transitionSamplesDropped": 0,
    "tolerance": 2,
    "totalIssueCount": 12,
    "truncated": false
  },
  "motion": {
    "ok": true,
    "errorCount": 0,
    "warningCount": 0,
    "infoCount": 0,
    "findings": [],
    "enabled": false,
    "samples": 0
  },
  "contrast": {
    "ok": true,
    "errorCount": 0,
    "warningCount": 0,
    "infoCount": 0,
    "findings": [],
    "enabled": true,
    "samples": [
      15.782,
      78.911,
      142.04,
      205.169,
      268.298
    ],
    "checked": 73,
    "passed": 73
  },
  "hdr": {
    "autoPromotion": null,
    "inspection": "available"
  },
  "snapshots": {
    "enabled": false,
    "files": [],
    "times": [],
    "findingFiles": []
  },
  "_meta": {
    "version": "0.8.56",
    "latestVersion": "0.8.61",
    "updateAvailable": true
  }
}
