{
  "ok": true,
  "strict": false,
  "lint": {
    "ok": true,
    "errorCount": 0,
    "warningCount": 113,
    "infoCount": 0,
    "findings": [
      {
        "code": "studio_missing_editable_id",
        "severity": "warning",
        "message": "<div class=\"caption-page\" data-start=\"0.050000\"> has no id, so Studio cannot use a stable edit target for its timeline and canvas controls.",
        "selector": "[data-composition-id]",
        "dataAttributes": {},
        "sourceFile": "C:\\vox-style-xe-giay-v1-hyperframes\\hyperframes\\videos\\bo-cong-an-de-xuat-hoan-truy-cuu\\compositions\\caption-track.html",
        "bbox": {
          "x": 0,
          "y": 0,
          "width": 0,
          "height": 0
        },
        "time": 0,
        "fixHint": "Add a stable, human-readable id such as id=\"hero-title\" or id=\"scene-1-card\" to every timeline-visible element you want agents or Studio to edit."
      },
      {
        "code": "studio_missing_editable_id",
        "severity": "warning",
        "message": "<div class=\"caption-page\" data-start=\"0.850000\"> has no id, so Studio cannot use a stable edit target for its timeline and canvas controls.",
        "selector": "[data-composition-id]",
        "dataAttributes": {},
        "sourceFile": "C:\\vox-style-xe-giay-v1-hyperframes\\hyperframes\\videos\\bo-cong-an-de-xuat-hoan-truy-cuu\\compositions\\caption-track.html",
        "bbox": {
          "x": 0,
          "y": 0,
          "width": 0,
          "height": 0
        },
        "time": 0,
        "fixHint": "Add a stable, human-readable id such as id=\"hero-title\" or id=\"scene-1-card\" to every timeline-visible element you want agents or Studio to edit."
      },
      {
        "code": "studio_missing_editable_id",
        "severity": "warning",
        "message": "<div class=\"caption-page\" data-start=\"1.690000\"> has no id, so Studio cannot use a stable edit target for its timeline and canvas controls.",
        "selector": "[data-composition-id]",
        "dataAttributes": {},
        "sourceFile": "C:\\vox-style-xe-giay-v1-hyperframes\\hyperframes\\videos\\bo-cong-an-de-xuat-hoan-truy-cuu\\compositions\\caption-track.html",
        "bbox": {
          "x": 0,
          "y": 0,
          "width": 0,
          "height": 0
        },
        "time": 0,
        "fixHint": "Add a stable, human-readable id such as id=\"hero-title\" or id=\"scene-1-card\" to every timeline-visible element you want agents or Studio to edit."
      },
      {
        "code": "studio_missing_editable_id",
        "severity": "warning",
        "message": "<div class=\"caption-page\" data-start=\"2.590000\"> has no id, so Studio cannot use a stable edit target for its timeline and canvas controls.",
        "selector": "[data-composition-id]",
        "dataAttributes": {},
        "sourceFile": "C:\\vox-style-xe-giay-v1-hyperframes\\hyperframes\\videos\\bo-cong-an-de-xuat-hoan-truy-cuu\\compositions\\caption-track.html",
        "bbox": {
          "x": 0,
          "y": 0,
          "width": 0,
          "height": 0
        },
        "time": 0,
        "fixHint": "Add a stable, human-readable id such as id=\"hero-title\" or id=\"scene-1-card\" to every timeline-visible element you want agents or Studio to edit."
      },
      {
        "code": "studio_missing_editable_id",
        "severity": "warning",
        "message": "<div class=\"caption-page\" data-start=\"3.690000\"> has no id, so Studio cannot use a stable edit target for its timeline and canvas controls.",
        "selector": "[data-composition-id]",
        "dataAttributes": {},
        "sourceFile": "C:\\vox-style-xe-giay-v1-hyperframes\\hyperframes\\videos\\bo-cong-an-de-xuat-hoan-truy-cuu\\compositions\\caption-track.html",
        "bbox": {
          "x": 0,
          "y": 0,
          "width": 0,
          "height": 0
        },
        "time": 0,
        "fixHint": "Add a stable, human-readable id such as id=\"hero-title\" or id=\"scene-1-card\" to every timeline-visible element you want agents or Studio to edit."
      },
      {
        "code": "studio_missing_editable_id",
        "severity": "warning",
        "message": "<div class=\"caption-page\" data-start=\"4.540000\"> has no id, so Studio cannot use a stable edit target for its timeline and canvas controls.",
        "selector": "[data-composition-id]",
        "dataAttributes": {},
        "sourceFile": "C:\\vox-style-xe-giay-v1-hyperframes\\hyperframes\\videos\\bo-cong-an-de-xuat-hoan-truy-cuu\\compositions\\caption-track.html",
        "bbox": {
          "x": 0,
          "y": 0,
          "width": 0,
          "height": 0
        },
        "time": 0,
        "fixHint": "Add a stable, human-readable id such as id=\"hero-title\" or id=\"scene-1-card\" to every timeline-visible element you want agents or Studio to edit."
      },
      {
        "code": "studio_missing_editable_id",
        "severity": "warning",
        "message": "<div class=\"caption-page\" data-start=\"5.330000\"> has no id, so Studio cannot use a stable edit target for its timeline and canvas controls.",
        "selector": "[data-composition-id]",
        "dataAttributes": {},
        "sourceFile": "C:\\vox-style-xe-giay-v1-hyperframes\\hyperframes\\videos\\bo-cong-an-de-xuat-hoan-truy-cuu\\compositions\\caption-track.html",
        "bbox": {
          "x": 0,
          "y": 0,
          "width": 0,
          "height": 0
        },
        "time": 0,
        "fixHint": "Add a stable, human-readable id such as id=\"hero-title\" or id=\"scene-1-card\" to every timeline-visible element you want agents or Studio to edit."
      },
      {
        "code": "studio_missing_editable_id",
        "severity": "warning",
        "message": "<div class=\"caption-page\" data-start=\"6.000000\"> has no id, so Studio cannot use a stable edit target for its timeline and canvas controls.",
        "selector": "[data-composition-id]",
        "dataAttributes": {},
        "sourceFile": "C:\\vox-style-xe-giay-v1-hyperframes\\hyperframes\\videos\\bo-cong-an-de-xuat-hoan-truy-cuu\\compositions\\caption-track.html",
        "bbox": {
          "x": 0,
          "y": 0,
          "width": 0,
          "height": 0
        },
        "time": 0,
        "fixHint": "Add a stable, human-readable id such as id=\"hero-title\" or id=\"scene-1-card\" to every timeline-visible element you want agents or Studio to edit."
      },
      {
        "code": "studio_missing_editable_id",
        "severity": "warning",
        "message": "<div class=\"caption-page\" data-start=\"7.000000\"> has no id, so Studio cannot use a stable edit target for its timeline and canvas controls.",
        "selector": "[data-composition-id]",
        "dataAttributes": {},
        "sourceFile": "C:\\vox-style-xe-giay-v1-hyperframes\\hyperframes\\videos\\bo-cong-an-de-xuat-hoan-truy-cuu\\compositions\\caption-track.html",
        "bbox": {
          "x": 0,
          "y": 0,
          "width": 0,
          "height": 0
        },
        "time": 0,
        "fixHint": "Add a stable, human-readable id such as id=\"hero-title\" or id=\"scene-1-card\" to every timeline-visible element you want agents or Studio to edit."
      },
      {
        "code": "studio_missing_editable_id",
        "severity": "warning",
        "message": "<div class=\"caption-page\" data-start=\"7.690000\"> has no id, so Studio cannot use a stable edit target for its timeline and canvas controls.",
        "selector": "[data-composition-id]",
        "dataAttributes": {},
        "sourceFile": "C:\\vox-style-xe-giay-v1-hyperframes\\hyperframes\\videos\\bo-cong-an-de-xuat-hoan-truy-cuu\\compositions\\caption-track.html",
        "bbox": {
          "x": 0,
          "y": 0,
          "width": 0,
          "height": 0
        },
        "time": 0,
        "fixHint": "Add a stable, human-readable id such as id=\"hero-title\" or id=\"scene-1-card\" to every timeline-visible element you want agents or Studio to edit."
      },
      {
        "code": "studio_missing_editable_id",
        "severity": "warning",
        "message": "<div class=\"caption-page\" data-start=\"8.320000\"> has no id, so Studio cannot use a stable edit target for its timeline and canvas controls.",
        "selector": "[data-composition-id]",
        "dataAttributes": {},
        "sourceFile": "C:\\vox-style-xe-giay-v1-hyperframes\\hyperframes\\videos\\bo-cong-an-de-xuat-hoan-truy-cuu\\compositions\\caption-track.html",
        "bbox": {
          "x": 0,
          "y": 0,
          "width": 0,
          "height": 0
        },
        "time": 0,
        "fixHint": "Add a stable, human-readable id such as id=\"hero-title\" or id=\"scene-1-card\" to every timeline-visible element you want agents or Studio to edit."
      },
      {
        "code": "studio_missing_editable_id",
        "severity": "warning",
        "message": "<div class=\"caption-page\" data-start=\"8.600000\"> has no id, so Studio cannot use a stable edit target for its timeline and canvas controls.",
        "selector": "[data-composition-id]",
        "dataAttributes": {},
        "sourceFile": "C:\\vox-style-xe-giay-v1-hyperframes\\hyperframes\\videos\\bo-cong-an-de-xuat-hoan-truy-cuu\\compositions\\caption-track.html",
        "bbox": {
          "x": 0,
          "y": 0,
          "width": 0,
          "height": 0
        },
        "time": 0,
        "fixHint": "Add a stable, human-readable id such as id=\"hero-title\" or id=\"scene-1-card\" to every timeline-visible element you want agents or Studio to edit."
      },
      {
        "code": "studio_missing_editable_id",
        "severity": "warning",
        "message": "<div class=\"caption-page\" data-start=\"9.980000\"> has no id, so Studio cannot use a stable edit target for its timeline and canvas controls.",
        "selector": "[data-composition-id]",
        "dataAttributes": {},
        "sourceFile": "C:\\vox-style-xe-giay-v1-hyperframes\\hyperframes\\videos\\bo-cong-an-de-xuat-hoan-truy-cuu\\compositions\\caption-track.html",
        "bbox": {
          "x": 0,
          "y": 0,
          "width": 0,
          "height": 0
        },
        "time": 0,
        "fixHint": "Add a stable, human-readable id such as id=\"hero-title\" or id=\"scene-1-card\" to every timeline-visible element you want agents or Studio to edit."
      },
      {
        "code": "studio_missing_editable_id",
        "severity": "warning",
        "message": "<div class=\"caption-page\" data-start=\"11.110000\"> has no id, so Studio cannot use a stable edit target for its timeline and canvas controls.",
        "selector": "[data-composition-id]",
        "dataAttributes": {},
        "sourceFile": "C:\\vox-style-xe-giay-v1-hyperframes\\hyperframes\\videos\\bo-cong-an-de-xuat-hoan-truy-cuu\\compositions\\caption-track.html",
        "bbox": {
          "x": 0,
          "y": 0,
          "width": 0,
          "height": 0
        },
        "time": 0,
        "fixHint": "Add a stable, human-readable id such as id=\"hero-title\" or id=\"scene-1-card\" to every timeline-visible element you want agents or Studio to edit."
      },
      {
        "code": "studio_missing_editable_id",
        "severity": "warning",
        "message": "<div class=\"caption-page\" data-start=\"12.150000\"> has no id, so Studio cannot use a stable edit target for its timeline and canvas controls.",
        "selector": "[data-composition-id]",
        "dataAttributes": {},
        "sourceFile": "C:\\vox-style-xe-giay-v1-hyperframes\\hyperframes\\videos\\bo-cong-an-de-xuat-hoan-truy-cuu\\compositions\\caption-track.html",
        "bbox": {
          "x": 0,
          "y": 0,
          "width": 0,
          "height": 0
        },
        "time": 0,
        "fixHint": "Add a stable, human-readable id such as id=\"hero-title\" or id=\"scene-1-card\" to every timeline-visible element you want agents or Studio to edit."
      },
      {
        "code": "studio_missing_editable_id",
        "severity": "warning",
        "message": "<div class=\"caption-page\" data-start=\"12.580000\"> has no id, so Studio cannot use a stable edit target for its timeline and canvas controls.",
        "selector": "[data-composition-id]",
        "dataAttributes": {},
        "sourceFile": "C:\\vox-style-xe-giay-v1-hyperframes\\hyperframes\\videos\\bo-cong-an-de-xuat-hoan-truy-cuu\\compositions\\caption-track.html",
        "bbox": {
          "x": 0,
          "y": 0,
          "width": 0,
          "height": 0
        },
        "time": 0,
        "fixHint": "Add a stable, human-readable id such as id=\"hero-title\" or id=\"scene-1-card\" to every timeline-visible element you want agents or Studio to edit."
      },
      {
        "code": "studio_missing_editable_id",
        "severity": "warning",
        "message": "<div class=\"caption-page\" data-start=\"13.620000\"> has no id, so Studio cannot use a stable edit target for its timeline and canvas controls.",
        "selector": "[data-composition-id]",
        "dataAttributes": {},
        "sourceFile": "C:\\vox-style-xe-giay-v1-hyperframes\\hyperframes\\videos\\bo-cong-an-de-xuat-hoan-truy-cuu\\compositions\\caption-track.html",
        "bbox": {
          "x": 0,
          "y": 0,
          "width": 0,
          "height": 0
        },
        "time": 0,
        "fixHint": "Add a stable, human-readable id such as id=\"hero-title\" or id=\"scene-1-card\" to every timeline-visible element you want agents or Studio to edit."
      },
      {
        "code": "studio_missing_editable_id",
        "severity": "warning",
        "message": "<div class=\"caption-page\" data-start=\"14.450000\"> has no id, so Studio cannot use a stable edit target for its timeline and canvas controls.",
        "selector": "[data-composition-id]",
        "dataAttributes": {},
        "sourceFile": "C:\\vox-style-xe-giay-v1-hyperframes\\hyperframes\\videos\\bo-cong-an-de-xuat-hoan-truy-cuu\\compositions\\caption-track.html",
        "bbox": {
          "x": 0,
          "y": 0,
          "width": 0,
          "height": 0
        },
        "time": 0,
        "fixHint": "Add a stable, human-readable id such as id=\"hero-title\" or id=\"scene-1-card\" to every timeline-visible element you want agents or Studio to edit."
      },
      {
        "code": "studio_missing_editable_id",
        "severity": "warning",
        "message": "<div class=\"caption-page\" data-start=\"14.800000\"> has no id, so Studio cannot use a stable edit target for its timeline and canvas controls.",
        "selector": "[data-composition-id]",
        "dataAttributes": {},
        "sourceFile": "C:\\vox-style-xe-giay-v1-hyperframes\\hyperframes\\videos\\bo-cong-an-de-xuat-hoan-truy-cuu\\compositions\\caption-track.html",
        "bbox": {
          "x": 0,
          "y": 0,
          "width": 0,
          "height": 0
        },
        "time": 0,
        "fixHint": "Add a stable, human-readable id such as id=\"hero-title\" or id=\"scene-1-card\" to every timeline-visible element you want agents or Studio to edit."
      },
      {
        "code": "studio_missing_editable_id",
        "severity": "warning",
        "message": "<div class=\"caption-page\" data-start=\"15.730000\"> has no id, so Studio cannot use a stable edit target for its timeline and canvas controls.",
        "selector": "[data-composition-id]",
        "dataAttributes": {},
        "sourceFile": "C:\\vox-style-xe-giay-v1-hyperframes\\hyperframes\\videos\\bo-cong-an-de-xuat-hoan-truy-cuu\\compositions\\caption-track.html",
        "bbox": {
          "x": 0,
          "y": 0,
          "width": 0,
          "height": 0
        },
        "time": 0,
        "fixHint": "Add a stable, human-readable id such as id=\"hero-title\" or id=\"scene-1-card\" to every timeline-visible element you want agents or Studio to edit."
      },
      {
        "code": "studio_missing_editable_id",
        "severity": "warning",
        "message": "<div class=\"caption-page\" data-start=\"16.630000\"> has no id, so Studio cannot use a stable edit target for its timeline and canvas controls.",
        "selector": "[data-composition-id]",
        "dataAttributes": {},
        "sourceFile": "C:\\vox-style-xe-giay-v1-hyperframes\\hyperframes\\videos\\bo-cong-an-de-xuat-hoan-truy-cuu\\compositions\\caption-track.html",
        "bbox": {
          "x": 0,
          "y": 0,
          "width": 0,
          "height": 0
        },
        "time": 0,
        "fixHint": "Add a stable, human-readable id such as id=\"hero-title\" or id=\"scene-1-card\" to every timeline-visible element you want agents or Studio to edit."
      },
      {
        "code": "studio_missing_editable_id",
        "severity": "warning",
        "message": "<div class=\"caption-page\" data-start=\"17.600000\"> has no id, so Studio cannot use a stable edit target for its timeline and canvas controls.",
        "selector": "[data-composition-id]",
        "dataAttributes": {},
        "sourceFile": "C:\\vox-style-xe-giay-v1-hyperframes\\hyperframes\\videos\\bo-cong-an-de-xuat-hoan-truy-cuu\\compositions\\caption-track.html",
        "bbox": {
          "x": 0,
          "y": 0,
          "width": 0,
          "height": 0
        },
        "time": 0,
        "fixHint": "Add a stable, human-readable id such as id=\"hero-title\" or id=\"scene-1-card\" to every timeline-visible element you want agents or Studio to edit."
      },
      {
        "code": "studio_missing_editable_id",
        "severity": "warning",
        "message": "<div class=\"caption-page\" data-start=\"18.200000\"> has no id, so Studio cannot use a stable edit target for its timeline and canvas controls.",
        "selector": "[data-composition-id]",
        "dataAttributes": {},
        "sourceFile": "C:\\vox-style-xe-giay-v1-hyperframes\\hyperframes\\videos\\bo-cong-an-de-xuat-hoan-truy-cuu\\compositions\\caption-track.html",
        "bbox": {
          "x": 0,
          "y": 0,
          "width": 0,
          "height": 0
        },
        "time": 0,
        "fixHint": "Add a stable, human-readable id such as id=\"hero-title\" or id=\"scene-1-card\" to every timeline-visible element you want agents or Studio to edit."
      },
      {
        "code": "studio_missing_editable_id",
        "severity": "warning",
        "message": "<div class=\"caption-page\" data-start=\"19.580000\"> has no id, so Studio cannot use a stable edit target for its timeline and canvas controls.",
        "selector": "[data-composition-id]",
        "dataAttributes": {},
        "sourceFile": "C:\\vox-style-xe-giay-v1-hyperframes\\hyperframes\\videos\\bo-cong-an-de-xuat-hoan-truy-cuu\\compositions\\caption-track.html",
        "bbox": {
          "x": 0,
          "y": 0,
          "width": 0,
          "height": 0
        },
        "time": 0,
        "fixHint": "Add a stable, human-readable id such as id=\"hero-title\" or id=\"scene-1-card\" to every timeline-visible element you want agents or Studio to edit."
      },
      {
        "code": "studio_missing_editable_id",
        "severity": "warning",
        "message": "<div class=\"caption-page\" data-start=\"20.330000\"> has no id, so Studio cannot use a stable edit target for its timeline and canvas controls.",
        "selector": "[data-composition-id]",
        "dataAttributes": {},
        "sourceFile": "C:\\vox-style-xe-giay-v1-hyperframes\\hyperframes\\videos\\bo-cong-an-de-xuat-hoan-truy-cuu\\compositions\\caption-track.html",
        "bbox": {
          "x": 0,
          "y": 0,
          "width": 0,
          "height": 0
        },
        "time": 0,
        "fixHint": "Add a stable, human-readable id such as id=\"hero-title\" or id=\"scene-1-card\" to every timeline-visible element you want agents or Studio to edit."
      },
      {
        "code": "studio_missing_editable_id",
        "severity": "warning",
        "message": "<div class=\"caption-page\" data-start=\"21.510000\"> has no id, so Studio cannot use a stable edit target for its timeline and canvas controls.",
        "selector": "[data-composition-id]",
        "dataAttributes": {},
        "sourceFile": "C:\\vox-style-xe-giay-v1-hyperframes\\hyperframes\\videos\\bo-cong-an-de-xuat-hoan-truy-cuu\\compositions\\caption-track.html",
        "bbox": {
          "x": 0,
          "y": 0,
          "width": 0,
          "height": 0
        },
        "time": 0,
        "fixHint": "Add a stable, human-readable id such as id=\"hero-title\" or id=\"scene-1-card\" to every timeline-visible element you want agents or Studio to edit."
      },
      {
        "code": "studio_missing_editable_id",
        "severity": "warning",
        "message": "<div class=\"caption-page\" data-start=\"22.450000\"> has no id, so Studio cannot use a stable edit target for its timeline and canvas controls.",
        "selector": "[data-composition-id]",
        "dataAttributes": {},
        "sourceFile": "C:\\vox-style-xe-giay-v1-hyperframes\\hyperframes\\videos\\bo-cong-an-de-xuat-hoan-truy-cuu\\compositions\\caption-track.html",
        "bbox": {
          "x": 0,
          "y": 0,
          "width": 0,
          "height": 0
        },
        "time": 0,
        "fixHint": "Add a stable, human-readable id such as id=\"hero-title\" or id=\"scene-1-card\" to every timeline-visible element you want agents or Studio to edit."
      },
      {
        "code": "studio_missing_editable_id",
        "severity": "warning",
        "message": "<div class=\"caption-page\" data-start=\"23.200000\"> has no id, so Studio cannot use a stable edit target for its timeline and canvas controls.",
        "selector": "[data-composition-id]",
        "dataAttributes": {},
        "sourceFile": "C:\\vox-style-xe-giay-v1-hyperframes\\hyperframes\\videos\\bo-cong-an-de-xuat-hoan-truy-cuu\\compositions\\caption-track.html",
        "bbox": {
          "x": 0,
          "y": 0,
          "width": 0,
          "height": 0
        },
        "time": 0,
        "fixHint": "Add a stable, human-readable id such as id=\"hero-title\" or id=\"scene-1-card\" to every timeline-visible element you want agents or Studio to edit."
      },
      {
        "code": "studio_missing_editable_id",
        "severity": "warning",
        "message": "<div class=\"caption-page\" data-start=\"24.140000\"> has no id, so Studio cannot use a stable edit target for its timeline and canvas controls.",
        "selector": "[data-composition-id]",
        "dataAttributes": {},
        "sourceFile": "C:\\vox-style-xe-giay-v1-hyperframes\\hyperframes\\videos\\bo-cong-an-de-xuat-hoan-truy-cuu\\compositions\\caption-track.html",
        "bbox": {
          "x": 0,
          "y": 0,
          "width": 0,
          "height": 0
        },
        "time": 0,
        "fixHint": "Add a stable, human-readable id such as id=\"hero-title\" or id=\"scene-1-card\" to every timeline-visible element you want agents or Studio to edit."
      },
      {
        "code": "studio_missing_editable_id",
        "severity": "warning",
        "message": "<div class=\"caption-page\" data-start=\"25.320000\"> has no id, so Studio cannot use a stable edit target for its timeline and canvas controls.",
        "selector": "[data-composition-id]",
        "dataAttributes": {},
        "sourceFile": "C:\\vox-style-xe-giay-v1-hyperframes\\hyperframes\\videos\\bo-cong-an-de-xuat-hoan-truy-cuu\\compositions\\caption-track.html",
        "bbox": {
          "x": 0,
          "y": 0,
          "width": 0,
          "height": 0
        },
        "time": 0,
        "fixHint": "Add a stable, human-readable id such as id=\"hero-title\" or id=\"scene-1-card\" to every timeline-visible element you want agents or Studio to edit."
      },
      {
        "code": "studio_missing_editable_id",
        "severity": "warning",
        "message": "<div class=\"caption-page\" data-start=\"26.470000\"> has no id, so Studio cannot use a stable edit target for its timeline and canvas controls.",
        "selector": "[data-composition-id]",
        "dataAttributes": {},
        "sourceFile": "C:\\vox-style-xe-giay-v1-hyperframes\\hyperframes\\videos\\bo-cong-an-de-xuat-hoan-truy-cuu\\compositions\\caption-track.html",
        "bbox": {
          "x": 0,
          "y": 0,
          "width": 0,
          "height": 0
        },
        "time": 0,
        "fixHint": "Add a stable, human-readable id such as id=\"hero-title\" or id=\"scene-1-card\" to every timeline-visible element you want agents or Studio to edit."
      },
      {
        "code": "studio_missing_editable_id",
        "severity": "warning",
        "message": "<div class=\"caption-page\" data-start=\"27.170000\"> has no id, so Studio cannot use a stable edit target for its timeline and canvas controls.",
        "selector": "[data-composition-id]",
        "dataAttributes": {},
        "sourceFile": "C:\\vox-style-xe-giay-v1-hyperframes\\hyperframes\\videos\\bo-cong-an-de-xuat-hoan-truy-cuu\\compositions\\caption-track.html",
        "bbox": {
          "x": 0,
          "y": 0,
          "width": 0,
          "height": 0
        },
        "time": 0,
        "fixHint": "Add a stable, human-readable id such as id=\"hero-title\" or id=\"scene-1-card\" to every timeline-visible element you want agents or Studio to edit."
      },
      {
        "code": "studio_missing_editable_id",
        "severity": "warning",
        "message": "<div class=\"caption-page\" data-start=\"27.560000\"> has no id, so Studio cannot use a stable edit target for its timeline and canvas controls.",
        "selector": "[data-composition-id]",
        "dataAttributes": {},
        "sourceFile": "C:\\vox-style-xe-giay-v1-hyperframes\\hyperframes\\videos\\bo-cong-an-de-xuat-hoan-truy-cuu\\compositions\\caption-track.html",
        "bbox": {
          "x": 0,
          "y": 0,
          "width": 0,
          "height": 0
        },
        "time": 0,
        "fixHint": "Add a stable, human-readable id such as id=\"hero-title\" or id=\"scene-1-card\" to every timeline-visible element you want agents or Studio to edit."
      },
      {
        "code": "studio_missing_editable_id",
        "severity": "warning",
        "message": "<div class=\"caption-page\" data-start=\"28.410000\"> has no id, so Studio cannot use a stable edit target for its timeline and canvas controls.",
        "selector": "[data-composition-id]",
        "dataAttributes": {},
        "sourceFile": "C:\\vox-style-xe-giay-v1-hyperframes\\hyperframes\\videos\\bo-cong-an-de-xuat-hoan-truy-cuu\\compositions\\caption-track.html",
        "bbox": {
          "x": 0,
          "y": 0,
          "width": 0,
          "height": 0
        },
        "time": 0,
        "fixHint": "Add a stable, human-readable id such as id=\"hero-title\" or id=\"scene-1-card\" to every timeline-visible element you want agents or Studio to edit."
      },
      {
        "code": "studio_missing_editable_id",
        "severity": "warning",
        "message": "<div class=\"caption-page\" data-start=\"29.330000\"> has no id, so Studio cannot use a stable edit target for its timeline and canvas controls.",
        "selector": "[data-composition-id]",
        "dataAttributes": {},
        "sourceFile": "C:\\vox-style-xe-giay-v1-hyperframes\\hyperframes\\videos\\bo-cong-an-de-xuat-hoan-truy-cuu\\compositions\\caption-track.html",
        "bbox": {
          "x": 0,
          "y": 0,
          "width": 0,
          "height": 0
        },
        "time": 0,
        "fixHint": "Add a stable, human-readable id such as id=\"hero-title\" or id=\"scene-1-card\" to every timeline-visible element you want agents or Studio to edit."
      },
      {
        "code": "studio_missing_editable_id",
        "severity": "warning",
        "message": "<div class=\"caption-page\" data-start=\"30.400000\"> has no id, so Studio cannot use a stable edit target for its timeline and canvas controls.",
        "selector": "[data-composition-id]",
        "dataAttributes": {},
        "sourceFile": "C:\\vox-style-xe-giay-v1-hyperframes\\hyperframes\\videos\\bo-cong-an-de-xuat-hoan-truy-cuu\\compositions\\caption-track.html",
        "bbox": {
          "x": 0,
          "y": 0,
          "width": 0,
          "height": 0
        },
        "time": 0,
        "fixHint": "Add a stable, human-readable id such as id=\"hero-title\" or id=\"scene-1-card\" to every timeline-visible element you want agents or Studio to edit."
      },
      {
        "code": "studio_missing_editable_id",
        "severity": "warning",
        "message": "<div class=\"caption-page\" data-start=\"31.370000\"> has no id, so Studio cannot use a stable edit target for its timeline and canvas controls.",
        "selector": "[data-composition-id]",
        "dataAttributes": {},
        "sourceFile": "C:\\vox-style-xe-giay-v1-hyperframes\\hyperframes\\videos\\bo-cong-an-de-xuat-hoan-truy-cuu\\compositions\\caption-track.html",
        "bbox": {
          "x": 0,
          "y": 0,
          "width": 0,
          "height": 0
        },
        "time": 0,
        "fixHint": "Add a stable, human-readable id such as id=\"hero-title\" or id=\"scene-1-card\" to every timeline-visible element you want agents or Studio to edit."
      },
      {
        "code": "studio_missing_editable_id",
        "severity": "warning",
        "message": "<div class=\"caption-page\" data-start=\"32.190000\"> has no id, so Studio cannot use a stable edit target for its timeline and canvas controls.",
        "selector": "[data-composition-id]",
        "dataAttributes": {},
        "sourceFile": "C:\\vox-style-xe-giay-v1-hyperframes\\hyperframes\\videos\\bo-cong-an-de-xuat-hoan-truy-cuu\\compositions\\caption-track.html",
        "bbox": {
          "x": 0,
          "y": 0,
          "width": 0,
          "height": 0
        },
        "time": 0,
        "fixHint": "Add a stable, human-readable id such as id=\"hero-title\" or id=\"scene-1-card\" to every timeline-visible element you want agents or Studio to edit."
      },
      {
        "code": "studio_missing_editable_id",
        "severity": "warning",
        "message": "<div class=\"caption-page\" data-start=\"33.800000\"> has no id, so Studio cannot use a stable edit target for its timeline and canvas controls.",
        "selector": "[data-composition-id]",
        "dataAttributes": {},
        "sourceFile": "C:\\vox-style-xe-giay-v1-hyperframes\\hyperframes\\videos\\bo-cong-an-de-xuat-hoan-truy-cuu\\compositions\\caption-track.html",
        "bbox": {
          "x": 0,
          "y": 0,
          "width": 0,
          "height": 0
        },
        "time": 0,
        "fixHint": "Add a stable, human-readable id such as id=\"hero-title\" or id=\"scene-1-card\" to every timeline-visible element you want agents or Studio to edit."
      },
      {
        "code": "studio_missing_editable_id",
        "severity": "warning",
        "message": "<div class=\"caption-page\" data-start=\"34.570000\"> has no id, so Studio cannot use a stable edit target for its timeline and canvas controls.",
        "selector": "[data-composition-id]",
        "dataAttributes": {},
        "sourceFile": "C:\\vox-style-xe-giay-v1-hyperframes\\hyperframes\\videos\\bo-cong-an-de-xuat-hoan-truy-cuu\\compositions\\caption-track.html",
        "bbox": {
          "x": 0,
          "y": 0,
          "width": 0,
          "height": 0
        },
        "time": 0,
        "fixHint": "Add a stable, human-readable id such as id=\"hero-title\" or id=\"scene-1-card\" to every timeline-visible element you want agents or Studio to edit."
      },
      {
        "code": "studio_missing_editable_id",
        "severity": "warning",
        "message": "<div class=\"caption-page\" data-start=\"35.560000\"> has no id, so Studio cannot use a stable edit target for its timeline and canvas controls.",
        "selector": "[data-composition-id]",
        "dataAttributes": {},
        "sourceFile": "C:\\vox-style-xe-giay-v1-hyperframes\\hyperframes\\videos\\bo-cong-an-de-xuat-hoan-truy-cuu\\compositions\\caption-track.html",
        "bbox": {
          "x": 0,
          "y": 0,
          "width": 0,
          "height": 0
        },
        "time": 0,
        "fixHint": "Add a stable, human-readable id such as id=\"hero-title\" or id=\"scene-1-card\" to every timeline-visible element you want agents or Studio to edit."
      },
      {
        "code": "studio_missing_editable_id",
        "severity": "warning",
        "message": "<div class=\"caption-page\" data-start=\"36.240000\"> has no id, so Studio cannot use a stable edit target for its timeline and canvas controls.",
        "selector": "[data-composition-id]",
        "dataAttributes": {},
        "sourceFile": "C:\\vox-style-xe-giay-v1-hyperframes\\hyperframes\\videos\\bo-cong-an-de-xuat-hoan-truy-cuu\\compositions\\caption-track.html",
        "bbox": {
          "x": 0,
          "y": 0,
          "width": 0,
          "height": 0
        },
        "time": 0,
        "fixHint": "Add a stable, human-readable id such as id=\"hero-title\" or id=\"scene-1-card\" to every timeline-visible element you want agents or Studio to edit."
      },
      {
        "code": "studio_missing_editable_id",
        "severity": "warning",
        "message": "<div class=\"caption-page\" data-start=\"37.420000\"> has no id, so Studio cannot use a stable edit target for its timeline and canvas controls.",
        "selector": "[data-composition-id]",
        "dataAttributes": {},
        "sourceFile": "C:\\vox-style-xe-giay-v1-hyperframes\\hyperframes\\videos\\bo-cong-an-de-xuat-hoan-truy-cuu\\compositions\\caption-track.html",
        "bbox": {
          "x": 0,
          "y": 0,
          "width": 0,
          "height": 0
        },
        "time": 0,
        "fixHint": "Add a stable, human-readable id such as id=\"hero-title\" or id=\"scene-1-card\" to every timeline-visible element you want agents or Studio to edit."
      },
      {
        "code": "studio_missing_editable_id",
        "severity": "warning",
        "message": "<div class=\"caption-page\" data-start=\"38.750000\"> has no id, so Studio cannot use a stable edit target for its timeline and canvas controls.",
        "selector": "[data-composition-id]",
        "dataAttributes": {},
        "sourceFile": "C:\\vox-style-xe-giay-v1-hyperframes\\hyperframes\\videos\\bo-cong-an-de-xuat-hoan-truy-cuu\\compositions\\caption-track.html",
        "bbox": {
          "x": 0,
          "y": 0,
          "width": 0,
          "height": 0
        },
        "time": 0,
        "fixHint": "Add a stable, human-readable id such as id=\"hero-title\" or id=\"scene-1-card\" to every timeline-visible element you want agents or Studio to edit."
      },
      {
        "code": "studio_missing_editable_id",
        "severity": "warning",
        "message": "<div class=\"caption-page\" data-start=\"40.000000\"> has no id, so Studio cannot use a stable edit target for its timeline and canvas controls.",
        "selector": "[data-composition-id]",
        "dataAttributes": {},
        "sourceFile": "C:\\vox-style-xe-giay-v1-hyperframes\\hyperframes\\videos\\bo-cong-an-de-xuat-hoan-truy-cuu\\compositions\\caption-track.html",
        "bbox": {
          "x": 0,
          "y": 0,
          "width": 0,
          "height": 0
        },
        "time": 0,
        "fixHint": "Add a stable, human-readable id such as id=\"hero-title\" or id=\"scene-1-card\" to every timeline-visible element you want agents or Studio to edit."
      },
      {
        "code": "studio_missing_editable_id",
        "severity": "warning",
        "message": "<div class=\"caption-page\" data-start=\"40.820000\"> has no id, so Studio cannot use a stable edit target for its timeline and canvas controls.",
        "selector": "[data-composition-id]",
        "dataAttributes": {},
        "sourceFile": "C:\\vox-style-xe-giay-v1-hyperframes\\hyperframes\\videos\\bo-cong-an-de-xuat-hoan-truy-cuu\\compositions\\caption-track.html",
        "bbox": {
          "x": 0,
          "y": 0,
          "width": 0,
          "height": 0
        },
        "time": 0,
        "fixHint": "Add a stable, human-readable id such as id=\"hero-title\" or id=\"scene-1-card\" to every timeline-visible element you want agents or Studio to edit."
      },
      {
        "code": "studio_missing_editable_id",
        "severity": "warning",
        "message": "<div class=\"caption-page\" data-start=\"42.010000\"> has no id, so Studio cannot use a stable edit target for its timeline and canvas controls.",
        "selector": "[data-composition-id]",
        "dataAttributes": {},
        "sourceFile": "C:\\vox-style-xe-giay-v1-hyperframes\\hyperframes\\videos\\bo-cong-an-de-xuat-hoan-truy-cuu\\compositions\\caption-track.html",
        "bbox": {
          "x": 0,
          "y": 0,
          "width": 0,
          "height": 0
        },
        "time": 0,
        "fixHint": "Add a stable, human-readable id such as id=\"hero-title\" or id=\"scene-1-card\" to every timeline-visible element you want agents or Studio to edit."
      },
      {
        "code": "studio_missing_editable_id",
        "severity": "warning",
        "message": "<div class=\"caption-page\" data-start=\"42.870000\"> has no id, so Studio cannot use a stable edit target for its timeline and canvas controls.",
        "selector": "[data-composition-id]",
        "dataAttributes": {},
        "sourceFile": "C:\\vox-style-xe-giay-v1-hyperframes\\hyperframes\\videos\\bo-cong-an-de-xuat-hoan-truy-cuu\\compositions\\caption-track.html",
        "bbox": {
          "x": 0,
          "y": 0,
          "width": 0,
          "height": 0
        },
        "time": 0,
        "fixHint": "Add a stable, human-readable id such as id=\"hero-title\" or id=\"scene-1-card\" to every timeline-visible element you want agents or Studio to edit."
      },
      {
        "code": "studio_missing_editable_id",
        "severity": "warning",
        "message": "<div class=\"caption-page\" data-start=\"43.660000\"> has no id, so Studio cannot use a stable edit target for its timeline and canvas controls.",
        "selector": "[data-composition-id]",
        "dataAttributes": {},
        "sourceFile": "C:\\vox-style-xe-giay-v1-hyperframes\\hyperframes\\videos\\bo-cong-an-de-xuat-hoan-truy-cuu\\compositions\\caption-track.html",
        "bbox": {
          "x": 0,
          "y": 0,
          "width": 0,
          "height": 0
        },
        "time": 0,
        "fixHint": "Add a stable, human-readable id such as id=\"hero-title\" or id=\"scene-1-card\" to every timeline-visible element you want agents or Studio to edit."
      },
      {
        "code": "studio_missing_editable_id",
        "severity": "warning",
        "message": "<div class=\"caption-page\" data-start=\"44.000000\"> has no id, so Studio cannot use a stable edit target for its timeline and canvas controls.",
        "selector": "[data-composition-id]",
        "dataAttributes": {},
        "sourceFile": "C:\\vox-style-xe-giay-v1-hyperframes\\hyperframes\\videos\\bo-cong-an-de-xuat-hoan-truy-cuu\\compositions\\caption-track.html",
        "bbox": {
          "x": 0,
          "y": 0,
          "width": 0,
          "height": 0
        },
        "time": 0,
        "fixHint": "Add a stable, human-readable id such as id=\"hero-title\" or id=\"scene-1-card\" to every timeline-visible element you want agents or Studio to edit."
      },
      {
        "code": "studio_missing_editable_id",
        "severity": "warning",
        "message": "<div class=\"caption-page\" data-start=\"44.930000\"> has no id, so Studio cannot use a stable edit target for its timeline and canvas controls.",
        "selector": "[data-composition-id]",
        "dataAttributes": {},
        "sourceFile": "C:\\vox-style-xe-giay-v1-hyperframes\\hyperframes\\videos\\bo-cong-an-de-xuat-hoan-truy-cuu\\compositions\\caption-track.html",
        "bbox": {
          "x": 0,
          "y": 0,
          "width": 0,
          "height": 0
        },
        "time": 0,
        "fixHint": "Add a stable, human-readable id such as id=\"hero-title\" or id=\"scene-1-card\" to every timeline-visible element you want agents or Studio to edit."
      },
      {
        "code": "studio_missing_editable_id",
        "severity": "warning",
        "message": "<div class=\"caption-page\" data-start=\"45.800000\"> has no id, so Studio cannot use a stable edit target for its timeline and canvas controls.",
        "selector": "[data-composition-id]",
        "dataAttributes": {},
        "sourceFile": "C:\\vox-style-xe-giay-v1-hyperframes\\hyperframes\\videos\\bo-cong-an-de-xuat-hoan-truy-cuu\\compositions\\caption-track.html",
        "bbox": {
          "x": 0,
          "y": 0,
          "width": 0,
          "height": 0
        },
        "time": 0,
        "fixHint": "Add a stable, human-readable id such as id=\"hero-title\" or id=\"scene-1-card\" to every timeline-visible element you want agents or Studio to edit."
      },
      {
        "code": "studio_missing_editable_id",
        "severity": "warning",
        "message": "<div class=\"caption-page\" data-start=\"46.460000\"> has no id, so Studio cannot use a stable edit target for its timeline and canvas controls.",
        "selector": "[data-composition-id]",
        "dataAttributes": {},
        "sourceFile": "C:\\vox-style-xe-giay-v1-hyperframes\\hyperframes\\videos\\bo-cong-an-de-xuat-hoan-truy-cuu\\compositions\\caption-track.html",
        "bbox": {
          "x": 0,
          "y": 0,
          "width": 0,
          "height": 0
        },
        "time": 0,
        "fixHint": "Add a stable, human-readable id such as id=\"hero-title\" or id=\"scene-1-card\" to every timeline-visible element you want agents or Studio to edit."
      },
      {
        "code": "studio_missing_editable_id",
        "severity": "warning",
        "message": "<div class=\"caption-page\" data-start=\"47.000000\"> has no id, so Studio cannot use a stable edit target for its timeline and canvas controls.",
        "selector": "[data-composition-id]",
        "dataAttributes": {},
        "sourceFile": "C:\\vox-style-xe-giay-v1-hyperframes\\hyperframes\\videos\\bo-cong-an-de-xuat-hoan-truy-cuu\\compositions\\caption-track.html",
        "bbox": {
          "x": 0,
          "y": 0,
          "width": 0,
          "height": 0
        },
        "time": 0,
        "fixHint": "Add a stable, human-readable id such as id=\"hero-title\" or id=\"scene-1-card\" to every timeline-visible element you want agents or Studio to edit."
      },
      {
        "code": "studio_missing_editable_id",
        "severity": "warning",
        "message": "<div class=\"caption-page\" data-start=\"48.150000\"> has no id, so Studio cannot use a stable edit target for its timeline and canvas controls.",
        "selector": "[data-composition-id]",
        "dataAttributes": {},
        "sourceFile": "C:\\vox-style-xe-giay-v1-hyperframes\\hyperframes\\videos\\bo-cong-an-de-xuat-hoan-truy-cuu\\compositions\\caption-track.html",
        "bbox": {
          "x": 0,
          "y": 0,
          "width": 0,
          "height": 0
        },
        "time": 0,
        "fixHint": "Add a stable, human-readable id such as id=\"hero-title\" or id=\"scene-1-card\" to every timeline-visible element you want agents or Studio to edit."
      },
      {
        "code": "studio_missing_editable_id",
        "severity": "warning",
        "message": "<div class=\"caption-page\" data-start=\"48.970000\"> has no id, so Studio cannot use a stable edit target for its timeline and canvas controls.",
        "selector": "[data-composition-id]",
        "dataAttributes": {},
        "sourceFile": "C:\\vox-style-xe-giay-v1-hyperframes\\hyperframes\\videos\\bo-cong-an-de-xuat-hoan-truy-cuu\\compositions\\caption-track.html",
        "bbox": {
          "x": 0,
          "y": 0,
          "width": 0,
          "height": 0
        },
        "time": 0,
        "fixHint": "Add a stable, human-readable id such as id=\"hero-title\" or id=\"scene-1-card\" to every timeline-visible element you want agents or Studio to edit."
      },
      {
        "code": "studio_missing_editable_id",
        "severity": "warning",
        "message": "<div class=\"caption-page\" data-start=\"50.070000\"> has no id, so Studio cannot use a stable edit target for its timeline and canvas controls.",
        "selector": "[data-composition-id]",
        "dataAttributes": {},
        "sourceFile": "C:\\vox-style-xe-giay-v1-hyperframes\\hyperframes\\videos\\bo-cong-an-de-xuat-hoan-truy-cuu\\compositions\\caption-track.html",
        "bbox": {
          "x": 0,
          "y": 0,
          "width": 0,
          "height": 0
        },
        "time": 0,
        "fixHint": "Add a stable, human-readable id such as id=\"hero-title\" or id=\"scene-1-card\" to every timeline-visible element you want agents or Studio to edit."
      },
      {
        "code": "studio_missing_editable_id",
        "severity": "warning",
        "message": "<div class=\"caption-page\" data-start=\"51.400000\"> has no id, so Studio cannot use a stable edit target for its timeline and canvas controls.",
        "selector": "[data-composition-id]",
        "dataAttributes": {},
        "sourceFile": "C:\\vox-style-xe-giay-v1-hyperframes\\hyperframes\\videos\\bo-cong-an-de-xuat-hoan-truy-cuu\\compositions\\caption-track.html",
        "bbox": {
          "x": 0,
          "y": 0,
          "width": 0,
          "height": 0
        },
        "time": 0,
        "fixHint": "Add a stable, human-readable id such as id=\"hero-title\" or id=\"scene-1-card\" to every timeline-visible element you want agents or Studio to edit."
      },
      {
        "code": "studio_missing_editable_id",
        "severity": "warning",
        "message": "<div class=\"caption-page\" data-start=\"52.450000\"> has no id, so Studio cannot use a stable edit target for its timeline and canvas controls.",
        "selector": "[data-composition-id]",
        "dataAttributes": {},
        "sourceFile": "C:\\vox-style-xe-giay-v1-hyperframes\\hyperframes\\videos\\bo-cong-an-de-xuat-hoan-truy-cuu\\compositions\\caption-track.html",
        "bbox": {
          "x": 0,
          "y": 0,
          "width": 0,
          "height": 0
        },
        "time": 0,
        "fixHint": "Add a stable, human-readable id such as id=\"hero-title\" or id=\"scene-1-card\" to every timeline-visible element you want agents or Studio to edit."
      },
      {
        "code": "studio_missing_editable_id",
        "severity": "warning",
        "message": "<div class=\"caption-page\" data-start=\"53.440000\"> has no id, so Studio cannot use a stable edit target for its timeline and canvas controls.",
        "selector": "[data-composition-id]",
        "dataAttributes": {},
        "sourceFile": "C:\\vox-style-xe-giay-v1-hyperframes\\hyperframes\\videos\\bo-cong-an-de-xuat-hoan-truy-cuu\\compositions\\caption-track.html",
        "bbox": {
          "x": 0,
          "y": 0,
          "width": 0,
          "height": 0
        },
        "time": 0,
        "fixHint": "Add a stable, human-readable id such as id=\"hero-title\" or id=\"scene-1-card\" to every timeline-visible element you want agents or Studio to edit."
      },
      {
        "code": "studio_missing_editable_id",
        "severity": "warning",
        "message": "<div class=\"caption-page\" data-start=\"54.220000\"> has no id, so Studio cannot use a stable edit target for its timeline and canvas controls.",
        "selector": "[data-composition-id]",
        "dataAttributes": {},
        "sourceFile": "C:\\vox-style-xe-giay-v1-hyperframes\\hyperframes\\videos\\bo-cong-an-de-xuat-hoan-truy-cuu\\compositions\\caption-track.html",
        "bbox": {
          "x": 0,
          "y": 0,
          "width": 0,
          "height": 0
        },
        "time": 0,
        "fixHint": "Add a stable, human-readable id such as id=\"hero-title\" or id=\"scene-1-card\" to every timeline-visible element you want agents or Studio to edit."
      },
      {
        "code": "studio_missing_editable_id",
        "severity": "warning",
        "message": "<div class=\"caption-page\" data-start=\"55.090000\"> has no id, so Studio cannot use a stable edit target for its timeline and canvas controls.",
        "selector": "[data-composition-id]",
        "dataAttributes": {},
        "sourceFile": "C:\\vox-style-xe-giay-v1-hyperframes\\hyperframes\\videos\\bo-cong-an-de-xuat-hoan-truy-cuu\\compositions\\caption-track.html",
        "bbox": {
          "x": 0,
          "y": 0,
          "width": 0,
          "height": 0
        },
        "time": 0,
        "fixHint": "Add a stable, human-readable id such as id=\"hero-title\" or id=\"scene-1-card\" to every timeline-visible element you want agents or Studio to edit."
      },
      {
        "code": "studio_missing_editable_id",
        "severity": "warning",
        "message": "<div class=\"caption-page\" data-start=\"56.080000\"> has no id, so Studio cannot use a stable edit target for its timeline and canvas controls.",
        "selector": "[data-composition-id]",
        "dataAttributes": {},
        "sourceFile": "C:\\vox-style-xe-giay-v1-hyperframes\\hyperframes\\videos\\bo-cong-an-de-xuat-hoan-truy-cuu\\compositions\\caption-track.html",
        "bbox": {
          "x": 0,
          "y": 0,
          "width": 0,
          "height": 0
        },
        "time": 0,
        "fixHint": "Add a stable, human-readable id such as id=\"hero-title\" or id=\"scene-1-card\" to every timeline-visible element you want agents or Studio to edit."
      },
      {
        "code": "studio_missing_editable_id",
        "severity": "warning",
        "message": "<div class=\"caption-page\" data-start=\"57.400000\"> has no id, so Studio cannot use a stable edit target for its timeline and canvas controls.",
        "selector": "[data-composition-id]",
        "dataAttributes": {},
        "sourceFile": "C:\\vox-style-xe-giay-v1-hyperframes\\hyperframes\\videos\\bo-cong-an-de-xuat-hoan-truy-cuu\\compositions\\caption-track.html",
        "bbox": {
          "x": 0,
          "y": 0,
          "width": 0,
          "height": 0
        },
        "time": 0,
        "fixHint": "Add a stable, human-readable id such as id=\"hero-title\" or id=\"scene-1-card\" to every timeline-visible element you want agents or Studio to edit."
      },
      {
        "code": "studio_missing_editable_id",
        "severity": "warning",
        "message": "<div class=\"caption-page\" data-start=\"58.540000\"> has no id, so Studio cannot use a stable edit target for its timeline and canvas controls.",
        "selector": "[data-composition-id]",
        "dataAttributes": {},
        "sourceFile": "C:\\vox-style-xe-giay-v1-hyperframes\\hyperframes\\videos\\bo-cong-an-de-xuat-hoan-truy-cuu\\compositions\\caption-track.html",
        "bbox": {
          "x": 0,
          "y": 0,
          "width": 0,
          "height": 0
        },
        "time": 0,
        "fixHint": "Add a stable, human-readable id such as id=\"hero-title\" or id=\"scene-1-card\" to every timeline-visible element you want agents or Studio to edit."
      },
      {
        "code": "studio_missing_editable_id",
        "severity": "warning",
        "message": "<div class=\"caption-page\" data-start=\"59.350000\"> has no id, so Studio cannot use a stable edit target for its timeline and canvas controls.",
        "selector": "[data-composition-id]",
        "dataAttributes": {},
        "sourceFile": "C:\\vox-style-xe-giay-v1-hyperframes\\hyperframes\\videos\\bo-cong-an-de-xuat-hoan-truy-cuu\\compositions\\caption-track.html",
        "bbox": {
          "x": 0,
          "y": 0,
          "width": 0,
          "height": 0
        },
        "time": 0,
        "fixHint": "Add a stable, human-readable id such as id=\"hero-title\" or id=\"scene-1-card\" to every timeline-visible element you want agents or Studio to edit."
      },
      {
        "code": "studio_missing_editable_id",
        "severity": "warning",
        "message": "<div class=\"caption-page\" data-start=\"60.090000\"> has no id, so Studio cannot use a stable edit target for its timeline and canvas controls.",
        "selector": "[data-composition-id]",
        "dataAttributes": {},
        "sourceFile": "C:\\vox-style-xe-giay-v1-hyperframes\\hyperframes\\videos\\bo-cong-an-de-xuat-hoan-truy-cuu\\compositions\\caption-track.html",
        "bbox": {
          "x": 0,
          "y": 0,
          "width": 0,
          "height": 0
        },
        "time": 0,
        "fixHint": "Add a stable, human-readable id such as id=\"hero-title\" or id=\"scene-1-card\" to every timeline-visible element you want agents or Studio to edit."
      },
      {
        "code": "studio_missing_editable_id",
        "severity": "warning",
        "message": "<div class=\"caption-page\" data-start=\"60.800000\"> has no id, so Studio cannot use a stable edit target for its timeline and canvas controls.",
        "selector": "[data-composition-id]",
        "dataAttributes": {},
        "sourceFile": "C:\\vox-style-xe-giay-v1-hyperframes\\hyperframes\\videos\\bo-cong-an-de-xuat-hoan-truy-cuu\\compositions\\caption-track.html",
        "bbox": {
          "x": 0,
          "y": 0,
          "width": 0,
          "height": 0
        },
        "time": 0,
        "fixHint": "Add a stable, human-readable id such as id=\"hero-title\" or id=\"scene-1-card\" to every timeline-visible element you want agents or Studio to edit."
      },
      {
        "code": "studio_missing_editable_id",
        "severity": "warning",
        "message": "<div class=\"caption-page\" data-start=\"61.450000\"> has no id, so Studio cannot use a stable edit target for its timeline and canvas controls.",
        "selector": "[data-composition-id]",
        "dataAttributes": {},
        "sourceFile": "C:\\vox-style-xe-giay-v1-hyperframes\\hyperframes\\videos\\bo-cong-an-de-xuat-hoan-truy-cuu\\compositions\\caption-track.html",
        "bbox": {
          "x": 0,
          "y": 0,
          "width": 0,
          "height": 0
        },
        "time": 0,
        "fixHint": "Add a stable, human-readable id such as id=\"hero-title\" or id=\"scene-1-card\" to every timeline-visible element you want agents or Studio to edit."
      },
      {
        "code": "studio_missing_editable_id",
        "severity": "warning",
        "message": "<div class=\"caption-page\" data-start=\"62.250000\"> has no id, so Studio cannot use a stable edit target for its timeline and canvas controls.",
        "selector": "[data-composition-id]",
        "dataAttributes": {},
        "sourceFile": "C:\\vox-style-xe-giay-v1-hyperframes\\hyperframes\\videos\\bo-cong-an-de-xuat-hoan-truy-cuu\\compositions\\caption-track.html",
        "bbox": {
          "x": 0,
          "y": 0,
          "width": 0,
          "height": 0
        },
        "time": 0,
        "fixHint": "Add a stable, human-readable id such as id=\"hero-title\" or id=\"scene-1-card\" to every timeline-visible element you want agents or Studio to edit."
      },
      {
        "code": "studio_missing_editable_id",
        "severity": "warning",
        "message": "<div class=\"caption-page\" data-start=\"63.200000\"> has no id, so Studio cannot use a stable edit target for its timeline and canvas controls.",
        "selector": "[data-composition-id]",
        "dataAttributes": {},
        "sourceFile": "C:\\vox-style-xe-giay-v1-hyperframes\\hyperframes\\videos\\bo-cong-an-de-xuat-hoan-truy-cuu\\compositions\\caption-track.html",
        "bbox": {
          "x": 0,
          "y": 0,
          "width": 0,
          "height": 0
        },
        "time": 0,
        "fixHint": "Add a stable, human-readable id such as id=\"hero-title\" or id=\"scene-1-card\" to every timeline-visible element you want agents or Studio to edit."
      },
      {
        "code": "studio_missing_editable_id",
        "severity": "warning",
        "message": "<div class=\"caption-page\" data-start=\"64.160000\"> has no id, so Studio cannot use a stable edit target for its timeline and canvas controls.",
        "selector": "[data-composition-id]",
        "dataAttributes": {},
        "sourceFile": "C:\\vox-style-xe-giay-v1-hyperframes\\hyperframes\\videos\\bo-cong-an-de-xuat-hoan-truy-cuu\\compositions\\caption-track.html",
        "bbox": {
          "x": 0,
          "y": 0,
          "width": 0,
          "height": 0
        },
        "time": 0,
        "fixHint": "Add a stable, human-readable id such as id=\"hero-title\" or id=\"scene-1-card\" to every timeline-visible element you want agents or Studio to edit."
      },
      {
        "code": "studio_missing_editable_id",
        "severity": "warning",
        "message": "<div class=\"caption-page\" data-start=\"65.220000\"> has no id, so Studio cannot use a stable edit target for its timeline and canvas controls.",
        "selector": "[data-composition-id]",
        "dataAttributes": {},
        "sourceFile": "C:\\vox-style-xe-giay-v1-hyperframes\\hyperframes\\videos\\bo-cong-an-de-xuat-hoan-truy-cuu\\compositions\\caption-track.html",
        "bbox": {
          "x": 0,
          "y": 0,
          "width": 0,
          "height": 0
        },
        "time": 0,
        "fixHint": "Add a stable, human-readable id such as id=\"hero-title\" or id=\"scene-1-card\" to every timeline-visible element you want agents or Studio to edit."
      },
      {
        "code": "studio_missing_editable_id",
        "severity": "warning",
        "message": "<div class=\"caption-page\" data-start=\"66.110000\"> has no id, so Studio cannot use a stable edit target for its timeline and canvas controls.",
        "selector": "[data-composition-id]",
        "dataAttributes": {},
        "sourceFile": "C:\\vox-style-xe-giay-v1-hyperframes\\hyperframes\\videos\\bo-cong-an-de-xuat-hoan-truy-cuu\\compositions\\caption-track.html",
        "bbox": {
          "x": 0,
          "y": 0,
          "width": 0,
          "height": 0
        },
        "time": 0,
        "fixHint": "Add a stable, human-readable id such as id=\"hero-title\" or id=\"scene-1-card\" to every timeline-visible element you want agents or Studio to edit."
      },
      {
        "code": "studio_missing_editable_id",
        "severity": "warning",
        "message": "<div class=\"caption-page\" data-start=\"66.600000\"> has no id, so Studio cannot use a stable edit target for its timeline and canvas controls.",
        "selector": "[data-composition-id]",
        "dataAttributes": {},
        "sourceFile": "C:\\vox-style-xe-giay-v1-hyperframes\\hyperframes\\videos\\bo-cong-an-de-xuat-hoan-truy-cuu\\compositions\\caption-track.html",
        "bbox": {
          "x": 0,
          "y": 0,
          "width": 0,
          "height": 0
        },
        "time": 0,
        "fixHint": "Add a stable, human-readable id such as id=\"hero-title\" or id=\"scene-1-card\" to every timeline-visible element you want agents or Studio to edit."
      },
      {
        "code": "studio_missing_editable_id",
        "severity": "warning",
        "message": "<div class=\"caption-page\" data-start=\"67.320000\"> has no id, so Studio cannot use a stable edit target for its timeline and canvas controls.",
        "selector": "[data-composition-id]",
        "dataAttributes": {},
        "sourceFile": "C:\\vox-style-xe-giay-v1-hyperframes\\hyperframes\\videos\\bo-cong-an-de-xuat-hoan-truy-cuu\\compositions\\caption-track.html",
        "bbox": {
          "x": 0,
          "y": 0,
          "width": 0,
          "height": 0
        },
        "time": 0,
        "fixHint": "Add a stable, human-readable id such as id=\"hero-title\" or id=\"scene-1-card\" to every timeline-visible element you want agents or Studio to edit."
      },
      {
        "code": "studio_missing_editable_id",
        "severity": "warning",
        "message": "<div class=\"caption-page\" data-start=\"68.410000\"> has no id, so Studio cannot use a stable edit target for its timeline and canvas controls.",
        "selector": "[data-composition-id]",
        "dataAttributes": {},
        "sourceFile": "C:\\vox-style-xe-giay-v1-hyperframes\\hyperframes\\videos\\bo-cong-an-de-xuat-hoan-truy-cuu\\compositions\\caption-track.html",
        "bbox": {
          "x": 0,
          "y": 0,
          "width": 0,
          "height": 0
        },
        "time": 0,
        "fixHint": "Add a stable, human-readable id such as id=\"hero-title\" or id=\"scene-1-card\" to every timeline-visible element you want agents or Studio to edit."
      },
      {
        "code": "studio_missing_editable_id",
        "severity": "warning",
        "message": "<div class=\"caption-page\" data-start=\"69.070000\"> has no id, so Studio cannot use a stable edit target for its timeline and canvas controls.",
        "selector": "[data-composition-id]",
        "dataAttributes": {},
        "sourceFile": "C:\\vox-style-xe-giay-v1-hyperframes\\hyperframes\\videos\\bo-cong-an-de-xuat-hoan-truy-cuu\\compositions\\caption-track.html",
        "bbox": {
          "x": 0,
          "y": 0,
          "width": 0,
          "height": 0
        },
        "time": 0,
        "fixHint": "Add a stable, human-readable id such as id=\"hero-title\" or id=\"scene-1-card\" to every timeline-visible element you want agents or Studio to edit."
      },
      {
        "code": "studio_missing_editable_id",
        "severity": "warning",
        "message": "<div class=\"caption-page\" data-start=\"69.950000\"> has no id, so Studio cannot use a stable edit target for its timeline and canvas controls.",
        "selector": "[data-composition-id]",
        "dataAttributes": {},
        "sourceFile": "C:\\vox-style-xe-giay-v1-hyperframes\\hyperframes\\videos\\bo-cong-an-de-xuat-hoan-truy-cuu\\compositions\\caption-track.html",
        "bbox": {
          "x": 0,
          "y": 0,
          "width": 0,
          "height": 0
        },
        "time": 0,
        "fixHint": "Add a stable, human-readable id such as id=\"hero-title\" or id=\"scene-1-card\" to every timeline-visible element you want agents or Studio to edit."
      },
      {
        "code": "studio_missing_editable_id",
        "severity": "warning",
        "message": "<div class=\"caption-page\" data-start=\"70.870000\"> has no id, so Studio cannot use a stable edit target for its timeline and canvas controls.",
        "selector": "[data-composition-id]",
        "dataAttributes": {},
        "sourceFile": "C:\\vox-style-xe-giay-v1-hyperframes\\hyperframes\\videos\\bo-cong-an-de-xuat-hoan-truy-cuu\\compositions\\caption-track.html",
        "bbox": {
          "x": 0,
          "y": 0,
          "width": 0,
          "height": 0
        },
        "time": 0,
        "fixHint": "Add a stable, human-readable id such as id=\"hero-title\" or id=\"scene-1-card\" to every timeline-visible element you want agents or Studio to edit."
      },
      {
        "code": "studio_missing_editable_id",
        "severity": "warning",
        "message": "<div class=\"caption-page\" data-start=\"71.890000\"> has no id, so Studio cannot use a stable edit target for its timeline and canvas controls.",
        "selector": "[data-composition-id]",
        "dataAttributes": {},
        "sourceFile": "C:\\vox-style-xe-giay-v1-hyperframes\\hyperframes\\videos\\bo-cong-an-de-xuat-hoan-truy-cuu\\compositions\\caption-track.html",
        "bbox": {
          "x": 0,
          "y": 0,
          "width": 0,
          "height": 0
        },
        "time": 0,
        "fixHint": "Add a stable, human-readable id such as id=\"hero-title\" or id=\"scene-1-card\" to every timeline-visible element you want agents or Studio to edit."
      },
      {
        "code": "studio_missing_editable_id",
        "severity": "warning",
        "message": "<div class=\"caption-page\" data-start=\"72.620000\"> has no id, so Studio cannot use a stable edit target for its timeline and canvas controls.",
        "selector": "[data-composition-id]",
        "dataAttributes": {},
        "sourceFile": "C:\\vox-style-xe-giay-v1-hyperframes\\hyperframes\\videos\\bo-cong-an-de-xuat-hoan-truy-cuu\\compositions\\caption-track.html",
        "bbox": {
          "x": 0,
          "y": 0,
          "width": 0,
          "height": 0
        },
        "time": 0,
        "fixHint": "Add a stable, human-readable id such as id=\"hero-title\" or id=\"scene-1-card\" to every timeline-visible element you want agents or Studio to edit."
      },
      {
        "code": "studio_missing_editable_id",
        "severity": "warning",
        "message": "<div class=\"caption-page\" data-start=\"73.680000\"> has no id, so Studio cannot use a stable edit target for its timeline and canvas controls.",
        "selector": "[data-composition-id]",
        "dataAttributes": {},
        "sourceFile": "C:\\vox-style-xe-giay-v1-hyperframes\\hyperframes\\videos\\bo-cong-an-de-xuat-hoan-truy-cuu\\compositions\\caption-track.html",
        "bbox": {
          "x": 0,
          "y": 0,
          "width": 0,
          "height": 0
        },
        "time": 0,
        "fixHint": "Add a stable, human-readable id such as id=\"hero-title\" or id=\"scene-1-card\" to every timeline-visible element you want agents or Studio to edit."
      },
      {
        "code": "studio_missing_editable_id",
        "severity": "warning",
        "message": "<div class=\"caption-page\" data-start=\"74.800000\"> has no id, so Studio cannot use a stable edit target for its timeline and canvas controls.",
        "selector": "[data-composition-id]",
        "dataAttributes": {},
        "sourceFile": "C:\\vox-style-xe-giay-v1-hyperframes\\hyperframes\\videos\\bo-cong-an-de-xuat-hoan-truy-cuu\\compositions\\caption-track.html",
        "bbox": {
          "x": 0,
          "y": 0,
          "width": 0,
          "height": 0
        },
        "time": 0,
        "fixHint": "Add a stable, human-readable id such as id=\"hero-title\" or id=\"scene-1-card\" to every timeline-visible element you want agents or Studio to edit."
      },
      {
        "code": "studio_missing_editable_id",
        "severity": "warning",
        "message": "<div class=\"caption-page\" data-start=\"75.730000\"> has no id, so Studio cannot use a stable edit target for its timeline and canvas controls.",
        "selector": "[data-composition-id]",
        "dataAttributes": {},
        "sourceFile": "C:\\vox-style-xe-giay-v1-hyperframes\\hyperframes\\videos\\bo-cong-an-de-xuat-hoan-truy-cuu\\compositions\\caption-track.html",
        "bbox": {
          "x": 0,
          "y": 0,
          "width": 0,
          "height": 0
        },
        "time": 0,
        "fixHint": "Add a stable, human-readable id such as id=\"hero-title\" or id=\"scene-1-card\" to every timeline-visible element you want agents or Studio to edit."
      },
      {
        "code": "studio_missing_editable_id",
        "severity": "warning",
        "message": "<div class=\"caption-page\" data-start=\"76.490000\"> has no id, so Studio cannot use a stable edit target for its timeline and canvas controls.",
        "selector": "[data-composition-id]",
        "dataAttributes": {},
        "sourceFile": "C:\\vox-style-xe-giay-v1-hyperframes\\hyperframes\\videos\\bo-cong-an-de-xuat-hoan-truy-cuu\\compositions\\caption-track.html",
        "bbox": {
          "x": 0,
          "y": 0,
          "width": 0,
          "height": 0
        },
        "time": 0,
        "fixHint": "Add a stable, human-readable id such as id=\"hero-title\" or id=\"scene-1-card\" to every timeline-visible element you want agents or Studio to edit."
      },
      {
        "code": "studio_missing_editable_id",
        "severity": "warning",
        "message": "<div class=\"caption-page\" data-start=\"77.250000\"> has no id, so Studio cannot use a stable edit target for its timeline and canvas controls.",
        "selector": "[data-composition-id]",
        "dataAttributes": {},
        "sourceFile": "C:\\vox-style-xe-giay-v1-hyperframes\\hyperframes\\videos\\bo-cong-an-de-xuat-hoan-truy-cuu\\compositions\\caption-track.html",
        "bbox": {
          "x": 0,
          "y": 0,
          "width": 0,
          "height": 0
        },
        "time": 0,
        "fixHint": "Add a stable, human-readable id such as id=\"hero-title\" or id=\"scene-1-card\" to every timeline-visible element you want agents or Studio to edit."
      },
      {
        "code": "studio_missing_editable_id",
        "severity": "warning",
        "message": "<div class=\"caption-page\" data-start=\"77.800000\"> has no id, so Studio cannot use a stable edit target for its timeline and canvas controls.",
        "selector": "[data-composition-id]",
        "dataAttributes": {},
        "sourceFile": "C:\\vox-style-xe-giay-v1-hyperframes\\hyperframes\\videos\\bo-cong-an-de-xuat-hoan-truy-cuu\\compositions\\caption-track.html",
        "bbox": {
          "x": 0,
          "y": 0,
          "width": 0,
          "height": 0
        },
        "time": 0,
        "fixHint": "Add a stable, human-readable id such as id=\"hero-title\" or id=\"scene-1-card\" to every timeline-visible element you want agents or Studio to edit."
      },
      {
        "code": "studio_missing_editable_id",
        "severity": "warning",
        "message": "<div class=\"caption-page\" data-start=\"78.790000\"> has no id, so Studio cannot use a stable edit target for its timeline and canvas controls.",
        "selector": "[data-composition-id]",
        "dataAttributes": {},
        "sourceFile": "C:\\vox-style-xe-giay-v1-hyperframes\\hyperframes\\videos\\bo-cong-an-de-xuat-hoan-truy-cuu\\compositions\\caption-track.html",
        "bbox": {
          "x": 0,
          "y": 0,
          "width": 0,
          "height": 0
        },
        "time": 0,
        "fixHint": "Add a stable, human-readable id such as id=\"hero-title\" or id=\"scene-1-card\" to every timeline-visible element you want agents or Studio to edit."
      },
      {
        "code": "studio_missing_editable_id",
        "severity": "warning",
        "message": "<div class=\"caption-page\" data-start=\"79.780000\"> has no id, so Studio cannot use a stable edit target for its timeline and canvas controls.",
        "selector": "[data-composition-id]",
        "dataAttributes": {},
        "sourceFile": "C:\\vox-style-xe-giay-v1-hyperframes\\hyperframes\\videos\\bo-cong-an-de-xuat-hoan-truy-cuu\\compositions\\caption-track.html",
        "bbox": {
          "x": 0,
          "y": 0,
          "width": 0,
          "height": 0
        },
        "time": 0,
        "fixHint": "Add a stable, human-readable id such as id=\"hero-title\" or id=\"scene-1-card\" to every timeline-visible element you want agents or Studio to edit."
      },
      {
        "code": "studio_missing_editable_id",
        "severity": "warning",
        "message": "<div class=\"caption-page\" data-start=\"80.710000\"> has no id, so Studio cannot use a stable edit target for its timeline and canvas controls.",
        "selector": "[data-composition-id]",
        "dataAttributes": {},
        "sourceFile": "C:\\vox-style-xe-giay-v1-hyperframes\\hyperframes\\videos\\bo-cong-an-de-xuat-hoan-truy-cuu\\compositions\\caption-track.html",
        "bbox": {
          "x": 0,
          "y": 0,
          "width": 0,
          "height": 0
        },
        "time": 0,
        "fixHint": "Add a stable, human-readable id such as id=\"hero-title\" or id=\"scene-1-card\" to every timeline-visible element you want agents or Studio to edit."
      },
      {
        "code": "studio_missing_editable_id",
        "severity": "warning",
        "message": "<div class=\"caption-page\" data-start=\"81.700000\"> has no id, so Studio cannot use a stable edit target for its timeline and canvas controls.",
        "selector": "[data-composition-id]",
        "dataAttributes": {},
        "sourceFile": "C:\\vox-style-xe-giay-v1-hyperframes\\hyperframes\\videos\\bo-cong-an-de-xuat-hoan-truy-cuu\\compositions\\caption-track.html",
        "bbox": {
          "x": 0,
          "y": 0,
          "width": 0,
          "height": 0
        },
        "time": 0,
        "fixHint": "Add a stable, human-readable id such as id=\"hero-title\" or id=\"scene-1-card\" to every timeline-visible element you want agents or Studio to edit."
      },
      {
        "code": "studio_missing_editable_id",
        "severity": "warning",
        "message": "<div class=\"caption-page\" data-start=\"82.650000\"> has no id, so Studio cannot use a stable edit target for its timeline and canvas controls.",
        "selector": "[data-composition-id]",
        "dataAttributes": {},
        "sourceFile": "C:\\vox-style-xe-giay-v1-hyperframes\\hyperframes\\videos\\bo-cong-an-de-xuat-hoan-truy-cuu\\compositions\\caption-track.html",
        "bbox": {
          "x": 0,
          "y": 0,
          "width": 0,
          "height": 0
        },
        "time": 0,
        "fixHint": "Add a stable, human-readable id such as id=\"hero-title\" or id=\"scene-1-card\" to every timeline-visible element you want agents or Studio to edit."
      },
      {
        "code": "studio_missing_editable_id",
        "severity": "warning",
        "message": "<div class=\"caption-page\" data-start=\"83.480000\"> has no id, so Studio cannot use a stable edit target for its timeline and canvas controls.",
        "selector": "[data-composition-id]",
        "dataAttributes": {},
        "sourceFile": "C:\\vox-style-xe-giay-v1-hyperframes\\hyperframes\\videos\\bo-cong-an-de-xuat-hoan-truy-cuu\\compositions\\caption-track.html",
        "bbox": {
          "x": 0,
          "y": 0,
          "width": 0,
          "height": 0
        },
        "time": 0,
        "fixHint": "Add a stable, human-readable id such as id=\"hero-title\" or id=\"scene-1-card\" to every timeline-visible element you want agents or Studio to edit."
      },
      {
        "code": "studio_missing_editable_id",
        "severity": "warning",
        "message": "<div class=\"caption-page\" data-start=\"84.380000\"> has no id, so Studio cannot use a stable edit target for its timeline and canvas controls.",
        "selector": "[data-composition-id]",
        "dataAttributes": {},
        "sourceFile": "C:\\vox-style-xe-giay-v1-hyperframes\\hyperframes\\videos\\bo-cong-an-de-xuat-hoan-truy-cuu\\compositions\\caption-track.html",
        "bbox": {
          "x": 0,
          "y": 0,
          "width": 0,
          "height": 0
        },
        "time": 0,
        "fixHint": "Add a stable, human-readable id such as id=\"hero-title\" or id=\"scene-1-card\" to every timeline-visible element you want agents or Studio to edit."
      },
      {
        "code": "studio_missing_editable_id",
        "severity": "warning",
        "message": "<div class=\"caption-page\" data-start=\"85.230000\"> has no id, so Studio cannot use a stable edit target for its timeline and canvas controls.",
        "selector": "[data-composition-id]",
        "dataAttributes": {},
        "sourceFile": "C:\\vox-style-xe-giay-v1-hyperframes\\hyperframes\\videos\\bo-cong-an-de-xuat-hoan-truy-cuu\\compositions\\caption-track.html",
        "bbox": {
          "x": 0,
          "y": 0,
          "width": 0,
          "height": 0
        },
        "time": 0,
        "fixHint": "Add a stable, human-readable id such as id=\"hero-title\" or id=\"scene-1-card\" to every timeline-visible element you want agents or Studio to edit."
      },
      {
        "code": "studio_missing_editable_id",
        "severity": "warning",
        "message": "<div class=\"caption-page\" data-start=\"85.800000\"> has no id, so Studio cannot use a stable edit target for its timeline and canvas controls.",
        "selector": "[data-composition-id]",
        "dataAttributes": {},
        "sourceFile": "C:\\vox-style-xe-giay-v1-hyperframes\\hyperframes\\videos\\bo-cong-an-de-xuat-hoan-truy-cuu\\compositions\\caption-track.html",
        "bbox": {
          "x": 0,
          "y": 0,
          "width": 0,
          "height": 0
        },
        "time": 0,
        "fixHint": "Add a stable, human-readable id such as id=\"hero-title\" or id=\"scene-1-card\" to every timeline-visible element you want agents or Studio to edit."
      },
      {
        "code": "studio_missing_editable_id",
        "severity": "warning",
        "message": "<div class=\"caption-page\" data-start=\"87.010000\"> has no id, so Studio cannot use a stable edit target for its timeline and canvas controls.",
        "selector": "[data-composition-id]",
        "dataAttributes": {},
        "sourceFile": "C:\\vox-style-xe-giay-v1-hyperframes\\hyperframes\\videos\\bo-cong-an-de-xuat-hoan-truy-cuu\\compositions\\caption-track.html",
        "bbox": {
          "x": 0,
          "y": 0,
          "width": 0,
          "height": 0
        },
        "time": 0,
        "fixHint": "Add a stable, human-readable id such as id=\"hero-title\" or id=\"scene-1-card\" to every timeline-visible element you want agents or Studio to edit."
      },
      {
        "code": "studio_missing_editable_id",
        "severity": "warning",
        "message": "<div class=\"caption-page\" data-start=\"88.220000\"> has no id, so Studio cannot use a stable edit target for its timeline and canvas controls.",
        "selector": "[data-composition-id]",
        "dataAttributes": {},
        "sourceFile": "C:\\vox-style-xe-giay-v1-hyperframes\\hyperframes\\videos\\bo-cong-an-de-xuat-hoan-truy-cuu\\compositions\\caption-track.html",
        "bbox": {
          "x": 0,
          "y": 0,
          "width": 0,
          "height": 0
        },
        "time": 0,
        "fixHint": "Add a stable, human-readable id such as id=\"hero-title\" or id=\"scene-1-card\" to every timeline-visible element you want agents or Studio to edit."
      },
      {
        "code": "studio_missing_editable_id",
        "severity": "warning",
        "message": "<div class=\"caption-page\" data-start=\"89.460000\"> has no id, so Studio cannot use a stable edit target for its timeline and canvas controls.",
        "selector": "[data-composition-id]",
        "dataAttributes": {},
        "sourceFile": "C:\\vox-style-xe-giay-v1-hyperframes\\hyperframes\\videos\\bo-cong-an-de-xuat-hoan-truy-cuu\\compositions\\caption-track.html",
        "bbox": {
          "x": 0,
          "y": 0,
          "width": 0,
          "height": 0
        },
        "time": 0,
        "fixHint": "Add a stable, human-readable id such as id=\"hero-title\" or id=\"scene-1-card\" to every timeline-visible element you want agents or Studio to edit."
      },
      {
        "code": "studio_missing_editable_id",
        "severity": "warning",
        "message": "<div class=\"caption-page\" data-start=\"90.240000\"> has no id, so Studio cannot use a stable edit target for its timeline and canvas controls.",
        "selector": "[data-composition-id]",
        "dataAttributes": {},
        "sourceFile": "C:\\vox-style-xe-giay-v1-hyperframes\\hyperframes\\videos\\bo-cong-an-de-xuat-hoan-truy-cuu\\compositions\\caption-track.html",
        "bbox": {
          "x": 0,
          "y": 0,
          "width": 0,
          "height": 0
        },
        "time": 0,
        "fixHint": "Add a stable, human-readable id such as id=\"hero-title\" or id=\"scene-1-card\" to every timeline-visible element you want agents or Studio to edit."
      },
      {
        "code": "studio_missing_editable_id",
        "severity": "warning",
        "message": "<div class=\"caption-page\" data-start=\"91.360000\"> has no id, so Studio cannot use a stable edit target for its timeline and canvas controls.",
        "selector": "[data-composition-id]",
        "dataAttributes": {},
        "sourceFile": "C:\\vox-style-xe-giay-v1-hyperframes\\hyperframes\\videos\\bo-cong-an-de-xuat-hoan-truy-cuu\\compositions\\caption-track.html",
        "bbox": {
          "x": 0,
          "y": 0,
          "width": 0,
          "height": 0
        },
        "time": 0,
        "fixHint": "Add a stable, human-readable id such as id=\"hero-title\" or id=\"scene-1-card\" to every timeline-visible element you want agents or Studio to edit."
      },
      {
        "code": "studio_missing_editable_id",
        "severity": "warning",
        "message": "<div class=\"caption-page\" data-start=\"91.800000\"> has no id, so Studio cannot use a stable edit target for its timeline and canvas controls.",
        "selector": "[data-composition-id]",
        "dataAttributes": {},
        "sourceFile": "C:\\vox-style-xe-giay-v1-hyperframes\\hyperframes\\videos\\bo-cong-an-de-xuat-hoan-truy-cuu\\compositions\\caption-track.html",
        "bbox": {
          "x": 0,
          "y": 0,
          "width": 0,
          "height": 0
        },
        "time": 0,
        "fixHint": "Add a stable, human-readable id such as id=\"hero-title\" or id=\"scene-1-card\" to every timeline-visible element you want agents or Studio to edit."
      },
      {
        "code": "studio_missing_editable_id",
        "severity": "warning",
        "message": "<div class=\"caption-page\" data-start=\"93.500000\"> has no id, so Studio cannot use a stable edit target for its timeline and canvas controls.",
        "selector": "[data-composition-id]",
        "dataAttributes": {},
        "sourceFile": "C:\\vox-style-xe-giay-v1-hyperframes\\hyperframes\\videos\\bo-cong-an-de-xuat-hoan-truy-cuu\\compositions\\caption-track.html",
        "bbox": {
          "x": 0,
          "y": 0,
          "width": 0,
          "height": 0
        },
        "time": 0,
        "fixHint": "Add a stable, human-readable id such as id=\"hero-title\" or id=\"scene-1-card\" to every timeline-visible element you want agents or Studio to edit."
      },
      {
        "code": "composition_file_too_large",
        "severity": "warning",
        "message": "This HTML composition file has 475 lines. Smaller sub-compositions are easier to read, iterate on, and diff.",
        "selector": "[data-composition-id]",
        "dataAttributes": {},
        "sourceFile": "C:\\vox-style-xe-giay-v1-hyperframes\\hyperframes\\videos\\bo-cong-an-de-xuat-hoan-truy-cuu\\compositions\\caption-track.html",
        "bbox": {
          "x": 0,
          "y": 0,
          "width": 0,
          "height": 0
        },
        "time": 0,
        "fixHint": "Split this sub-composition further into smaller .html files, then mount them from the parent with data-composition-src so each file stays small enough to inspect, revise, and validate independently."
      },
      {
        "code": "composition_file_too_large",
        "severity": "warning",
        "message": "This HTML composition file has 319 lines. Smaller sub-compositions are easier to read, iterate on, and diff.",
        "selector": "[data-composition-id]",
        "dataAttributes": {},
        "sourceFile": "C:\\vox-style-xe-giay-v1-hyperframes\\hyperframes\\videos\\bo-cong-an-de-xuat-hoan-truy-cuu\\compositions\\scene-s03.html",
        "bbox": {
          "x": 0,
          "y": 0,
          "width": 0,
          "height": 0
        },
        "time": 0,
        "fixHint": "Split this sub-composition further into smaller .html files, then mount them from the parent with data-composition-src so each file stays small enough to inspect, revise, and validate independently."
      },
      {
        "code": "gsap_repeated_fromto_without_baseline",
        "severity": "warning",
        "message": "2 tl.fromTo() calls target \"#warning-badge\" with no stable baseline. The last-authored fromTo \"from\" values become the element's resting state for any seek before the first tween actually runs, because GSAP applies fromTo from-values at authoring time (immediateRender), not at tween position.",
        "selector": "#warning-badge",
        "dataAttributes": {},
        "sourceFile": "C:\\vox-style-xe-giay-v1-hyperframes\\hyperframes\\videos\\bo-cong-an-de-xuat-hoan-truy-cuu\\compositions\\scene-s06.html",
        "bbox": {
          "x": 0,
          "y": 0,
          "width": 0,
          "height": 0
        },
        "time": 0,
        "fixHint": "Add `immediateRender: false` to the destination vars of each future fromTo, or set a safe resting state with an earlier `tl.set(\"#warning-badge\", { ... }, 0)`. Pre-first-tween seeks must not inherit whichever fromTo call happened to author last."
      },
      {
        "code": "gsap_repeated_fromto_without_baseline",
        "severity": "warning",
        "message": "3 tl.fromTo() calls target \"#video-wrapper\" with no stable baseline. The last-authored fromTo \"from\" values become the element's resting state for any seek before the first tween actually runs, because GSAP applies fromTo from-values at authoring time (immediateRender), not at tween position.",
        "selector": "#video-wrapper",
        "dataAttributes": {},
        "sourceFile": "C:\\vox-style-xe-giay-v1-hyperframes\\hyperframes\\videos\\bo-cong-an-de-xuat-hoan-truy-cuu\\compositions\\scene-s07.html",
        "bbox": {
          "x": 0,
          "y": 0,
          "width": 0,
          "height": 0
        },
        "time": 0,
        "fixHint": "Add `immediateRender: false` to the destination vars of each future fromTo, or set a safe resting state with an earlier `tl.set(\"#video-wrapper\", { ... }, 0)`. Pre-first-tween seeks must not inherit whichever fromTo call happened to author last."
      },
      {
        "code": "gsap_timeline_set_initial_hide",
        "severity": "warning",
        "message": "Initial hidden state for \"#punch-container\" is set via tl.set(...) at position 0 inside the paused timeline. A zero-duration set at 0 does not render while the playhead sits exactly at 0, so frame 0 shows the un-hidden state.",
        "selector": "#punch-container",
        "dataAttributes": {},
        "sourceFile": "C:\\vox-style-xe-giay-v1-hyperframes\\hyperframes\\videos\\bo-cong-an-de-xuat-hoan-truy-cuu\\compositions\\scene-s09.html",
        "bbox": {
          "x": 0,
          "y": 0,
          "width": 0,
          "height": 0
        },
        "time": 0,
        "fixHint": "Use gsap.set(...) (immediate, outside the timeline) for initial states, or author the hidden state directly in CSS/attributes."
      },
      {
        "code": "gsap_timeline_set_initial_hide",
        "severity": "warning",
        "message": "Initial hidden state for \"#hero-card-container\" is set via tl.set(...) at position 0 inside the paused timeline. A zero-duration set at 0 does not render while the playhead sits exactly at 0, so frame 0 shows the un-hidden state.",
        "selector": "#hero-card-container",
        "dataAttributes": {},
        "sourceFile": "C:\\vox-style-xe-giay-v1-hyperframes\\hyperframes\\videos\\bo-cong-an-de-xuat-hoan-truy-cuu\\compositions\\scene-s09.html",
        "bbox": {
          "x": 0,
          "y": 0,
          "width": 0,
          "height": 0
        },
        "time": 0,
        "fixHint": "Use gsap.set(...) (immediate, outside the timeline) for initial states, or author the hidden state directly in CSS/attributes."
      },
      {
        "code": "gsap_timeline_set_initial_hide",
        "severity": "warning",
        "message": "Initial hidden state for \"#data-board-container\" is set via tl.set(...) at position 0 inside the paused timeline. A zero-duration set at 0 does not render while the playhead sits exactly at 0, so frame 0 shows the un-hidden state.",
        "selector": "#data-board-container",
        "dataAttributes": {},
        "sourceFile": "C:\\vox-style-xe-giay-v1-hyperframes\\hyperframes\\videos\\bo-cong-an-de-xuat-hoan-truy-cuu\\compositions\\scene-s09.html",
        "bbox": {
          "x": 0,
          "y": 0,
          "width": 0,
          "height": 0
        },
        "time": 0,
        "fixHint": "Use gsap.set(...) (immediate, outside the timeline) for initial states, or author the hidden state directly in CSS/attributes."
      },
      {
        "code": "gsap_timeline_set_initial_hide",
        "severity": "warning",
        "message": "Initial hidden state for \"#money-badge\" is set via tl.set(...) at position 0 inside the paused timeline. A zero-duration set at 0 does not render while the playhead sits exactly at 0, so frame 0 shows the un-hidden state.",
        "selector": "#money-badge",
        "dataAttributes": {},
        "sourceFile": "C:\\vox-style-xe-giay-v1-hyperframes\\hyperframes\\videos\\bo-cong-an-de-xuat-hoan-truy-cuu\\compositions\\scene-s09.html",
        "bbox": {
          "x": 0,
          "y": 0,
          "width": 0,
          "height": 0
        },
        "time": 0,
        "fixHint": "Use gsap.set(...) (immediate, outside the timeline) for initial states, or author the hidden state directly in CSS/attributes."
      },
      {
        "code": "gsap_timeline_set_initial_hide",
        "severity": "warning",
        "message": "Initial hidden state for \"#restitution-stamp\" is set via tl.set(...) at position 0 inside the paused timeline. A zero-duration set at 0 does not render while the playhead sits exactly at 0, so frame 0 shows the un-hidden state.",
        "selector": "#restitution-stamp",
        "dataAttributes": {},
        "sourceFile": "C:\\vox-style-xe-giay-v1-hyperframes\\hyperframes\\videos\\bo-cong-an-de-xuat-hoan-truy-cuu\\compositions\\scene-s09.html",
        "bbox": {
          "x": 0,
          "y": 0,
          "width": 0,
          "height": 0
        },
        "time": 0,
        "fixHint": "Use gsap.set(...) (immediate, outside the timeline) for initial states, or author the hidden state directly in CSS/attributes."
      }
    ],
    "filesScanned": 14
  },
  "runtime": {
    "ok": true,
    "errorCount": 0,
    "warningCount": 0,
    "infoCount": 0,
    "findings": []
  },
  "layout": {
    "ok": true,
    "errorCount": 0,
    "warningCount": 5,
    "infoCount": 33,
    "findings": [
      {
        "code": "container_overflow",
        "severity": "warning",
        "time": 3.896,
        "selector": "#img-pan-box",
        "message": "Element extends outside a clipping layout container.",
        "rect": {
          "left": -40,
          "top": -40,
          "right": 1120,
          "bottom": 1960,
          "width": 1160,
          "height": 2000
        },
        "containerSelector": "#shot-2-clip",
        "fixHint": "Resize/reposition the child or container, or mark intentional overflow with data-layout-allow-overflow.",
        "containerRect": {
          "left": 0,
          "top": 0,
          "right": 1080,
          "bottom": 1920,
          "width": 1080,
          "height": 1920
        },
        "overflow": {
          "left": 40,
          "right": 40,
          "top": 40,
          "bottom": 40
        },
        "dataAttributes": {},
        "sourceFile": "compositions/scene-s01.html",
        "bbox": {
          "x": -40,
          "y": -40,
          "width": 1160,
          "height": 2000
        },
        "firstSeen": 3.896,
        "lastSeen": 5.474,
        "occurrences": 3,
        "heldMs": 1578.0000000000002
      },
      {
        "code": "container_overflow",
        "severity": "warning",
        "time": 13.36,
        "selector": "#shot-1-media-wrap",
        "message": "Element extends outside a clipping layout container.",
        "rect": {
          "left": -334.8,
          "top": -535.68,
          "right": 1414.8,
          "bottom": 2574.72,
          "width": 1749.6,
          "height": 3110.4
        },
        "containerSelector": "#slot-scene-s02 > div:nth-of-type(1)",
        "fixHint": "Resize/reposition the child or container, or mark intentional overflow with data-layout-allow-overflow.",
        "containerRect": {
          "left": 0,
          "top": 0,
          "right": 1080,
          "bottom": 1920,
          "width": 1080,
          "height": 1920
        },
        "overflow": {
          "left": 334.8,
          "right": 334.8,
          "top": 535.68,
          "bottom": 654.72
        },
        "dataAttributes": {},
        "sourceFile": "compositions/scene-s02.html",
        "bbox": {
          "x": -334.8,
          "y": -535.68,
          "width": 1749.6,
          "height": 3110.4
        },
        "firstSeen": 13.36,
        "lastSeen": 16.99,
        "occurrences": 3,
        "heldMs": 0
      },
      {
        "code": "container_overflow",
        "severity": "warning",
        "time": 24.072,
        "selector": "#vid-02-wrap",
        "message": "Element extends outside a clipping layout container.",
        "rect": {
          "left": -280.8,
          "top": -499.2,
          "right": 1360.8,
          "bottom": 2419.2,
          "width": 1641.6,
          "height": 2918.4
        },
        "containerSelector": "#slot-scene-s03 > div:nth-of-type(1)",
        "fixHint": "Resize/reposition the child or container, or mark intentional overflow with data-layout-allow-overflow.",
        "containerRect": {
          "left": 0,
          "top": 0,
          "right": 1080,
          "bottom": 1920,
          "width": 1080,
          "height": 1920
        },
        "overflow": {
          "left": 280.8,
          "right": 280.8,
          "top": 499.2,
          "bottom": 499.2
        },
        "dataAttributes": {},
        "sourceFile": "compositions/scene-s03.html",
        "bbox": {
          "x": -280.8,
          "y": -499.2,
          "width": 1641.6,
          "height": 2918.4
        },
        "firstSeen": 24.072,
        "lastSeen": 26.688,
        "occurrences": 3,
        "heldMs": 0
      },
      {
        "code": "container_overflow",
        "severity": "warning",
        "time": 51.808,
        "selector": "#video-wrapper",
        "message": "Element extends outside a clipping layout container.",
        "rect": {
          "left": -297,
          "top": -528,
          "right": 1377,
          "bottom": 2448,
          "width": 1674,
          "height": 2976
        },
        "containerSelector": "#slot-scene-s07 > div:nth-of-type(1)",
        "fixHint": "Resize/reposition the child or container, or mark intentional overflow with data-layout-allow-overflow.",
        "containerRect": {
          "left": 0,
          "top": 0,
          "right": 1080,
          "bottom": 1920,
          "width": 1080,
          "height": 1920
        },
        "overflow": {
          "left": 297,
          "right": 297,
          "top": 528,
          "bottom": 528
        },
        "dataAttributes": {},
        "sourceFile": "compositions/scene-s05.html",
        "bbox": {
          "x": -297,
          "y": -528,
          "width": 1674,
          "height": 2976
        },
        "firstSeen": 51.808,
        "lastSeen": 53.032,
        "occurrences": 3,
        "heldMs": 1223.9999999999966
      },
      {
        "code": "container_overflow",
        "severity": "warning",
        "time": 73.192,
        "selector": "#video-wrapper",
        "message": "Element extends outside a clipping layout container.",
        "rect": {
          "left": -88.8,
          "top": -115.2,
          "right": 1120.8,
          "bottom": 2035.2,
          "width": 1209.6,
          "height": 2150.4
        },
        "containerSelector": "#slot-scene-s10 > div:nth-of-type(1)",
        "fixHint": "Resize/reposition the child or container, or mark intentional overflow with data-layout-allow-overflow.",
        "containerRect": {
          "left": 0,
          "top": 0,
          "right": 1080,
          "bottom": 1920,
          "width": 1080,
          "height": 1920
        },
        "overflow": {
          "left": 88.8,
          "right": 40.8,
          "top": 115.2,
          "bottom": 115.2
        },
        "dataAttributes": {},
        "sourceFile": "compositions/scene-s05.html",
        "bbox": {
          "x": -88.8,
          "y": -115.2,
          "width": 1209.6,
          "height": 2150.4
        },
        "firstSeen": 73.192,
        "lastSeen": 76.648,
        "occurrences": 3,
        "heldMs": 0
      },
      {
        "code": "container_overflow",
        "severity": "info",
        "time": 0.674,
        "selector": "#vid-s01-1",
        "message": "Element extends outside a clipping layout container.",
        "rect": {
          "left": -282.8,
          "top": -502.75,
          "right": 1362.8,
          "bottom": 2422.75,
          "width": 1645.6,
          "height": 2925.5
        },
        "containerSelector": "#video-host-s01-1",
        "fixHint": "Resize/reposition the child or container, or mark intentional overflow with data-layout-allow-overflow.",
        "containerRect": {
          "left": 0,
          "top": 0,
          "right": 1080,
          "bottom": 1920,
          "width": 1080,
          "height": 1920
        },
        "overflow": {
          "left": 282.8,
          "right": 282.8,
          "top": 502.75,
          "bottom": 502.75
        },
        "dataAttributes": {
          "data-start": "0",
          "data-duration": "3.37",
          "data-media-start": "1.5",
          "data-hf-authored-opacity": ""
        },
        "sourceFile": "compositions/scene-s01.html",
        "bbox": {
          "x": -282.8,
          "y": -502.75,
          "width": 1645.6,
          "height": 2925.5
        },
        "firstSeen": 0.674,
        "lastSeen": 0.674,
        "occurrences": 1,
        "heldMs": 0
      },
      {
        "code": "container_overflow",
        "severity": "info",
        "time": 1.685,
        "selector": "#vid-s01-1",
        "message": "Element extends outside a clipping layout container.",
        "rect": {
          "left": -302.02,
          "top": -536.93,
          "right": 1382.02,
          "bottom": 2456.93,
          "width": 1684.04,
          "height": 2993.86
        },
        "containerSelector": "#video-host-s01-1",
        "fixHint": "Resize/reposition the child or container, or mark intentional overflow with data-layout-allow-overflow.",
        "containerRect": {
          "left": 0,
          "top": 0,
          "right": 1080,
          "bottom": 1920,
          "width": 1080,
          "height": 1920
        },
        "overflow": {
          "left": 302.02,
          "right": 302.02,
          "top": 536.93,
          "bottom": 536.93
        },
        "dataAttributes": {
          "data-start": "0",
          "data-duration": "3.37",
          "data-media-start": "1.5",
          "data-hf-authored-opacity": ""
        },
        "sourceFile": "compositions/scene-s01.html",
        "bbox": {
          "x": -302.02,
          "y": -536.93,
          "width": 1684.04,
          "height": 2993.86
        },
        "firstSeen": 1.685,
        "lastSeen": 1.685,
        "occurrences": 1,
        "heldMs": 0
      },
      {
        "code": "container_overflow",
        "severity": "info",
        "time": 2.696,
        "selector": "#vid-s01-1",
        "message": "Element extends outside a clipping layout container.",
        "rect": {
          "left": -321.3,
          "top": -571.2,
          "right": 1401.3,
          "bottom": 2491.2,
          "width": 1722.6,
          "height": 3062.4
        },
        "containerSelector": "#video-host-s01-1",
        "fixHint": "Resize/reposition the child or container, or mark intentional overflow with data-layout-allow-overflow.",
        "containerRect": {
          "left": 0,
          "top": 0,
          "right": 1080,
          "bottom": 1920,
          "width": 1080,
          "height": 1920
        },
        "overflow": {
          "left": 321.3,
          "right": 321.3,
          "top": 571.2,
          "bottom": 571.2
        },
        "dataAttributes": {
          "data-start": "0",
          "data-duration": "3.37",
          "data-media-start": "1.5",
          "data-hf-authored-opacity": ""
        },
        "sourceFile": "compositions/scene-s01.html",
        "bbox": {
          "x": -321.3,
          "y": -571.2,
          "width": 1722.6,
          "height": 3062.4
        },
        "firstSeen": 2.696,
        "lastSeen": 2.696,
        "occurrences": 1,
        "heldMs": 0
      },
      {
        "code": "container_overflow",
        "severity": "info",
        "time": 3.896,
        "selector": "#img-s01-2",
        "message": "Element extends outside a clipping layout container.",
        "rect": {
          "left": -137.04,
          "top": -208.9,
          "right": 1218.89,
          "bottom": 2128.9,
          "width": 1355.92,
          "height": 2337.8
        },
        "containerSelector": "#img-pan-box",
        "fixHint": "Resize/reposition the child or container, or mark intentional overflow with data-layout-allow-overflow.",
        "containerRect": {
          "left": -40,
          "top": -40,
          "right": 1120,
          "bottom": 1960,
          "width": 1160,
          "height": 2000
        },
        "overflow": {
          "left": 97.04,
          "right": 98.89,
          "top": 168.9,
          "bottom": 168.9
        },
        "dataAttributes": {
          "data-hf-authored-opacity": ""
        },
        "sourceFile": "compositions/scene-s01.html",
        "bbox": {
          "x": -137.04,
          "y": -208.9,
          "width": 1355.92,
          "height": 2337.8
        },
        "firstSeen": 3.896,
        "lastSeen": 3.896,
        "occurrences": 1,
        "heldMs": 0
      },
      {
        "code": "container_overflow",
        "severity": "info",
        "time": 4.685,
        "selector": "#img-s01-2",
        "message": "Element extends outside a clipping layout container.",
        "rect": {
          "left": -132.89,
          "top": -239.3,
          "right": 1258.29,
          "bottom": 2159.3,
          "width": 1391.19,
          "height": 2398.6
        },
        "containerSelector": "#img-pan-box",
        "fixHint": "Resize/reposition the child or container, or mark intentional overflow with data-layout-allow-overflow.",
        "containerRect": {
          "left": -40,
          "top": -40,
          "right": 1120,
          "bottom": 1960,
          "width": 1160,
          "height": 2000
        },
        "overflow": {
          "left": 92.89,
          "right": 138.29,
          "top": 199.3,
          "bottom": 199.3
        },
        "dataAttributes": {
          "data-hf-authored-opacity": ""
        },
        "sourceFile": "compositions/scene-s01.html",
        "bbox": {
          "x": -132.89,
          "y": -239.3,
          "width": 1391.19,
          "height": 2398.6
        },
        "firstSeen": 4.685,
        "lastSeen": 4.685,
        "occurrences": 1,
        "heldMs": 0
      },
      {
        "code": "container_overflow",
        "severity": "info",
        "time": 5.474,
        "selector": "#img-s01-2",
        "message": "Element extends outside a clipping layout container.",
        "rect": {
          "left": -128.75,
          "top": -269.7,
          "right": 1297.7,
          "bottom": 2189.7,
          "width": 1426.45,
          "height": 2459.4
        },
        "containerSelector": "#img-pan-box",
        "fixHint": "Resize/reposition the child or container, or mark intentional overflow with data-layout-allow-overflow.",
        "containerRect": {
          "left": -40,
          "top": -40,
          "right": 1120,
          "bottom": 1960,
          "width": 1160,
          "height": 2000
        },
        "overflow": {
          "left": 88.75,
          "right": 177.7,
          "top": 229.7,
          "bottom": 229.7
        },
        "dataAttributes": {
          "data-hf-authored-opacity": ""
        },
        "sourceFile": "compositions/scene-s01.html",
        "bbox": {
          "x": -128.75,
          "y": -269.7,
          "width": 1426.45,
          "height": 2459.4
        },
        "firstSeen": 5.474,
        "lastSeen": 5.474,
        "occurrences": 1,
        "heldMs": 0
      },
      {
        "code": "container_overflow",
        "severity": "info",
        "time": 7.23,
        "selector": "#shot-1-media-wrap",
        "message": "Element extends outside a clipping layout container.",
        "rect": {
          "left": -260.93,
          "top": -417.48,
          "right": 1340.93,
          "bottom": 2430.26,
          "width": 1601.86,
          "height": 2847.74
        },
        "containerSelector": "#slot-scene-s02 > div:nth-of-type(1)",
        "fixHint": "Resize/reposition the child or container, or mark intentional overflow with data-layout-allow-overflow.",
        "containerRect": {
          "left": 0,
          "top": 0,
          "right": 1080,
          "bottom": 1920,
          "width": 1080,
          "height": 1920
        },
        "overflow": {
          "left": 260.93,
          "right": 260.93,
          "top": 417.48,
          "bottom": 510.26
        },
        "dataAttributes": {},
        "sourceFile": "compositions/scene-s02.html",
        "bbox": {
          "x": -260.93,
          "y": -417.48,
          "width": 1601.86,
          "height": 2847.74
        },
        "firstSeen": 7.23,
        "lastSeen": 7.23,
        "occurrences": 1,
        "heldMs": 0
      },
      {
        "code": "container_overflow",
        "severity": "info",
        "time": 9.075,
        "selector": "#shot-1-media-wrap",
        "message": "Element extends outside a clipping layout container.",
        "rect": {
          "left": -288.79,
          "top": -462.07,
          "right": 1368.79,
          "bottom": 2484.75,
          "width": 1657.58,
          "height": 2946.82
        },
        "containerSelector": "#slot-scene-s02 > div:nth-of-type(1)",
        "fixHint": "Resize/reposition the child or container, or mark intentional overflow with data-layout-allow-overflow.",
        "containerRect": {
          "left": 0,
          "top": 0,
          "right": 1080,
          "bottom": 1920,
          "width": 1080,
          "height": 1920
        },
        "overflow": {
          "left": 288.79,
          "right": 288.79,
          "top": 462.07,
          "bottom": 564.75
        },
        "dataAttributes": {},
        "sourceFile": "compositions/scene-s02.html",
        "bbox": {
          "x": -288.79,
          "y": -462.07,
          "width": 1657.58,
          "height": 2946.82
        },
        "firstSeen": 9.075,
        "lastSeen": 9.075,
        "occurrences": 1,
        "heldMs": 0
      },
      {
        "code": "container_overflow",
        "severity": "info",
        "time": 10.92,
        "selector": "#shot-1-media-wrap",
        "message": "Element extends outside a clipping layout container.",
        "rect": {
          "left": -316.12,
          "top": -505.79,
          "right": 1396.12,
          "bottom": 2538.18,
          "width": 1712.23,
          "height": 3043.97
        },
        "containerSelector": "#slot-scene-s02 > div:nth-of-type(1)",
        "fixHint": "Resize/reposition the child or container, or mark intentional overflow with data-layout-allow-overflow.",
        "containerRect": {
          "left": 0,
          "top": 0,
          "right": 1080,
          "bottom": 1920,
          "width": 1080,
          "height": 1920
        },
        "overflow": {
          "left": 316.12,
          "right": 316.12,
          "top": 505.79,
          "bottom": 618.18
        },
        "dataAttributes": {},
        "sourceFile": "compositions/scene-s02.html",
        "bbox": {
          "x": -316.12,
          "y": -505.79,
          "width": 1712.23,
          "height": 3043.97
        },
        "firstSeen": 10.92,
        "lastSeen": 10.92,
        "occurrences": 1,
        "heldMs": 0
      },
      {
        "code": "container_overflow",
        "severity": "info",
        "time": 19.2,
        "selector": "#vid-02-wrap",
        "message": "Element extends outside a clipping layout container.",
        "rect": {
          "left": -220.32,
          "top": -407.68,
          "right": 1300.32,
          "bottom": 2295.68,
          "width": 1520.64,
          "height": 2703.36
        },
        "containerSelector": "#slot-scene-s03 > div:nth-of-type(1)",
        "fixHint": "Resize/reposition the child or container, or mark intentional overflow with data-layout-allow-overflow.",
        "containerRect": {
          "left": 0,
          "top": 0,
          "right": 1080,
          "bottom": 1920,
          "width": 1080,
          "height": 1920
        },
        "overflow": {
          "left": 220.32,
          "right": 220.32,
          "top": 407.68,
          "bottom": 375.68
        },
        "dataAttributes": {},
        "sourceFile": "compositions/scene-s03.html",
        "bbox": {
          "x": -220.32,
          "y": -407.68,
          "width": 1520.64,
          "height": 2703.36
        },
        "firstSeen": 19.2,
        "lastSeen": 19.2,
        "occurrences": 1,
        "heldMs": 0
      },
      {
        "code": "container_overflow",
        "severity": "info",
        "time": 20.7,
        "selector": "#vid-02-wrap",
        "message": "Element extends outside a clipping layout container.",
        "rect": {
          "left": -243,
          "top": -442,
          "right": 1323,
          "bottom": 2342,
          "width": 1566,
          "height": 2784
        },
        "containerSelector": "#slot-scene-s03 > div:nth-of-type(1)",
        "fixHint": "Resize/reposition the child or container, or mark intentional overflow with data-layout-allow-overflow.",
        "containerRect": {
          "left": 0,
          "top": 0,
          "right": 1080,
          "bottom": 1920,
          "width": 1080,
          "height": 1920
        },
        "overflow": {
          "left": 243,
          "right": 243,
          "top": 442,
          "bottom": 422
        },
        "dataAttributes": {},
        "sourceFile": "compositions/scene-s03.html",
        "bbox": {
          "x": -243,
          "y": -442,
          "width": 1566,
          "height": 2784
        },
        "firstSeen": 20.7,
        "lastSeen": 20.7,
        "occurrences": 1,
        "heldMs": 0
      },
      {
        "code": "container_overflow",
        "severity": "info",
        "time": 22.2,
        "selector": "#vid-02-wrap",
        "message": "Element extends outside a clipping layout container.",
        "rect": {
          "left": -265.68,
          "top": -476.32,
          "right": 1345.68,
          "bottom": 2388.32,
          "width": 1611.36,
          "height": 2864.64
        },
        "containerSelector": "#slot-scene-s03 > div:nth-of-type(1)",
        "fixHint": "Resize/reposition the child or container, or mark intentional overflow with data-layout-allow-overflow.",
        "containerRect": {
          "left": 0,
          "top": 0,
          "right": 1080,
          "bottom": 1920,
          "width": 1080,
          "height": 1920
        },
        "overflow": {
          "left": 265.68,
          "right": 265.68,
          "top": 476.32,
          "bottom": 468.32
        },
        "dataAttributes": {},
        "sourceFile": "compositions/scene-s03.html",
        "bbox": {
          "x": -265.68,
          "y": -476.32,
          "width": 1611.36,
          "height": 2864.64
        },
        "firstSeen": 22.2,
        "lastSeen": 22.2,
        "occurrences": 1,
        "heldMs": 0
      },
      {
        "code": "container_overflow",
        "severity": "info",
        "time": 24.072,
        "selector": "#img-02",
        "message": "Element extends outside a clipping layout container.",
        "rect": {
          "left": -34.61,
          "top": -61.54,
          "right": 1114.61,
          "bottom": 1981.54,
          "width": 1149.23,
          "height": 2043.07
        },
        "containerSelector": "#img-02-wrap",
        "fixHint": "Resize/reposition the child or container, or mark intentional overflow with data-layout-allow-overflow.",
        "containerRect": {
          "left": 0,
          "top": 0,
          "right": 1080,
          "bottom": 1920,
          "width": 1080,
          "height": 1920
        },
        "overflow": {
          "left": 34.61,
          "right": 34.61,
          "top": 61.54,
          "bottom": 61.54
        },
        "dataAttributes": {
          "data-hf-authored-opacity": ""
        },
        "sourceFile": "compositions/scene-s03.html",
        "bbox": {
          "x": -34.61,
          "y": -61.54,
          "width": 1149.23,
          "height": 2043.07
        },
        "firstSeen": 24.072,
        "lastSeen": 24.072,
        "occurrences": 1,
        "heldMs": 0
      },
      {
        "code": "container_overflow",
        "severity": "info",
        "time": 25.38,
        "selector": "#img-02",
        "message": "Element extends outside a clipping layout container.",
        "rect": {
          "left": -21.71,
          "top": -38.59,
          "right": 1101.71,
          "bottom": 1958.59,
          "width": 1123.42,
          "height": 1997.18
        },
        "containerSelector": "#img-02-wrap",
        "fixHint": "Resize/reposition the child or container, or mark intentional overflow with data-layout-allow-overflow.",
        "containerRect": {
          "left": 0,
          "top": 0,
          "right": 1080,
          "bottom": 1920,
          "width": 1080,
          "height": 1920
        },
        "overflow": {
          "left": 21.71,
          "right": 21.71,
          "top": 38.59,
          "bottom": 38.59
        },
        "dataAttributes": {
          "data-hf-authored-opacity": ""
        },
        "sourceFile": "compositions/scene-s03.html",
        "bbox": {
          "x": -21.71,
          "y": -38.59,
          "width": 1123.42,
          "height": 1997.18
        },
        "firstSeen": 25.38,
        "lastSeen": 25.38,
        "occurrences": 1,
        "heldMs": 0
      },
      {
        "code": "container_overflow",
        "severity": "info",
        "time": 26.688,
        "selector": "#img-02",
        "message": "Element extends outside a clipping layout container.",
        "rect": {
          "left": -8.86,
          "top": -15.74,
          "right": 1088.86,
          "bottom": 1935.74,
          "width": 1097.71,
          "height": 1951.49
        },
        "containerSelector": "#img-02-wrap",
        "fixHint": "Resize/reposition the child or container, or mark intentional overflow with data-layout-allow-overflow.",
        "containerRect": {
          "left": 0,
          "top": 0,
          "right": 1080,
          "bottom": 1920,
          "width": 1080,
          "height": 1920
        },
        "overflow": {
          "left": 8.86,
          "right": 8.86,
          "top": 15.74,
          "bottom": 15.74
        },
        "dataAttributes": {
          "data-hf-authored-opacity": ""
        },
        "sourceFile": "compositions/scene-s03.html",
        "bbox": {
          "x": -8.86,
          "y": -15.74,
          "width": 1097.71,
          "height": 1951.49
        },
        "firstSeen": 26.688,
        "lastSeen": 26.688,
        "occurrences": 1,
        "heldMs": 0
      },
      {
        "code": "container_overflow",
        "severity": "info",
        "time": 47.88,
        "selector": "#video-wrapper",
        "message": "Element extends outside a clipping layout container.",
        "rect": {
          "left": -210.28,
          "top": -358.82,
          "right": 1290.28,
          "bottom": 2308.82,
          "width": 1500.55,
          "height": 2667.65
        },
        "containerSelector": "#slot-scene-s07 > div:nth-of-type(1)",
        "fixHint": "Resize/reposition the child or container, or mark intentional overflow with data-layout-allow-overflow.",
        "containerRect": {
          "left": 0,
          "top": 0,
          "right": 1080,
          "bottom": 1920,
          "width": 1080,
          "height": 1920
        },
        "overflow": {
          "left": 210.28,
          "right": 210.28,
          "top": 358.82,
          "bottom": 388.82
        },
        "dataAttributes": {},
        "sourceFile": "compositions/scene-s05.html",
        "bbox": {
          "x": -210.28,
          "y": -358.82,
          "width": 1500.55,
          "height": 2667.65
        },
        "firstSeen": 47.88,
        "lastSeen": 47.88,
        "occurrences": 1,
        "heldMs": 0
      },
      {
        "code": "container_overflow",
        "severity": "info",
        "time": 49.2,
        "selector": "#video-wrapper",
        "message": "Element extends outside a clipping layout container.",
        "rect": {
          "left": -243,
          "top": -417,
          "right": 1323,
          "bottom": 2367,
          "width": 1566,
          "height": 2784
        },
        "containerSelector": "#slot-scene-s07 > div:nth-of-type(1)",
        "fixHint": "Resize/reposition the child or container, or mark intentional overflow with data-layout-allow-overflow.",
        "containerRect": {
          "left": 0,
          "top": 0,
          "right": 1080,
          "bottom": 1920,
          "width": 1080,
          "height": 1920
        },
        "overflow": {
          "left": 243,
          "right": 243,
          "top": 417,
          "bottom": 447
        },
        "dataAttributes": {},
        "sourceFile": "compositions/scene-s05.html",
        "bbox": {
          "x": -243,
          "y": -417,
          "width": 1566,
          "height": 2784
        },
        "firstSeen": 49.2,
        "lastSeen": 49.2,
        "occurrences": 1,
        "heldMs": 0
      },
      {
        "code": "container_overflow",
        "severity": "info",
        "time": 50.52,
        "selector": "#video-wrapper",
        "message": "Element extends outside a clipping layout container.",
        "rect": {
          "left": -274.91,
          "top": -488.74,
          "right": 1354.91,
          "bottom": 2408.74,
          "width": 1629.83,
          "height": 2897.47
        },
        "containerSelector": "#slot-scene-s07 > div:nth-of-type(1)",
        "fixHint": "Resize/reposition the child or container, or mark intentional overflow with data-layout-allow-overflow.",
        "containerRect": {
          "left": 0,
          "top": 0,
          "right": 1080,
          "bottom": 1920,
          "width": 1080,
          "height": 1920
        },
        "overflow": {
          "left": 274.91,
          "right": 274.91,
          "top": 488.74,
          "bottom": 488.74
        },
        "dataAttributes": {},
        "sourceFile": "compositions/scene-s05.html",
        "bbox": {
          "x": -274.91,
          "y": -488.74,
          "width": 1629.83,
          "height": 2897.47
        },
        "firstSeen": 50.52,
        "lastSeen": 50.52,
        "occurrences": 1,
        "heldMs": 0
      },
      {
        "code": "container_overflow",
        "severity": "info",
        "time": 54.912,
        "selector": "#video-container",
        "message": "Element extends outside a clipping layout container.",
        "rect": {
          "left": -148.87,
          "top": -466.46,
          "right": 1455.91,
          "bottom": 2386.46,
          "width": 1604.77,
          "height": 2852.93
        },
        "containerSelector": "#video-wrapper",
        "fixHint": "Resize/reposition the child or container, or mark intentional overflow with data-layout-allow-overflow.",
        "containerRect": {
          "left": 0,
          "top": 0,
          "right": 1080,
          "bottom": 1920,
          "width": 1080,
          "height": 1920
        },
        "overflow": {
          "left": 148.87,
          "right": 375.91,
          "top": 466.46,
          "bottom": 466.46
        },
        "dataAttributes": {},
        "sourceFile": "compositions/scene-s08.html",
        "bbox": {
          "x": -148.87,
          "y": -466.46,
          "width": 1604.77,
          "height": 2852.93
        },
        "firstSeen": 54.912,
        "lastSeen": 54.912,
        "occurrences": 1,
        "heldMs": 0
      },
      {
        "code": "container_overflow",
        "severity": "info",
        "time": 57.12,
        "selector": "#video-container",
        "message": "Element extends outside a clipping layout container.",
        "rect": {
          "left": -274.37,
          "top": -490.37,
          "right": 1357.3,
          "bottom": 2410.37,
          "width": 1631.66,
          "height": 2900.74
        },
        "containerSelector": "#video-wrapper",
        "fixHint": "Resize/reposition the child or container, or mark intentional overflow with data-layout-allow-overflow.",
        "containerRect": {
          "left": 0,
          "top": 0,
          "right": 1080,
          "bottom": 1920,
          "width": 1080,
          "height": 1920
        },
        "overflow": {
          "left": 274.37,
          "right": 277.3,
          "top": 490.37,
          "bottom": 490.37
        },
        "dataAttributes": {},
        "sourceFile": "compositions/scene-s08.html",
        "bbox": {
          "x": -274.37,
          "y": -490.37,
          "width": 1631.66,
          "height": 2900.74
        },
        "firstSeen": 57.12,
        "lastSeen": 57.12,
        "occurrences": 1,
        "heldMs": 0
      },
      {
        "code": "container_overflow",
        "severity": "info",
        "time": 59.328,
        "selector": "#video-container",
        "message": "Element extends outside a clipping layout container.",
        "rect": {
          "left": -396.47,
          "top": -513.6,
          "right": 1261.33,
          "bottom": 2433.6,
          "width": 1657.8,
          "height": 2947.2
        },
        "containerSelector": "#video-wrapper",
        "fixHint": "Resize/reposition the child or container, or mark intentional overflow with data-layout-allow-overflow.",
        "containerRect": {
          "left": 0,
          "top": 0,
          "right": 1080,
          "bottom": 1920,
          "width": 1080,
          "height": 1920
        },
        "overflow": {
          "left": 396.47,
          "right": 181.33,
          "top": 513.6,
          "bottom": 513.6
        },
        "dataAttributes": {},
        "sourceFile": "compositions/scene-s08.html",
        "bbox": {
          "x": -396.47,
          "y": -513.6,
          "width": 1657.8,
          "height": 2947.2
        },
        "firstSeen": 59.328,
        "lastSeen": 59.328,
        "occurrences": 1,
        "heldMs": 0
      },
      {
        "code": "container_overflow",
        "severity": "info",
        "time": 61.96,
        "selector": "#hero-img",
        "message": "Element extends outside a clipping layout container.",
        "rect": {
          "left": 58.85,
          "top": 339.16,
          "right": 1021.15,
          "bottom": 1037.18,
          "width": 962.3,
          "height": 698.02
        },
        "containerSelector": "div.hero-image-wrap",
        "fixHint": "Resize/reposition the child or container, or mark intentional overflow with data-layout-allow-overflow.",
        "containerRect": {
          "left": 63,
          "top": 320,
          "right": 1017,
          "bottom": 1012,
          "width": 954,
          "height": 692
        },
        "overflow": {
          "left": 4.15,
          "right": 4.15,
          "bottom": 25.18
        },
        "dataAttributes": {
          "data-hf-authored-opacity": ""
        },
        "sourceFile": "compositions/scene-s04.html",
        "bbox": {
          "x": 58.85,
          "y": 339.16,
          "width": 962.3,
          "height": 698.02
        },
        "firstSeen": 61.96,
        "lastSeen": 61.96,
        "occurrences": 1,
        "heldMs": 0
      },
      {
        "code": "container_overflow",
        "severity": "info",
        "time": 63.7,
        "selector": "#hero-img",
        "message": "Element extends outside a clipping layout container.",
        "rect": {
          "left": 51.41,
          "top": 319.69,
          "right": 1028.59,
          "bottom": 1028.51,
          "width": 977.18,
          "height": 708.82
        },
        "containerSelector": "div.hero-image-wrap",
        "fixHint": "Resize/reposition the child or container, or mark intentional overflow with data-layout-allow-overflow.",
        "containerRect": {
          "left": 63,
          "top": 320,
          "right": 1017,
          "bottom": 1012,
          "width": 954,
          "height": 692
        },
        "overflow": {
          "left": 11.59,
          "right": 11.59,
          "bottom": 16.51
        },
        "dataAttributes": {
          "data-hf-authored-opacity": ""
        },
        "sourceFile": "compositions/scene-s04.html",
        "bbox": {
          "x": 51.41,
          "y": 319.69,
          "width": 977.18,
          "height": 708.82
        },
        "firstSeen": 63.7,
        "lastSeen": 63.7,
        "occurrences": 1,
        "heldMs": 0
      },
      {
        "code": "container_overflow",
        "severity": "info",
        "time": 65.44,
        "selector": "#hero-img",
        "message": "Element extends outside a clipping layout container.",
        "rect": {
          "left": 44.06,
          "top": 300.56,
          "right": 1035.94,
          "bottom": 1020.03,
          "width": 991.87,
          "height": 719.47
        },
        "containerSelector": "div.hero-image-wrap",
        "fixHint": "Resize/reposition the child or container, or mark intentional overflow with data-layout-allow-overflow.",
        "containerRect": {
          "left": 63,
          "top": 320,
          "right": 1017,
          "bottom": 1012,
          "width": 954,
          "height": 692
        },
        "overflow": {
          "left": 18.94,
          "right": 18.94,
          "top": 19.44,
          "bottom": 8.03
        },
        "dataAttributes": {
          "data-hf-authored-opacity": ""
        },
        "sourceFile": "compositions/scene-s04.html",
        "bbox": {
          "x": 44.06,
          "y": 300.56,
          "width": 991.87,
          "height": 719.47
        },
        "firstSeen": 65.44,
        "lastSeen": 65.44,
        "occurrences": 1,
        "heldMs": 0
      },
      {
        "code": "container_overflow",
        "severity": "info",
        "time": 67.688,
        "selector": "#video-wrapper",
        "message": "Element extends outside a clipping layout container.",
        "rect": {
          "left": -26.93,
          "top": -34.94,
          "right": 1092.38,
          "bottom": 1954.94,
          "width": 1119.31,
          "height": 1989.89
        },
        "containerSelector": "#slot-scene-s10 > div:nth-of-type(1)",
        "fixHint": "Resize/reposition the child or container, or mark intentional overflow with data-layout-allow-overflow.",
        "containerRect": {
          "left": 0,
          "top": 0,
          "right": 1080,
          "bottom": 1920,
          "width": 1080,
          "height": 1920
        },
        "overflow": {
          "left": 26.93,
          "right": 12.38,
          "top": 34.94,
          "bottom": 34.94
        },
        "dataAttributes": {},
        "sourceFile": "compositions/scene-s05.html",
        "bbox": {
          "x": -26.93,
          "y": -34.94,
          "width": 1119.31,
          "height": 1989.89
        },
        "firstSeen": 67.688,
        "lastSeen": 67.688,
        "occurrences": 1,
        "heldMs": 0
      },
      {
        "code": "container_overflow",
        "severity": "info",
        "time": 69.32,
        "selector": "#video-wrapper",
        "message": "Element extends outside a clipping layout container.",
        "rect": {
          "left": -62.45,
          "top": -81.02,
          "right": 1108.7,
          "bottom": 2001.02,
          "width": 1171.15,
          "height": 2082.05
        },
        "containerSelector": "#slot-scene-s10 > div:nth-of-type(1)",
        "fixHint": "Resize/reposition the child or container, or mark intentional overflow with data-layout-allow-overflow.",
        "containerRect": {
          "left": 0,
          "top": 0,
          "right": 1080,
          "bottom": 1920,
          "width": 1080,
          "height": 1920
        },
        "overflow": {
          "left": 62.45,
          "right": 28.7,
          "top": 81.02,
          "bottom": 81.02
        },
        "dataAttributes": {},
        "sourceFile": "compositions/scene-s05.html",
        "bbox": {
          "x": -62.45,
          "y": -81.02,
          "width": 1171.15,
          "height": 2082.05
        },
        "firstSeen": 69.32,
        "lastSeen": 69.32,
        "occurrences": 1,
        "heldMs": 0
      },
      {
        "code": "container_overflow",
        "severity": "info",
        "time": 70.952,
        "selector": "#video-wrapper",
        "message": "Element extends outside a clipping layout container.",
        "rect": {
          "left": -84.29,
          "top": -109.34,
          "right": 1118.72,
          "bottom": 2029.34,
          "width": 1203.01,
          "height": 2138.69
        },
        "containerSelector": "#slot-scene-s10 > div:nth-of-type(1)",
        "fixHint": "Resize/reposition the child or container, or mark intentional overflow with data-layout-allow-overflow.",
        "containerRect": {
          "left": 0,
          "top": 0,
          "right": 1080,
          "bottom": 1920,
          "width": 1080,
          "height": 1920
        },
        "overflow": {
          "left": 84.29,
          "right": 38.72,
          "top": 109.34,
          "bottom": 109.34
        },
        "dataAttributes": {},
        "sourceFile": "compositions/scene-s05.html",
        "bbox": {
          "x": -84.29,
          "y": -109.34,
          "width": 1203.01,
          "height": 2138.69
        },
        "firstSeen": 70.952,
        "lastSeen": 70.952,
        "occurrences": 1,
        "heldMs": 0
      },
      {
        "code": "container_overflow",
        "severity": "info",
        "time": 73.192,
        "selector": "#img-04",
        "message": "Element extends outside a clipping layout container.",
        "rect": {
          "left": -10.58,
          "top": -24.29,
          "right": 1090.58,
          "bottom": 1933.34,
          "width": 1101.17,
          "height": 1957.63
        },
        "containerSelector": "#shot-2-layer",
        "fixHint": "Resize/reposition the child or container, or mark intentional overflow with data-layout-allow-overflow.",
        "containerRect": {
          "left": 0,
          "top": 0,
          "right": 1080,
          "bottom": 1920,
          "width": 1080,
          "height": 1920
        },
        "overflow": {
          "left": 10.58,
          "right": 10.58,
          "top": 24.29,
          "bottom": 13.34
        },
        "dataAttributes": {
          "data-hf-authored-opacity": ""
        },
        "sourceFile": "compositions/scene-s10.html",
        "bbox": {
          "x": -10.58,
          "y": -24.29,
          "width": 1101.17,
          "height": 1957.63
        },
        "firstSeen": 73.192,
        "lastSeen": 73.192,
        "occurrences": 1,
        "heldMs": 0
      },
      {
        "code": "container_overflow",
        "severity": "info",
        "time": 74.92,
        "selector": "#img-04",
        "message": "Element extends outside a clipping layout container.",
        "rect": {
          "left": -26.84,
          "top": -61.61,
          "right": 1106.84,
          "bottom": 1953.81,
          "width": 1133.68,
          "height": 2015.42
        },
        "containerSelector": "#shot-2-layer",
        "fixHint": "Resize/reposition the child or container, or mark intentional overflow with data-layout-allow-overflow.",
        "containerRect": {
          "left": 0,
          "top": 0,
          "right": 1080,
          "bottom": 1920,
          "width": 1080,
          "height": 1920
        },
        "overflow": {
          "left": 26.84,
          "right": 26.84,
          "top": 61.61,
          "bottom": 33.81
        },
        "dataAttributes": {
          "data-hf-authored-opacity": ""
        },
        "sourceFile": "compositions/scene-s10.html",
        "bbox": {
          "x": -26.84,
          "y": -61.61,
          "width": 1133.68,
          "height": 2015.42
        },
        "firstSeen": 74.92,
        "lastSeen": 74.92,
        "occurrences": 1,
        "heldMs": 0
      },
      {
        "code": "container_overflow",
        "severity": "info",
        "time": 76.648,
        "selector": "#img-04",
        "message": "Element extends outside a clipping layout container.",
        "rect": {
          "left": -43.04,
          "top": -98.84,
          "right": 1123.04,
          "bottom": 1974.18,
          "width": 1166.08,
          "height": 2073.02
        },
        "containerSelector": "#shot-2-layer",
        "fixHint": "Resize/reposition the child or container, or mark intentional overflow with data-layout-allow-overflow.",
        "containerRect": {
          "left": 0,
          "top": 0,
          "right": 1080,
          "bottom": 1920,
          "width": 1080,
          "height": 1920
        },
        "overflow": {
          "left": 43.04,
          "right": 43.04,
          "top": 98.84,
          "bottom": 54.18
        },
        "dataAttributes": {
          "data-hf-authored-opacity": ""
        },
        "sourceFile": "compositions/scene-s10.html",
        "bbox": {
          "x": -43.04,
          "y": -98.84,
          "width": 1166.08,
          "height": 2073.02
        },
        "firstSeen": 76.648,
        "lastSeen": 76.648,
        "occurrences": 1,
        "heldMs": 0
      },
      {
        "code": "container_overflow",
        "severity": "info",
        "time": 87.4,
        "selector": "#video-scaler",
        "message": "Element extends outside a clipping layout container.",
        "rect": {
          "left": -16.2,
          "top": -28.8,
          "right": 1096.2,
          "bottom": 1948.8,
          "width": 1112.4,
          "height": 1977.6
        },
        "containerSelector": "#video-wrap",
        "fixHint": "Resize/reposition the child or container, or mark intentional overflow with data-layout-allow-overflow.",
        "containerRect": {
          "left": 0,
          "top": 0,
          "right": 1080,
          "bottom": 1920,
          "width": 1080,
          "height": 1920
        },
        "overflow": {
          "left": 16.2,
          "right": 16.2,
          "top": 28.8,
          "bottom": 28.8
        },
        "dataAttributes": {},
        "sourceFile": "compositions/scene-s12.html",
        "bbox": {
          "x": -16.2,
          "y": -28.8,
          "width": 1112.4,
          "height": 1977.6
        },
        "firstSeen": 87.4,
        "lastSeen": 87.4,
        "occurrences": 1,
        "heldMs": 0
      },
      {
        "code": "container_overflow",
        "severity": "info",
        "time": 89.8,
        "selector": "#video-scaler",
        "message": "Element extends outside a clipping layout container.",
        "rect": {
          "left": -40.5,
          "top": -72,
          "right": 1120.5,
          "bottom": 1992,
          "width": 1161,
          "height": 2064
        },
        "containerSelector": "#video-wrap",
        "fixHint": "Resize/reposition the child or container, or mark intentional overflow with data-layout-allow-overflow.",
        "containerRect": {
          "left": 0,
          "top": 0,
          "right": 1080,
          "bottom": 1920,
          "width": 1080,
          "height": 1920
        },
        "overflow": {
          "left": 40.5,
          "right": 40.5,
          "top": 72,
          "bottom": 72
        },
        "dataAttributes": {},
        "sourceFile": "compositions/scene-s12.html",
        "bbox": {
          "x": -40.5,
          "y": -72,
          "width": 1161,
          "height": 2064
        },
        "firstSeen": 89.8,
        "lastSeen": 89.8,
        "occurrences": 1,
        "heldMs": 0
      },
      {
        "code": "container_overflow",
        "severity": "info",
        "time": 92.2,
        "selector": "#video-scaler",
        "message": "Element extends outside a clipping layout container.",
        "rect": {
          "left": -64.8,
          "top": -115.2,
          "right": 1144.8,
          "bottom": 2035.2,
          "width": 1209.6,
          "height": 2150.4
        },
        "containerSelector": "#video-wrap",
        "fixHint": "Resize/reposition the child or container, or mark intentional overflow with data-layout-allow-overflow.",
        "containerRect": {
          "left": 0,
          "top": 0,
          "right": 1080,
          "bottom": 1920,
          "width": 1080,
          "height": 1920
        },
        "overflow": {
          "left": 64.8,
          "right": 64.8,
          "top": 115.2,
          "bottom": 115.2
        },
        "dataAttributes": {},
        "sourceFile": "compositions/scene-s12.html",
        "bbox": {
          "x": -64.8,
          "y": -115.2,
          "width": 1209.6,
          "height": 2150.4
        },
        "firstSeen": 92.2,
        "lastSeen": 92.2,
        "occurrences": 1,
        "heldMs": 0
      }
    ],
    "duration": 93.8,
    "samples": [
      0.674,
      1.685,
      2.696,
      3.896,
      4.685,
      5.474,
      7.23,
      9.075,
      10.92,
      13.36,
      15.175,
      16.99,
      19.2,
      20.7,
      22.2,
      24.072,
      25.38,
      26.688,
      28.808,
      30.68,
      32.552,
      35.04,
      36.9,
      38.76,
      40.8,
      42,
      43.2,
      44.6,
      45.5,
      46.4,
      47.88,
      49.2,
      50.52,
      51.808,
      52.42,
      53.032,
      54.912,
      57.12,
      59.328,
      61.96,
      63.7,
      65.44,
      67.688,
      69.32,
      70.952,
      73.192,
      74.92,
      76.648,
      79.4,
      81.8,
      84.2,
      87.4,
      89.8,
      92.2,
      93.8
    ],
    "transitionSamples": [],
    "transitionSamplesDropped": 0,
    "tolerance": 2,
    "totalIssueCount": 38,
    "truncated": false
  },
  "motion": {
    "ok": true,
    "errorCount": 0,
    "warningCount": 0,
    "infoCount": 0,
    "findings": [],
    "enabled": false,
    "samples": 0
  },
  "contrast": {
    "ok": true,
    "errorCount": 0,
    "warningCount": 0,
    "infoCount": 0,
    "findings": [],
    "enabled": true,
    "samples": [
      0.674,
      20.7,
      43.2,
      61.96,
      92.2
    ],
    "checked": 40,
    "passed": 40
  },
  "hdr": {
    "autoPromotion": null,
    "inspection": "available"
  },
  "snapshots": {
    "enabled": false,
    "files": [],
    "times": [],
    "findingFiles": []
  },
  "_meta": {
    "version": "0.8.56",
    "latestVersion": "0.8.78",
    "updateAvailable": true
  }
}
