{
  "ok": true,
  "strict": false,
  "lint": {
    "ok": true,
    "errorCount": 0,
    "warningCount": 616,
    "infoCount": 0,
    "findings": [
      {
        "code": "composition_file_too_large",
        "severity": "warning",
        "message": "This HTML composition file has 603 lines. Smaller sub-compositions are easier to read, iterate on, and diff.",
        "selector": "[data-composition-id]",
        "dataAttributes": {},
        "sourceFile": "C:\\vox-style-xe-giay-v1-hyperframes\\hyperframes\\videos\\ban-an-935-2024-tphcm\\index.html",
        "bbox": {
          "x": 0,
          "y": 0,
          "width": 0,
          "height": 0
        },
        "time": 0,
        "fixHint": "Split coherent scenes or layers into separate .html files under compositions/, then mount them from the parent with data-composition-src so each file stays small enough to inspect, revise, and validate independently."
      },
      {
        "code": "studio_missing_editable_id",
        "severity": "warning",
        "message": "<div class=\"caption-page\" data-start=\"0.060000\"> has no id, so Studio cannot use a stable edit target for its timeline and canvas controls.",
        "selector": "[data-composition-id]",
        "dataAttributes": {},
        "sourceFile": "C:\\vox-style-xe-giay-v1-hyperframes\\hyperframes\\videos\\ban-an-935-2024-tphcm\\compositions\\caption-track.html",
        "bbox": {
          "x": 0,
          "y": 0,
          "width": 0,
          "height": 0
        },
        "time": 0,
        "fixHint": "Add a stable, human-readable id such as id=\"hero-title\" or id=\"scene-1-card\" to every timeline-visible element you want agents or Studio to edit."
      },
      {
        "code": "studio_missing_editable_id",
        "severity": "warning",
        "message": "<div class=\"caption-page\" data-start=\"0.710000\"> has no id, so Studio cannot use a stable edit target for its timeline and canvas controls.",
        "selector": "[data-composition-id]",
        "dataAttributes": {},
        "sourceFile": "C:\\vox-style-xe-giay-v1-hyperframes\\hyperframes\\videos\\ban-an-935-2024-tphcm\\compositions\\caption-track.html",
        "bbox": {
          "x": 0,
          "y": 0,
          "width": 0,
          "height": 0
        },
        "time": 0,
        "fixHint": "Add a stable, human-readable id such as id=\"hero-title\" or id=\"scene-1-card\" to every timeline-visible element you want agents or Studio to edit."
      },
      {
        "code": "studio_missing_editable_id",
        "severity": "warning",
        "message": "<div class=\"caption-page\" data-start=\"1.310000\"> has no id, so Studio cannot use a stable edit target for its timeline and canvas controls.",
        "selector": "[data-composition-id]",
        "dataAttributes": {},
        "sourceFile": "C:\\vox-style-xe-giay-v1-hyperframes\\hyperframes\\videos\\ban-an-935-2024-tphcm\\compositions\\caption-track.html",
        "bbox": {
          "x": 0,
          "y": 0,
          "width": 0,
          "height": 0
        },
        "time": 0,
        "fixHint": "Add a stable, human-readable id such as id=\"hero-title\" or id=\"scene-1-card\" to every timeline-visible element you want agents or Studio to edit."
      },
      {
        "code": "studio_missing_editable_id",
        "severity": "warning",
        "message": "<div class=\"caption-page\" data-start=\"2.380000\"> has no id, so Studio cannot use a stable edit target for its timeline and canvas controls.",
        "selector": "[data-composition-id]",
        "dataAttributes": {},
        "sourceFile": "C:\\vox-style-xe-giay-v1-hyperframes\\hyperframes\\videos\\ban-an-935-2024-tphcm\\compositions\\caption-track.html",
        "bbox": {
          "x": 0,
          "y": 0,
          "width": 0,
          "height": 0
        },
        "time": 0,
        "fixHint": "Add a stable, human-readable id such as id=\"hero-title\" or id=\"scene-1-card\" to every timeline-visible element you want agents or Studio to edit."
      },
      {
        "code": "studio_missing_editable_id",
        "severity": "warning",
        "message": "<div class=\"caption-page\" data-start=\"3.180000\"> has no id, so Studio cannot use a stable edit target for its timeline and canvas controls.",
        "selector": "[data-composition-id]",
        "dataAttributes": {},
        "sourceFile": "C:\\vox-style-xe-giay-v1-hyperframes\\hyperframes\\videos\\ban-an-935-2024-tphcm\\compositions\\caption-track.html",
        "bbox": {
          "x": 0,
          "y": 0,
          "width": 0,
          "height": 0
        },
        "time": 0,
        "fixHint": "Add a stable, human-readable id such as id=\"hero-title\" or id=\"scene-1-card\" to every timeline-visible element you want agents or Studio to edit."
      },
      {
        "code": "studio_missing_editable_id",
        "severity": "warning",
        "message": "<div class=\"caption-page\" data-start=\"4.420000\"> has no id, so Studio cannot use a stable edit target for its timeline and canvas controls.",
        "selector": "[data-composition-id]",
        "dataAttributes": {},
        "sourceFile": "C:\\vox-style-xe-giay-v1-hyperframes\\hyperframes\\videos\\ban-an-935-2024-tphcm\\compositions\\caption-track.html",
        "bbox": {
          "x": 0,
          "y": 0,
          "width": 0,
          "height": 0
        },
        "time": 0,
        "fixHint": "Add a stable, human-readable id such as id=\"hero-title\" or id=\"scene-1-card\" to every timeline-visible element you want agents or Studio to edit."
      },
      {
        "code": "studio_missing_editable_id",
        "severity": "warning",
        "message": "<div class=\"caption-page\" data-start=\"5.460000\"> has no id, so Studio cannot use a stable edit target for its timeline and canvas controls.",
        "selector": "[data-composition-id]",
        "dataAttributes": {},
        "sourceFile": "C:\\vox-style-xe-giay-v1-hyperframes\\hyperframes\\videos\\ban-an-935-2024-tphcm\\compositions\\caption-track.html",
        "bbox": {
          "x": 0,
          "y": 0,
          "width": 0,
          "height": 0
        },
        "time": 0,
        "fixHint": "Add a stable, human-readable id such as id=\"hero-title\" or id=\"scene-1-card\" to every timeline-visible element you want agents or Studio to edit."
      },
      {
        "code": "studio_missing_editable_id",
        "severity": "warning",
        "message": "<div class=\"caption-page\" data-start=\"6.230000\"> has no id, so Studio cannot use a stable edit target for its timeline and canvas controls.",
        "selector": "[data-composition-id]",
        "dataAttributes": {},
        "sourceFile": "C:\\vox-style-xe-giay-v1-hyperframes\\hyperframes\\videos\\ban-an-935-2024-tphcm\\compositions\\caption-track.html",
        "bbox": {
          "x": 0,
          "y": 0,
          "width": 0,
          "height": 0
        },
        "time": 0,
        "fixHint": "Add a stable, human-readable id such as id=\"hero-title\" or id=\"scene-1-card\" to every timeline-visible element you want agents or Studio to edit."
      },
      {
        "code": "studio_missing_editable_id",
        "severity": "warning",
        "message": "<div class=\"caption-page\" data-start=\"7.170000\"> has no id, so Studio cannot use a stable edit target for its timeline and canvas controls.",
        "selector": "[data-composition-id]",
        "dataAttributes": {},
        "sourceFile": "C:\\vox-style-xe-giay-v1-hyperframes\\hyperframes\\videos\\ban-an-935-2024-tphcm\\compositions\\caption-track.html",
        "bbox": {
          "x": 0,
          "y": 0,
          "width": 0,
          "height": 0
        },
        "time": 0,
        "fixHint": "Add a stable, human-readable id such as id=\"hero-title\" or id=\"scene-1-card\" to every timeline-visible element you want agents or Studio to edit."
      },
      {
        "code": "studio_missing_editable_id",
        "severity": "warning",
        "message": "<div class=\"caption-page\" data-start=\"8.320000\"> has no id, so Studio cannot use a stable edit target for its timeline and canvas controls.",
        "selector": "[data-composition-id]",
        "dataAttributes": {},
        "sourceFile": "C:\\vox-style-xe-giay-v1-hyperframes\\hyperframes\\videos\\ban-an-935-2024-tphcm\\compositions\\caption-track.html",
        "bbox": {
          "x": 0,
          "y": 0,
          "width": 0,
          "height": 0
        },
        "time": 0,
        "fixHint": "Add a stable, human-readable id such as id=\"hero-title\" or id=\"scene-1-card\" to every timeline-visible element you want agents or Studio to edit."
      },
      {
        "code": "studio_missing_editable_id",
        "severity": "warning",
        "message": "<div class=\"caption-page\" data-start=\"9.390000\"> has no id, so Studio cannot use a stable edit target for its timeline and canvas controls.",
        "selector": "[data-composition-id]",
        "dataAttributes": {},
        "sourceFile": "C:\\vox-style-xe-giay-v1-hyperframes\\hyperframes\\videos\\ban-an-935-2024-tphcm\\compositions\\caption-track.html",
        "bbox": {
          "x": 0,
          "y": 0,
          "width": 0,
          "height": 0
        },
        "time": 0,
        "fixHint": "Add a stable, human-readable id such as id=\"hero-title\" or id=\"scene-1-card\" to every timeline-visible element you want agents or Studio to edit."
      },
      {
        "code": "studio_missing_editable_id",
        "severity": "warning",
        "message": "<div class=\"caption-page\" data-start=\"10.100000\"> has no id, so Studio cannot use a stable edit target for its timeline and canvas controls.",
        "selector": "[data-composition-id]",
        "dataAttributes": {},
        "sourceFile": "C:\\vox-style-xe-giay-v1-hyperframes\\hyperframes\\videos\\ban-an-935-2024-tphcm\\compositions\\caption-track.html",
        "bbox": {
          "x": 0,
          "y": 0,
          "width": 0,
          "height": 0
        },
        "time": 0,
        "fixHint": "Add a stable, human-readable id such as id=\"hero-title\" or id=\"scene-1-card\" to every timeline-visible element you want agents or Studio to edit."
      },
      {
        "code": "studio_missing_editable_id",
        "severity": "warning",
        "message": "<div class=\"caption-page\" data-start=\"11.240000\"> has no id, so Studio cannot use a stable edit target for its timeline and canvas controls.",
        "selector": "[data-composition-id]",
        "dataAttributes": {},
        "sourceFile": "C:\\vox-style-xe-giay-v1-hyperframes\\hyperframes\\videos\\ban-an-935-2024-tphcm\\compositions\\caption-track.html",
        "bbox": {
          "x": 0,
          "y": 0,
          "width": 0,
          "height": 0
        },
        "time": 0,
        "fixHint": "Add a stable, human-readable id such as id=\"hero-title\" or id=\"scene-1-card\" to every timeline-visible element you want agents or Studio to edit."
      },
      {
        "code": "studio_missing_editable_id",
        "severity": "warning",
        "message": "<div class=\"caption-page\" data-start=\"12.040000\"> has no id, so Studio cannot use a stable edit target for its timeline and canvas controls.",
        "selector": "[data-composition-id]",
        "dataAttributes": {},
        "sourceFile": "C:\\vox-style-xe-giay-v1-hyperframes\\hyperframes\\videos\\ban-an-935-2024-tphcm\\compositions\\caption-track.html",
        "bbox": {
          "x": 0,
          "y": 0,
          "width": 0,
          "height": 0
        },
        "time": 0,
        "fixHint": "Add a stable, human-readable id such as id=\"hero-title\" or id=\"scene-1-card\" to every timeline-visible element you want agents or Studio to edit."
      },
      {
        "code": "studio_missing_editable_id",
        "severity": "warning",
        "message": "<div class=\"caption-page\" data-start=\"13.010000\"> has no id, so Studio cannot use a stable edit target for its timeline and canvas controls.",
        "selector": "[data-composition-id]",
        "dataAttributes": {},
        "sourceFile": "C:\\vox-style-xe-giay-v1-hyperframes\\hyperframes\\videos\\ban-an-935-2024-tphcm\\compositions\\caption-track.html",
        "bbox": {
          "x": 0,
          "y": 0,
          "width": 0,
          "height": 0
        },
        "time": 0,
        "fixHint": "Add a stable, human-readable id such as id=\"hero-title\" or id=\"scene-1-card\" to every timeline-visible element you want agents or Studio to edit."
      },
      {
        "code": "studio_missing_editable_id",
        "severity": "warning",
        "message": "<div class=\"caption-page\" data-start=\"14.050000\"> has no id, so Studio cannot use a stable edit target for its timeline and canvas controls.",
        "selector": "[data-composition-id]",
        "dataAttributes": {},
        "sourceFile": "C:\\vox-style-xe-giay-v1-hyperframes\\hyperframes\\videos\\ban-an-935-2024-tphcm\\compositions\\caption-track.html",
        "bbox": {
          "x": 0,
          "y": 0,
          "width": 0,
          "height": 0
        },
        "time": 0,
        "fixHint": "Add a stable, human-readable id such as id=\"hero-title\" or id=\"scene-1-card\" to every timeline-visible element you want agents or Studio to edit."
      },
      {
        "code": "studio_missing_editable_id",
        "severity": "warning",
        "message": "<div class=\"caption-page\" data-start=\"14.810000\"> has no id, so Studio cannot use a stable edit target for its timeline and canvas controls.",
        "selector": "[data-composition-id]",
        "dataAttributes": {},
        "sourceFile": "C:\\vox-style-xe-giay-v1-hyperframes\\hyperframes\\videos\\ban-an-935-2024-tphcm\\compositions\\caption-track.html",
        "bbox": {
          "x": 0,
          "y": 0,
          "width": 0,
          "height": 0
        },
        "time": 0,
        "fixHint": "Add a stable, human-readable id such as id=\"hero-title\" or id=\"scene-1-card\" to every timeline-visible element you want agents or Studio to edit."
      },
      {
        "code": "studio_missing_editable_id",
        "severity": "warning",
        "message": "<div class=\"caption-page\" data-start=\"15.700000\"> has no id, so Studio cannot use a stable edit target for its timeline and canvas controls.",
        "selector": "[data-composition-id]",
        "dataAttributes": {},
        "sourceFile": "C:\\vox-style-xe-giay-v1-hyperframes\\hyperframes\\videos\\ban-an-935-2024-tphcm\\compositions\\caption-track.html",
        "bbox": {
          "x": 0,
          "y": 0,
          "width": 0,
          "height": 0
        },
        "time": 0,
        "fixHint": "Add a stable, human-readable id such as id=\"hero-title\" or id=\"scene-1-card\" to every timeline-visible element you want agents or Studio to edit."
      },
      {
        "code": "studio_missing_editable_id",
        "severity": "warning",
        "message": "<div class=\"caption-page\" data-start=\"17.010000\"> has no id, so Studio cannot use a stable edit target for its timeline and canvas controls.",
        "selector": "[data-composition-id]",
        "dataAttributes": {},
        "sourceFile": "C:\\vox-style-xe-giay-v1-hyperframes\\hyperframes\\videos\\ban-an-935-2024-tphcm\\compositions\\caption-track.html",
        "bbox": {
          "x": 0,
          "y": 0,
          "width": 0,
          "height": 0
        },
        "time": 0,
        "fixHint": "Add a stable, human-readable id such as id=\"hero-title\" or id=\"scene-1-card\" to every timeline-visible element you want agents or Studio to edit."
      },
      {
        "code": "studio_missing_editable_id",
        "severity": "warning",
        "message": "<div class=\"caption-page\" data-start=\"17.910000\"> has no id, so Studio cannot use a stable edit target for its timeline and canvas controls.",
        "selector": "[data-composition-id]",
        "dataAttributes": {},
        "sourceFile": "C:\\vox-style-xe-giay-v1-hyperframes\\hyperframes\\videos\\ban-an-935-2024-tphcm\\compositions\\caption-track.html",
        "bbox": {
          "x": 0,
          "y": 0,
          "width": 0,
          "height": 0
        },
        "time": 0,
        "fixHint": "Add a stable, human-readable id such as id=\"hero-title\" or id=\"scene-1-card\" to every timeline-visible element you want agents or Studio to edit."
      },
      {
        "code": "studio_missing_editable_id",
        "severity": "warning",
        "message": "<div class=\"caption-page\" data-start=\"18.570000\"> has no id, so Studio cannot use a stable edit target for its timeline and canvas controls.",
        "selector": "[data-composition-id]",
        "dataAttributes": {},
        "sourceFile": "C:\\vox-style-xe-giay-v1-hyperframes\\hyperframes\\videos\\ban-an-935-2024-tphcm\\compositions\\caption-track.html",
        "bbox": {
          "x": 0,
          "y": 0,
          "width": 0,
          "height": 0
        },
        "time": 0,
        "fixHint": "Add a stable, human-readable id such as id=\"hero-title\" or id=\"scene-1-card\" to every timeline-visible element you want agents or Studio to edit."
      },
      {
        "code": "studio_missing_editable_id",
        "severity": "warning",
        "message": "<div class=\"caption-page\" data-start=\"19.670000\"> has no id, so Studio cannot use a stable edit target for its timeline and canvas controls.",
        "selector": "[data-composition-id]",
        "dataAttributes": {},
        "sourceFile": "C:\\vox-style-xe-giay-v1-hyperframes\\hyperframes\\videos\\ban-an-935-2024-tphcm\\compositions\\caption-track.html",
        "bbox": {
          "x": 0,
          "y": 0,
          "width": 0,
          "height": 0
        },
        "time": 0,
        "fixHint": "Add a stable, human-readable id such as id=\"hero-title\" or id=\"scene-1-card\" to every timeline-visible element you want agents or Studio to edit."
      },
      {
        "code": "studio_missing_editable_id",
        "severity": "warning",
        "message": "<div class=\"caption-page\" data-start=\"20.610000\"> has no id, so Studio cannot use a stable edit target for its timeline and canvas controls.",
        "selector": "[data-composition-id]",
        "dataAttributes": {},
        "sourceFile": "C:\\vox-style-xe-giay-v1-hyperframes\\hyperframes\\videos\\ban-an-935-2024-tphcm\\compositions\\caption-track.html",
        "bbox": {
          "x": 0,
          "y": 0,
          "width": 0,
          "height": 0
        },
        "time": 0,
        "fixHint": "Add a stable, human-readable id such as id=\"hero-title\" or id=\"scene-1-card\" to every timeline-visible element you want agents or Studio to edit."
      },
      {
        "code": "studio_missing_editable_id",
        "severity": "warning",
        "message": "<div class=\"caption-page\" data-start=\"21.320000\"> has no id, so Studio cannot use a stable edit target for its timeline and canvas controls.",
        "selector": "[data-composition-id]",
        "dataAttributes": {},
        "sourceFile": "C:\\vox-style-xe-giay-v1-hyperframes\\hyperframes\\videos\\ban-an-935-2024-tphcm\\compositions\\caption-track.html",
        "bbox": {
          "x": 0,
          "y": 0,
          "width": 0,
          "height": 0
        },
        "time": 0,
        "fixHint": "Add a stable, human-readable id such as id=\"hero-title\" or id=\"scene-1-card\" to every timeline-visible element you want agents or Studio to edit."
      },
      {
        "code": "studio_missing_editable_id",
        "severity": "warning",
        "message": "<div class=\"caption-page\" data-start=\"22.270000\"> has no id, so Studio cannot use a stable edit target for its timeline and canvas controls.",
        "selector": "[data-composition-id]",
        "dataAttributes": {},
        "sourceFile": "C:\\vox-style-xe-giay-v1-hyperframes\\hyperframes\\videos\\ban-an-935-2024-tphcm\\compositions\\caption-track.html",
        "bbox": {
          "x": 0,
          "y": 0,
          "width": 0,
          "height": 0
        },
        "time": 0,
        "fixHint": "Add a stable, human-readable id such as id=\"hero-title\" or id=\"scene-1-card\" to every timeline-visible element you want agents or Studio to edit."
      },
      {
        "code": "studio_missing_editable_id",
        "severity": "warning",
        "message": "<div class=\"caption-page\" data-start=\"23.020000\"> has no id, so Studio cannot use a stable edit target for its timeline and canvas controls.",
        "selector": "[data-composition-id]",
        "dataAttributes": {},
        "sourceFile": "C:\\vox-style-xe-giay-v1-hyperframes\\hyperframes\\videos\\ban-an-935-2024-tphcm\\compositions\\caption-track.html",
        "bbox": {
          "x": 0,
          "y": 0,
          "width": 0,
          "height": 0
        },
        "time": 0,
        "fixHint": "Add a stable, human-readable id such as id=\"hero-title\" or id=\"scene-1-card\" to every timeline-visible element you want agents or Studio to edit."
      },
      {
        "code": "studio_missing_editable_id",
        "severity": "warning",
        "message": "<div class=\"caption-page\" data-start=\"23.590000\"> has no id, so Studio cannot use a stable edit target for its timeline and canvas controls.",
        "selector": "[data-composition-id]",
        "dataAttributes": {},
        "sourceFile": "C:\\vox-style-xe-giay-v1-hyperframes\\hyperframes\\videos\\ban-an-935-2024-tphcm\\compositions\\caption-track.html",
        "bbox": {
          "x": 0,
          "y": 0,
          "width": 0,
          "height": 0
        },
        "time": 0,
        "fixHint": "Add a stable, human-readable id such as id=\"hero-title\" or id=\"scene-1-card\" to every timeline-visible element you want agents or Studio to edit."
      },
      {
        "code": "studio_missing_editable_id",
        "severity": "warning",
        "message": "<div class=\"caption-page\" data-start=\"24.290000\"> has no id, so Studio cannot use a stable edit target for its timeline and canvas controls.",
        "selector": "[data-composition-id]",
        "dataAttributes": {},
        "sourceFile": "C:\\vox-style-xe-giay-v1-hyperframes\\hyperframes\\videos\\ban-an-935-2024-tphcm\\compositions\\caption-track.html",
        "bbox": {
          "x": 0,
          "y": 0,
          "width": 0,
          "height": 0
        },
        "time": 0,
        "fixHint": "Add a stable, human-readable id such as id=\"hero-title\" or id=\"scene-1-card\" to every timeline-visible element you want agents or Studio to edit."
      },
      {
        "code": "studio_missing_editable_id",
        "severity": "warning",
        "message": "<div class=\"caption-page\" data-start=\"25.480000\"> has no id, so Studio cannot use a stable edit target for its timeline and canvas controls.",
        "selector": "[data-composition-id]",
        "dataAttributes": {},
        "sourceFile": "C:\\vox-style-xe-giay-v1-hyperframes\\hyperframes\\videos\\ban-an-935-2024-tphcm\\compositions\\caption-track.html",
        "bbox": {
          "x": 0,
          "y": 0,
          "width": 0,
          "height": 0
        },
        "time": 0,
        "fixHint": "Add a stable, human-readable id such as id=\"hero-title\" or id=\"scene-1-card\" to every timeline-visible element you want agents or Studio to edit."
      },
      {
        "code": "studio_missing_editable_id",
        "severity": "warning",
        "message": "<div class=\"caption-page\" data-start=\"26.240000\"> has no id, so Studio cannot use a stable edit target for its timeline and canvas controls.",
        "selector": "[data-composition-id]",
        "dataAttributes": {},
        "sourceFile": "C:\\vox-style-xe-giay-v1-hyperframes\\hyperframes\\videos\\ban-an-935-2024-tphcm\\compositions\\caption-track.html",
        "bbox": {
          "x": 0,
          "y": 0,
          "width": 0,
          "height": 0
        },
        "time": 0,
        "fixHint": "Add a stable, human-readable id such as id=\"hero-title\" or id=\"scene-1-card\" to every timeline-visible element you want agents or Studio to edit."
      },
      {
        "code": "studio_missing_editable_id",
        "severity": "warning",
        "message": "<div class=\"caption-page\" data-start=\"27.850000\"> has no id, so Studio cannot use a stable edit target for its timeline and canvas controls.",
        "selector": "[data-composition-id]",
        "dataAttributes": {},
        "sourceFile": "C:\\vox-style-xe-giay-v1-hyperframes\\hyperframes\\videos\\ban-an-935-2024-tphcm\\compositions\\caption-track.html",
        "bbox": {
          "x": 0,
          "y": 0,
          "width": 0,
          "height": 0
        },
        "time": 0,
        "fixHint": "Add a stable, human-readable id such as id=\"hero-title\" or id=\"scene-1-card\" to every timeline-visible element you want agents or Studio to edit."
      },
      {
        "code": "studio_missing_editable_id",
        "severity": "warning",
        "message": "<div class=\"caption-page\" data-start=\"28.570000\"> has no id, so Studio cannot use a stable edit target for its timeline and canvas controls.",
        "selector": "[data-composition-id]",
        "dataAttributes": {},
        "sourceFile": "C:\\vox-style-xe-giay-v1-hyperframes\\hyperframes\\videos\\ban-an-935-2024-tphcm\\compositions\\caption-track.html",
        "bbox": {
          "x": 0,
          "y": 0,
          "width": 0,
          "height": 0
        },
        "time": 0,
        "fixHint": "Add a stable, human-readable id such as id=\"hero-title\" or id=\"scene-1-card\" to every timeline-visible element you want agents or Studio to edit."
      },
      {
        "code": "studio_missing_editable_id",
        "severity": "warning",
        "message": "<div class=\"caption-page\" data-start=\"29.580000\"> has no id, so Studio cannot use a stable edit target for its timeline and canvas controls.",
        "selector": "[data-composition-id]",
        "dataAttributes": {},
        "sourceFile": "C:\\vox-style-xe-giay-v1-hyperframes\\hyperframes\\videos\\ban-an-935-2024-tphcm\\compositions\\caption-track.html",
        "bbox": {
          "x": 0,
          "y": 0,
          "width": 0,
          "height": 0
        },
        "time": 0,
        "fixHint": "Add a stable, human-readable id such as id=\"hero-title\" or id=\"scene-1-card\" to every timeline-visible element you want agents or Studio to edit."
      },
      {
        "code": "studio_missing_editable_id",
        "severity": "warning",
        "message": "<div class=\"caption-page\" data-start=\"30.480000\"> has no id, so Studio cannot use a stable edit target for its timeline and canvas controls.",
        "selector": "[data-composition-id]",
        "dataAttributes": {},
        "sourceFile": "C:\\vox-style-xe-giay-v1-hyperframes\\hyperframes\\videos\\ban-an-935-2024-tphcm\\compositions\\caption-track.html",
        "bbox": {
          "x": 0,
          "y": 0,
          "width": 0,
          "height": 0
        },
        "time": 0,
        "fixHint": "Add a stable, human-readable id such as id=\"hero-title\" or id=\"scene-1-card\" to every timeline-visible element you want agents or Studio to edit."
      },
      {
        "code": "studio_missing_editable_id",
        "severity": "warning",
        "message": "<div class=\"caption-page\" data-start=\"31.030000\"> has no id, so Studio cannot use a stable edit target for its timeline and canvas controls.",
        "selector": "[data-composition-id]",
        "dataAttributes": {},
        "sourceFile": "C:\\vox-style-xe-giay-v1-hyperframes\\hyperframes\\videos\\ban-an-935-2024-tphcm\\compositions\\caption-track.html",
        "bbox": {
          "x": 0,
          "y": 0,
          "width": 0,
          "height": 0
        },
        "time": 0,
        "fixHint": "Add a stable, human-readable id such as id=\"hero-title\" or id=\"scene-1-card\" to every timeline-visible element you want agents or Studio to edit."
      },
      {
        "code": "studio_missing_editable_id",
        "severity": "warning",
        "message": "<div class=\"caption-page\" data-start=\"32.050000\"> has no id, so Studio cannot use a stable edit target for its timeline and canvas controls.",
        "selector": "[data-composition-id]",
        "dataAttributes": {},
        "sourceFile": "C:\\vox-style-xe-giay-v1-hyperframes\\hyperframes\\videos\\ban-an-935-2024-tphcm\\compositions\\caption-track.html",
        "bbox": {
          "x": 0,
          "y": 0,
          "width": 0,
          "height": 0
        },
        "time": 0,
        "fixHint": "Add a stable, human-readable id such as id=\"hero-title\" or id=\"scene-1-card\" to every timeline-visible element you want agents or Studio to edit."
      },
      {
        "code": "studio_missing_editable_id",
        "severity": "warning",
        "message": "<div class=\"caption-page\" data-start=\"32.750000\"> has no id, so Studio cannot use a stable edit target for its timeline and canvas controls.",
        "selector": "[data-composition-id]",
        "dataAttributes": {},
        "sourceFile": "C:\\vox-style-xe-giay-v1-hyperframes\\hyperframes\\videos\\ban-an-935-2024-tphcm\\compositions\\caption-track.html",
        "bbox": {
          "x": 0,
          "y": 0,
          "width": 0,
          "height": 0
        },
        "time": 0,
        "fixHint": "Add a stable, human-readable id such as id=\"hero-title\" or id=\"scene-1-card\" to every timeline-visible element you want agents or Studio to edit."
      },
      {
        "code": "studio_missing_editable_id",
        "severity": "warning",
        "message": "<div class=\"caption-page\" data-start=\"33.600000\"> has no id, so Studio cannot use a stable edit target for its timeline and canvas controls.",
        "selector": "[data-composition-id]",
        "dataAttributes": {},
        "sourceFile": "C:\\vox-style-xe-giay-v1-hyperframes\\hyperframes\\videos\\ban-an-935-2024-tphcm\\compositions\\caption-track.html",
        "bbox": {
          "x": 0,
          "y": 0,
          "width": 0,
          "height": 0
        },
        "time": 0,
        "fixHint": "Add a stable, human-readable id such as id=\"hero-title\" or id=\"scene-1-card\" to every timeline-visible element you want agents or Studio to edit."
      },
      {
        "code": "studio_missing_editable_id",
        "severity": "warning",
        "message": "<div class=\"caption-page\" data-start=\"34.650000\"> has no id, so Studio cannot use a stable edit target for its timeline and canvas controls.",
        "selector": "[data-composition-id]",
        "dataAttributes": {},
        "sourceFile": "C:\\vox-style-xe-giay-v1-hyperframes\\hyperframes\\videos\\ban-an-935-2024-tphcm\\compositions\\caption-track.html",
        "bbox": {
          "x": 0,
          "y": 0,
          "width": 0,
          "height": 0
        },
        "time": 0,
        "fixHint": "Add a stable, human-readable id such as id=\"hero-title\" or id=\"scene-1-card\" to every timeline-visible element you want agents or Studio to edit."
      },
      {
        "code": "studio_missing_editable_id",
        "severity": "warning",
        "message": "<div class=\"caption-page\" data-start=\"35.500000\"> has no id, so Studio cannot use a stable edit target for its timeline and canvas controls.",
        "selector": "[data-composition-id]",
        "dataAttributes": {},
        "sourceFile": "C:\\vox-style-xe-giay-v1-hyperframes\\hyperframes\\videos\\ban-an-935-2024-tphcm\\compositions\\caption-track.html",
        "bbox": {
          "x": 0,
          "y": 0,
          "width": 0,
          "height": 0
        },
        "time": 0,
        "fixHint": "Add a stable, human-readable id such as id=\"hero-title\" or id=\"scene-1-card\" to every timeline-visible element you want agents or Studio to edit."
      },
      {
        "code": "studio_missing_editable_id",
        "severity": "warning",
        "message": "<div class=\"caption-page\" data-start=\"36.300000\"> has no id, so Studio cannot use a stable edit target for its timeline and canvas controls.",
        "selector": "[data-composition-id]",
        "dataAttributes": {},
        "sourceFile": "C:\\vox-style-xe-giay-v1-hyperframes\\hyperframes\\videos\\ban-an-935-2024-tphcm\\compositions\\caption-track.html",
        "bbox": {
          "x": 0,
          "y": 0,
          "width": 0,
          "height": 0
        },
        "time": 0,
        "fixHint": "Add a stable, human-readable id such as id=\"hero-title\" or id=\"scene-1-card\" to every timeline-visible element you want agents or Studio to edit."
      },
      {
        "code": "studio_missing_editable_id",
        "severity": "warning",
        "message": "<div class=\"caption-page\" data-start=\"37.250000\"> has no id, so Studio cannot use a stable edit target for its timeline and canvas controls.",
        "selector": "[data-composition-id]",
        "dataAttributes": {},
        "sourceFile": "C:\\vox-style-xe-giay-v1-hyperframes\\hyperframes\\videos\\ban-an-935-2024-tphcm\\compositions\\caption-track.html",
        "bbox": {
          "x": 0,
          "y": 0,
          "width": 0,
          "height": 0
        },
        "time": 0,
        "fixHint": "Add a stable, human-readable id such as id=\"hero-title\" or id=\"scene-1-card\" to every timeline-visible element you want agents or Studio to edit."
      },
      {
        "code": "studio_missing_editable_id",
        "severity": "warning",
        "message": "<div class=\"caption-page\" data-start=\"38.250000\"> has no id, so Studio cannot use a stable edit target for its timeline and canvas controls.",
        "selector": "[data-composition-id]",
        "dataAttributes": {},
        "sourceFile": "C:\\vox-style-xe-giay-v1-hyperframes\\hyperframes\\videos\\ban-an-935-2024-tphcm\\compositions\\caption-track.html",
        "bbox": {
          "x": 0,
          "y": 0,
          "width": 0,
          "height": 0
        },
        "time": 0,
        "fixHint": "Add a stable, human-readable id such as id=\"hero-title\" or id=\"scene-1-card\" to every timeline-visible element you want agents or Studio to edit."
      },
      {
        "code": "studio_missing_editable_id",
        "severity": "warning",
        "message": "<div class=\"caption-page\" data-start=\"39.050000\"> has no id, so Studio cannot use a stable edit target for its timeline and canvas controls.",
        "selector": "[data-composition-id]",
        "dataAttributes": {},
        "sourceFile": "C:\\vox-style-xe-giay-v1-hyperframes\\hyperframes\\videos\\ban-an-935-2024-tphcm\\compositions\\caption-track.html",
        "bbox": {
          "x": 0,
          "y": 0,
          "width": 0,
          "height": 0
        },
        "time": 0,
        "fixHint": "Add a stable, human-readable id such as id=\"hero-title\" or id=\"scene-1-card\" to every timeline-visible element you want agents or Studio to edit."
      },
      {
        "code": "studio_missing_editable_id",
        "severity": "warning",
        "message": "<div class=\"caption-page\" data-start=\"39.740000\"> has no id, so Studio cannot use a stable edit target for its timeline and canvas controls.",
        "selector": "[data-composition-id]",
        "dataAttributes": {},
        "sourceFile": "C:\\vox-style-xe-giay-v1-hyperframes\\hyperframes\\videos\\ban-an-935-2024-tphcm\\compositions\\caption-track.html",
        "bbox": {
          "x": 0,
          "y": 0,
          "width": 0,
          "height": 0
        },
        "time": 0,
        "fixHint": "Add a stable, human-readable id such as id=\"hero-title\" or id=\"scene-1-card\" to every timeline-visible element you want agents or Studio to edit."
      },
      {
        "code": "studio_missing_editable_id",
        "severity": "warning",
        "message": "<div class=\"caption-page\" data-start=\"40.700000\"> has no id, so Studio cannot use a stable edit target for its timeline and canvas controls.",
        "selector": "[data-composition-id]",
        "dataAttributes": {},
        "sourceFile": "C:\\vox-style-xe-giay-v1-hyperframes\\hyperframes\\videos\\ban-an-935-2024-tphcm\\compositions\\caption-track.html",
        "bbox": {
          "x": 0,
          "y": 0,
          "width": 0,
          "height": 0
        },
        "time": 0,
        "fixHint": "Add a stable, human-readable id such as id=\"hero-title\" or id=\"scene-1-card\" to every timeline-visible element you want agents or Studio to edit."
      },
      {
        "code": "studio_missing_editable_id",
        "severity": "warning",
        "message": "<div class=\"caption-page\" data-start=\"41.700000\"> has no id, so Studio cannot use a stable edit target for its timeline and canvas controls.",
        "selector": "[data-composition-id]",
        "dataAttributes": {},
        "sourceFile": "C:\\vox-style-xe-giay-v1-hyperframes\\hyperframes\\videos\\ban-an-935-2024-tphcm\\compositions\\caption-track.html",
        "bbox": {
          "x": 0,
          "y": 0,
          "width": 0,
          "height": 0
        },
        "time": 0,
        "fixHint": "Add a stable, human-readable id such as id=\"hero-title\" or id=\"scene-1-card\" to every timeline-visible element you want agents or Studio to edit."
      },
      {
        "code": "studio_missing_editable_id",
        "severity": "warning",
        "message": "<div class=\"caption-page\" data-start=\"43.450000\"> has no id, so Studio cannot use a stable edit target for its timeline and canvas controls.",
        "selector": "[data-composition-id]",
        "dataAttributes": {},
        "sourceFile": "C:\\vox-style-xe-giay-v1-hyperframes\\hyperframes\\videos\\ban-an-935-2024-tphcm\\compositions\\caption-track.html",
        "bbox": {
          "x": 0,
          "y": 0,
          "width": 0,
          "height": 0
        },
        "time": 0,
        "fixHint": "Add a stable, human-readable id such as id=\"hero-title\" or id=\"scene-1-card\" to every timeline-visible element you want agents or Studio to edit."
      },
      {
        "code": "studio_missing_editable_id",
        "severity": "warning",
        "message": "<div class=\"caption-page\" data-start=\"44.340000\"> has no id, so Studio cannot use a stable edit target for its timeline and canvas controls.",
        "selector": "[data-composition-id]",
        "dataAttributes": {},
        "sourceFile": "C:\\vox-style-xe-giay-v1-hyperframes\\hyperframes\\videos\\ban-an-935-2024-tphcm\\compositions\\caption-track.html",
        "bbox": {
          "x": 0,
          "y": 0,
          "width": 0,
          "height": 0
        },
        "time": 0,
        "fixHint": "Add a stable, human-readable id such as id=\"hero-title\" or id=\"scene-1-card\" to every timeline-visible element you want agents or Studio to edit."
      },
      {
        "code": "studio_missing_editable_id",
        "severity": "warning",
        "message": "<div class=\"caption-page\" data-start=\"45.500000\"> has no id, so Studio cannot use a stable edit target for its timeline and canvas controls.",
        "selector": "[data-composition-id]",
        "dataAttributes": {},
        "sourceFile": "C:\\vox-style-xe-giay-v1-hyperframes\\hyperframes\\videos\\ban-an-935-2024-tphcm\\compositions\\caption-track.html",
        "bbox": {
          "x": 0,
          "y": 0,
          "width": 0,
          "height": 0
        },
        "time": 0,
        "fixHint": "Add a stable, human-readable id such as id=\"hero-title\" or id=\"scene-1-card\" to every timeline-visible element you want agents or Studio to edit."
      },
      {
        "code": "studio_missing_editable_id",
        "severity": "warning",
        "message": "<div class=\"caption-page\" data-start=\"46.350000\"> has no id, so Studio cannot use a stable edit target for its timeline and canvas controls.",
        "selector": "[data-composition-id]",
        "dataAttributes": {},
        "sourceFile": "C:\\vox-style-xe-giay-v1-hyperframes\\hyperframes\\videos\\ban-an-935-2024-tphcm\\compositions\\caption-track.html",
        "bbox": {
          "x": 0,
          "y": 0,
          "width": 0,
          "height": 0
        },
        "time": 0,
        "fixHint": "Add a stable, human-readable id such as id=\"hero-title\" or id=\"scene-1-card\" to every timeline-visible element you want agents or Studio to edit."
      },
      {
        "code": "studio_missing_editable_id",
        "severity": "warning",
        "message": "<div class=\"caption-page\" data-start=\"47.090000\"> has no id, so Studio cannot use a stable edit target for its timeline and canvas controls.",
        "selector": "[data-composition-id]",
        "dataAttributes": {},
        "sourceFile": "C:\\vox-style-xe-giay-v1-hyperframes\\hyperframes\\videos\\ban-an-935-2024-tphcm\\compositions\\caption-track.html",
        "bbox": {
          "x": 0,
          "y": 0,
          "width": 0,
          "height": 0
        },
        "time": 0,
        "fixHint": "Add a stable, human-readable id such as id=\"hero-title\" or id=\"scene-1-card\" to every timeline-visible element you want agents or Studio to edit."
      },
      {
        "code": "studio_missing_editable_id",
        "severity": "warning",
        "message": "<div class=\"caption-page\" data-start=\"48.050000\"> has no id, so Studio cannot use a stable edit target for its timeline and canvas controls.",
        "selector": "[data-composition-id]",
        "dataAttributes": {},
        "sourceFile": "C:\\vox-style-xe-giay-v1-hyperframes\\hyperframes\\videos\\ban-an-935-2024-tphcm\\compositions\\caption-track.html",
        "bbox": {
          "x": 0,
          "y": 0,
          "width": 0,
          "height": 0
        },
        "time": 0,
        "fixHint": "Add a stable, human-readable id such as id=\"hero-title\" or id=\"scene-1-card\" to every timeline-visible element you want agents or Studio to edit."
      },
      {
        "code": "studio_missing_editable_id",
        "severity": "warning",
        "message": "<div class=\"caption-page\" data-start=\"48.780000\"> has no id, so Studio cannot use a stable edit target for its timeline and canvas controls.",
        "selector": "[data-composition-id]",
        "dataAttributes": {},
        "sourceFile": "C:\\vox-style-xe-giay-v1-hyperframes\\hyperframes\\videos\\ban-an-935-2024-tphcm\\compositions\\caption-track.html",
        "bbox": {
          "x": 0,
          "y": 0,
          "width": 0,
          "height": 0
        },
        "time": 0,
        "fixHint": "Add a stable, human-readable id such as id=\"hero-title\" or id=\"scene-1-card\" to every timeline-visible element you want agents or Studio to edit."
      },
      {
        "code": "studio_missing_editable_id",
        "severity": "warning",
        "message": "<div class=\"caption-page\" data-start=\"49.410000\"> has no id, so Studio cannot use a stable edit target for its timeline and canvas controls.",
        "selector": "[data-composition-id]",
        "dataAttributes": {},
        "sourceFile": "C:\\vox-style-xe-giay-v1-hyperframes\\hyperframes\\videos\\ban-an-935-2024-tphcm\\compositions\\caption-track.html",
        "bbox": {
          "x": 0,
          "y": 0,
          "width": 0,
          "height": 0
        },
        "time": 0,
        "fixHint": "Add a stable, human-readable id such as id=\"hero-title\" or id=\"scene-1-card\" to every timeline-visible element you want agents or Studio to edit."
      },
      {
        "code": "studio_missing_editable_id",
        "severity": "warning",
        "message": "<div class=\"caption-page\" data-start=\"50.180000\"> has no id, so Studio cannot use a stable edit target for its timeline and canvas controls.",
        "selector": "[data-composition-id]",
        "dataAttributes": {},
        "sourceFile": "C:\\vox-style-xe-giay-v1-hyperframes\\hyperframes\\videos\\ban-an-935-2024-tphcm\\compositions\\caption-track.html",
        "bbox": {
          "x": 0,
          "y": 0,
          "width": 0,
          "height": 0
        },
        "time": 0,
        "fixHint": "Add a stable, human-readable id such as id=\"hero-title\" or id=\"scene-1-card\" to every timeline-visible element you want agents or Studio to edit."
      },
      {
        "code": "studio_missing_editable_id",
        "severity": "warning",
        "message": "<div class=\"caption-page\" data-start=\"50.910000\"> has no id, so Studio cannot use a stable edit target for its timeline and canvas controls.",
        "selector": "[data-composition-id]",
        "dataAttributes": {},
        "sourceFile": "C:\\vox-style-xe-giay-v1-hyperframes\\hyperframes\\videos\\ban-an-935-2024-tphcm\\compositions\\caption-track.html",
        "bbox": {
          "x": 0,
          "y": 0,
          "width": 0,
          "height": 0
        },
        "time": 0,
        "fixHint": "Add a stable, human-readable id such as id=\"hero-title\" or id=\"scene-1-card\" to every timeline-visible element you want agents or Studio to edit."
      },
      {
        "code": "studio_missing_editable_id",
        "severity": "warning",
        "message": "<div class=\"caption-page\" data-start=\"51.760000\"> has no id, so Studio cannot use a stable edit target for its timeline and canvas controls.",
        "selector": "[data-composition-id]",
        "dataAttributes": {},
        "sourceFile": "C:\\vox-style-xe-giay-v1-hyperframes\\hyperframes\\videos\\ban-an-935-2024-tphcm\\compositions\\caption-track.html",
        "bbox": {
          "x": 0,
          "y": 0,
          "width": 0,
          "height": 0
        },
        "time": 0,
        "fixHint": "Add a stable, human-readable id such as id=\"hero-title\" or id=\"scene-1-card\" to every timeline-visible element you want agents or Studio to edit."
      },
      {
        "code": "studio_missing_editable_id",
        "severity": "warning",
        "message": "<div class=\"caption-page\" data-start=\"52.570000\"> has no id, so Studio cannot use a stable edit target for its timeline and canvas controls.",
        "selector": "[data-composition-id]",
        "dataAttributes": {},
        "sourceFile": "C:\\vox-style-xe-giay-v1-hyperframes\\hyperframes\\videos\\ban-an-935-2024-tphcm\\compositions\\caption-track.html",
        "bbox": {
          "x": 0,
          "y": 0,
          "width": 0,
          "height": 0
        },
        "time": 0,
        "fixHint": "Add a stable, human-readable id such as id=\"hero-title\" or id=\"scene-1-card\" to every timeline-visible element you want agents or Studio to edit."
      },
      {
        "code": "studio_missing_editable_id",
        "severity": "warning",
        "message": "<div class=\"caption-page\" data-start=\"53.210000\"> has no id, so Studio cannot use a stable edit target for its timeline and canvas controls.",
        "selector": "[data-composition-id]",
        "dataAttributes": {},
        "sourceFile": "C:\\vox-style-xe-giay-v1-hyperframes\\hyperframes\\videos\\ban-an-935-2024-tphcm\\compositions\\caption-track.html",
        "bbox": {
          "x": 0,
          "y": 0,
          "width": 0,
          "height": 0
        },
        "time": 0,
        "fixHint": "Add a stable, human-readable id such as id=\"hero-title\" or id=\"scene-1-card\" to every timeline-visible element you want agents or Studio to edit."
      },
      {
        "code": "studio_missing_editable_id",
        "severity": "warning",
        "message": "<div class=\"caption-page\" data-start=\"53.890000\"> has no id, so Studio cannot use a stable edit target for its timeline and canvas controls.",
        "selector": "[data-composition-id]",
        "dataAttributes": {},
        "sourceFile": "C:\\vox-style-xe-giay-v1-hyperframes\\hyperframes\\videos\\ban-an-935-2024-tphcm\\compositions\\caption-track.html",
        "bbox": {
          "x": 0,
          "y": 0,
          "width": 0,
          "height": 0
        },
        "time": 0,
        "fixHint": "Add a stable, human-readable id such as id=\"hero-title\" or id=\"scene-1-card\" to every timeline-visible element you want agents or Studio to edit."
      },
      {
        "code": "studio_missing_editable_id",
        "severity": "warning",
        "message": "<div class=\"caption-page\" data-start=\"54.360000\"> has no id, so Studio cannot use a stable edit target for its timeline and canvas controls.",
        "selector": "[data-composition-id]",
        "dataAttributes": {},
        "sourceFile": "C:\\vox-style-xe-giay-v1-hyperframes\\hyperframes\\videos\\ban-an-935-2024-tphcm\\compositions\\caption-track.html",
        "bbox": {
          "x": 0,
          "y": 0,
          "width": 0,
          "height": 0
        },
        "time": 0,
        "fixHint": "Add a stable, human-readable id such as id=\"hero-title\" or id=\"scene-1-card\" to every timeline-visible element you want agents or Studio to edit."
      },
      {
        "code": "studio_missing_editable_id",
        "severity": "warning",
        "message": "<div class=\"caption-page\" data-start=\"55.590000\"> has no id, so Studio cannot use a stable edit target for its timeline and canvas controls.",
        "selector": "[data-composition-id]",
        "dataAttributes": {},
        "sourceFile": "C:\\vox-style-xe-giay-v1-hyperframes\\hyperframes\\videos\\ban-an-935-2024-tphcm\\compositions\\caption-track.html",
        "bbox": {
          "x": 0,
          "y": 0,
          "width": 0,
          "height": 0
        },
        "time": 0,
        "fixHint": "Add a stable, human-readable id such as id=\"hero-title\" or id=\"scene-1-card\" to every timeline-visible element you want agents or Studio to edit."
      },
      {
        "code": "studio_missing_editable_id",
        "severity": "warning",
        "message": "<div class=\"caption-page\" data-start=\"56.640000\"> has no id, so Studio cannot use a stable edit target for its timeline and canvas controls.",
        "selector": "[data-composition-id]",
        "dataAttributes": {},
        "sourceFile": "C:\\vox-style-xe-giay-v1-hyperframes\\hyperframes\\videos\\ban-an-935-2024-tphcm\\compositions\\caption-track.html",
        "bbox": {
          "x": 0,
          "y": 0,
          "width": 0,
          "height": 0
        },
        "time": 0,
        "fixHint": "Add a stable, human-readable id such as id=\"hero-title\" or id=\"scene-1-card\" to every timeline-visible element you want agents or Studio to edit."
      },
      {
        "code": "studio_missing_editable_id",
        "severity": "warning",
        "message": "<div class=\"caption-page\" data-start=\"57.550000\"> has no id, so Studio cannot use a stable edit target for its timeline and canvas controls.",
        "selector": "[data-composition-id]",
        "dataAttributes": {},
        "sourceFile": "C:\\vox-style-xe-giay-v1-hyperframes\\hyperframes\\videos\\ban-an-935-2024-tphcm\\compositions\\caption-track.html",
        "bbox": {
          "x": 0,
          "y": 0,
          "width": 0,
          "height": 0
        },
        "time": 0,
        "fixHint": "Add a stable, human-readable id such as id=\"hero-title\" or id=\"scene-1-card\" to every timeline-visible element you want agents or Studio to edit."
      },
      {
        "code": "studio_missing_editable_id",
        "severity": "warning",
        "message": "<div class=\"caption-page\" data-start=\"58.250000\"> has no id, so Studio cannot use a stable edit target for its timeline and canvas controls.",
        "selector": "[data-composition-id]",
        "dataAttributes": {},
        "sourceFile": "C:\\vox-style-xe-giay-v1-hyperframes\\hyperframes\\videos\\ban-an-935-2024-tphcm\\compositions\\caption-track.html",
        "bbox": {
          "x": 0,
          "y": 0,
          "width": 0,
          "height": 0
        },
        "time": 0,
        "fixHint": "Add a stable, human-readable id such as id=\"hero-title\" or id=\"scene-1-card\" to every timeline-visible element you want agents or Studio to edit."
      },
      {
        "code": "studio_missing_editable_id",
        "severity": "warning",
        "message": "<div class=\"caption-page\" data-start=\"59.080000\"> has no id, so Studio cannot use a stable edit target for its timeline and canvas controls.",
        "selector": "[data-composition-id]",
        "dataAttributes": {},
        "sourceFile": "C:\\vox-style-xe-giay-v1-hyperframes\\hyperframes\\videos\\ban-an-935-2024-tphcm\\compositions\\caption-track.html",
        "bbox": {
          "x": 0,
          "y": 0,
          "width": 0,
          "height": 0
        },
        "time": 0,
        "fixHint": "Add a stable, human-readable id such as id=\"hero-title\" or id=\"scene-1-card\" to every timeline-visible element you want agents or Studio to edit."
      },
      {
        "code": "studio_missing_editable_id",
        "severity": "warning",
        "message": "<div class=\"caption-page\" data-start=\"59.980000\"> has no id, so Studio cannot use a stable edit target for its timeline and canvas controls.",
        "selector": "[data-composition-id]",
        "dataAttributes": {},
        "sourceFile": "C:\\vox-style-xe-giay-v1-hyperframes\\hyperframes\\videos\\ban-an-935-2024-tphcm\\compositions\\caption-track.html",
        "bbox": {
          "x": 0,
          "y": 0,
          "width": 0,
          "height": 0
        },
        "time": 0,
        "fixHint": "Add a stable, human-readable id such as id=\"hero-title\" or id=\"scene-1-card\" to every timeline-visible element you want agents or Studio to edit."
      },
      {
        "code": "studio_missing_editable_id",
        "severity": "warning",
        "message": "<div class=\"caption-page\" data-start=\"61.240000\"> has no id, so Studio cannot use a stable edit target for its timeline and canvas controls.",
        "selector": "[data-composition-id]",
        "dataAttributes": {},
        "sourceFile": "C:\\vox-style-xe-giay-v1-hyperframes\\hyperframes\\videos\\ban-an-935-2024-tphcm\\compositions\\caption-track.html",
        "bbox": {
          "x": 0,
          "y": 0,
          "width": 0,
          "height": 0
        },
        "time": 0,
        "fixHint": "Add a stable, human-readable id such as id=\"hero-title\" or id=\"scene-1-card\" to every timeline-visible element you want agents or Studio to edit."
      },
      {
        "code": "studio_missing_editable_id",
        "severity": "warning",
        "message": "<div class=\"caption-page\" data-start=\"61.750000\"> has no id, so Studio cannot use a stable edit target for its timeline and canvas controls.",
        "selector": "[data-composition-id]",
        "dataAttributes": {},
        "sourceFile": "C:\\vox-style-xe-giay-v1-hyperframes\\hyperframes\\videos\\ban-an-935-2024-tphcm\\compositions\\caption-track.html",
        "bbox": {
          "x": 0,
          "y": 0,
          "width": 0,
          "height": 0
        },
        "time": 0,
        "fixHint": "Add a stable, human-readable id such as id=\"hero-title\" or id=\"scene-1-card\" to every timeline-visible element you want agents or Studio to edit."
      },
      {
        "code": "studio_missing_editable_id",
        "severity": "warning",
        "message": "<div class=\"caption-page\" data-start=\"62.480000\"> has no id, so Studio cannot use a stable edit target for its timeline and canvas controls.",
        "selector": "[data-composition-id]",
        "dataAttributes": {},
        "sourceFile": "C:\\vox-style-xe-giay-v1-hyperframes\\hyperframes\\videos\\ban-an-935-2024-tphcm\\compositions\\caption-track.html",
        "bbox": {
          "x": 0,
          "y": 0,
          "width": 0,
          "height": 0
        },
        "time": 0,
        "fixHint": "Add a stable, human-readable id such as id=\"hero-title\" or id=\"scene-1-card\" to every timeline-visible element you want agents or Studio to edit."
      },
      {
        "code": "studio_missing_editable_id",
        "severity": "warning",
        "message": "<div class=\"caption-page\" data-start=\"64.100000\"> has no id, so Studio cannot use a stable edit target for its timeline and canvas controls.",
        "selector": "[data-composition-id]",
        "dataAttributes": {},
        "sourceFile": "C:\\vox-style-xe-giay-v1-hyperframes\\hyperframes\\videos\\ban-an-935-2024-tphcm\\compositions\\caption-track.html",
        "bbox": {
          "x": 0,
          "y": 0,
          "width": 0,
          "height": 0
        },
        "time": 0,
        "fixHint": "Add a stable, human-readable id such as id=\"hero-title\" or id=\"scene-1-card\" to every timeline-visible element you want agents or Studio to edit."
      },
      {
        "code": "studio_missing_editable_id",
        "severity": "warning",
        "message": "<div class=\"caption-page\" data-start=\"65.200000\"> has no id, so Studio cannot use a stable edit target for its timeline and canvas controls.",
        "selector": "[data-composition-id]",
        "dataAttributes": {},
        "sourceFile": "C:\\vox-style-xe-giay-v1-hyperframes\\hyperframes\\videos\\ban-an-935-2024-tphcm\\compositions\\caption-track.html",
        "bbox": {
          "x": 0,
          "y": 0,
          "width": 0,
          "height": 0
        },
        "time": 0,
        "fixHint": "Add a stable, human-readable id such as id=\"hero-title\" or id=\"scene-1-card\" to every timeline-visible element you want agents or Studio to edit."
      },
      {
        "code": "studio_missing_editable_id",
        "severity": "warning",
        "message": "<div class=\"caption-page\" data-start=\"66.580000\"> has no id, so Studio cannot use a stable edit target for its timeline and canvas controls.",
        "selector": "[data-composition-id]",
        "dataAttributes": {},
        "sourceFile": "C:\\vox-style-xe-giay-v1-hyperframes\\hyperframes\\videos\\ban-an-935-2024-tphcm\\compositions\\caption-track.html",
        "bbox": {
          "x": 0,
          "y": 0,
          "width": 0,
          "height": 0
        },
        "time": 0,
        "fixHint": "Add a stable, human-readable id such as id=\"hero-title\" or id=\"scene-1-card\" to every timeline-visible element you want agents or Studio to edit."
      },
      {
        "code": "studio_missing_editable_id",
        "severity": "warning",
        "message": "<div class=\"caption-page\" data-start=\"67.900000\"> has no id, so Studio cannot use a stable edit target for its timeline and canvas controls.",
        "selector": "[data-composition-id]",
        "dataAttributes": {},
        "sourceFile": "C:\\vox-style-xe-giay-v1-hyperframes\\hyperframes\\videos\\ban-an-935-2024-tphcm\\compositions\\caption-track.html",
        "bbox": {
          "x": 0,
          "y": 0,
          "width": 0,
          "height": 0
        },
        "time": 0,
        "fixHint": "Add a stable, human-readable id such as id=\"hero-title\" or id=\"scene-1-card\" to every timeline-visible element you want agents or Studio to edit."
      },
      {
        "code": "studio_missing_editable_id",
        "severity": "warning",
        "message": "<div class=\"caption-page\" data-start=\"68.680000\"> has no id, so Studio cannot use a stable edit target for its timeline and canvas controls.",
        "selector": "[data-composition-id]",
        "dataAttributes": {},
        "sourceFile": "C:\\vox-style-xe-giay-v1-hyperframes\\hyperframes\\videos\\ban-an-935-2024-tphcm\\compositions\\caption-track.html",
        "bbox": {
          "x": 0,
          "y": 0,
          "width": 0,
          "height": 0
        },
        "time": 0,
        "fixHint": "Add a stable, human-readable id such as id=\"hero-title\" or id=\"scene-1-card\" to every timeline-visible element you want agents or Studio to edit."
      },
      {
        "code": "studio_missing_editable_id",
        "severity": "warning",
        "message": "<div class=\"caption-page\" data-start=\"69.520000\"> has no id, so Studio cannot use a stable edit target for its timeline and canvas controls.",
        "selector": "[data-composition-id]",
        "dataAttributes": {},
        "sourceFile": "C:\\vox-style-xe-giay-v1-hyperframes\\hyperframes\\videos\\ban-an-935-2024-tphcm\\compositions\\caption-track.html",
        "bbox": {
          "x": 0,
          "y": 0,
          "width": 0,
          "height": 0
        },
        "time": 0,
        "fixHint": "Add a stable, human-readable id such as id=\"hero-title\" or id=\"scene-1-card\" to every timeline-visible element you want agents or Studio to edit."
      },
      {
        "code": "studio_missing_editable_id",
        "severity": "warning",
        "message": "<div class=\"caption-page\" data-start=\"70.960000\"> has no id, so Studio cannot use a stable edit target for its timeline and canvas controls.",
        "selector": "[data-composition-id]",
        "dataAttributes": {},
        "sourceFile": "C:\\vox-style-xe-giay-v1-hyperframes\\hyperframes\\videos\\ban-an-935-2024-tphcm\\compositions\\caption-track.html",
        "bbox": {
          "x": 0,
          "y": 0,
          "width": 0,
          "height": 0
        },
        "time": 0,
        "fixHint": "Add a stable, human-readable id such as id=\"hero-title\" or id=\"scene-1-card\" to every timeline-visible element you want agents or Studio to edit."
      },
      {
        "code": "studio_missing_editable_id",
        "severity": "warning",
        "message": "<div class=\"caption-page\" data-start=\"72.280000\"> has no id, so Studio cannot use a stable edit target for its timeline and canvas controls.",
        "selector": "[data-composition-id]",
        "dataAttributes": {},
        "sourceFile": "C:\\vox-style-xe-giay-v1-hyperframes\\hyperframes\\videos\\ban-an-935-2024-tphcm\\compositions\\caption-track.html",
        "bbox": {
          "x": 0,
          "y": 0,
          "width": 0,
          "height": 0
        },
        "time": 0,
        "fixHint": "Add a stable, human-readable id such as id=\"hero-title\" or id=\"scene-1-card\" to every timeline-visible element you want agents or Studio to edit."
      },
      {
        "code": "studio_missing_editable_id",
        "severity": "warning",
        "message": "<div class=\"caption-page\" data-start=\"73.240000\"> has no id, so Studio cannot use a stable edit target for its timeline and canvas controls.",
        "selector": "[data-composition-id]",
        "dataAttributes": {},
        "sourceFile": "C:\\vox-style-xe-giay-v1-hyperframes\\hyperframes\\videos\\ban-an-935-2024-tphcm\\compositions\\caption-track.html",
        "bbox": {
          "x": 0,
          "y": 0,
          "width": 0,
          "height": 0
        },
        "time": 0,
        "fixHint": "Add a stable, human-readable id such as id=\"hero-title\" or id=\"scene-1-card\" to every timeline-visible element you want agents or Studio to edit."
      },
      {
        "code": "studio_missing_editable_id",
        "severity": "warning",
        "message": "<div class=\"caption-page\" data-start=\"75.230000\"> has no id, so Studio cannot use a stable edit target for its timeline and canvas controls.",
        "selector": "[data-composition-id]",
        "dataAttributes": {},
        "sourceFile": "C:\\vox-style-xe-giay-v1-hyperframes\\hyperframes\\videos\\ban-an-935-2024-tphcm\\compositions\\caption-track.html",
        "bbox": {
          "x": 0,
          "y": 0,
          "width": 0,
          "height": 0
        },
        "time": 0,
        "fixHint": "Add a stable, human-readable id such as id=\"hero-title\" or id=\"scene-1-card\" to every timeline-visible element you want agents or Studio to edit."
      },
      {
        "code": "studio_missing_editable_id",
        "severity": "warning",
        "message": "<div class=\"caption-page\" data-start=\"76.240000\"> has no id, so Studio cannot use a stable edit target for its timeline and canvas controls.",
        "selector": "[data-composition-id]",
        "dataAttributes": {},
        "sourceFile": "C:\\vox-style-xe-giay-v1-hyperframes\\hyperframes\\videos\\ban-an-935-2024-tphcm\\compositions\\caption-track.html",
        "bbox": {
          "x": 0,
          "y": 0,
          "width": 0,
          "height": 0
        },
        "time": 0,
        "fixHint": "Add a stable, human-readable id such as id=\"hero-title\" or id=\"scene-1-card\" to every timeline-visible element you want agents or Studio to edit."
      },
      {
        "code": "studio_missing_editable_id",
        "severity": "warning",
        "message": "<div class=\"caption-page\" data-start=\"77.500000\"> has no id, so Studio cannot use a stable edit target for its timeline and canvas controls.",
        "selector": "[data-composition-id]",
        "dataAttributes": {},
        "sourceFile": "C:\\vox-style-xe-giay-v1-hyperframes\\hyperframes\\videos\\ban-an-935-2024-tphcm\\compositions\\caption-track.html",
        "bbox": {
          "x": 0,
          "y": 0,
          "width": 0,
          "height": 0
        },
        "time": 0,
        "fixHint": "Add a stable, human-readable id such as id=\"hero-title\" or id=\"scene-1-card\" to every timeline-visible element you want agents or Studio to edit."
      },
      {
        "code": "studio_missing_editable_id",
        "severity": "warning",
        "message": "<div class=\"caption-page\" data-start=\"78.000000\"> has no id, so Studio cannot use a stable edit target for its timeline and canvas controls.",
        "selector": "[data-composition-id]",
        "dataAttributes": {},
        "sourceFile": "C:\\vox-style-xe-giay-v1-hyperframes\\hyperframes\\videos\\ban-an-935-2024-tphcm\\compositions\\caption-track.html",
        "bbox": {
          "x": 0,
          "y": 0,
          "width": 0,
          "height": 0
        },
        "time": 0,
        "fixHint": "Add a stable, human-readable id such as id=\"hero-title\" or id=\"scene-1-card\" to every timeline-visible element you want agents or Studio to edit."
      },
      {
        "code": "studio_missing_editable_id",
        "severity": "warning",
        "message": "<div class=\"caption-page\" data-start=\"78.340000\"> has no id, so Studio cannot use a stable edit target for its timeline and canvas controls.",
        "selector": "[data-composition-id]",
        "dataAttributes": {},
        "sourceFile": "C:\\vox-style-xe-giay-v1-hyperframes\\hyperframes\\videos\\ban-an-935-2024-tphcm\\compositions\\caption-track.html",
        "bbox": {
          "x": 0,
          "y": 0,
          "width": 0,
          "height": 0
        },
        "time": 0,
        "fixHint": "Add a stable, human-readable id such as id=\"hero-title\" or id=\"scene-1-card\" to every timeline-visible element you want agents or Studio to edit."
      },
      {
        "code": "studio_missing_editable_id",
        "severity": "warning",
        "message": "<div class=\"caption-page\" data-start=\"78.710000\"> has no id, so Studio cannot use a stable edit target for its timeline and canvas controls.",
        "selector": "[data-composition-id]",
        "dataAttributes": {},
        "sourceFile": "C:\\vox-style-xe-giay-v1-hyperframes\\hyperframes\\videos\\ban-an-935-2024-tphcm\\compositions\\caption-track.html",
        "bbox": {
          "x": 0,
          "y": 0,
          "width": 0,
          "height": 0
        },
        "time": 0,
        "fixHint": "Add a stable, human-readable id such as id=\"hero-title\" or id=\"scene-1-card\" to every timeline-visible element you want agents or Studio to edit."
      },
      {
        "code": "studio_missing_editable_id",
        "severity": "warning",
        "message": "<div class=\"caption-page\" data-start=\"79.140000\"> has no id, so Studio cannot use a stable edit target for its timeline and canvas controls.",
        "selector": "[data-composition-id]",
        "dataAttributes": {},
        "sourceFile": "C:\\vox-style-xe-giay-v1-hyperframes\\hyperframes\\videos\\ban-an-935-2024-tphcm\\compositions\\caption-track.html",
        "bbox": {
          "x": 0,
          "y": 0,
          "width": 0,
          "height": 0
        },
        "time": 0,
        "fixHint": "Add a stable, human-readable id such as id=\"hero-title\" or id=\"scene-1-card\" to every timeline-visible element you want agents or Studio to edit."
      },
      {
        "code": "studio_missing_editable_id",
        "severity": "warning",
        "message": "<div class=\"caption-page\" data-start=\"79.510000\"> has no id, so Studio cannot use a stable edit target for its timeline and canvas controls.",
        "selector": "[data-composition-id]",
        "dataAttributes": {},
        "sourceFile": "C:\\vox-style-xe-giay-v1-hyperframes\\hyperframes\\videos\\ban-an-935-2024-tphcm\\compositions\\caption-track.html",
        "bbox": {
          "x": 0,
          "y": 0,
          "width": 0,
          "height": 0
        },
        "time": 0,
        "fixHint": "Add a stable, human-readable id such as id=\"hero-title\" or id=\"scene-1-card\" to every timeline-visible element you want agents or Studio to edit."
      },
      {
        "code": "studio_missing_editable_id",
        "severity": "warning",
        "message": "<div class=\"caption-page\" data-start=\"79.810000\"> has no id, so Studio cannot use a stable edit target for its timeline and canvas controls.",
        "selector": "[data-composition-id]",
        "dataAttributes": {},
        "sourceFile": "C:\\vox-style-xe-giay-v1-hyperframes\\hyperframes\\videos\\ban-an-935-2024-tphcm\\compositions\\caption-track.html",
        "bbox": {
          "x": 0,
          "y": 0,
          "width": 0,
          "height": 0
        },
        "time": 0,
        "fixHint": "Add a stable, human-readable id such as id=\"hero-title\" or id=\"scene-1-card\" to every timeline-visible element you want agents or Studio to edit."
      },
      {
        "code": "studio_missing_editable_id",
        "severity": "warning",
        "message": "<div class=\"caption-page\" data-start=\"80.150000\"> has no id, so Studio cannot use a stable edit target for its timeline and canvas controls.",
        "selector": "[data-composition-id]",
        "dataAttributes": {},
        "sourceFile": "C:\\vox-style-xe-giay-v1-hyperframes\\hyperframes\\videos\\ban-an-935-2024-tphcm\\compositions\\caption-track.html",
        "bbox": {
          "x": 0,
          "y": 0,
          "width": 0,
          "height": 0
        },
        "time": 0,
        "fixHint": "Add a stable, human-readable id such as id=\"hero-title\" or id=\"scene-1-card\" to every timeline-visible element you want agents or Studio to edit."
      },
      {
        "code": "studio_missing_editable_id",
        "severity": "warning",
        "message": "<div class=\"caption-page\" data-start=\"80.370000\"> has no id, so Studio cannot use a stable edit target for its timeline and canvas controls.",
        "selector": "[data-composition-id]",
        "dataAttributes": {},
        "sourceFile": "C:\\vox-style-xe-giay-v1-hyperframes\\hyperframes\\videos\\ban-an-935-2024-tphcm\\compositions\\caption-track.html",
        "bbox": {
          "x": 0,
          "y": 0,
          "width": 0,
          "height": 0
        },
        "time": 0,
        "fixHint": "Add a stable, human-readable id such as id=\"hero-title\" or id=\"scene-1-card\" to every timeline-visible element you want agents or Studio to edit."
      },
      {
        "code": "studio_missing_editable_id",
        "severity": "warning",
        "message": "<div class=\"caption-page\" data-start=\"81.040000\"> has no id, so Studio cannot use a stable edit target for its timeline and canvas controls.",
        "selector": "[data-composition-id]",
        "dataAttributes": {},
        "sourceFile": "C:\\vox-style-xe-giay-v1-hyperframes\\hyperframes\\videos\\ban-an-935-2024-tphcm\\compositions\\caption-track.html",
        "bbox": {
          "x": 0,
          "y": 0,
          "width": 0,
          "height": 0
        },
        "time": 0,
        "fixHint": "Add a stable, human-readable id such as id=\"hero-title\" or id=\"scene-1-card\" to every timeline-visible element you want agents or Studio to edit."
      },
      {
        "code": "studio_missing_editable_id",
        "severity": "warning",
        "message": "<div class=\"caption-page\" data-start=\"81.800000\"> has no id, so Studio cannot use a stable edit target for its timeline and canvas controls.",
        "selector": "[data-composition-id]",
        "dataAttributes": {},
        "sourceFile": "C:\\vox-style-xe-giay-v1-hyperframes\\hyperframes\\videos\\ban-an-935-2024-tphcm\\compositions\\caption-track.html",
        "bbox": {
          "x": 0,
          "y": 0,
          "width": 0,
          "height": 0
        },
        "time": 0,
        "fixHint": "Add a stable, human-readable id such as id=\"hero-title\" or id=\"scene-1-card\" to every timeline-visible element you want agents or Studio to edit."
      },
      {
        "code": "studio_missing_editable_id",
        "severity": "warning",
        "message": "<div class=\"caption-page\" data-start=\"82.590000\"> has no id, so Studio cannot use a stable edit target for its timeline and canvas controls.",
        "selector": "[data-composition-id]",
        "dataAttributes": {},
        "sourceFile": "C:\\vox-style-xe-giay-v1-hyperframes\\hyperframes\\videos\\ban-an-935-2024-tphcm\\compositions\\caption-track.html",
        "bbox": {
          "x": 0,
          "y": 0,
          "width": 0,
          "height": 0
        },
        "time": 0,
        "fixHint": "Add a stable, human-readable id such as id=\"hero-title\" or id=\"scene-1-card\" to every timeline-visible element you want agents or Studio to edit."
      },
      {
        "code": "studio_missing_editable_id",
        "severity": "warning",
        "message": "<div class=\"caption-page\" data-start=\"83.460000\"> has no id, so Studio cannot use a stable edit target for its timeline and canvas controls.",
        "selector": "[data-composition-id]",
        "dataAttributes": {},
        "sourceFile": "C:\\vox-style-xe-giay-v1-hyperframes\\hyperframes\\videos\\ban-an-935-2024-tphcm\\compositions\\caption-track.html",
        "bbox": {
          "x": 0,
          "y": 0,
          "width": 0,
          "height": 0
        },
        "time": 0,
        "fixHint": "Add a stable, human-readable id such as id=\"hero-title\" or id=\"scene-1-card\" to every timeline-visible element you want agents or Studio to edit."
      },
      {
        "code": "studio_missing_editable_id",
        "severity": "warning",
        "message": "<div class=\"caption-page\" data-start=\"83.870000\"> has no id, so Studio cannot use a stable edit target for its timeline and canvas controls.",
        "selector": "[data-composition-id]",
        "dataAttributes": {},
        "sourceFile": "C:\\vox-style-xe-giay-v1-hyperframes\\hyperframes\\videos\\ban-an-935-2024-tphcm\\compositions\\caption-track.html",
        "bbox": {
          "x": 0,
          "y": 0,
          "width": 0,
          "height": 0
        },
        "time": 0,
        "fixHint": "Add a stable, human-readable id such as id=\"hero-title\" or id=\"scene-1-card\" to every timeline-visible element you want agents or Studio to edit."
      },
      {
        "code": "studio_missing_editable_id",
        "severity": "warning",
        "message": "<div class=\"caption-page\" data-start=\"84.630000\"> has no id, so Studio cannot use a stable edit target for its timeline and canvas controls.",
        "selector": "[data-composition-id]",
        "dataAttributes": {},
        "sourceFile": "C:\\vox-style-xe-giay-v1-hyperframes\\hyperframes\\videos\\ban-an-935-2024-tphcm\\compositions\\caption-track.html",
        "bbox": {
          "x": 0,
          "y": 0,
          "width": 0,
          "height": 0
        },
        "time": 0,
        "fixHint": "Add a stable, human-readable id such as id=\"hero-title\" or id=\"scene-1-card\" to every timeline-visible element you want agents or Studio to edit."
      },
      {
        "code": "studio_missing_editable_id",
        "severity": "warning",
        "message": "<div class=\"caption-page\" data-start=\"85.450000\"> has no id, so Studio cannot use a stable edit target for its timeline and canvas controls.",
        "selector": "[data-composition-id]",
        "dataAttributes": {},
        "sourceFile": "C:\\vox-style-xe-giay-v1-hyperframes\\hyperframes\\videos\\ban-an-935-2024-tphcm\\compositions\\caption-track.html",
        "bbox": {
          "x": 0,
          "y": 0,
          "width": 0,
          "height": 0
        },
        "time": 0,
        "fixHint": "Add a stable, human-readable id such as id=\"hero-title\" or id=\"scene-1-card\" to every timeline-visible element you want agents or Studio to edit."
      },
      {
        "code": "studio_missing_editable_id",
        "severity": "warning",
        "message": "<div class=\"caption-page\" data-start=\"86.250000\"> has no id, so Studio cannot use a stable edit target for its timeline and canvas controls.",
        "selector": "[data-composition-id]",
        "dataAttributes": {},
        "sourceFile": "C:\\vox-style-xe-giay-v1-hyperframes\\hyperframes\\videos\\ban-an-935-2024-tphcm\\compositions\\caption-track.html",
        "bbox": {
          "x": 0,
          "y": 0,
          "width": 0,
          "height": 0
        },
        "time": 0,
        "fixHint": "Add a stable, human-readable id such as id=\"hero-title\" or id=\"scene-1-card\" to every timeline-visible element you want agents or Studio to edit."
      },
      {
        "code": "studio_missing_editable_id",
        "severity": "warning",
        "message": "<div class=\"caption-page\" data-start=\"87.150000\"> has no id, so Studio cannot use a stable edit target for its timeline and canvas controls.",
        "selector": "[data-composition-id]",
        "dataAttributes": {},
        "sourceFile": "C:\\vox-style-xe-giay-v1-hyperframes\\hyperframes\\videos\\ban-an-935-2024-tphcm\\compositions\\caption-track.html",
        "bbox": {
          "x": 0,
          "y": 0,
          "width": 0,
          "height": 0
        },
        "time": 0,
        "fixHint": "Add a stable, human-readable id such as id=\"hero-title\" or id=\"scene-1-card\" to every timeline-visible element you want agents or Studio to edit."
      },
      {
        "code": "studio_missing_editable_id",
        "severity": "warning",
        "message": "<div class=\"caption-page\" data-start=\"88.130000\"> has no id, so Studio cannot use a stable edit target for its timeline and canvas controls.",
        "selector": "[data-composition-id]",
        "dataAttributes": {},
        "sourceFile": "C:\\vox-style-xe-giay-v1-hyperframes\\hyperframes\\videos\\ban-an-935-2024-tphcm\\compositions\\caption-track.html",
        "bbox": {
          "x": 0,
          "y": 0,
          "width": 0,
          "height": 0
        },
        "time": 0,
        "fixHint": "Add a stable, human-readable id such as id=\"hero-title\" or id=\"scene-1-card\" to every timeline-visible element you want agents or Studio to edit."
      },
      {
        "code": "studio_missing_editable_id",
        "severity": "warning",
        "message": "<div class=\"caption-page\" data-start=\"89.280000\"> has no id, so Studio cannot use a stable edit target for its timeline and canvas controls.",
        "selector": "[data-composition-id]",
        "dataAttributes": {},
        "sourceFile": "C:\\vox-style-xe-giay-v1-hyperframes\\hyperframes\\videos\\ban-an-935-2024-tphcm\\compositions\\caption-track.html",
        "bbox": {
          "x": 0,
          "y": 0,
          "width": 0,
          "height": 0
        },
        "time": 0,
        "fixHint": "Add a stable, human-readable id such as id=\"hero-title\" or id=\"scene-1-card\" to every timeline-visible element you want agents or Studio to edit."
      },
      {
        "code": "studio_missing_editable_id",
        "severity": "warning",
        "message": "<div class=\"caption-page\" data-start=\"90.000000\"> has no id, so Studio cannot use a stable edit target for its timeline and canvas controls.",
        "selector": "[data-composition-id]",
        "dataAttributes": {},
        "sourceFile": "C:\\vox-style-xe-giay-v1-hyperframes\\hyperframes\\videos\\ban-an-935-2024-tphcm\\compositions\\caption-track.html",
        "bbox": {
          "x": 0,
          "y": 0,
          "width": 0,
          "height": 0
        },
        "time": 0,
        "fixHint": "Add a stable, human-readable id such as id=\"hero-title\" or id=\"scene-1-card\" to every timeline-visible element you want agents or Studio to edit."
      },
      {
        "code": "studio_missing_editable_id",
        "severity": "warning",
        "message": "<div class=\"caption-page\" data-start=\"91.040000\"> has no id, so Studio cannot use a stable edit target for its timeline and canvas controls.",
        "selector": "[data-composition-id]",
        "dataAttributes": {},
        "sourceFile": "C:\\vox-style-xe-giay-v1-hyperframes\\hyperframes\\videos\\ban-an-935-2024-tphcm\\compositions\\caption-track.html",
        "bbox": {
          "x": 0,
          "y": 0,
          "width": 0,
          "height": 0
        },
        "time": 0,
        "fixHint": "Add a stable, human-readable id such as id=\"hero-title\" or id=\"scene-1-card\" to every timeline-visible element you want agents or Studio to edit."
      },
      {
        "code": "studio_missing_editable_id",
        "severity": "warning",
        "message": "<div class=\"caption-page\" data-start=\"91.980000\"> has no id, so Studio cannot use a stable edit target for its timeline and canvas controls.",
        "selector": "[data-composition-id]",
        "dataAttributes": {},
        "sourceFile": "C:\\vox-style-xe-giay-v1-hyperframes\\hyperframes\\videos\\ban-an-935-2024-tphcm\\compositions\\caption-track.html",
        "bbox": {
          "x": 0,
          "y": 0,
          "width": 0,
          "height": 0
        },
        "time": 0,
        "fixHint": "Add a stable, human-readable id such as id=\"hero-title\" or id=\"scene-1-card\" to every timeline-visible element you want agents or Studio to edit."
      },
      {
        "code": "studio_missing_editable_id",
        "severity": "warning",
        "message": "<div class=\"caption-page\" data-start=\"92.800000\"> has no id, so Studio cannot use a stable edit target for its timeline and canvas controls.",
        "selector": "[data-composition-id]",
        "dataAttributes": {},
        "sourceFile": "C:\\vox-style-xe-giay-v1-hyperframes\\hyperframes\\videos\\ban-an-935-2024-tphcm\\compositions\\caption-track.html",
        "bbox": {
          "x": 0,
          "y": 0,
          "width": 0,
          "height": 0
        },
        "time": 0,
        "fixHint": "Add a stable, human-readable id such as id=\"hero-title\" or id=\"scene-1-card\" to every timeline-visible element you want agents or Studio to edit."
      },
      {
        "code": "studio_missing_editable_id",
        "severity": "warning",
        "message": "<div class=\"caption-page\" data-start=\"93.610000\"> has no id, so Studio cannot use a stable edit target for its timeline and canvas controls.",
        "selector": "[data-composition-id]",
        "dataAttributes": {},
        "sourceFile": "C:\\vox-style-xe-giay-v1-hyperframes\\hyperframes\\videos\\ban-an-935-2024-tphcm\\compositions\\caption-track.html",
        "bbox": {
          "x": 0,
          "y": 0,
          "width": 0,
          "height": 0
        },
        "time": 0,
        "fixHint": "Add a stable, human-readable id such as id=\"hero-title\" or id=\"scene-1-card\" to every timeline-visible element you want agents or Studio to edit."
      },
      {
        "code": "studio_missing_editable_id",
        "severity": "warning",
        "message": "<div class=\"caption-page\" data-start=\"94.220000\"> has no id, so Studio cannot use a stable edit target for its timeline and canvas controls.",
        "selector": "[data-composition-id]",
        "dataAttributes": {},
        "sourceFile": "C:\\vox-style-xe-giay-v1-hyperframes\\hyperframes\\videos\\ban-an-935-2024-tphcm\\compositions\\caption-track.html",
        "bbox": {
          "x": 0,
          "y": 0,
          "width": 0,
          "height": 0
        },
        "time": 0,
        "fixHint": "Add a stable, human-readable id such as id=\"hero-title\" or id=\"scene-1-card\" to every timeline-visible element you want agents or Studio to edit."
      },
      {
        "code": "studio_missing_editable_id",
        "severity": "warning",
        "message": "<div class=\"caption-page\" data-start=\"95.340000\"> has no id, so Studio cannot use a stable edit target for its timeline and canvas controls.",
        "selector": "[data-composition-id]",
        "dataAttributes": {},
        "sourceFile": "C:\\vox-style-xe-giay-v1-hyperframes\\hyperframes\\videos\\ban-an-935-2024-tphcm\\compositions\\caption-track.html",
        "bbox": {
          "x": 0,
          "y": 0,
          "width": 0,
          "height": 0
        },
        "time": 0,
        "fixHint": "Add a stable, human-readable id such as id=\"hero-title\" or id=\"scene-1-card\" to every timeline-visible element you want agents or Studio to edit."
      },
      {
        "code": "studio_missing_editable_id",
        "severity": "warning",
        "message": "<div class=\"caption-page\" data-start=\"96.100000\"> has no id, so Studio cannot use a stable edit target for its timeline and canvas controls.",
        "selector": "[data-composition-id]",
        "dataAttributes": {},
        "sourceFile": "C:\\vox-style-xe-giay-v1-hyperframes\\hyperframes\\videos\\ban-an-935-2024-tphcm\\compositions\\caption-track.html",
        "bbox": {
          "x": 0,
          "y": 0,
          "width": 0,
          "height": 0
        },
        "time": 0,
        "fixHint": "Add a stable, human-readable id such as id=\"hero-title\" or id=\"scene-1-card\" to every timeline-visible element you want agents or Studio to edit."
      },
      {
        "code": "studio_missing_editable_id",
        "severity": "warning",
        "message": "<div class=\"caption-page\" data-start=\"97.170000\"> has no id, so Studio cannot use a stable edit target for its timeline and canvas controls.",
        "selector": "[data-composition-id]",
        "dataAttributes": {},
        "sourceFile": "C:\\vox-style-xe-giay-v1-hyperframes\\hyperframes\\videos\\ban-an-935-2024-tphcm\\compositions\\caption-track.html",
        "bbox": {
          "x": 0,
          "y": 0,
          "width": 0,
          "height": 0
        },
        "time": 0,
        "fixHint": "Add a stable, human-readable id such as id=\"hero-title\" or id=\"scene-1-card\" to every timeline-visible element you want agents or Studio to edit."
      },
      {
        "code": "studio_missing_editable_id",
        "severity": "warning",
        "message": "<div class=\"caption-page\" data-start=\"98.490000\"> has no id, so Studio cannot use a stable edit target for its timeline and canvas controls.",
        "selector": "[data-composition-id]",
        "dataAttributes": {},
        "sourceFile": "C:\\vox-style-xe-giay-v1-hyperframes\\hyperframes\\videos\\ban-an-935-2024-tphcm\\compositions\\caption-track.html",
        "bbox": {
          "x": 0,
          "y": 0,
          "width": 0,
          "height": 0
        },
        "time": 0,
        "fixHint": "Add a stable, human-readable id such as id=\"hero-title\" or id=\"scene-1-card\" to every timeline-visible element you want agents or Studio to edit."
      },
      {
        "code": "studio_missing_editable_id",
        "severity": "warning",
        "message": "<div class=\"caption-page\" data-start=\"100.070000\"> has no id, so Studio cannot use a stable edit target for its timeline and canvas controls.",
        "selector": "[data-composition-id]",
        "dataAttributes": {},
        "sourceFile": "C:\\vox-style-xe-giay-v1-hyperframes\\hyperframes\\videos\\ban-an-935-2024-tphcm\\compositions\\caption-track.html",
        "bbox": {
          "x": 0,
          "y": 0,
          "width": 0,
          "height": 0
        },
        "time": 0,
        "fixHint": "Add a stable, human-readable id such as id=\"hero-title\" or id=\"scene-1-card\" to every timeline-visible element you want agents or Studio to edit."
      },
      {
        "code": "studio_missing_editable_id",
        "severity": "warning",
        "message": "<div class=\"caption-page\" data-start=\"101.300000\"> has no id, so Studio cannot use a stable edit target for its timeline and canvas controls.",
        "selector": "[data-composition-id]",
        "dataAttributes": {},
        "sourceFile": "C:\\vox-style-xe-giay-v1-hyperframes\\hyperframes\\videos\\ban-an-935-2024-tphcm\\compositions\\caption-track.html",
        "bbox": {
          "x": 0,
          "y": 0,
          "width": 0,
          "height": 0
        },
        "time": 0,
        "fixHint": "Add a stable, human-readable id such as id=\"hero-title\" or id=\"scene-1-card\" to every timeline-visible element you want agents or Studio to edit."
      },
      {
        "code": "studio_missing_editable_id",
        "severity": "warning",
        "message": "<div class=\"caption-page\" data-start=\"102.150000\"> has no id, so Studio cannot use a stable edit target for its timeline and canvas controls.",
        "selector": "[data-composition-id]",
        "dataAttributes": {},
        "sourceFile": "C:\\vox-style-xe-giay-v1-hyperframes\\hyperframes\\videos\\ban-an-935-2024-tphcm\\compositions\\caption-track.html",
        "bbox": {
          "x": 0,
          "y": 0,
          "width": 0,
          "height": 0
        },
        "time": 0,
        "fixHint": "Add a stable, human-readable id such as id=\"hero-title\" or id=\"scene-1-card\" to every timeline-visible element you want agents or Studio to edit."
      },
      {
        "code": "studio_missing_editable_id",
        "severity": "warning",
        "message": "<div class=\"caption-page\" data-start=\"103.270000\"> has no id, so Studio cannot use a stable edit target for its timeline and canvas controls.",
        "selector": "[data-composition-id]",
        "dataAttributes": {},
        "sourceFile": "C:\\vox-style-xe-giay-v1-hyperframes\\hyperframes\\videos\\ban-an-935-2024-tphcm\\compositions\\caption-track.html",
        "bbox": {
          "x": 0,
          "y": 0,
          "width": 0,
          "height": 0
        },
        "time": 0,
        "fixHint": "Add a stable, human-readable id such as id=\"hero-title\" or id=\"scene-1-card\" to every timeline-visible element you want agents or Studio to edit."
      },
      {
        "code": "studio_missing_editable_id",
        "severity": "warning",
        "message": "<div class=\"caption-page\" data-start=\"104.650000\"> has no id, so Studio cannot use a stable edit target for its timeline and canvas controls.",
        "selector": "[data-composition-id]",
        "dataAttributes": {},
        "sourceFile": "C:\\vox-style-xe-giay-v1-hyperframes\\hyperframes\\videos\\ban-an-935-2024-tphcm\\compositions\\caption-track.html",
        "bbox": {
          "x": 0,
          "y": 0,
          "width": 0,
          "height": 0
        },
        "time": 0,
        "fixHint": "Add a stable, human-readable id such as id=\"hero-title\" or id=\"scene-1-card\" to every timeline-visible element you want agents or Studio to edit."
      },
      {
        "code": "studio_missing_editable_id",
        "severity": "warning",
        "message": "<div class=\"caption-page\" data-start=\"105.560000\"> has no id, so Studio cannot use a stable edit target for its timeline and canvas controls.",
        "selector": "[data-composition-id]",
        "dataAttributes": {},
        "sourceFile": "C:\\vox-style-xe-giay-v1-hyperframes\\hyperframes\\videos\\ban-an-935-2024-tphcm\\compositions\\caption-track.html",
        "bbox": {
          "x": 0,
          "y": 0,
          "width": 0,
          "height": 0
        },
        "time": 0,
        "fixHint": "Add a stable, human-readable id such as id=\"hero-title\" or id=\"scene-1-card\" to every timeline-visible element you want agents or Studio to edit."
      },
      {
        "code": "studio_missing_editable_id",
        "severity": "warning",
        "message": "<div class=\"caption-page\" data-start=\"106.930000\"> has no id, so Studio cannot use a stable edit target for its timeline and canvas controls.",
        "selector": "[data-composition-id]",
        "dataAttributes": {},
        "sourceFile": "C:\\vox-style-xe-giay-v1-hyperframes\\hyperframes\\videos\\ban-an-935-2024-tphcm\\compositions\\caption-track.html",
        "bbox": {
          "x": 0,
          "y": 0,
          "width": 0,
          "height": 0
        },
        "time": 0,
        "fixHint": "Add a stable, human-readable id such as id=\"hero-title\" or id=\"scene-1-card\" to every timeline-visible element you want agents or Studio to edit."
      },
      {
        "code": "studio_missing_editable_id",
        "severity": "warning",
        "message": "<div class=\"caption-page\" data-start=\"107.940000\"> has no id, so Studio cannot use a stable edit target for its timeline and canvas controls.",
        "selector": "[data-composition-id]",
        "dataAttributes": {},
        "sourceFile": "C:\\vox-style-xe-giay-v1-hyperframes\\hyperframes\\videos\\ban-an-935-2024-tphcm\\compositions\\caption-track.html",
        "bbox": {
          "x": 0,
          "y": 0,
          "width": 0,
          "height": 0
        },
        "time": 0,
        "fixHint": "Add a stable, human-readable id such as id=\"hero-title\" or id=\"scene-1-card\" to every timeline-visible element you want agents or Studio to edit."
      },
      {
        "code": "studio_missing_editable_id",
        "severity": "warning",
        "message": "<div class=\"caption-page\" data-start=\"109.180000\"> has no id, so Studio cannot use a stable edit target for its timeline and canvas controls.",
        "selector": "[data-composition-id]",
        "dataAttributes": {},
        "sourceFile": "C:\\vox-style-xe-giay-v1-hyperframes\\hyperframes\\videos\\ban-an-935-2024-tphcm\\compositions\\caption-track.html",
        "bbox": {
          "x": 0,
          "y": 0,
          "width": 0,
          "height": 0
        },
        "time": 0,
        "fixHint": "Add a stable, human-readable id such as id=\"hero-title\" or id=\"scene-1-card\" to every timeline-visible element you want agents or Studio to edit."
      },
      {
        "code": "studio_missing_editable_id",
        "severity": "warning",
        "message": "<div class=\"caption-page\" data-start=\"111.030000\"> has no id, so Studio cannot use a stable edit target for its timeline and canvas controls.",
        "selector": "[data-composition-id]",
        "dataAttributes": {},
        "sourceFile": "C:\\vox-style-xe-giay-v1-hyperframes\\hyperframes\\videos\\ban-an-935-2024-tphcm\\compositions\\caption-track.html",
        "bbox": {
          "x": 0,
          "y": 0,
          "width": 0,
          "height": 0
        },
        "time": 0,
        "fixHint": "Add a stable, human-readable id such as id=\"hero-title\" or id=\"scene-1-card\" to every timeline-visible element you want agents or Studio to edit."
      },
      {
        "code": "studio_missing_editable_id",
        "severity": "warning",
        "message": "<div class=\"caption-page\" data-start=\"111.470000\"> has no id, so Studio cannot use a stable edit target for its timeline and canvas controls.",
        "selector": "[data-composition-id]",
        "dataAttributes": {},
        "sourceFile": "C:\\vox-style-xe-giay-v1-hyperframes\\hyperframes\\videos\\ban-an-935-2024-tphcm\\compositions\\caption-track.html",
        "bbox": {
          "x": 0,
          "y": 0,
          "width": 0,
          "height": 0
        },
        "time": 0,
        "fixHint": "Add a stable, human-readable id such as id=\"hero-title\" or id=\"scene-1-card\" to every timeline-visible element you want agents or Studio to edit."
      },
      {
        "code": "studio_missing_editable_id",
        "severity": "warning",
        "message": "<div class=\"caption-page\" data-start=\"111.730000\"> has no id, so Studio cannot use a stable edit target for its timeline and canvas controls.",
        "selector": "[data-composition-id]",
        "dataAttributes": {},
        "sourceFile": "C:\\vox-style-xe-giay-v1-hyperframes\\hyperframes\\videos\\ban-an-935-2024-tphcm\\compositions\\caption-track.html",
        "bbox": {
          "x": 0,
          "y": 0,
          "width": 0,
          "height": 0
        },
        "time": 0,
        "fixHint": "Add a stable, human-readable id such as id=\"hero-title\" or id=\"scene-1-card\" to every timeline-visible element you want agents or Studio to edit."
      },
      {
        "code": "studio_missing_editable_id",
        "severity": "warning",
        "message": "<div class=\"caption-page\" data-start=\"112.030000\"> has no id, so Studio cannot use a stable edit target for its timeline and canvas controls.",
        "selector": "[data-composition-id]",
        "dataAttributes": {},
        "sourceFile": "C:\\vox-style-xe-giay-v1-hyperframes\\hyperframes\\videos\\ban-an-935-2024-tphcm\\compositions\\caption-track.html",
        "bbox": {
          "x": 0,
          "y": 0,
          "width": 0,
          "height": 0
        },
        "time": 0,
        "fixHint": "Add a stable, human-readable id such as id=\"hero-title\" or id=\"scene-1-card\" to every timeline-visible element you want agents or Studio to edit."
      },
      {
        "code": "studio_missing_editable_id",
        "severity": "warning",
        "message": "<div class=\"caption-page\" data-start=\"112.230000\"> has no id, so Studio cannot use a stable edit target for its timeline and canvas controls.",
        "selector": "[data-composition-id]",
        "dataAttributes": {},
        "sourceFile": "C:\\vox-style-xe-giay-v1-hyperframes\\hyperframes\\videos\\ban-an-935-2024-tphcm\\compositions\\caption-track.html",
        "bbox": {
          "x": 0,
          "y": 0,
          "width": 0,
          "height": 0
        },
        "time": 0,
        "fixHint": "Add a stable, human-readable id such as id=\"hero-title\" or id=\"scene-1-card\" to every timeline-visible element you want agents or Studio to edit."
      },
      {
        "code": "studio_missing_editable_id",
        "severity": "warning",
        "message": "<div class=\"caption-page\" data-start=\"112.500000\"> has no id, so Studio cannot use a stable edit target for its timeline and canvas controls.",
        "selector": "[data-composition-id]",
        "dataAttributes": {},
        "sourceFile": "C:\\vox-style-xe-giay-v1-hyperframes\\hyperframes\\videos\\ban-an-935-2024-tphcm\\compositions\\caption-track.html",
        "bbox": {
          "x": 0,
          "y": 0,
          "width": 0,
          "height": 0
        },
        "time": 0,
        "fixHint": "Add a stable, human-readable id such as id=\"hero-title\" or id=\"scene-1-card\" to every timeline-visible element you want agents or Studio to edit."
      },
      {
        "code": "studio_missing_editable_id",
        "severity": "warning",
        "message": "<div class=\"caption-page\" data-start=\"112.780000\"> has no id, so Studio cannot use a stable edit target for its timeline and canvas controls.",
        "selector": "[data-composition-id]",
        "dataAttributes": {},
        "sourceFile": "C:\\vox-style-xe-giay-v1-hyperframes\\hyperframes\\videos\\ban-an-935-2024-tphcm\\compositions\\caption-track.html",
        "bbox": {
          "x": 0,
          "y": 0,
          "width": 0,
          "height": 0
        },
        "time": 0,
        "fixHint": "Add a stable, human-readable id such as id=\"hero-title\" or id=\"scene-1-card\" to every timeline-visible element you want agents or Studio to edit."
      },
      {
        "code": "studio_missing_editable_id",
        "severity": "warning",
        "message": "<div class=\"caption-page\" data-start=\"113.100000\"> has no id, so Studio cannot use a stable edit target for its timeline and canvas controls.",
        "selector": "[data-composition-id]",
        "dataAttributes": {},
        "sourceFile": "C:\\vox-style-xe-giay-v1-hyperframes\\hyperframes\\videos\\ban-an-935-2024-tphcm\\compositions\\caption-track.html",
        "bbox": {
          "x": 0,
          "y": 0,
          "width": 0,
          "height": 0
        },
        "time": 0,
        "fixHint": "Add a stable, human-readable id such as id=\"hero-title\" or id=\"scene-1-card\" to every timeline-visible element you want agents or Studio to edit."
      },
      {
        "code": "studio_missing_editable_id",
        "severity": "warning",
        "message": "<div class=\"caption-page\" data-start=\"113.900000\"> has no id, so Studio cannot use a stable edit target for its timeline and canvas controls.",
        "selector": "[data-composition-id]",
        "dataAttributes": {},
        "sourceFile": "C:\\vox-style-xe-giay-v1-hyperframes\\hyperframes\\videos\\ban-an-935-2024-tphcm\\compositions\\caption-track.html",
        "bbox": {
          "x": 0,
          "y": 0,
          "width": 0,
          "height": 0
        },
        "time": 0,
        "fixHint": "Add a stable, human-readable id such as id=\"hero-title\" or id=\"scene-1-card\" to every timeline-visible element you want agents or Studio to edit."
      },
      {
        "code": "studio_missing_editable_id",
        "severity": "warning",
        "message": "<div class=\"caption-page\" data-start=\"114.960000\"> has no id, so Studio cannot use a stable edit target for its timeline and canvas controls.",
        "selector": "[data-composition-id]",
        "dataAttributes": {},
        "sourceFile": "C:\\vox-style-xe-giay-v1-hyperframes\\hyperframes\\videos\\ban-an-935-2024-tphcm\\compositions\\caption-track.html",
        "bbox": {
          "x": 0,
          "y": 0,
          "width": 0,
          "height": 0
        },
        "time": 0,
        "fixHint": "Add a stable, human-readable id such as id=\"hero-title\" or id=\"scene-1-card\" to every timeline-visible element you want agents or Studio to edit."
      },
      {
        "code": "studio_missing_editable_id",
        "severity": "warning",
        "message": "<div class=\"caption-page\" data-start=\"115.810000\"> has no id, so Studio cannot use a stable edit target for its timeline and canvas controls.",
        "selector": "[data-composition-id]",
        "dataAttributes": {},
        "sourceFile": "C:\\vox-style-xe-giay-v1-hyperframes\\hyperframes\\videos\\ban-an-935-2024-tphcm\\compositions\\caption-track.html",
        "bbox": {
          "x": 0,
          "y": 0,
          "width": 0,
          "height": 0
        },
        "time": 0,
        "fixHint": "Add a stable, human-readable id such as id=\"hero-title\" or id=\"scene-1-card\" to every timeline-visible element you want agents or Studio to edit."
      },
      {
        "code": "studio_missing_editable_id",
        "severity": "warning",
        "message": "<div class=\"caption-page\" data-start=\"116.950000\"> has no id, so Studio cannot use a stable edit target for its timeline and canvas controls.",
        "selector": "[data-composition-id]",
        "dataAttributes": {},
        "sourceFile": "C:\\vox-style-xe-giay-v1-hyperframes\\hyperframes\\videos\\ban-an-935-2024-tphcm\\compositions\\caption-track.html",
        "bbox": {
          "x": 0,
          "y": 0,
          "width": 0,
          "height": 0
        },
        "time": 0,
        "fixHint": "Add a stable, human-readable id such as id=\"hero-title\" or id=\"scene-1-card\" to every timeline-visible element you want agents or Studio to edit."
      },
      {
        "code": "studio_missing_editable_id",
        "severity": "warning",
        "message": "<div class=\"caption-page\" data-start=\"118.200000\"> has no id, so Studio cannot use a stable edit target for its timeline and canvas controls.",
        "selector": "[data-composition-id]",
        "dataAttributes": {},
        "sourceFile": "C:\\vox-style-xe-giay-v1-hyperframes\\hyperframes\\videos\\ban-an-935-2024-tphcm\\compositions\\caption-track.html",
        "bbox": {
          "x": 0,
          "y": 0,
          "width": 0,
          "height": 0
        },
        "time": 0,
        "fixHint": "Add a stable, human-readable id such as id=\"hero-title\" or id=\"scene-1-card\" to every timeline-visible element you want agents or Studio to edit."
      },
      {
        "code": "studio_missing_editable_id",
        "severity": "warning",
        "message": "<div class=\"caption-page\" data-start=\"119.050000\"> has no id, so Studio cannot use a stable edit target for its timeline and canvas controls.",
        "selector": "[data-composition-id]",
        "dataAttributes": {},
        "sourceFile": "C:\\vox-style-xe-giay-v1-hyperframes\\hyperframes\\videos\\ban-an-935-2024-tphcm\\compositions\\caption-track.html",
        "bbox": {
          "x": 0,
          "y": 0,
          "width": 0,
          "height": 0
        },
        "time": 0,
        "fixHint": "Add a stable, human-readable id such as id=\"hero-title\" or id=\"scene-1-card\" to every timeline-visible element you want agents or Studio to edit."
      },
      {
        "code": "studio_missing_editable_id",
        "severity": "warning",
        "message": "<div class=\"caption-page\" data-start=\"119.750000\"> has no id, so Studio cannot use a stable edit target for its timeline and canvas controls.",
        "selector": "[data-composition-id]",
        "dataAttributes": {},
        "sourceFile": "C:\\vox-style-xe-giay-v1-hyperframes\\hyperframes\\videos\\ban-an-935-2024-tphcm\\compositions\\caption-track.html",
        "bbox": {
          "x": 0,
          "y": 0,
          "width": 0,
          "height": 0
        },
        "time": 0,
        "fixHint": "Add a stable, human-readable id such as id=\"hero-title\" or id=\"scene-1-card\" to every timeline-visible element you want agents or Studio to edit."
      },
      {
        "code": "studio_missing_editable_id",
        "severity": "warning",
        "message": "<div class=\"caption-page\" data-start=\"120.750000\"> has no id, so Studio cannot use a stable edit target for its timeline and canvas controls.",
        "selector": "[data-composition-id]",
        "dataAttributes": {},
        "sourceFile": "C:\\vox-style-xe-giay-v1-hyperframes\\hyperframes\\videos\\ban-an-935-2024-tphcm\\compositions\\caption-track.html",
        "bbox": {
          "x": 0,
          "y": 0,
          "width": 0,
          "height": 0
        },
        "time": 0,
        "fixHint": "Add a stable, human-readable id such as id=\"hero-title\" or id=\"scene-1-card\" to every timeline-visible element you want agents or Studio to edit."
      },
      {
        "code": "studio_missing_editable_id",
        "severity": "warning",
        "message": "<div class=\"caption-page\" data-start=\"121.770000\"> has no id, so Studio cannot use a stable edit target for its timeline and canvas controls.",
        "selector": "[data-composition-id]",
        "dataAttributes": {},
        "sourceFile": "C:\\vox-style-xe-giay-v1-hyperframes\\hyperframes\\videos\\ban-an-935-2024-tphcm\\compositions\\caption-track.html",
        "bbox": {
          "x": 0,
          "y": 0,
          "width": 0,
          "height": 0
        },
        "time": 0,
        "fixHint": "Add a stable, human-readable id such as id=\"hero-title\" or id=\"scene-1-card\" to every timeline-visible element you want agents or Studio to edit."
      },
      {
        "code": "studio_missing_editable_id",
        "severity": "warning",
        "message": "<div class=\"caption-page\" data-start=\"122.190000\"> has no id, so Studio cannot use a stable edit target for its timeline and canvas controls.",
        "selector": "[data-composition-id]",
        "dataAttributes": {},
        "sourceFile": "C:\\vox-style-xe-giay-v1-hyperframes\\hyperframes\\videos\\ban-an-935-2024-tphcm\\compositions\\caption-track.html",
        "bbox": {
          "x": 0,
          "y": 0,
          "width": 0,
          "height": 0
        },
        "time": 0,
        "fixHint": "Add a stable, human-readable id such as id=\"hero-title\" or id=\"scene-1-card\" to every timeline-visible element you want agents or Studio to edit."
      },
      {
        "code": "studio_missing_editable_id",
        "severity": "warning",
        "message": "<div class=\"caption-page\" data-start=\"123.190000\"> has no id, so Studio cannot use a stable edit target for its timeline and canvas controls.",
        "selector": "[data-composition-id]",
        "dataAttributes": {},
        "sourceFile": "C:\\vox-style-xe-giay-v1-hyperframes\\hyperframes\\videos\\ban-an-935-2024-tphcm\\compositions\\caption-track.html",
        "bbox": {
          "x": 0,
          "y": 0,
          "width": 0,
          "height": 0
        },
        "time": 0,
        "fixHint": "Add a stable, human-readable id such as id=\"hero-title\" or id=\"scene-1-card\" to every timeline-visible element you want agents or Studio to edit."
      },
      {
        "code": "studio_missing_editable_id",
        "severity": "warning",
        "message": "<div class=\"caption-page\" data-start=\"124.200000\"> has no id, so Studio cannot use a stable edit target for its timeline and canvas controls.",
        "selector": "[data-composition-id]",
        "dataAttributes": {},
        "sourceFile": "C:\\vox-style-xe-giay-v1-hyperframes\\hyperframes\\videos\\ban-an-935-2024-tphcm\\compositions\\caption-track.html",
        "bbox": {
          "x": 0,
          "y": 0,
          "width": 0,
          "height": 0
        },
        "time": 0,
        "fixHint": "Add a stable, human-readable id such as id=\"hero-title\" or id=\"scene-1-card\" to every timeline-visible element you want agents or Studio to edit."
      },
      {
        "code": "studio_missing_editable_id",
        "severity": "warning",
        "message": "<div class=\"caption-page\" data-start=\"125.110000\"> has no id, so Studio cannot use a stable edit target for its timeline and canvas controls.",
        "selector": "[data-composition-id]",
        "dataAttributes": {},
        "sourceFile": "C:\\vox-style-xe-giay-v1-hyperframes\\hyperframes\\videos\\ban-an-935-2024-tphcm\\compositions\\caption-track.html",
        "bbox": {
          "x": 0,
          "y": 0,
          "width": 0,
          "height": 0
        },
        "time": 0,
        "fixHint": "Add a stable, human-readable id such as id=\"hero-title\" or id=\"scene-1-card\" to every timeline-visible element you want agents or Studio to edit."
      },
      {
        "code": "studio_missing_editable_id",
        "severity": "warning",
        "message": "<div class=\"caption-page\" data-start=\"126.000000\"> has no id, so Studio cannot use a stable edit target for its timeline and canvas controls.",
        "selector": "[data-composition-id]",
        "dataAttributes": {},
        "sourceFile": "C:\\vox-style-xe-giay-v1-hyperframes\\hyperframes\\videos\\ban-an-935-2024-tphcm\\compositions\\caption-track.html",
        "bbox": {
          "x": 0,
          "y": 0,
          "width": 0,
          "height": 0
        },
        "time": 0,
        "fixHint": "Add a stable, human-readable id such as id=\"hero-title\" or id=\"scene-1-card\" to every timeline-visible element you want agents or Studio to edit."
      },
      {
        "code": "studio_missing_editable_id",
        "severity": "warning",
        "message": "<div class=\"caption-page\" data-start=\"126.460000\"> has no id, so Studio cannot use a stable edit target for its timeline and canvas controls.",
        "selector": "[data-composition-id]",
        "dataAttributes": {},
        "sourceFile": "C:\\vox-style-xe-giay-v1-hyperframes\\hyperframes\\videos\\ban-an-935-2024-tphcm\\compositions\\caption-track.html",
        "bbox": {
          "x": 0,
          "y": 0,
          "width": 0,
          "height": 0
        },
        "time": 0,
        "fixHint": "Add a stable, human-readable id such as id=\"hero-title\" or id=\"scene-1-card\" to every timeline-visible element you want agents or Studio to edit."
      },
      {
        "code": "studio_missing_editable_id",
        "severity": "warning",
        "message": "<div class=\"caption-page\" data-start=\"127.110000\"> has no id, so Studio cannot use a stable edit target for its timeline and canvas controls.",
        "selector": "[data-composition-id]",
        "dataAttributes": {},
        "sourceFile": "C:\\vox-style-xe-giay-v1-hyperframes\\hyperframes\\videos\\ban-an-935-2024-tphcm\\compositions\\caption-track.html",
        "bbox": {
          "x": 0,
          "y": 0,
          "width": 0,
          "height": 0
        },
        "time": 0,
        "fixHint": "Add a stable, human-readable id such as id=\"hero-title\" or id=\"scene-1-card\" to every timeline-visible element you want agents or Studio to edit."
      },
      {
        "code": "studio_missing_editable_id",
        "severity": "warning",
        "message": "<div class=\"caption-page\" data-start=\"127.860000\"> has no id, so Studio cannot use a stable edit target for its timeline and canvas controls.",
        "selector": "[data-composition-id]",
        "dataAttributes": {},
        "sourceFile": "C:\\vox-style-xe-giay-v1-hyperframes\\hyperframes\\videos\\ban-an-935-2024-tphcm\\compositions\\caption-track.html",
        "bbox": {
          "x": 0,
          "y": 0,
          "width": 0,
          "height": 0
        },
        "time": 0,
        "fixHint": "Add a stable, human-readable id such as id=\"hero-title\" or id=\"scene-1-card\" to every timeline-visible element you want agents or Studio to edit."
      },
      {
        "code": "studio_missing_editable_id",
        "severity": "warning",
        "message": "<div class=\"caption-page\" data-start=\"128.440000\"> has no id, so Studio cannot use a stable edit target for its timeline and canvas controls.",
        "selector": "[data-composition-id]",
        "dataAttributes": {},
        "sourceFile": "C:\\vox-style-xe-giay-v1-hyperframes\\hyperframes\\videos\\ban-an-935-2024-tphcm\\compositions\\caption-track.html",
        "bbox": {
          "x": 0,
          "y": 0,
          "width": 0,
          "height": 0
        },
        "time": 0,
        "fixHint": "Add a stable, human-readable id such as id=\"hero-title\" or id=\"scene-1-card\" to every timeline-visible element you want agents or Studio to edit."
      },
      {
        "code": "studio_missing_editable_id",
        "severity": "warning",
        "message": "<div class=\"caption-page\" data-start=\"129.030000\"> has no id, so Studio cannot use a stable edit target for its timeline and canvas controls.",
        "selector": "[data-composition-id]",
        "dataAttributes": {},
        "sourceFile": "C:\\vox-style-xe-giay-v1-hyperframes\\hyperframes\\videos\\ban-an-935-2024-tphcm\\compositions\\caption-track.html",
        "bbox": {
          "x": 0,
          "y": 0,
          "width": 0,
          "height": 0
        },
        "time": 0,
        "fixHint": "Add a stable, human-readable id such as id=\"hero-title\" or id=\"scene-1-card\" to every timeline-visible element you want agents or Studio to edit."
      },
      {
        "code": "studio_missing_editable_id",
        "severity": "warning",
        "message": "<div class=\"caption-page\" data-start=\"129.920000\"> has no id, so Studio cannot use a stable edit target for its timeline and canvas controls.",
        "selector": "[data-composition-id]",
        "dataAttributes": {},
        "sourceFile": "C:\\vox-style-xe-giay-v1-hyperframes\\hyperframes\\videos\\ban-an-935-2024-tphcm\\compositions\\caption-track.html",
        "bbox": {
          "x": 0,
          "y": 0,
          "width": 0,
          "height": 0
        },
        "time": 0,
        "fixHint": "Add a stable, human-readable id such as id=\"hero-title\" or id=\"scene-1-card\" to every timeline-visible element you want agents or Studio to edit."
      },
      {
        "code": "studio_missing_editable_id",
        "severity": "warning",
        "message": "<div class=\"caption-page\" data-start=\"130.540000\"> has no id, so Studio cannot use a stable edit target for its timeline and canvas controls.",
        "selector": "[data-composition-id]",
        "dataAttributes": {},
        "sourceFile": "C:\\vox-style-xe-giay-v1-hyperframes\\hyperframes\\videos\\ban-an-935-2024-tphcm\\compositions\\caption-track.html",
        "bbox": {
          "x": 0,
          "y": 0,
          "width": 0,
          "height": 0
        },
        "time": 0,
        "fixHint": "Add a stable, human-readable id such as id=\"hero-title\" or id=\"scene-1-card\" to every timeline-visible element you want agents or Studio to edit."
      },
      {
        "code": "studio_missing_editable_id",
        "severity": "warning",
        "message": "<div class=\"caption-page\" data-start=\"131.040000\"> has no id, so Studio cannot use a stable edit target for its timeline and canvas controls.",
        "selector": "[data-composition-id]",
        "dataAttributes": {},
        "sourceFile": "C:\\vox-style-xe-giay-v1-hyperframes\\hyperframes\\videos\\ban-an-935-2024-tphcm\\compositions\\caption-track.html",
        "bbox": {
          "x": 0,
          "y": 0,
          "width": 0,
          "height": 0
        },
        "time": 0,
        "fixHint": "Add a stable, human-readable id such as id=\"hero-title\" or id=\"scene-1-card\" to every timeline-visible element you want agents or Studio to edit."
      },
      {
        "code": "studio_missing_editable_id",
        "severity": "warning",
        "message": "<div class=\"caption-page\" data-start=\"132.050000\"> has no id, so Studio cannot use a stable edit target for its timeline and canvas controls.",
        "selector": "[data-composition-id]",
        "dataAttributes": {},
        "sourceFile": "C:\\vox-style-xe-giay-v1-hyperframes\\hyperframes\\videos\\ban-an-935-2024-tphcm\\compositions\\caption-track.html",
        "bbox": {
          "x": 0,
          "y": 0,
          "width": 0,
          "height": 0
        },
        "time": 0,
        "fixHint": "Add a stable, human-readable id such as id=\"hero-title\" or id=\"scene-1-card\" to every timeline-visible element you want agents or Studio to edit."
      },
      {
        "code": "studio_missing_editable_id",
        "severity": "warning",
        "message": "<div class=\"caption-page\" data-start=\"132.900000\"> has no id, so Studio cannot use a stable edit target for its timeline and canvas controls.",
        "selector": "[data-composition-id]",
        "dataAttributes": {},
        "sourceFile": "C:\\vox-style-xe-giay-v1-hyperframes\\hyperframes\\videos\\ban-an-935-2024-tphcm\\compositions\\caption-track.html",
        "bbox": {
          "x": 0,
          "y": 0,
          "width": 0,
          "height": 0
        },
        "time": 0,
        "fixHint": "Add a stable, human-readable id such as id=\"hero-title\" or id=\"scene-1-card\" to every timeline-visible element you want agents or Studio to edit."
      },
      {
        "code": "studio_missing_editable_id",
        "severity": "warning",
        "message": "<div class=\"caption-page\" data-start=\"133.890000\"> has no id, so Studio cannot use a stable edit target for its timeline and canvas controls.",
        "selector": "[data-composition-id]",
        "dataAttributes": {},
        "sourceFile": "C:\\vox-style-xe-giay-v1-hyperframes\\hyperframes\\videos\\ban-an-935-2024-tphcm\\compositions\\caption-track.html",
        "bbox": {
          "x": 0,
          "y": 0,
          "width": 0,
          "height": 0
        },
        "time": 0,
        "fixHint": "Add a stable, human-readable id such as id=\"hero-title\" or id=\"scene-1-card\" to every timeline-visible element you want agents or Studio to edit."
      },
      {
        "code": "studio_missing_editable_id",
        "severity": "warning",
        "message": "<div class=\"caption-page\" data-start=\"134.820000\"> has no id, so Studio cannot use a stable edit target for its timeline and canvas controls.",
        "selector": "[data-composition-id]",
        "dataAttributes": {},
        "sourceFile": "C:\\vox-style-xe-giay-v1-hyperframes\\hyperframes\\videos\\ban-an-935-2024-tphcm\\compositions\\caption-track.html",
        "bbox": {
          "x": 0,
          "y": 0,
          "width": 0,
          "height": 0
        },
        "time": 0,
        "fixHint": "Add a stable, human-readable id such as id=\"hero-title\" or id=\"scene-1-card\" to every timeline-visible element you want agents or Studio to edit."
      },
      {
        "code": "studio_missing_editable_id",
        "severity": "warning",
        "message": "<div class=\"caption-page\" data-start=\"135.690000\"> has no id, so Studio cannot use a stable edit target for its timeline and canvas controls.",
        "selector": "[data-composition-id]",
        "dataAttributes": {},
        "sourceFile": "C:\\vox-style-xe-giay-v1-hyperframes\\hyperframes\\videos\\ban-an-935-2024-tphcm\\compositions\\caption-track.html",
        "bbox": {
          "x": 0,
          "y": 0,
          "width": 0,
          "height": 0
        },
        "time": 0,
        "fixHint": "Add a stable, human-readable id such as id=\"hero-title\" or id=\"scene-1-card\" to every timeline-visible element you want agents or Studio to edit."
      },
      {
        "code": "studio_missing_editable_id",
        "severity": "warning",
        "message": "<div class=\"caption-page\" data-start=\"136.600000\"> has no id, so Studio cannot use a stable edit target for its timeline and canvas controls.",
        "selector": "[data-composition-id]",
        "dataAttributes": {},
        "sourceFile": "C:\\vox-style-xe-giay-v1-hyperframes\\hyperframes\\videos\\ban-an-935-2024-tphcm\\compositions\\caption-track.html",
        "bbox": {
          "x": 0,
          "y": 0,
          "width": 0,
          "height": 0
        },
        "time": 0,
        "fixHint": "Add a stable, human-readable id such as id=\"hero-title\" or id=\"scene-1-card\" to every timeline-visible element you want agents or Studio to edit."
      },
      {
        "code": "studio_missing_editable_id",
        "severity": "warning",
        "message": "<div class=\"caption-page\" data-start=\"137.670000\"> has no id, so Studio cannot use a stable edit target for its timeline and canvas controls.",
        "selector": "[data-composition-id]",
        "dataAttributes": {},
        "sourceFile": "C:\\vox-style-xe-giay-v1-hyperframes\\hyperframes\\videos\\ban-an-935-2024-tphcm\\compositions\\caption-track.html",
        "bbox": {
          "x": 0,
          "y": 0,
          "width": 0,
          "height": 0
        },
        "time": 0,
        "fixHint": "Add a stable, human-readable id such as id=\"hero-title\" or id=\"scene-1-card\" to every timeline-visible element you want agents or Studio to edit."
      },
      {
        "code": "studio_missing_editable_id",
        "severity": "warning",
        "message": "<div class=\"caption-page\" data-start=\"138.960000\"> has no id, so Studio cannot use a stable edit target for its timeline and canvas controls.",
        "selector": "[data-composition-id]",
        "dataAttributes": {},
        "sourceFile": "C:\\vox-style-xe-giay-v1-hyperframes\\hyperframes\\videos\\ban-an-935-2024-tphcm\\compositions\\caption-track.html",
        "bbox": {
          "x": 0,
          "y": 0,
          "width": 0,
          "height": 0
        },
        "time": 0,
        "fixHint": "Add a stable, human-readable id such as id=\"hero-title\" or id=\"scene-1-card\" to every timeline-visible element you want agents or Studio to edit."
      },
      {
        "code": "studio_missing_editable_id",
        "severity": "warning",
        "message": "<div class=\"caption-page\" data-start=\"140.190000\"> has no id, so Studio cannot use a stable edit target for its timeline and canvas controls.",
        "selector": "[data-composition-id]",
        "dataAttributes": {},
        "sourceFile": "C:\\vox-style-xe-giay-v1-hyperframes\\hyperframes\\videos\\ban-an-935-2024-tphcm\\compositions\\caption-track.html",
        "bbox": {
          "x": 0,
          "y": 0,
          "width": 0,
          "height": 0
        },
        "time": 0,
        "fixHint": "Add a stable, human-readable id such as id=\"hero-title\" or id=\"scene-1-card\" to every timeline-visible element you want agents or Studio to edit."
      },
      {
        "code": "studio_missing_editable_id",
        "severity": "warning",
        "message": "<div class=\"caption-page\" data-start=\"141.070000\"> has no id, so Studio cannot use a stable edit target for its timeline and canvas controls.",
        "selector": "[data-composition-id]",
        "dataAttributes": {},
        "sourceFile": "C:\\vox-style-xe-giay-v1-hyperframes\\hyperframes\\videos\\ban-an-935-2024-tphcm\\compositions\\caption-track.html",
        "bbox": {
          "x": 0,
          "y": 0,
          "width": 0,
          "height": 0
        },
        "time": 0,
        "fixHint": "Add a stable, human-readable id such as id=\"hero-title\" or id=\"scene-1-card\" to every timeline-visible element you want agents or Studio to edit."
      },
      {
        "code": "studio_missing_editable_id",
        "severity": "warning",
        "message": "<div class=\"caption-page\" data-start=\"142.020000\"> has no id, so Studio cannot use a stable edit target for its timeline and canvas controls.",
        "selector": "[data-composition-id]",
        "dataAttributes": {},
        "sourceFile": "C:\\vox-style-xe-giay-v1-hyperframes\\hyperframes\\videos\\ban-an-935-2024-tphcm\\compositions\\caption-track.html",
        "bbox": {
          "x": 0,
          "y": 0,
          "width": 0,
          "height": 0
        },
        "time": 0,
        "fixHint": "Add a stable, human-readable id such as id=\"hero-title\" or id=\"scene-1-card\" to every timeline-visible element you want agents or Studio to edit."
      },
      {
        "code": "studio_missing_editable_id",
        "severity": "warning",
        "message": "<div class=\"caption-page\" data-start=\"143.030000\"> has no id, so Studio cannot use a stable edit target for its timeline and canvas controls.",
        "selector": "[data-composition-id]",
        "dataAttributes": {},
        "sourceFile": "C:\\vox-style-xe-giay-v1-hyperframes\\hyperframes\\videos\\ban-an-935-2024-tphcm\\compositions\\caption-track.html",
        "bbox": {
          "x": 0,
          "y": 0,
          "width": 0,
          "height": 0
        },
        "time": 0,
        "fixHint": "Add a stable, human-readable id such as id=\"hero-title\" or id=\"scene-1-card\" to every timeline-visible element you want agents or Studio to edit."
      },
      {
        "code": "studio_missing_editable_id",
        "severity": "warning",
        "message": "<div class=\"caption-page\" data-start=\"143.600000\"> has no id, so Studio cannot use a stable edit target for its timeline and canvas controls.",
        "selector": "[data-composition-id]",
        "dataAttributes": {},
        "sourceFile": "C:\\vox-style-xe-giay-v1-hyperframes\\hyperframes\\videos\\ban-an-935-2024-tphcm\\compositions\\caption-track.html",
        "bbox": {
          "x": 0,
          "y": 0,
          "width": 0,
          "height": 0
        },
        "time": 0,
        "fixHint": "Add a stable, human-readable id such as id=\"hero-title\" or id=\"scene-1-card\" to every timeline-visible element you want agents or Studio to edit."
      },
      {
        "code": "studio_missing_editable_id",
        "severity": "warning",
        "message": "<div class=\"caption-page\" data-start=\"144.460000\"> has no id, so Studio cannot use a stable edit target for its timeline and canvas controls.",
        "selector": "[data-composition-id]",
        "dataAttributes": {},
        "sourceFile": "C:\\vox-style-xe-giay-v1-hyperframes\\hyperframes\\videos\\ban-an-935-2024-tphcm\\compositions\\caption-track.html",
        "bbox": {
          "x": 0,
          "y": 0,
          "width": 0,
          "height": 0
        },
        "time": 0,
        "fixHint": "Add a stable, human-readable id such as id=\"hero-title\" or id=\"scene-1-card\" to every timeline-visible element you want agents or Studio to edit."
      },
      {
        "code": "studio_missing_editable_id",
        "severity": "warning",
        "message": "<div class=\"caption-page\" data-start=\"145.160000\"> has no id, so Studio cannot use a stable edit target for its timeline and canvas controls.",
        "selector": "[data-composition-id]",
        "dataAttributes": {},
        "sourceFile": "C:\\vox-style-xe-giay-v1-hyperframes\\hyperframes\\videos\\ban-an-935-2024-tphcm\\compositions\\caption-track.html",
        "bbox": {
          "x": 0,
          "y": 0,
          "width": 0,
          "height": 0
        },
        "time": 0,
        "fixHint": "Add a stable, human-readable id such as id=\"hero-title\" or id=\"scene-1-card\" to every timeline-visible element you want agents or Studio to edit."
      },
      {
        "code": "studio_missing_editable_id",
        "severity": "warning",
        "message": "<div class=\"caption-page\" data-start=\"145.970000\"> has no id, so Studio cannot use a stable edit target for its timeline and canvas controls.",
        "selector": "[data-composition-id]",
        "dataAttributes": {},
        "sourceFile": "C:\\vox-style-xe-giay-v1-hyperframes\\hyperframes\\videos\\ban-an-935-2024-tphcm\\compositions\\caption-track.html",
        "bbox": {
          "x": 0,
          "y": 0,
          "width": 0,
          "height": 0
        },
        "time": 0,
        "fixHint": "Add a stable, human-readable id such as id=\"hero-title\" or id=\"scene-1-card\" to every timeline-visible element you want agents or Studio to edit."
      },
      {
        "code": "studio_missing_editable_id",
        "severity": "warning",
        "message": "<div class=\"caption-page\" data-start=\"146.990000\"> has no id, so Studio cannot use a stable edit target for its timeline and canvas controls.",
        "selector": "[data-composition-id]",
        "dataAttributes": {},
        "sourceFile": "C:\\vox-style-xe-giay-v1-hyperframes\\hyperframes\\videos\\ban-an-935-2024-tphcm\\compositions\\caption-track.html",
        "bbox": {
          "x": 0,
          "y": 0,
          "width": 0,
          "height": 0
        },
        "time": 0,
        "fixHint": "Add a stable, human-readable id such as id=\"hero-title\" or id=\"scene-1-card\" to every timeline-visible element you want agents or Studio to edit."
      },
      {
        "code": "studio_missing_editable_id",
        "severity": "warning",
        "message": "<div class=\"caption-page\" data-start=\"147.950000\"> has no id, so Studio cannot use a stable edit target for its timeline and canvas controls.",
        "selector": "[data-composition-id]",
        "dataAttributes": {},
        "sourceFile": "C:\\vox-style-xe-giay-v1-hyperframes\\hyperframes\\videos\\ban-an-935-2024-tphcm\\compositions\\caption-track.html",
        "bbox": {
          "x": 0,
          "y": 0,
          "width": 0,
          "height": 0
        },
        "time": 0,
        "fixHint": "Add a stable, human-readable id such as id=\"hero-title\" or id=\"scene-1-card\" to every timeline-visible element you want agents or Studio to edit."
      },
      {
        "code": "studio_missing_editable_id",
        "severity": "warning",
        "message": "<div class=\"caption-page\" data-start=\"148.970000\"> has no id, so Studio cannot use a stable edit target for its timeline and canvas controls.",
        "selector": "[data-composition-id]",
        "dataAttributes": {},
        "sourceFile": "C:\\vox-style-xe-giay-v1-hyperframes\\hyperframes\\videos\\ban-an-935-2024-tphcm\\compositions\\caption-track.html",
        "bbox": {
          "x": 0,
          "y": 0,
          "width": 0,
          "height": 0
        },
        "time": 0,
        "fixHint": "Add a stable, human-readable id such as id=\"hero-title\" or id=\"scene-1-card\" to every timeline-visible element you want agents or Studio to edit."
      },
      {
        "code": "studio_missing_editable_id",
        "severity": "warning",
        "message": "<div class=\"caption-page\" data-start=\"149.680000\"> has no id, so Studio cannot use a stable edit target for its timeline and canvas controls.",
        "selector": "[data-composition-id]",
        "dataAttributes": {},
        "sourceFile": "C:\\vox-style-xe-giay-v1-hyperframes\\hyperframes\\videos\\ban-an-935-2024-tphcm\\compositions\\caption-track.html",
        "bbox": {
          "x": 0,
          "y": 0,
          "width": 0,
          "height": 0
        },
        "time": 0,
        "fixHint": "Add a stable, human-readable id such as id=\"hero-title\" or id=\"scene-1-card\" to every timeline-visible element you want agents or Studio to edit."
      },
      {
        "code": "studio_missing_editable_id",
        "severity": "warning",
        "message": "<div class=\"caption-page\" data-start=\"150.650000\"> has no id, so Studio cannot use a stable edit target for its timeline and canvas controls.",
        "selector": "[data-composition-id]",
        "dataAttributes": {},
        "sourceFile": "C:\\vox-style-xe-giay-v1-hyperframes\\hyperframes\\videos\\ban-an-935-2024-tphcm\\compositions\\caption-track.html",
        "bbox": {
          "x": 0,
          "y": 0,
          "width": 0,
          "height": 0
        },
        "time": 0,
        "fixHint": "Add a stable, human-readable id such as id=\"hero-title\" or id=\"scene-1-card\" to every timeline-visible element you want agents or Studio to edit."
      },
      {
        "code": "studio_missing_editable_id",
        "severity": "warning",
        "message": "<div class=\"caption-page\" data-start=\"151.470000\"> has no id, so Studio cannot use a stable edit target for its timeline and canvas controls.",
        "selector": "[data-composition-id]",
        "dataAttributes": {},
        "sourceFile": "C:\\vox-style-xe-giay-v1-hyperframes\\hyperframes\\videos\\ban-an-935-2024-tphcm\\compositions\\caption-track.html",
        "bbox": {
          "x": 0,
          "y": 0,
          "width": 0,
          "height": 0
        },
        "time": 0,
        "fixHint": "Add a stable, human-readable id such as id=\"hero-title\" or id=\"scene-1-card\" to every timeline-visible element you want agents or Studio to edit."
      },
      {
        "code": "studio_missing_editable_id",
        "severity": "warning",
        "message": "<div class=\"caption-page\" data-start=\"152.100000\"> has no id, so Studio cannot use a stable edit target for its timeline and canvas controls.",
        "selector": "[data-composition-id]",
        "dataAttributes": {},
        "sourceFile": "C:\\vox-style-xe-giay-v1-hyperframes\\hyperframes\\videos\\ban-an-935-2024-tphcm\\compositions\\caption-track.html",
        "bbox": {
          "x": 0,
          "y": 0,
          "width": 0,
          "height": 0
        },
        "time": 0,
        "fixHint": "Add a stable, human-readable id such as id=\"hero-title\" or id=\"scene-1-card\" to every timeline-visible element you want agents or Studio to edit."
      },
      {
        "code": "studio_missing_editable_id",
        "severity": "warning",
        "message": "<div class=\"caption-page\" data-start=\"153.050000\"> has no id, so Studio cannot use a stable edit target for its timeline and canvas controls.",
        "selector": "[data-composition-id]",
        "dataAttributes": {},
        "sourceFile": "C:\\vox-style-xe-giay-v1-hyperframes\\hyperframes\\videos\\ban-an-935-2024-tphcm\\compositions\\caption-track.html",
        "bbox": {
          "x": 0,
          "y": 0,
          "width": 0,
          "height": 0
        },
        "time": 0,
        "fixHint": "Add a stable, human-readable id such as id=\"hero-title\" or id=\"scene-1-card\" to every timeline-visible element you want agents or Studio to edit."
      },
      {
        "code": "studio_missing_editable_id",
        "severity": "warning",
        "message": "<div class=\"caption-page\" data-start=\"154.540000\"> has no id, so Studio cannot use a stable edit target for its timeline and canvas controls.",
        "selector": "[data-composition-id]",
        "dataAttributes": {},
        "sourceFile": "C:\\vox-style-xe-giay-v1-hyperframes\\hyperframes\\videos\\ban-an-935-2024-tphcm\\compositions\\caption-track.html",
        "bbox": {
          "x": 0,
          "y": 0,
          "width": 0,
          "height": 0
        },
        "time": 0,
        "fixHint": "Add a stable, human-readable id such as id=\"hero-title\" or id=\"scene-1-card\" to every timeline-visible element you want agents or Studio to edit."
      },
      {
        "code": "studio_missing_editable_id",
        "severity": "warning",
        "message": "<div class=\"caption-page\" data-start=\"155.950000\"> has no id, so Studio cannot use a stable edit target for its timeline and canvas controls.",
        "selector": "[data-composition-id]",
        "dataAttributes": {},
        "sourceFile": "C:\\vox-style-xe-giay-v1-hyperframes\\hyperframes\\videos\\ban-an-935-2024-tphcm\\compositions\\caption-track.html",
        "bbox": {
          "x": 0,
          "y": 0,
          "width": 0,
          "height": 0
        },
        "time": 0,
        "fixHint": "Add a stable, human-readable id such as id=\"hero-title\" or id=\"scene-1-card\" to every timeline-visible element you want agents or Studio to edit."
      },
      {
        "code": "studio_missing_editable_id",
        "severity": "warning",
        "message": "<div class=\"caption-page\" data-start=\"157.010000\"> has no id, so Studio cannot use a stable edit target for its timeline and canvas controls.",
        "selector": "[data-composition-id]",
        "dataAttributes": {},
        "sourceFile": "C:\\vox-style-xe-giay-v1-hyperframes\\hyperframes\\videos\\ban-an-935-2024-tphcm\\compositions\\caption-track.html",
        "bbox": {
          "x": 0,
          "y": 0,
          "width": 0,
          "height": 0
        },
        "time": 0,
        "fixHint": "Add a stable, human-readable id such as id=\"hero-title\" or id=\"scene-1-card\" to every timeline-visible element you want agents or Studio to edit."
      },
      {
        "code": "studio_missing_editable_id",
        "severity": "warning",
        "message": "<div class=\"caption-page\" data-start=\"158.140000\"> has no id, so Studio cannot use a stable edit target for its timeline and canvas controls.",
        "selector": "[data-composition-id]",
        "dataAttributes": {},
        "sourceFile": "C:\\vox-style-xe-giay-v1-hyperframes\\hyperframes\\videos\\ban-an-935-2024-tphcm\\compositions\\caption-track.html",
        "bbox": {
          "x": 0,
          "y": 0,
          "width": 0,
          "height": 0
        },
        "time": 0,
        "fixHint": "Add a stable, human-readable id such as id=\"hero-title\" or id=\"scene-1-card\" to every timeline-visible element you want agents or Studio to edit."
      },
      {
        "code": "studio_missing_editable_id",
        "severity": "warning",
        "message": "<div class=\"caption-page\" data-start=\"159.220000\"> has no id, so Studio cannot use a stable edit target for its timeline and canvas controls.",
        "selector": "[data-composition-id]",
        "dataAttributes": {},
        "sourceFile": "C:\\vox-style-xe-giay-v1-hyperframes\\hyperframes\\videos\\ban-an-935-2024-tphcm\\compositions\\caption-track.html",
        "bbox": {
          "x": 0,
          "y": 0,
          "width": 0,
          "height": 0
        },
        "time": 0,
        "fixHint": "Add a stable, human-readable id such as id=\"hero-title\" or id=\"scene-1-card\" to every timeline-visible element you want agents or Studio to edit."
      },
      {
        "code": "studio_missing_editable_id",
        "severity": "warning",
        "message": "<div class=\"caption-page\" data-start=\"160.680000\"> has no id, so Studio cannot use a stable edit target for its timeline and canvas controls.",
        "selector": "[data-composition-id]",
        "dataAttributes": {},
        "sourceFile": "C:\\vox-style-xe-giay-v1-hyperframes\\hyperframes\\videos\\ban-an-935-2024-tphcm\\compositions\\caption-track.html",
        "bbox": {
          "x": 0,
          "y": 0,
          "width": 0,
          "height": 0
        },
        "time": 0,
        "fixHint": "Add a stable, human-readable id such as id=\"hero-title\" or id=\"scene-1-card\" to every timeline-visible element you want agents or Studio to edit."
      },
      {
        "code": "studio_missing_editable_id",
        "severity": "warning",
        "message": "<div class=\"caption-page\" data-start=\"162.000000\"> has no id, so Studio cannot use a stable edit target for its timeline and canvas controls.",
        "selector": "[data-composition-id]",
        "dataAttributes": {},
        "sourceFile": "C:\\vox-style-xe-giay-v1-hyperframes\\hyperframes\\videos\\ban-an-935-2024-tphcm\\compositions\\caption-track.html",
        "bbox": {
          "x": 0,
          "y": 0,
          "width": 0,
          "height": 0
        },
        "time": 0,
        "fixHint": "Add a stable, human-readable id such as id=\"hero-title\" or id=\"scene-1-card\" to every timeline-visible element you want agents or Studio to edit."
      },
      {
        "code": "studio_missing_editable_id",
        "severity": "warning",
        "message": "<div class=\"caption-page\" data-start=\"162.360000\"> has no id, so Studio cannot use a stable edit target for its timeline and canvas controls.",
        "selector": "[data-composition-id]",
        "dataAttributes": {},
        "sourceFile": "C:\\vox-style-xe-giay-v1-hyperframes\\hyperframes\\videos\\ban-an-935-2024-tphcm\\compositions\\caption-track.html",
        "bbox": {
          "x": 0,
          "y": 0,
          "width": 0,
          "height": 0
        },
        "time": 0,
        "fixHint": "Add a stable, human-readable id such as id=\"hero-title\" or id=\"scene-1-card\" to every timeline-visible element you want agents or Studio to edit."
      },
      {
        "code": "studio_missing_editable_id",
        "severity": "warning",
        "message": "<div class=\"caption-page\" data-start=\"162.830000\"> has no id, so Studio cannot use a stable edit target for its timeline and canvas controls.",
        "selector": "[data-composition-id]",
        "dataAttributes": {},
        "sourceFile": "C:\\vox-style-xe-giay-v1-hyperframes\\hyperframes\\videos\\ban-an-935-2024-tphcm\\compositions\\caption-track.html",
        "bbox": {
          "x": 0,
          "y": 0,
          "width": 0,
          "height": 0
        },
        "time": 0,
        "fixHint": "Add a stable, human-readable id such as id=\"hero-title\" or id=\"scene-1-card\" to every timeline-visible element you want agents or Studio to edit."
      },
      {
        "code": "studio_missing_editable_id",
        "severity": "warning",
        "message": "<div class=\"caption-page\" data-start=\"163.240000\"> has no id, so Studio cannot use a stable edit target for its timeline and canvas controls.",
        "selector": "[data-composition-id]",
        "dataAttributes": {},
        "sourceFile": "C:\\vox-style-xe-giay-v1-hyperframes\\hyperframes\\videos\\ban-an-935-2024-tphcm\\compositions\\caption-track.html",
        "bbox": {
          "x": 0,
          "y": 0,
          "width": 0,
          "height": 0
        },
        "time": 0,
        "fixHint": "Add a stable, human-readable id such as id=\"hero-title\" or id=\"scene-1-card\" to every timeline-visible element you want agents or Studio to edit."
      },
      {
        "code": "studio_missing_editable_id",
        "severity": "warning",
        "message": "<div class=\"caption-page\" data-start=\"163.550000\"> has no id, so Studio cannot use a stable edit target for its timeline and canvas controls.",
        "selector": "[data-composition-id]",
        "dataAttributes": {},
        "sourceFile": "C:\\vox-style-xe-giay-v1-hyperframes\\hyperframes\\videos\\ban-an-935-2024-tphcm\\compositions\\caption-track.html",
        "bbox": {
          "x": 0,
          "y": 0,
          "width": 0,
          "height": 0
        },
        "time": 0,
        "fixHint": "Add a stable, human-readable id such as id=\"hero-title\" or id=\"scene-1-card\" to every timeline-visible element you want agents or Studio to edit."
      },
      {
        "code": "studio_missing_editable_id",
        "severity": "warning",
        "message": "<div class=\"caption-page\" data-start=\"163.980000\"> has no id, so Studio cannot use a stable edit target for its timeline and canvas controls.",
        "selector": "[data-composition-id]",
        "dataAttributes": {},
        "sourceFile": "C:\\vox-style-xe-giay-v1-hyperframes\\hyperframes\\videos\\ban-an-935-2024-tphcm\\compositions\\caption-track.html",
        "bbox": {
          "x": 0,
          "y": 0,
          "width": 0,
          "height": 0
        },
        "time": 0,
        "fixHint": "Add a stable, human-readable id such as id=\"hero-title\" or id=\"scene-1-card\" to every timeline-visible element you want agents or Studio to edit."
      },
      {
        "code": "studio_missing_editable_id",
        "severity": "warning",
        "message": "<div class=\"caption-page\" data-start=\"164.350000\"> has no id, so Studio cannot use a stable edit target for its timeline and canvas controls.",
        "selector": "[data-composition-id]",
        "dataAttributes": {},
        "sourceFile": "C:\\vox-style-xe-giay-v1-hyperframes\\hyperframes\\videos\\ban-an-935-2024-tphcm\\compositions\\caption-track.html",
        "bbox": {
          "x": 0,
          "y": 0,
          "width": 0,
          "height": 0
        },
        "time": 0,
        "fixHint": "Add a stable, human-readable id such as id=\"hero-title\" or id=\"scene-1-card\" to every timeline-visible element you want agents or Studio to edit."
      },
      {
        "code": "studio_missing_editable_id",
        "severity": "warning",
        "message": "<div class=\"caption-page\" data-start=\"165.000000\"> has no id, so Studio cannot use a stable edit target for its timeline and canvas controls.",
        "selector": "[data-composition-id]",
        "dataAttributes": {},
        "sourceFile": "C:\\vox-style-xe-giay-v1-hyperframes\\hyperframes\\videos\\ban-an-935-2024-tphcm\\compositions\\caption-track.html",
        "bbox": {
          "x": 0,
          "y": 0,
          "width": 0,
          "height": 0
        },
        "time": 0,
        "fixHint": "Add a stable, human-readable id such as id=\"hero-title\" or id=\"scene-1-card\" to every timeline-visible element you want agents or Studio to edit."
      },
      {
        "code": "studio_missing_editable_id",
        "severity": "warning",
        "message": "<div class=\"caption-page\" data-start=\"165.760000\"> has no id, so Studio cannot use a stable edit target for its timeline and canvas controls.",
        "selector": "[data-composition-id]",
        "dataAttributes": {},
        "sourceFile": "C:\\vox-style-xe-giay-v1-hyperframes\\hyperframes\\videos\\ban-an-935-2024-tphcm\\compositions\\caption-track.html",
        "bbox": {
          "x": 0,
          "y": 0,
          "width": 0,
          "height": 0
        },
        "time": 0,
        "fixHint": "Add a stable, human-readable id such as id=\"hero-title\" or id=\"scene-1-card\" to every timeline-visible element you want agents or Studio to edit."
      },
      {
        "code": "studio_missing_editable_id",
        "severity": "warning",
        "message": "<div class=\"caption-page\" data-start=\"166.730000\"> has no id, so Studio cannot use a stable edit target for its timeline and canvas controls.",
        "selector": "[data-composition-id]",
        "dataAttributes": {},
        "sourceFile": "C:\\vox-style-xe-giay-v1-hyperframes\\hyperframes\\videos\\ban-an-935-2024-tphcm\\compositions\\caption-track.html",
        "bbox": {
          "x": 0,
          "y": 0,
          "width": 0,
          "height": 0
        },
        "time": 0,
        "fixHint": "Add a stable, human-readable id such as id=\"hero-title\" or id=\"scene-1-card\" to every timeline-visible element you want agents or Studio to edit."
      },
      {
        "code": "studio_missing_editable_id",
        "severity": "warning",
        "message": "<div class=\"caption-page\" data-start=\"167.650000\"> has no id, so Studio cannot use a stable edit target for its timeline and canvas controls.",
        "selector": "[data-composition-id]",
        "dataAttributes": {},
        "sourceFile": "C:\\vox-style-xe-giay-v1-hyperframes\\hyperframes\\videos\\ban-an-935-2024-tphcm\\compositions\\caption-track.html",
        "bbox": {
          "x": 0,
          "y": 0,
          "width": 0,
          "height": 0
        },
        "time": 0,
        "fixHint": "Add a stable, human-readable id such as id=\"hero-title\" or id=\"scene-1-card\" to every timeline-visible element you want agents or Studio to edit."
      },
      {
        "code": "studio_missing_editable_id",
        "severity": "warning",
        "message": "<div class=\"caption-page\" data-start=\"168.700000\"> has no id, so Studio cannot use a stable edit target for its timeline and canvas controls.",
        "selector": "[data-composition-id]",
        "dataAttributes": {},
        "sourceFile": "C:\\vox-style-xe-giay-v1-hyperframes\\hyperframes\\videos\\ban-an-935-2024-tphcm\\compositions\\caption-track.html",
        "bbox": {
          "x": 0,
          "y": 0,
          "width": 0,
          "height": 0
        },
        "time": 0,
        "fixHint": "Add a stable, human-readable id such as id=\"hero-title\" or id=\"scene-1-card\" to every timeline-visible element you want agents or Studio to edit."
      },
      {
        "code": "studio_missing_editable_id",
        "severity": "warning",
        "message": "<div class=\"caption-page\" data-start=\"169.690000\"> has no id, so Studio cannot use a stable edit target for its timeline and canvas controls.",
        "selector": "[data-composition-id]",
        "dataAttributes": {},
        "sourceFile": "C:\\vox-style-xe-giay-v1-hyperframes\\hyperframes\\videos\\ban-an-935-2024-tphcm\\compositions\\caption-track.html",
        "bbox": {
          "x": 0,
          "y": 0,
          "width": 0,
          "height": 0
        },
        "time": 0,
        "fixHint": "Add a stable, human-readable id such as id=\"hero-title\" or id=\"scene-1-card\" to every timeline-visible element you want agents or Studio to edit."
      },
      {
        "code": "studio_missing_editable_id",
        "severity": "warning",
        "message": "<div class=\"caption-page\" data-start=\"170.450000\"> has no id, so Studio cannot use a stable edit target for its timeline and canvas controls.",
        "selector": "[data-composition-id]",
        "dataAttributes": {},
        "sourceFile": "C:\\vox-style-xe-giay-v1-hyperframes\\hyperframes\\videos\\ban-an-935-2024-tphcm\\compositions\\caption-track.html",
        "bbox": {
          "x": 0,
          "y": 0,
          "width": 0,
          "height": 0
        },
        "time": 0,
        "fixHint": "Add a stable, human-readable id such as id=\"hero-title\" or id=\"scene-1-card\" to every timeline-visible element you want agents or Studio to edit."
      },
      {
        "code": "studio_missing_editable_id",
        "severity": "warning",
        "message": "<div class=\"caption-page\" data-start=\"171.380000\"> has no id, so Studio cannot use a stable edit target for its timeline and canvas controls.",
        "selector": "[data-composition-id]",
        "dataAttributes": {},
        "sourceFile": "C:\\vox-style-xe-giay-v1-hyperframes\\hyperframes\\videos\\ban-an-935-2024-tphcm\\compositions\\caption-track.html",
        "bbox": {
          "x": 0,
          "y": 0,
          "width": 0,
          "height": 0
        },
        "time": 0,
        "fixHint": "Add a stable, human-readable id such as id=\"hero-title\" or id=\"scene-1-card\" to every timeline-visible element you want agents or Studio to edit."
      },
      {
        "code": "studio_missing_editable_id",
        "severity": "warning",
        "message": "<div class=\"caption-page\" data-start=\"172.300000\"> has no id, so Studio cannot use a stable edit target for its timeline and canvas controls.",
        "selector": "[data-composition-id]",
        "dataAttributes": {},
        "sourceFile": "C:\\vox-style-xe-giay-v1-hyperframes\\hyperframes\\videos\\ban-an-935-2024-tphcm\\compositions\\caption-track.html",
        "bbox": {
          "x": 0,
          "y": 0,
          "width": 0,
          "height": 0
        },
        "time": 0,
        "fixHint": "Add a stable, human-readable id such as id=\"hero-title\" or id=\"scene-1-card\" to every timeline-visible element you want agents or Studio to edit."
      },
      {
        "code": "studio_missing_editable_id",
        "severity": "warning",
        "message": "<div class=\"caption-page\" data-start=\"173.290000\"> has no id, so Studio cannot use a stable edit target for its timeline and canvas controls.",
        "selector": "[data-composition-id]",
        "dataAttributes": {},
        "sourceFile": "C:\\vox-style-xe-giay-v1-hyperframes\\hyperframes\\videos\\ban-an-935-2024-tphcm\\compositions\\caption-track.html",
        "bbox": {
          "x": 0,
          "y": 0,
          "width": 0,
          "height": 0
        },
        "time": 0,
        "fixHint": "Add a stable, human-readable id such as id=\"hero-title\" or id=\"scene-1-card\" to every timeline-visible element you want agents or Studio to edit."
      },
      {
        "code": "studio_missing_editable_id",
        "severity": "warning",
        "message": "<div class=\"caption-page\" data-start=\"174.060000\"> has no id, so Studio cannot use a stable edit target for its timeline and canvas controls.",
        "selector": "[data-composition-id]",
        "dataAttributes": {},
        "sourceFile": "C:\\vox-style-xe-giay-v1-hyperframes\\hyperframes\\videos\\ban-an-935-2024-tphcm\\compositions\\caption-track.html",
        "bbox": {
          "x": 0,
          "y": 0,
          "width": 0,
          "height": 0
        },
        "time": 0,
        "fixHint": "Add a stable, human-readable id such as id=\"hero-title\" or id=\"scene-1-card\" to every timeline-visible element you want agents or Studio to edit."
      },
      {
        "code": "studio_missing_editable_id",
        "severity": "warning",
        "message": "<div class=\"caption-page\" data-start=\"175.090000\"> has no id, so Studio cannot use a stable edit target for its timeline and canvas controls.",
        "selector": "[data-composition-id]",
        "dataAttributes": {},
        "sourceFile": "C:\\vox-style-xe-giay-v1-hyperframes\\hyperframes\\videos\\ban-an-935-2024-tphcm\\compositions\\caption-track.html",
        "bbox": {
          "x": 0,
          "y": 0,
          "width": 0,
          "height": 0
        },
        "time": 0,
        "fixHint": "Add a stable, human-readable id such as id=\"hero-title\" or id=\"scene-1-card\" to every timeline-visible element you want agents or Studio to edit."
      },
      {
        "code": "studio_missing_editable_id",
        "severity": "warning",
        "message": "<div class=\"caption-page\" data-start=\"175.880000\"> has no id, so Studio cannot use a stable edit target for its timeline and canvas controls.",
        "selector": "[data-composition-id]",
        "dataAttributes": {},
        "sourceFile": "C:\\vox-style-xe-giay-v1-hyperframes\\hyperframes\\videos\\ban-an-935-2024-tphcm\\compositions\\caption-track.html",
        "bbox": {
          "x": 0,
          "y": 0,
          "width": 0,
          "height": 0
        },
        "time": 0,
        "fixHint": "Add a stable, human-readable id such as id=\"hero-title\" or id=\"scene-1-card\" to every timeline-visible element you want agents or Studio to edit."
      },
      {
        "code": "studio_missing_editable_id",
        "severity": "warning",
        "message": "<div class=\"caption-page\" data-start=\"176.730000\"> has no id, so Studio cannot use a stable edit target for its timeline and canvas controls.",
        "selector": "[data-composition-id]",
        "dataAttributes": {},
        "sourceFile": "C:\\vox-style-xe-giay-v1-hyperframes\\hyperframes\\videos\\ban-an-935-2024-tphcm\\compositions\\caption-track.html",
        "bbox": {
          "x": 0,
          "y": 0,
          "width": 0,
          "height": 0
        },
        "time": 0,
        "fixHint": "Add a stable, human-readable id such as id=\"hero-title\" or id=\"scene-1-card\" to every timeline-visible element you want agents or Studio to edit."
      },
      {
        "code": "studio_missing_editable_id",
        "severity": "warning",
        "message": "<div class=\"caption-page\" data-start=\"177.490000\"> has no id, so Studio cannot use a stable edit target for its timeline and canvas controls.",
        "selector": "[data-composition-id]",
        "dataAttributes": {},
        "sourceFile": "C:\\vox-style-xe-giay-v1-hyperframes\\hyperframes\\videos\\ban-an-935-2024-tphcm\\compositions\\caption-track.html",
        "bbox": {
          "x": 0,
          "y": 0,
          "width": 0,
          "height": 0
        },
        "time": 0,
        "fixHint": "Add a stable, human-readable id such as id=\"hero-title\" or id=\"scene-1-card\" to every timeline-visible element you want agents or Studio to edit."
      },
      {
        "code": "studio_missing_editable_id",
        "severity": "warning",
        "message": "<div class=\"caption-page\" data-start=\"178.460000\"> has no id, so Studio cannot use a stable edit target for its timeline and canvas controls.",
        "selector": "[data-composition-id]",
        "dataAttributes": {},
        "sourceFile": "C:\\vox-style-xe-giay-v1-hyperframes\\hyperframes\\videos\\ban-an-935-2024-tphcm\\compositions\\caption-track.html",
        "bbox": {
          "x": 0,
          "y": 0,
          "width": 0,
          "height": 0
        },
        "time": 0,
        "fixHint": "Add a stable, human-readable id such as id=\"hero-title\" or id=\"scene-1-card\" to every timeline-visible element you want agents or Studio to edit."
      },
      {
        "code": "studio_missing_editable_id",
        "severity": "warning",
        "message": "<div class=\"caption-page\" data-start=\"179.330000\"> has no id, so Studio cannot use a stable edit target for its timeline and canvas controls.",
        "selector": "[data-composition-id]",
        "dataAttributes": {},
        "sourceFile": "C:\\vox-style-xe-giay-v1-hyperframes\\hyperframes\\videos\\ban-an-935-2024-tphcm\\compositions\\caption-track.html",
        "bbox": {
          "x": 0,
          "y": 0,
          "width": 0,
          "height": 0
        },
        "time": 0,
        "fixHint": "Add a stable, human-readable id such as id=\"hero-title\" or id=\"scene-1-card\" to every timeline-visible element you want agents or Studio to edit."
      },
      {
        "code": "studio_missing_editable_id",
        "severity": "warning",
        "message": "<div class=\"caption-page\" data-start=\"180.070000\"> has no id, so Studio cannot use a stable edit target for its timeline and canvas controls.",
        "selector": "[data-composition-id]",
        "dataAttributes": {},
        "sourceFile": "C:\\vox-style-xe-giay-v1-hyperframes\\hyperframes\\videos\\ban-an-935-2024-tphcm\\compositions\\caption-track.html",
        "bbox": {
          "x": 0,
          "y": 0,
          "width": 0,
          "height": 0
        },
        "time": 0,
        "fixHint": "Add a stable, human-readable id such as id=\"hero-title\" or id=\"scene-1-card\" to every timeline-visible element you want agents or Studio to edit."
      },
      {
        "code": "studio_missing_editable_id",
        "severity": "warning",
        "message": "<div class=\"caption-page\" data-start=\"180.950000\"> has no id, so Studio cannot use a stable edit target for its timeline and canvas controls.",
        "selector": "[data-composition-id]",
        "dataAttributes": {},
        "sourceFile": "C:\\vox-style-xe-giay-v1-hyperframes\\hyperframes\\videos\\ban-an-935-2024-tphcm\\compositions\\caption-track.html",
        "bbox": {
          "x": 0,
          "y": 0,
          "width": 0,
          "height": 0
        },
        "time": 0,
        "fixHint": "Add a stable, human-readable id such as id=\"hero-title\" or id=\"scene-1-card\" to every timeline-visible element you want agents or Studio to edit."
      },
      {
        "code": "studio_missing_editable_id",
        "severity": "warning",
        "message": "<div class=\"caption-page\" data-start=\"181.730000\"> has no id, so Studio cannot use a stable edit target for its timeline and canvas controls.",
        "selector": "[data-composition-id]",
        "dataAttributes": {},
        "sourceFile": "C:\\vox-style-xe-giay-v1-hyperframes\\hyperframes\\videos\\ban-an-935-2024-tphcm\\compositions\\caption-track.html",
        "bbox": {
          "x": 0,
          "y": 0,
          "width": 0,
          "height": 0
        },
        "time": 0,
        "fixHint": "Add a stable, human-readable id such as id=\"hero-title\" or id=\"scene-1-card\" to every timeline-visible element you want agents or Studio to edit."
      },
      {
        "code": "studio_missing_editable_id",
        "severity": "warning",
        "message": "<div class=\"caption-page\" data-start=\"182.740000\"> has no id, so Studio cannot use a stable edit target for its timeline and canvas controls.",
        "selector": "[data-composition-id]",
        "dataAttributes": {},
        "sourceFile": "C:\\vox-style-xe-giay-v1-hyperframes\\hyperframes\\videos\\ban-an-935-2024-tphcm\\compositions\\caption-track.html",
        "bbox": {
          "x": 0,
          "y": 0,
          "width": 0,
          "height": 0
        },
        "time": 0,
        "fixHint": "Add a stable, human-readable id such as id=\"hero-title\" or id=\"scene-1-card\" to every timeline-visible element you want agents or Studio to edit."
      },
      {
        "code": "studio_missing_editable_id",
        "severity": "warning",
        "message": "<div class=\"caption-page\" data-start=\"184.000000\"> has no id, so Studio cannot use a stable edit target for its timeline and canvas controls.",
        "selector": "[data-composition-id]",
        "dataAttributes": {},
        "sourceFile": "C:\\vox-style-xe-giay-v1-hyperframes\\hyperframes\\videos\\ban-an-935-2024-tphcm\\compositions\\caption-track.html",
        "bbox": {
          "x": 0,
          "y": 0,
          "width": 0,
          "height": 0
        },
        "time": 0,
        "fixHint": "Add a stable, human-readable id such as id=\"hero-title\" or id=\"scene-1-card\" to every timeline-visible element you want agents or Studio to edit."
      },
      {
        "code": "studio_missing_editable_id",
        "severity": "warning",
        "message": "<div class=\"caption-page\" data-start=\"184.890000\"> has no id, so Studio cannot use a stable edit target for its timeline and canvas controls.",
        "selector": "[data-composition-id]",
        "dataAttributes": {},
        "sourceFile": "C:\\vox-style-xe-giay-v1-hyperframes\\hyperframes\\videos\\ban-an-935-2024-tphcm\\compositions\\caption-track.html",
        "bbox": {
          "x": 0,
          "y": 0,
          "width": 0,
          "height": 0
        },
        "time": 0,
        "fixHint": "Add a stable, human-readable id such as id=\"hero-title\" or id=\"scene-1-card\" to every timeline-visible element you want agents or Studio to edit."
      },
      {
        "code": "studio_missing_editable_id",
        "severity": "warning",
        "message": "<div class=\"caption-page\" data-start=\"186.240000\"> has no id, so Studio cannot use a stable edit target for its timeline and canvas controls.",
        "selector": "[data-composition-id]",
        "dataAttributes": {},
        "sourceFile": "C:\\vox-style-xe-giay-v1-hyperframes\\hyperframes\\videos\\ban-an-935-2024-tphcm\\compositions\\caption-track.html",
        "bbox": {
          "x": 0,
          "y": 0,
          "width": 0,
          "height": 0
        },
        "time": 0,
        "fixHint": "Add a stable, human-readable id such as id=\"hero-title\" or id=\"scene-1-card\" to every timeline-visible element you want agents or Studio to edit."
      },
      {
        "code": "studio_missing_editable_id",
        "severity": "warning",
        "message": "<div class=\"caption-page\" data-start=\"187.260000\"> has no id, so Studio cannot use a stable edit target for its timeline and canvas controls.",
        "selector": "[data-composition-id]",
        "dataAttributes": {},
        "sourceFile": "C:\\vox-style-xe-giay-v1-hyperframes\\hyperframes\\videos\\ban-an-935-2024-tphcm\\compositions\\caption-track.html",
        "bbox": {
          "x": 0,
          "y": 0,
          "width": 0,
          "height": 0
        },
        "time": 0,
        "fixHint": "Add a stable, human-readable id such as id=\"hero-title\" or id=\"scene-1-card\" to every timeline-visible element you want agents or Studio to edit."
      },
      {
        "code": "studio_missing_editable_id",
        "severity": "warning",
        "message": "<div class=\"caption-page\" data-start=\"188.050000\"> has no id, so Studio cannot use a stable edit target for its timeline and canvas controls.",
        "selector": "[data-composition-id]",
        "dataAttributes": {},
        "sourceFile": "C:\\vox-style-xe-giay-v1-hyperframes\\hyperframes\\videos\\ban-an-935-2024-tphcm\\compositions\\caption-track.html",
        "bbox": {
          "x": 0,
          "y": 0,
          "width": 0,
          "height": 0
        },
        "time": 0,
        "fixHint": "Add a stable, human-readable id such as id=\"hero-title\" or id=\"scene-1-card\" to every timeline-visible element you want agents or Studio to edit."
      },
      {
        "code": "studio_missing_editable_id",
        "severity": "warning",
        "message": "<div class=\"caption-page\" data-start=\"189.060000\"> has no id, so Studio cannot use a stable edit target for its timeline and canvas controls.",
        "selector": "[data-composition-id]",
        "dataAttributes": {},
        "sourceFile": "C:\\vox-style-xe-giay-v1-hyperframes\\hyperframes\\videos\\ban-an-935-2024-tphcm\\compositions\\caption-track.html",
        "bbox": {
          "x": 0,
          "y": 0,
          "width": 0,
          "height": 0
        },
        "time": 0,
        "fixHint": "Add a stable, human-readable id such as id=\"hero-title\" or id=\"scene-1-card\" to every timeline-visible element you want agents or Studio to edit."
      },
      {
        "code": "studio_missing_editable_id",
        "severity": "warning",
        "message": "<div class=\"caption-page\" data-start=\"190.350000\"> has no id, so Studio cannot use a stable edit target for its timeline and canvas controls.",
        "selector": "[data-composition-id]",
        "dataAttributes": {},
        "sourceFile": "C:\\vox-style-xe-giay-v1-hyperframes\\hyperframes\\videos\\ban-an-935-2024-tphcm\\compositions\\caption-track.html",
        "bbox": {
          "x": 0,
          "y": 0,
          "width": 0,
          "height": 0
        },
        "time": 0,
        "fixHint": "Add a stable, human-readable id such as id=\"hero-title\" or id=\"scene-1-card\" to every timeline-visible element you want agents or Studio to edit."
      },
      {
        "code": "studio_missing_editable_id",
        "severity": "warning",
        "message": "<div class=\"caption-page\" data-start=\"191.240000\"> has no id, so Studio cannot use a stable edit target for its timeline and canvas controls.",
        "selector": "[data-composition-id]",
        "dataAttributes": {},
        "sourceFile": "C:\\vox-style-xe-giay-v1-hyperframes\\hyperframes\\videos\\ban-an-935-2024-tphcm\\compositions\\caption-track.html",
        "bbox": {
          "x": 0,
          "y": 0,
          "width": 0,
          "height": 0
        },
        "time": 0,
        "fixHint": "Add a stable, human-readable id such as id=\"hero-title\" or id=\"scene-1-card\" to every timeline-visible element you want agents or Studio to edit."
      },
      {
        "code": "studio_missing_editable_id",
        "severity": "warning",
        "message": "<div class=\"caption-page\" data-start=\"192.650000\"> has no id, so Studio cannot use a stable edit target for its timeline and canvas controls.",
        "selector": "[data-composition-id]",
        "dataAttributes": {},
        "sourceFile": "C:\\vox-style-xe-giay-v1-hyperframes\\hyperframes\\videos\\ban-an-935-2024-tphcm\\compositions\\caption-track.html",
        "bbox": {
          "x": 0,
          "y": 0,
          "width": 0,
          "height": 0
        },
        "time": 0,
        "fixHint": "Add a stable, human-readable id such as id=\"hero-title\" or id=\"scene-1-card\" to every timeline-visible element you want agents or Studio to edit."
      },
      {
        "code": "studio_missing_editable_id",
        "severity": "warning",
        "message": "<div class=\"caption-page\" data-start=\"194.290000\"> has no id, so Studio cannot use a stable edit target for its timeline and canvas controls.",
        "selector": "[data-composition-id]",
        "dataAttributes": {},
        "sourceFile": "C:\\vox-style-xe-giay-v1-hyperframes\\hyperframes\\videos\\ban-an-935-2024-tphcm\\compositions\\caption-track.html",
        "bbox": {
          "x": 0,
          "y": 0,
          "width": 0,
          "height": 0
        },
        "time": 0,
        "fixHint": "Add a stable, human-readable id such as id=\"hero-title\" or id=\"scene-1-card\" to every timeline-visible element you want agents or Studio to edit."
      },
      {
        "code": "studio_missing_editable_id",
        "severity": "warning",
        "message": "<div class=\"caption-page\" data-start=\"195.460000\"> has no id, so Studio cannot use a stable edit target for its timeline and canvas controls.",
        "selector": "[data-composition-id]",
        "dataAttributes": {},
        "sourceFile": "C:\\vox-style-xe-giay-v1-hyperframes\\hyperframes\\videos\\ban-an-935-2024-tphcm\\compositions\\caption-track.html",
        "bbox": {
          "x": 0,
          "y": 0,
          "width": 0,
          "height": 0
        },
        "time": 0,
        "fixHint": "Add a stable, human-readable id such as id=\"hero-title\" or id=\"scene-1-card\" to every timeline-visible element you want agents or Studio to edit."
      },
      {
        "code": "studio_missing_editable_id",
        "severity": "warning",
        "message": "<div class=\"caption-page\" data-start=\"197.000000\"> has no id, so Studio cannot use a stable edit target for its timeline and canvas controls.",
        "selector": "[data-composition-id]",
        "dataAttributes": {},
        "sourceFile": "C:\\vox-style-xe-giay-v1-hyperframes\\hyperframes\\videos\\ban-an-935-2024-tphcm\\compositions\\caption-track.html",
        "bbox": {
          "x": 0,
          "y": 0,
          "width": 0,
          "height": 0
        },
        "time": 0,
        "fixHint": "Add a stable, human-readable id such as id=\"hero-title\" or id=\"scene-1-card\" to every timeline-visible element you want agents or Studio to edit."
      },
      {
        "code": "studio_missing_editable_id",
        "severity": "warning",
        "message": "<div class=\"caption-page\" data-start=\"198.700000\"> has no id, so Studio cannot use a stable edit target for its timeline and canvas controls.",
        "selector": "[data-composition-id]",
        "dataAttributes": {},
        "sourceFile": "C:\\vox-style-xe-giay-v1-hyperframes\\hyperframes\\videos\\ban-an-935-2024-tphcm\\compositions\\caption-track.html",
        "bbox": {
          "x": 0,
          "y": 0,
          "width": 0,
          "height": 0
        },
        "time": 0,
        "fixHint": "Add a stable, human-readable id such as id=\"hero-title\" or id=\"scene-1-card\" to every timeline-visible element you want agents or Studio to edit."
      },
      {
        "code": "studio_missing_editable_id",
        "severity": "warning",
        "message": "<div class=\"caption-page\" data-start=\"200.230000\"> has no id, so Studio cannot use a stable edit target for its timeline and canvas controls.",
        "selector": "[data-composition-id]",
        "dataAttributes": {},
        "sourceFile": "C:\\vox-style-xe-giay-v1-hyperframes\\hyperframes\\videos\\ban-an-935-2024-tphcm\\compositions\\caption-track.html",
        "bbox": {
          "x": 0,
          "y": 0,
          "width": 0,
          "height": 0
        },
        "time": 0,
        "fixHint": "Add a stable, human-readable id such as id=\"hero-title\" or id=\"scene-1-card\" to every timeline-visible element you want agents or Studio to edit."
      },
      {
        "code": "studio_missing_editable_id",
        "severity": "warning",
        "message": "<div class=\"caption-page\" data-start=\"201.460000\"> has no id, so Studio cannot use a stable edit target for its timeline and canvas controls.",
        "selector": "[data-composition-id]",
        "dataAttributes": {},
        "sourceFile": "C:\\vox-style-xe-giay-v1-hyperframes\\hyperframes\\videos\\ban-an-935-2024-tphcm\\compositions\\caption-track.html",
        "bbox": {
          "x": 0,
          "y": 0,
          "width": 0,
          "height": 0
        },
        "time": 0,
        "fixHint": "Add a stable, human-readable id such as id=\"hero-title\" or id=\"scene-1-card\" to every timeline-visible element you want agents or Studio to edit."
      },
      {
        "code": "studio_missing_editable_id",
        "severity": "warning",
        "message": "<div class=\"caption-page\" data-start=\"202.420000\"> has no id, so Studio cannot use a stable edit target for its timeline and canvas controls.",
        "selector": "[data-composition-id]",
        "dataAttributes": {},
        "sourceFile": "C:\\vox-style-xe-giay-v1-hyperframes\\hyperframes\\videos\\ban-an-935-2024-tphcm\\compositions\\caption-track.html",
        "bbox": {
          "x": 0,
          "y": 0,
          "width": 0,
          "height": 0
        },
        "time": 0,
        "fixHint": "Add a stable, human-readable id such as id=\"hero-title\" or id=\"scene-1-card\" to every timeline-visible element you want agents or Studio to edit."
      },
      {
        "code": "studio_missing_editable_id",
        "severity": "warning",
        "message": "<div class=\"caption-page\" data-start=\"203.580000\"> has no id, so Studio cannot use a stable edit target for its timeline and canvas controls.",
        "selector": "[data-composition-id]",
        "dataAttributes": {},
        "sourceFile": "C:\\vox-style-xe-giay-v1-hyperframes\\hyperframes\\videos\\ban-an-935-2024-tphcm\\compositions\\caption-track.html",
        "bbox": {
          "x": 0,
          "y": 0,
          "width": 0,
          "height": 0
        },
        "time": 0,
        "fixHint": "Add a stable, human-readable id such as id=\"hero-title\" or id=\"scene-1-card\" to every timeline-visible element you want agents or Studio to edit."
      },
      {
        "code": "studio_missing_editable_id",
        "severity": "warning",
        "message": "<div class=\"caption-page\" data-start=\"205.000000\"> has no id, so Studio cannot use a stable edit target for its timeline and canvas controls.",
        "selector": "[data-composition-id]",
        "dataAttributes": {},
        "sourceFile": "C:\\vox-style-xe-giay-v1-hyperframes\\hyperframes\\videos\\ban-an-935-2024-tphcm\\compositions\\caption-track.html",
        "bbox": {
          "x": 0,
          "y": 0,
          "width": 0,
          "height": 0
        },
        "time": 0,
        "fixHint": "Add a stable, human-readable id such as id=\"hero-title\" or id=\"scene-1-card\" to every timeline-visible element you want agents or Studio to edit."
      },
      {
        "code": "studio_missing_editable_id",
        "severity": "warning",
        "message": "<div class=\"caption-page\" data-start=\"205.020000\"> has no id, so Studio cannot use a stable edit target for its timeline and canvas controls.",
        "selector": "[data-composition-id]",
        "dataAttributes": {},
        "sourceFile": "C:\\vox-style-xe-giay-v1-hyperframes\\hyperframes\\videos\\ban-an-935-2024-tphcm\\compositions\\caption-track.html",
        "bbox": {
          "x": 0,
          "y": 0,
          "width": 0,
          "height": 0
        },
        "time": 0,
        "fixHint": "Add a stable, human-readable id such as id=\"hero-title\" or id=\"scene-1-card\" to every timeline-visible element you want agents or Studio to edit."
      },
      {
        "code": "studio_missing_editable_id",
        "severity": "warning",
        "message": "<div class=\"caption-page\" data-start=\"205.040000\"> has no id, so Studio cannot use a stable edit target for its timeline and canvas controls.",
        "selector": "[data-composition-id]",
        "dataAttributes": {},
        "sourceFile": "C:\\vox-style-xe-giay-v1-hyperframes\\hyperframes\\videos\\ban-an-935-2024-tphcm\\compositions\\caption-track.html",
        "bbox": {
          "x": 0,
          "y": 0,
          "width": 0,
          "height": 0
        },
        "time": 0,
        "fixHint": "Add a stable, human-readable id such as id=\"hero-title\" or id=\"scene-1-card\" to every timeline-visible element you want agents or Studio to edit."
      },
      {
        "code": "studio_missing_editable_id",
        "severity": "warning",
        "message": "<div class=\"caption-page\" data-start=\"205.050000\"> has no id, so Studio cannot use a stable edit target for its timeline and canvas controls.",
        "selector": "[data-composition-id]",
        "dataAttributes": {},
        "sourceFile": "C:\\vox-style-xe-giay-v1-hyperframes\\hyperframes\\videos\\ban-an-935-2024-tphcm\\compositions\\caption-track.html",
        "bbox": {
          "x": 0,
          "y": 0,
          "width": 0,
          "height": 0
        },
        "time": 0,
        "fixHint": "Add a stable, human-readable id such as id=\"hero-title\" or id=\"scene-1-card\" to every timeline-visible element you want agents or Studio to edit."
      },
      {
        "code": "studio_missing_editable_id",
        "severity": "warning",
        "message": "<div class=\"caption-page\" data-start=\"206.490000\"> has no id, so Studio cannot use a stable edit target for its timeline and canvas controls.",
        "selector": "[data-composition-id]",
        "dataAttributes": {},
        "sourceFile": "C:\\vox-style-xe-giay-v1-hyperframes\\hyperframes\\videos\\ban-an-935-2024-tphcm\\compositions\\caption-track.html",
        "bbox": {
          "x": 0,
          "y": 0,
          "width": 0,
          "height": 0
        },
        "time": 0,
        "fixHint": "Add a stable, human-readable id such as id=\"hero-title\" or id=\"scene-1-card\" to every timeline-visible element you want agents or Studio to edit."
      },
      {
        "code": "studio_missing_editable_id",
        "severity": "warning",
        "message": "<div class=\"caption-page\" data-start=\"208.230000\"> has no id, so Studio cannot use a stable edit target for its timeline and canvas controls.",
        "selector": "[data-composition-id]",
        "dataAttributes": {},
        "sourceFile": "C:\\vox-style-xe-giay-v1-hyperframes\\hyperframes\\videos\\ban-an-935-2024-tphcm\\compositions\\caption-track.html",
        "bbox": {
          "x": 0,
          "y": 0,
          "width": 0,
          "height": 0
        },
        "time": 0,
        "fixHint": "Add a stable, human-readable id such as id=\"hero-title\" or id=\"scene-1-card\" to every timeline-visible element you want agents or Studio to edit."
      },
      {
        "code": "studio_missing_editable_id",
        "severity": "warning",
        "message": "<div class=\"caption-page\" data-start=\"209.420000\"> has no id, so Studio cannot use a stable edit target for its timeline and canvas controls.",
        "selector": "[data-composition-id]",
        "dataAttributes": {},
        "sourceFile": "C:\\vox-style-xe-giay-v1-hyperframes\\hyperframes\\videos\\ban-an-935-2024-tphcm\\compositions\\caption-track.html",
        "bbox": {
          "x": 0,
          "y": 0,
          "width": 0,
          "height": 0
        },
        "time": 0,
        "fixHint": "Add a stable, human-readable id such as id=\"hero-title\" or id=\"scene-1-card\" to every timeline-visible element you want agents or Studio to edit."
      },
      {
        "code": "studio_missing_editable_id",
        "severity": "warning",
        "message": "<div class=\"caption-page\" data-start=\"210.230000\"> has no id, so Studio cannot use a stable edit target for its timeline and canvas controls.",
        "selector": "[data-composition-id]",
        "dataAttributes": {},
        "sourceFile": "C:\\vox-style-xe-giay-v1-hyperframes\\hyperframes\\videos\\ban-an-935-2024-tphcm\\compositions\\caption-track.html",
        "bbox": {
          "x": 0,
          "y": 0,
          "width": 0,
          "height": 0
        },
        "time": 0,
        "fixHint": "Add a stable, human-readable id such as id=\"hero-title\" or id=\"scene-1-card\" to every timeline-visible element you want agents or Studio to edit."
      },
      {
        "code": "studio_missing_editable_id",
        "severity": "warning",
        "message": "<div class=\"caption-page\" data-start=\"211.200000\"> has no id, so Studio cannot use a stable edit target for its timeline and canvas controls.",
        "selector": "[data-composition-id]",
        "dataAttributes": {},
        "sourceFile": "C:\\vox-style-xe-giay-v1-hyperframes\\hyperframes\\videos\\ban-an-935-2024-tphcm\\compositions\\caption-track.html",
        "bbox": {
          "x": 0,
          "y": 0,
          "width": 0,
          "height": 0
        },
        "time": 0,
        "fixHint": "Add a stable, human-readable id such as id=\"hero-title\" or id=\"scene-1-card\" to every timeline-visible element you want agents or Studio to edit."
      },
      {
        "code": "studio_missing_editable_id",
        "severity": "warning",
        "message": "<div class=\"caption-page\" data-start=\"212.250000\"> has no id, so Studio cannot use a stable edit target for its timeline and canvas controls.",
        "selector": "[data-composition-id]",
        "dataAttributes": {},
        "sourceFile": "C:\\vox-style-xe-giay-v1-hyperframes\\hyperframes\\videos\\ban-an-935-2024-tphcm\\compositions\\caption-track.html",
        "bbox": {
          "x": 0,
          "y": 0,
          "width": 0,
          "height": 0
        },
        "time": 0,
        "fixHint": "Add a stable, human-readable id such as id=\"hero-title\" or id=\"scene-1-card\" to every timeline-visible element you want agents or Studio to edit."
      },
      {
        "code": "studio_missing_editable_id",
        "severity": "warning",
        "message": "<div class=\"caption-page\" data-start=\"213.610000\"> has no id, so Studio cannot use a stable edit target for its timeline and canvas controls.",
        "selector": "[data-composition-id]",
        "dataAttributes": {},
        "sourceFile": "C:\\vox-style-xe-giay-v1-hyperframes\\hyperframes\\videos\\ban-an-935-2024-tphcm\\compositions\\caption-track.html",
        "bbox": {
          "x": 0,
          "y": 0,
          "width": 0,
          "height": 0
        },
        "time": 0,
        "fixHint": "Add a stable, human-readable id such as id=\"hero-title\" or id=\"scene-1-card\" to every timeline-visible element you want agents or Studio to edit."
      },
      {
        "code": "studio_missing_editable_id",
        "severity": "warning",
        "message": "<div class=\"caption-page\" data-start=\"214.580000\"> has no id, so Studio cannot use a stable edit target for its timeline and canvas controls.",
        "selector": "[data-composition-id]",
        "dataAttributes": {},
        "sourceFile": "C:\\vox-style-xe-giay-v1-hyperframes\\hyperframes\\videos\\ban-an-935-2024-tphcm\\compositions\\caption-track.html",
        "bbox": {
          "x": 0,
          "y": 0,
          "width": 0,
          "height": 0
        },
        "time": 0,
        "fixHint": "Add a stable, human-readable id such as id=\"hero-title\" or id=\"scene-1-card\" to every timeline-visible element you want agents or Studio to edit."
      },
      {
        "code": "studio_missing_editable_id",
        "severity": "warning",
        "message": "<div class=\"caption-page\" data-start=\"215.710000\"> has no id, so Studio cannot use a stable edit target for its timeline and canvas controls.",
        "selector": "[data-composition-id]",
        "dataAttributes": {},
        "sourceFile": "C:\\vox-style-xe-giay-v1-hyperframes\\hyperframes\\videos\\ban-an-935-2024-tphcm\\compositions\\caption-track.html",
        "bbox": {
          "x": 0,
          "y": 0,
          "width": 0,
          "height": 0
        },
        "time": 0,
        "fixHint": "Add a stable, human-readable id such as id=\"hero-title\" or id=\"scene-1-card\" to every timeline-visible element you want agents or Studio to edit."
      },
      {
        "code": "studio_missing_editable_id",
        "severity": "warning",
        "message": "<div class=\"caption-page\" data-start=\"216.910000\"> has no id, so Studio cannot use a stable edit target for its timeline and canvas controls.",
        "selector": "[data-composition-id]",
        "dataAttributes": {},
        "sourceFile": "C:\\vox-style-xe-giay-v1-hyperframes\\hyperframes\\videos\\ban-an-935-2024-tphcm\\compositions\\caption-track.html",
        "bbox": {
          "x": 0,
          "y": 0,
          "width": 0,
          "height": 0
        },
        "time": 0,
        "fixHint": "Add a stable, human-readable id such as id=\"hero-title\" or id=\"scene-1-card\" to every timeline-visible element you want agents or Studio to edit."
      },
      {
        "code": "studio_missing_editable_id",
        "severity": "warning",
        "message": "<div class=\"caption-page\" data-start=\"219.000000\"> has no id, so Studio cannot use a stable edit target for its timeline and canvas controls.",
        "selector": "[data-composition-id]",
        "dataAttributes": {},
        "sourceFile": "C:\\vox-style-xe-giay-v1-hyperframes\\hyperframes\\videos\\ban-an-935-2024-tphcm\\compositions\\caption-track.html",
        "bbox": {
          "x": 0,
          "y": 0,
          "width": 0,
          "height": 0
        },
        "time": 0,
        "fixHint": "Add a stable, human-readable id such as id=\"hero-title\" or id=\"scene-1-card\" to every timeline-visible element you want agents or Studio to edit."
      },
      {
        "code": "studio_missing_editable_id",
        "severity": "warning",
        "message": "<div class=\"caption-page\" data-start=\"220.530000\"> has no id, so Studio cannot use a stable edit target for its timeline and canvas controls.",
        "selector": "[data-composition-id]",
        "dataAttributes": {},
        "sourceFile": "C:\\vox-style-xe-giay-v1-hyperframes\\hyperframes\\videos\\ban-an-935-2024-tphcm\\compositions\\caption-track.html",
        "bbox": {
          "x": 0,
          "y": 0,
          "width": 0,
          "height": 0
        },
        "time": 0,
        "fixHint": "Add a stable, human-readable id such as id=\"hero-title\" or id=\"scene-1-card\" to every timeline-visible element you want agents or Studio to edit."
      },
      {
        "code": "studio_missing_editable_id",
        "severity": "warning",
        "message": "<div class=\"caption-page\" data-start=\"222.440000\"> has no id, so Studio cannot use a stable edit target for its timeline and canvas controls.",
        "selector": "[data-composition-id]",
        "dataAttributes": {},
        "sourceFile": "C:\\vox-style-xe-giay-v1-hyperframes\\hyperframes\\videos\\ban-an-935-2024-tphcm\\compositions\\caption-track.html",
        "bbox": {
          "x": 0,
          "y": 0,
          "width": 0,
          "height": 0
        },
        "time": 0,
        "fixHint": "Add a stable, human-readable id such as id=\"hero-title\" or id=\"scene-1-card\" to every timeline-visible element you want agents or Studio to edit."
      },
      {
        "code": "studio_missing_editable_id",
        "severity": "warning",
        "message": "<div class=\"caption-page\" data-start=\"224.040000\"> has no id, so Studio cannot use a stable edit target for its timeline and canvas controls.",
        "selector": "[data-composition-id]",
        "dataAttributes": {},
        "sourceFile": "C:\\vox-style-xe-giay-v1-hyperframes\\hyperframes\\videos\\ban-an-935-2024-tphcm\\compositions\\caption-track.html",
        "bbox": {
          "x": 0,
          "y": 0,
          "width": 0,
          "height": 0
        },
        "time": 0,
        "fixHint": "Add a stable, human-readable id such as id=\"hero-title\" or id=\"scene-1-card\" to every timeline-visible element you want agents or Studio to edit."
      },
      {
        "code": "studio_missing_editable_id",
        "severity": "warning",
        "message": "<div class=\"caption-page\" data-start=\"224.730000\"> has no id, so Studio cannot use a stable edit target for its timeline and canvas controls.",
        "selector": "[data-composition-id]",
        "dataAttributes": {},
        "sourceFile": "C:\\vox-style-xe-giay-v1-hyperframes\\hyperframes\\videos\\ban-an-935-2024-tphcm\\compositions\\caption-track.html",
        "bbox": {
          "x": 0,
          "y": 0,
          "width": 0,
          "height": 0
        },
        "time": 0,
        "fixHint": "Add a stable, human-readable id such as id=\"hero-title\" or id=\"scene-1-card\" to every timeline-visible element you want agents or Studio to edit."
      },
      {
        "code": "studio_missing_editable_id",
        "severity": "warning",
        "message": "<div class=\"caption-page\" data-start=\"225.610000\"> has no id, so Studio cannot use a stable edit target for its timeline and canvas controls.",
        "selector": "[data-composition-id]",
        "dataAttributes": {},
        "sourceFile": "C:\\vox-style-xe-giay-v1-hyperframes\\hyperframes\\videos\\ban-an-935-2024-tphcm\\compositions\\caption-track.html",
        "bbox": {
          "x": 0,
          "y": 0,
          "width": 0,
          "height": 0
        },
        "time": 0,
        "fixHint": "Add a stable, human-readable id such as id=\"hero-title\" or id=\"scene-1-card\" to every timeline-visible element you want agents or Studio to edit."
      },
      {
        "code": "studio_missing_editable_id",
        "severity": "warning",
        "message": "<div class=\"caption-page\" data-start=\"226.500000\"> has no id, so Studio cannot use a stable edit target for its timeline and canvas controls.",
        "selector": "[data-composition-id]",
        "dataAttributes": {},
        "sourceFile": "C:\\vox-style-xe-giay-v1-hyperframes\\hyperframes\\videos\\ban-an-935-2024-tphcm\\compositions\\caption-track.html",
        "bbox": {
          "x": 0,
          "y": 0,
          "width": 0,
          "height": 0
        },
        "time": 0,
        "fixHint": "Add a stable, human-readable id such as id=\"hero-title\" or id=\"scene-1-card\" to every timeline-visible element you want agents or Studio to edit."
      },
      {
        "code": "studio_missing_editable_id",
        "severity": "warning",
        "message": "<div class=\"caption-page\" data-start=\"227.720000\"> has no id, so Studio cannot use a stable edit target for its timeline and canvas controls.",
        "selector": "[data-composition-id]",
        "dataAttributes": {},
        "sourceFile": "C:\\vox-style-xe-giay-v1-hyperframes\\hyperframes\\videos\\ban-an-935-2024-tphcm\\compositions\\caption-track.html",
        "bbox": {
          "x": 0,
          "y": 0,
          "width": 0,
          "height": 0
        },
        "time": 0,
        "fixHint": "Add a stable, human-readable id such as id=\"hero-title\" or id=\"scene-1-card\" to every timeline-visible element you want agents or Studio to edit."
      },
      {
        "code": "studio_missing_editable_id",
        "severity": "warning",
        "message": "<div class=\"caption-page\" data-start=\"228.610000\"> has no id, so Studio cannot use a stable edit target for its timeline and canvas controls.",
        "selector": "[data-composition-id]",
        "dataAttributes": {},
        "sourceFile": "C:\\vox-style-xe-giay-v1-hyperframes\\hyperframes\\videos\\ban-an-935-2024-tphcm\\compositions\\caption-track.html",
        "bbox": {
          "x": 0,
          "y": 0,
          "width": 0,
          "height": 0
        },
        "time": 0,
        "fixHint": "Add a stable, human-readable id such as id=\"hero-title\" or id=\"scene-1-card\" to every timeline-visible element you want agents or Studio to edit."
      },
      {
        "code": "studio_missing_editable_id",
        "severity": "warning",
        "message": "<div class=\"caption-page\" data-start=\"229.390000\"> has no id, so Studio cannot use a stable edit target for its timeline and canvas controls.",
        "selector": "[data-composition-id]",
        "dataAttributes": {},
        "sourceFile": "C:\\vox-style-xe-giay-v1-hyperframes\\hyperframes\\videos\\ban-an-935-2024-tphcm\\compositions\\caption-track.html",
        "bbox": {
          "x": 0,
          "y": 0,
          "width": 0,
          "height": 0
        },
        "time": 0,
        "fixHint": "Add a stable, human-readable id such as id=\"hero-title\" or id=\"scene-1-card\" to every timeline-visible element you want agents or Studio to edit."
      },
      {
        "code": "studio_missing_editable_id",
        "severity": "warning",
        "message": "<div class=\"caption-page\" data-start=\"230.440000\"> has no id, so Studio cannot use a stable edit target for its timeline and canvas controls.",
        "selector": "[data-composition-id]",
        "dataAttributes": {},
        "sourceFile": "C:\\vox-style-xe-giay-v1-hyperframes\\hyperframes\\videos\\ban-an-935-2024-tphcm\\compositions\\caption-track.html",
        "bbox": {
          "x": 0,
          "y": 0,
          "width": 0,
          "height": 0
        },
        "time": 0,
        "fixHint": "Add a stable, human-readable id such as id=\"hero-title\" or id=\"scene-1-card\" to every timeline-visible element you want agents or Studio to edit."
      },
      {
        "code": "studio_missing_editable_id",
        "severity": "warning",
        "message": "<div class=\"caption-page\" data-start=\"231.670000\"> has no id, so Studio cannot use a stable edit target for its timeline and canvas controls.",
        "selector": "[data-composition-id]",
        "dataAttributes": {},
        "sourceFile": "C:\\vox-style-xe-giay-v1-hyperframes\\hyperframes\\videos\\ban-an-935-2024-tphcm\\compositions\\caption-track.html",
        "bbox": {
          "x": 0,
          "y": 0,
          "width": 0,
          "height": 0
        },
        "time": 0,
        "fixHint": "Add a stable, human-readable id such as id=\"hero-title\" or id=\"scene-1-card\" to every timeline-visible element you want agents or Studio to edit."
      },
      {
        "code": "studio_missing_editable_id",
        "severity": "warning",
        "message": "<div class=\"caption-page\" data-start=\"232.520000\"> has no id, so Studio cannot use a stable edit target for its timeline and canvas controls.",
        "selector": "[data-composition-id]",
        "dataAttributes": {},
        "sourceFile": "C:\\vox-style-xe-giay-v1-hyperframes\\hyperframes\\videos\\ban-an-935-2024-tphcm\\compositions\\caption-track.html",
        "bbox": {
          "x": 0,
          "y": 0,
          "width": 0,
          "height": 0
        },
        "time": 0,
        "fixHint": "Add a stable, human-readable id such as id=\"hero-title\" or id=\"scene-1-card\" to every timeline-visible element you want agents or Studio to edit."
      },
      {
        "code": "studio_missing_editable_id",
        "severity": "warning",
        "message": "<div class=\"caption-page\" data-start=\"233.280000\"> has no id, so Studio cannot use a stable edit target for its timeline and canvas controls.",
        "selector": "[data-composition-id]",
        "dataAttributes": {},
        "sourceFile": "C:\\vox-style-xe-giay-v1-hyperframes\\hyperframes\\videos\\ban-an-935-2024-tphcm\\compositions\\caption-track.html",
        "bbox": {
          "x": 0,
          "y": 0,
          "width": 0,
          "height": 0
        },
        "time": 0,
        "fixHint": "Add a stable, human-readable id such as id=\"hero-title\" or id=\"scene-1-card\" to every timeline-visible element you want agents or Studio to edit."
      },
      {
        "code": "studio_missing_editable_id",
        "severity": "warning",
        "message": "<div class=\"caption-page\" data-start=\"234.090000\"> has no id, so Studio cannot use a stable edit target for its timeline and canvas controls.",
        "selector": "[data-composition-id]",
        "dataAttributes": {},
        "sourceFile": "C:\\vox-style-xe-giay-v1-hyperframes\\hyperframes\\videos\\ban-an-935-2024-tphcm\\compositions\\caption-track.html",
        "bbox": {
          "x": 0,
          "y": 0,
          "width": 0,
          "height": 0
        },
        "time": 0,
        "fixHint": "Add a stable, human-readable id such as id=\"hero-title\" or id=\"scene-1-card\" to every timeline-visible element you want agents or Studio to edit."
      },
      {
        "code": "studio_missing_editable_id",
        "severity": "warning",
        "message": "<div class=\"caption-page\" data-start=\"235.220000\"> has no id, so Studio cannot use a stable edit target for its timeline and canvas controls.",
        "selector": "[data-composition-id]",
        "dataAttributes": {},
        "sourceFile": "C:\\vox-style-xe-giay-v1-hyperframes\\hyperframes\\videos\\ban-an-935-2024-tphcm\\compositions\\caption-track.html",
        "bbox": {
          "x": 0,
          "y": 0,
          "width": 0,
          "height": 0
        },
        "time": 0,
        "fixHint": "Add a stable, human-readable id such as id=\"hero-title\" or id=\"scene-1-card\" to every timeline-visible element you want agents or Studio to edit."
      },
      {
        "code": "studio_missing_editable_id",
        "severity": "warning",
        "message": "<div class=\"caption-page\" data-start=\"236.070000\"> has no id, so Studio cannot use a stable edit target for its timeline and canvas controls.",
        "selector": "[data-composition-id]",
        "dataAttributes": {},
        "sourceFile": "C:\\vox-style-xe-giay-v1-hyperframes\\hyperframes\\videos\\ban-an-935-2024-tphcm\\compositions\\caption-track.html",
        "bbox": {
          "x": 0,
          "y": 0,
          "width": 0,
          "height": 0
        },
        "time": 0,
        "fixHint": "Add a stable, human-readable id such as id=\"hero-title\" or id=\"scene-1-card\" to every timeline-visible element you want agents or Studio to edit."
      },
      {
        "code": "studio_missing_editable_id",
        "severity": "warning",
        "message": "<div class=\"caption-page\" data-start=\"236.940000\"> has no id, so Studio cannot use a stable edit target for its timeline and canvas controls.",
        "selector": "[data-composition-id]",
        "dataAttributes": {},
        "sourceFile": "C:\\vox-style-xe-giay-v1-hyperframes\\hyperframes\\videos\\ban-an-935-2024-tphcm\\compositions\\caption-track.html",
        "bbox": {
          "x": 0,
          "y": 0,
          "width": 0,
          "height": 0
        },
        "time": 0,
        "fixHint": "Add a stable, human-readable id such as id=\"hero-title\" or id=\"scene-1-card\" to every timeline-visible element you want agents or Studio to edit."
      },
      {
        "code": "studio_missing_editable_id",
        "severity": "warning",
        "message": "<div class=\"caption-page\" data-start=\"238.100000\"> has no id, so Studio cannot use a stable edit target for its timeline and canvas controls.",
        "selector": "[data-composition-id]",
        "dataAttributes": {},
        "sourceFile": "C:\\vox-style-xe-giay-v1-hyperframes\\hyperframes\\videos\\ban-an-935-2024-tphcm\\compositions\\caption-track.html",
        "bbox": {
          "x": 0,
          "y": 0,
          "width": 0,
          "height": 0
        },
        "time": 0,
        "fixHint": "Add a stable, human-readable id such as id=\"hero-title\" or id=\"scene-1-card\" to every timeline-visible element you want agents or Studio to edit."
      },
      {
        "code": "studio_missing_editable_id",
        "severity": "warning",
        "message": "<div class=\"caption-page\" data-start=\"239.860000\"> has no id, so Studio cannot use a stable edit target for its timeline and canvas controls.",
        "selector": "[data-composition-id]",
        "dataAttributes": {},
        "sourceFile": "C:\\vox-style-xe-giay-v1-hyperframes\\hyperframes\\videos\\ban-an-935-2024-tphcm\\compositions\\caption-track.html",
        "bbox": {
          "x": 0,
          "y": 0,
          "width": 0,
          "height": 0
        },
        "time": 0,
        "fixHint": "Add a stable, human-readable id such as id=\"hero-title\" or id=\"scene-1-card\" to every timeline-visible element you want agents or Studio to edit."
      },
      {
        "code": "studio_missing_editable_id",
        "severity": "warning",
        "message": "<div class=\"caption-page\" data-start=\"241.960000\"> has no id, so Studio cannot use a stable edit target for its timeline and canvas controls.",
        "selector": "[data-composition-id]",
        "dataAttributes": {},
        "sourceFile": "C:\\vox-style-xe-giay-v1-hyperframes\\hyperframes\\videos\\ban-an-935-2024-tphcm\\compositions\\caption-track.html",
        "bbox": {
          "x": 0,
          "y": 0,
          "width": 0,
          "height": 0
        },
        "time": 0,
        "fixHint": "Add a stable, human-readable id such as id=\"hero-title\" or id=\"scene-1-card\" to every timeline-visible element you want agents or Studio to edit."
      },
      {
        "code": "studio_missing_editable_id",
        "severity": "warning",
        "message": "<div class=\"caption-page\" data-start=\"244.640000\"> has no id, so Studio cannot use a stable edit target for its timeline and canvas controls.",
        "selector": "[data-composition-id]",
        "dataAttributes": {},
        "sourceFile": "C:\\vox-style-xe-giay-v1-hyperframes\\hyperframes\\videos\\ban-an-935-2024-tphcm\\compositions\\caption-track.html",
        "bbox": {
          "x": 0,
          "y": 0,
          "width": 0,
          "height": 0
        },
        "time": 0,
        "fixHint": "Add a stable, human-readable id such as id=\"hero-title\" or id=\"scene-1-card\" to every timeline-visible element you want agents or Studio to edit."
      },
      {
        "code": "studio_missing_editable_id",
        "severity": "warning",
        "message": "<div class=\"caption-page\" data-start=\"246.500000\"> has no id, so Studio cannot use a stable edit target for its timeline and canvas controls.",
        "selector": "[data-composition-id]",
        "dataAttributes": {},
        "sourceFile": "C:\\vox-style-xe-giay-v1-hyperframes\\hyperframes\\videos\\ban-an-935-2024-tphcm\\compositions\\caption-track.html",
        "bbox": {
          "x": 0,
          "y": 0,
          "width": 0,
          "height": 0
        },
        "time": 0,
        "fixHint": "Add a stable, human-readable id such as id=\"hero-title\" or id=\"scene-1-card\" to every timeline-visible element you want agents or Studio to edit."
      },
      {
        "code": "studio_missing_editable_id",
        "severity": "warning",
        "message": "<div class=\"caption-page\" data-start=\"249.550000\"> has no id, so Studio cannot use a stable edit target for its timeline and canvas controls.",
        "selector": "[data-composition-id]",
        "dataAttributes": {},
        "sourceFile": "C:\\vox-style-xe-giay-v1-hyperframes\\hyperframes\\videos\\ban-an-935-2024-tphcm\\compositions\\caption-track.html",
        "bbox": {
          "x": 0,
          "y": 0,
          "width": 0,
          "height": 0
        },
        "time": 0,
        "fixHint": "Add a stable, human-readable id such as id=\"hero-title\" or id=\"scene-1-card\" to every timeline-visible element you want agents or Studio to edit."
      },
      {
        "code": "studio_missing_editable_id",
        "severity": "warning",
        "message": "<div class=\"caption-page\" data-start=\"251.170000\"> has no id, so Studio cannot use a stable edit target for its timeline and canvas controls.",
        "selector": "[data-composition-id]",
        "dataAttributes": {},
        "sourceFile": "C:\\vox-style-xe-giay-v1-hyperframes\\hyperframes\\videos\\ban-an-935-2024-tphcm\\compositions\\caption-track.html",
        "bbox": {
          "x": 0,
          "y": 0,
          "width": 0,
          "height": 0
        },
        "time": 0,
        "fixHint": "Add a stable, human-readable id such as id=\"hero-title\" or id=\"scene-1-card\" to every timeline-visible element you want agents or Studio to edit."
      },
      {
        "code": "studio_missing_editable_id",
        "severity": "warning",
        "message": "<div class=\"caption-page\" data-start=\"253.390000\"> has no id, so Studio cannot use a stable edit target for its timeline and canvas controls.",
        "selector": "[data-composition-id]",
        "dataAttributes": {},
        "sourceFile": "C:\\vox-style-xe-giay-v1-hyperframes\\hyperframes\\videos\\ban-an-935-2024-tphcm\\compositions\\caption-track.html",
        "bbox": {
          "x": 0,
          "y": 0,
          "width": 0,
          "height": 0
        },
        "time": 0,
        "fixHint": "Add a stable, human-readable id such as id=\"hero-title\" or id=\"scene-1-card\" to every timeline-visible element you want agents or Studio to edit."
      },
      {
        "code": "studio_missing_editable_id",
        "severity": "warning",
        "message": "<div class=\"caption-page\" data-start=\"255.730000\"> has no id, so Studio cannot use a stable edit target for its timeline and canvas controls.",
        "selector": "[data-composition-id]",
        "dataAttributes": {},
        "sourceFile": "C:\\vox-style-xe-giay-v1-hyperframes\\hyperframes\\videos\\ban-an-935-2024-tphcm\\compositions\\caption-track.html",
        "bbox": {
          "x": 0,
          "y": 0,
          "width": 0,
          "height": 0
        },
        "time": 0,
        "fixHint": "Add a stable, human-readable id such as id=\"hero-title\" or id=\"scene-1-card\" to every timeline-visible element you want agents or Studio to edit."
      },
      {
        "code": "studio_missing_editable_id",
        "severity": "warning",
        "message": "<div class=\"caption-page\" data-start=\"258.000000\"> has no id, so Studio cannot use a stable edit target for its timeline and canvas controls.",
        "selector": "[data-composition-id]",
        "dataAttributes": {},
        "sourceFile": "C:\\vox-style-xe-giay-v1-hyperframes\\hyperframes\\videos\\ban-an-935-2024-tphcm\\compositions\\caption-track.html",
        "bbox": {
          "x": 0,
          "y": 0,
          "width": 0,
          "height": 0
        },
        "time": 0,
        "fixHint": "Add a stable, human-readable id such as id=\"hero-title\" or id=\"scene-1-card\" to every timeline-visible element you want agents or Studio to edit."
      },
      {
        "code": "studio_missing_editable_id",
        "severity": "warning",
        "message": "<div class=\"caption-page\" data-start=\"258.020000\"> has no id, so Studio cannot use a stable edit target for its timeline and canvas controls.",
        "selector": "[data-composition-id]",
        "dataAttributes": {},
        "sourceFile": "C:\\vox-style-xe-giay-v1-hyperframes\\hyperframes\\videos\\ban-an-935-2024-tphcm\\compositions\\caption-track.html",
        "bbox": {
          "x": 0,
          "y": 0,
          "width": 0,
          "height": 0
        },
        "time": 0,
        "fixHint": "Add a stable, human-readable id such as id=\"hero-title\" or id=\"scene-1-card\" to every timeline-visible element you want agents or Studio to edit."
      },
      {
        "code": "studio_missing_editable_id",
        "severity": "warning",
        "message": "<div class=\"caption-page\" data-start=\"258.050000\"> has no id, so Studio cannot use a stable edit target for its timeline and canvas controls.",
        "selector": "[data-composition-id]",
        "dataAttributes": {},
        "sourceFile": "C:\\vox-style-xe-giay-v1-hyperframes\\hyperframes\\videos\\ban-an-935-2024-tphcm\\compositions\\caption-track.html",
        "bbox": {
          "x": 0,
          "y": 0,
          "width": 0,
          "height": 0
        },
        "time": 0,
        "fixHint": "Add a stable, human-readable id such as id=\"hero-title\" or id=\"scene-1-card\" to every timeline-visible element you want agents or Studio to edit."
      },
      {
        "code": "studio_missing_editable_id",
        "severity": "warning",
        "message": "<div class=\"caption-page\" data-start=\"258.080000\"> has no id, so Studio cannot use a stable edit target for its timeline and canvas controls.",
        "selector": "[data-composition-id]",
        "dataAttributes": {},
        "sourceFile": "C:\\vox-style-xe-giay-v1-hyperframes\\hyperframes\\videos\\ban-an-935-2024-tphcm\\compositions\\caption-track.html",
        "bbox": {
          "x": 0,
          "y": 0,
          "width": 0,
          "height": 0
        },
        "time": 0,
        "fixHint": "Add a stable, human-readable id such as id=\"hero-title\" or id=\"scene-1-card\" to every timeline-visible element you want agents or Studio to edit."
      },
      {
        "code": "studio_missing_editable_id",
        "severity": "warning",
        "message": "<div class=\"caption-page\" data-start=\"258.090000\"> has no id, so Studio cannot use a stable edit target for its timeline and canvas controls.",
        "selector": "[data-composition-id]",
        "dataAttributes": {},
        "sourceFile": "C:\\vox-style-xe-giay-v1-hyperframes\\hyperframes\\videos\\ban-an-935-2024-tphcm\\compositions\\caption-track.html",
        "bbox": {
          "x": 0,
          "y": 0,
          "width": 0,
          "height": 0
        },
        "time": 0,
        "fixHint": "Add a stable, human-readable id such as id=\"hero-title\" or id=\"scene-1-card\" to every timeline-visible element you want agents or Studio to edit."
      },
      {
        "code": "studio_missing_editable_id",
        "severity": "warning",
        "message": "<div class=\"caption-page\" data-start=\"258.130000\"> has no id, so Studio cannot use a stable edit target for its timeline and canvas controls.",
        "selector": "[data-composition-id]",
        "dataAttributes": {},
        "sourceFile": "C:\\vox-style-xe-giay-v1-hyperframes\\hyperframes\\videos\\ban-an-935-2024-tphcm\\compositions\\caption-track.html",
        "bbox": {
          "x": 0,
          "y": 0,
          "width": 0,
          "height": 0
        },
        "time": 0,
        "fixHint": "Add a stable, human-readable id such as id=\"hero-title\" or id=\"scene-1-card\" to every timeline-visible element you want agents or Studio to edit."
      },
      {
        "code": "studio_missing_editable_id",
        "severity": "warning",
        "message": "<div class=\"caption-page\" data-start=\"258.140000\"> has no id, so Studio cannot use a stable edit target for its timeline and canvas controls.",
        "selector": "[data-composition-id]",
        "dataAttributes": {},
        "sourceFile": "C:\\vox-style-xe-giay-v1-hyperframes\\hyperframes\\videos\\ban-an-935-2024-tphcm\\compositions\\caption-track.html",
        "bbox": {
          "x": 0,
          "y": 0,
          "width": 0,
          "height": 0
        },
        "time": 0,
        "fixHint": "Add a stable, human-readable id such as id=\"hero-title\" or id=\"scene-1-card\" to every timeline-visible element you want agents or Studio to edit."
      },
      {
        "code": "studio_missing_editable_id",
        "severity": "warning",
        "message": "<div class=\"caption-page\" data-start=\"258.160000\"> has no id, so Studio cannot use a stable edit target for its timeline and canvas controls.",
        "selector": "[data-composition-id]",
        "dataAttributes": {},
        "sourceFile": "C:\\vox-style-xe-giay-v1-hyperframes\\hyperframes\\videos\\ban-an-935-2024-tphcm\\compositions\\caption-track.html",
        "bbox": {
          "x": 0,
          "y": 0,
          "width": 0,
          "height": 0
        },
        "time": 0,
        "fixHint": "Add a stable, human-readable id such as id=\"hero-title\" or id=\"scene-1-card\" to every timeline-visible element you want agents or Studio to edit."
      },
      {
        "code": "studio_missing_editable_id",
        "severity": "warning",
        "message": "<div class=\"caption-page\" data-start=\"258.200000\"> has no id, so Studio cannot use a stable edit target for its timeline and canvas controls.",
        "selector": "[data-composition-id]",
        "dataAttributes": {},
        "sourceFile": "C:\\vox-style-xe-giay-v1-hyperframes\\hyperframes\\videos\\ban-an-935-2024-tphcm\\compositions\\caption-track.html",
        "bbox": {
          "x": 0,
          "y": 0,
          "width": 0,
          "height": 0
        },
        "time": 0,
        "fixHint": "Add a stable, human-readable id such as id=\"hero-title\" or id=\"scene-1-card\" to every timeline-visible element you want agents or Studio to edit."
      },
      {
        "code": "studio_missing_editable_id",
        "severity": "warning",
        "message": "<div class=\"caption-page\" data-start=\"258.220000\"> has no id, so Studio cannot use a stable edit target for its timeline and canvas controls.",
        "selector": "[data-composition-id]",
        "dataAttributes": {},
        "sourceFile": "C:\\vox-style-xe-giay-v1-hyperframes\\hyperframes\\videos\\ban-an-935-2024-tphcm\\compositions\\caption-track.html",
        "bbox": {
          "x": 0,
          "y": 0,
          "width": 0,
          "height": 0
        },
        "time": 0,
        "fixHint": "Add a stable, human-readable id such as id=\"hero-title\" or id=\"scene-1-card\" to every timeline-visible element you want agents or Studio to edit."
      },
      {
        "code": "studio_missing_editable_id",
        "severity": "warning",
        "message": "<div class=\"caption-page\" data-start=\"258.240000\"> has no id, so Studio cannot use a stable edit target for its timeline and canvas controls.",
        "selector": "[data-composition-id]",
        "dataAttributes": {},
        "sourceFile": "C:\\vox-style-xe-giay-v1-hyperframes\\hyperframes\\videos\\ban-an-935-2024-tphcm\\compositions\\caption-track.html",
        "bbox": {
          "x": 0,
          "y": 0,
          "width": 0,
          "height": 0
        },
        "time": 0,
        "fixHint": "Add a stable, human-readable id such as id=\"hero-title\" or id=\"scene-1-card\" to every timeline-visible element you want agents or Studio to edit."
      },
      {
        "code": "studio_missing_editable_id",
        "severity": "warning",
        "message": "<div class=\"caption-page\" data-start=\"258.280000\"> has no id, so Studio cannot use a stable edit target for its timeline and canvas controls.",
        "selector": "[data-composition-id]",
        "dataAttributes": {},
        "sourceFile": "C:\\vox-style-xe-giay-v1-hyperframes\\hyperframes\\videos\\ban-an-935-2024-tphcm\\compositions\\caption-track.html",
        "bbox": {
          "x": 0,
          "y": 0,
          "width": 0,
          "height": 0
        },
        "time": 0,
        "fixHint": "Add a stable, human-readable id such as id=\"hero-title\" or id=\"scene-1-card\" to every timeline-visible element you want agents or Studio to edit."
      },
      {
        "code": "studio_missing_editable_id",
        "severity": "warning",
        "message": "<div class=\"caption-page\" data-start=\"258.330000\"> has no id, so Studio cannot use a stable edit target for its timeline and canvas controls.",
        "selector": "[data-composition-id]",
        "dataAttributes": {},
        "sourceFile": "C:\\vox-style-xe-giay-v1-hyperframes\\hyperframes\\videos\\ban-an-935-2024-tphcm\\compositions\\caption-track.html",
        "bbox": {
          "x": 0,
          "y": 0,
          "width": 0,
          "height": 0
        },
        "time": 0,
        "fixHint": "Add a stable, human-readable id such as id=\"hero-title\" or id=\"scene-1-card\" to every timeline-visible element you want agents or Studio to edit."
      },
      {
        "code": "studio_missing_editable_id",
        "severity": "warning",
        "message": "<div class=\"caption-page\" data-start=\"258.370000\"> has no id, so Studio cannot use a stable edit target for its timeline and canvas controls.",
        "selector": "[data-composition-id]",
        "dataAttributes": {},
        "sourceFile": "C:\\vox-style-xe-giay-v1-hyperframes\\hyperframes\\videos\\ban-an-935-2024-tphcm\\compositions\\caption-track.html",
        "bbox": {
          "x": 0,
          "y": 0,
          "width": 0,
          "height": 0
        },
        "time": 0,
        "fixHint": "Add a stable, human-readable id such as id=\"hero-title\" or id=\"scene-1-card\" to every timeline-visible element you want agents or Studio to edit."
      },
      {
        "code": "studio_missing_editable_id",
        "severity": "warning",
        "message": "<div class=\"caption-page\" data-start=\"259.040000\"> has no id, so Studio cannot use a stable edit target for its timeline and canvas controls.",
        "selector": "[data-composition-id]",
        "dataAttributes": {},
        "sourceFile": "C:\\vox-style-xe-giay-v1-hyperframes\\hyperframes\\videos\\ban-an-935-2024-tphcm\\compositions\\caption-track.html",
        "bbox": {
          "x": 0,
          "y": 0,
          "width": 0,
          "height": 0
        },
        "time": 0,
        "fixHint": "Add a stable, human-readable id such as id=\"hero-title\" or id=\"scene-1-card\" to every timeline-visible element you want agents or Studio to edit."
      },
      {
        "code": "studio_missing_editable_id",
        "severity": "warning",
        "message": "<div class=\"caption-page\" data-start=\"260.050000\"> has no id, so Studio cannot use a stable edit target for its timeline and canvas controls.",
        "selector": "[data-composition-id]",
        "dataAttributes": {},
        "sourceFile": "C:\\vox-style-xe-giay-v1-hyperframes\\hyperframes\\videos\\ban-an-935-2024-tphcm\\compositions\\caption-track.html",
        "bbox": {
          "x": 0,
          "y": 0,
          "width": 0,
          "height": 0
        },
        "time": 0,
        "fixHint": "Add a stable, human-readable id such as id=\"hero-title\" or id=\"scene-1-card\" to every timeline-visible element you want agents or Studio to edit."
      },
      {
        "code": "studio_missing_editable_id",
        "severity": "warning",
        "message": "<div class=\"caption-page\" data-start=\"260.760000\"> has no id, so Studio cannot use a stable edit target for its timeline and canvas controls.",
        "selector": "[data-composition-id]",
        "dataAttributes": {},
        "sourceFile": "C:\\vox-style-xe-giay-v1-hyperframes\\hyperframes\\videos\\ban-an-935-2024-tphcm\\compositions\\caption-track.html",
        "bbox": {
          "x": 0,
          "y": 0,
          "width": 0,
          "height": 0
        },
        "time": 0,
        "fixHint": "Add a stable, human-readable id such as id=\"hero-title\" or id=\"scene-1-card\" to every timeline-visible element you want agents or Studio to edit."
      },
      {
        "code": "studio_missing_editable_id",
        "severity": "warning",
        "message": "<div class=\"caption-page\" data-start=\"261.690000\"> has no id, so Studio cannot use a stable edit target for its timeline and canvas controls.",
        "selector": "[data-composition-id]",
        "dataAttributes": {},
        "sourceFile": "C:\\vox-style-xe-giay-v1-hyperframes\\hyperframes\\videos\\ban-an-935-2024-tphcm\\compositions\\caption-track.html",
        "bbox": {
          "x": 0,
          "y": 0,
          "width": 0,
          "height": 0
        },
        "time": 0,
        "fixHint": "Add a stable, human-readable id such as id=\"hero-title\" or id=\"scene-1-card\" to every timeline-visible element you want agents or Studio to edit."
      },
      {
        "code": "studio_missing_editable_id",
        "severity": "warning",
        "message": "<div class=\"caption-page\" data-start=\"262.890000\"> has no id, so Studio cannot use a stable edit target for its timeline and canvas controls.",
        "selector": "[data-composition-id]",
        "dataAttributes": {},
        "sourceFile": "C:\\vox-style-xe-giay-v1-hyperframes\\hyperframes\\videos\\ban-an-935-2024-tphcm\\compositions\\caption-track.html",
        "bbox": {
          "x": 0,
          "y": 0,
          "width": 0,
          "height": 0
        },
        "time": 0,
        "fixHint": "Add a stable, human-readable id such as id=\"hero-title\" or id=\"scene-1-card\" to every timeline-visible element you want agents or Studio to edit."
      },
      {
        "code": "studio_missing_editable_id",
        "severity": "warning",
        "message": "<div class=\"caption-page\" data-start=\"262.980000\"> has no id, so Studio cannot use a stable edit target for its timeline and canvas controls.",
        "selector": "[data-composition-id]",
        "dataAttributes": {},
        "sourceFile": "C:\\vox-style-xe-giay-v1-hyperframes\\hyperframes\\videos\\ban-an-935-2024-tphcm\\compositions\\caption-track.html",
        "bbox": {
          "x": 0,
          "y": 0,
          "width": 0,
          "height": 0
        },
        "time": 0,
        "fixHint": "Add a stable, human-readable id such as id=\"hero-title\" or id=\"scene-1-card\" to every timeline-visible element you want agents or Studio to edit."
      },
      {
        "code": "studio_missing_editable_id",
        "severity": "warning",
        "message": "<div class=\"caption-page\" data-start=\"264.180000\"> has no id, so Studio cannot use a stable edit target for its timeline and canvas controls.",
        "selector": "[data-composition-id]",
        "dataAttributes": {},
        "sourceFile": "C:\\vox-style-xe-giay-v1-hyperframes\\hyperframes\\videos\\ban-an-935-2024-tphcm\\compositions\\caption-track.html",
        "bbox": {
          "x": 0,
          "y": 0,
          "width": 0,
          "height": 0
        },
        "time": 0,
        "fixHint": "Add a stable, human-readable id such as id=\"hero-title\" or id=\"scene-1-card\" to every timeline-visible element you want agents or Studio to edit."
      },
      {
        "code": "studio_missing_editable_id",
        "severity": "warning",
        "message": "<div class=\"caption-page\" data-start=\"265.070000\"> has no id, so Studio cannot use a stable edit target for its timeline and canvas controls.",
        "selector": "[data-composition-id]",
        "dataAttributes": {},
        "sourceFile": "C:\\vox-style-xe-giay-v1-hyperframes\\hyperframes\\videos\\ban-an-935-2024-tphcm\\compositions\\caption-track.html",
        "bbox": {
          "x": 0,
          "y": 0,
          "width": 0,
          "height": 0
        },
        "time": 0,
        "fixHint": "Add a stable, human-readable id such as id=\"hero-title\" or id=\"scene-1-card\" to every timeline-visible element you want agents or Studio to edit."
      },
      {
        "code": "studio_missing_editable_id",
        "severity": "warning",
        "message": "<div class=\"caption-page\" data-start=\"265.740000\"> has no id, so Studio cannot use a stable edit target for its timeline and canvas controls.",
        "selector": "[data-composition-id]",
        "dataAttributes": {},
        "sourceFile": "C:\\vox-style-xe-giay-v1-hyperframes\\hyperframes\\videos\\ban-an-935-2024-tphcm\\compositions\\caption-track.html",
        "bbox": {
          "x": 0,
          "y": 0,
          "width": 0,
          "height": 0
        },
        "time": 0,
        "fixHint": "Add a stable, human-readable id such as id=\"hero-title\" or id=\"scene-1-card\" to every timeline-visible element you want agents or Studio to edit."
      },
      {
        "code": "studio_missing_editable_id",
        "severity": "warning",
        "message": "<div class=\"caption-page\" data-start=\"266.310000\"> has no id, so Studio cannot use a stable edit target for its timeline and canvas controls.",
        "selector": "[data-composition-id]",
        "dataAttributes": {},
        "sourceFile": "C:\\vox-style-xe-giay-v1-hyperframes\\hyperframes\\videos\\ban-an-935-2024-tphcm\\compositions\\caption-track.html",
        "bbox": {
          "x": 0,
          "y": 0,
          "width": 0,
          "height": 0
        },
        "time": 0,
        "fixHint": "Add a stable, human-readable id such as id=\"hero-title\" or id=\"scene-1-card\" to every timeline-visible element you want agents or Studio to edit."
      },
      {
        "code": "studio_missing_editable_id",
        "severity": "warning",
        "message": "<div class=\"caption-page\" data-start=\"267.290000\"> has no id, so Studio cannot use a stable edit target for its timeline and canvas controls.",
        "selector": "[data-composition-id]",
        "dataAttributes": {},
        "sourceFile": "C:\\vox-style-xe-giay-v1-hyperframes\\hyperframes\\videos\\ban-an-935-2024-tphcm\\compositions\\caption-track.html",
        "bbox": {
          "x": 0,
          "y": 0,
          "width": 0,
          "height": 0
        },
        "time": 0,
        "fixHint": "Add a stable, human-readable id such as id=\"hero-title\" or id=\"scene-1-card\" to every timeline-visible element you want agents or Studio to edit."
      },
      {
        "code": "studio_missing_editable_id",
        "severity": "warning",
        "message": "<div class=\"caption-page\" data-start=\"268.000000\"> has no id, so Studio cannot use a stable edit target for its timeline and canvas controls.",
        "selector": "[data-composition-id]",
        "dataAttributes": {},
        "sourceFile": "C:\\vox-style-xe-giay-v1-hyperframes\\hyperframes\\videos\\ban-an-935-2024-tphcm\\compositions\\caption-track.html",
        "bbox": {
          "x": 0,
          "y": 0,
          "width": 0,
          "height": 0
        },
        "time": 0,
        "fixHint": "Add a stable, human-readable id such as id=\"hero-title\" or id=\"scene-1-card\" to every timeline-visible element you want agents or Studio to edit."
      },
      {
        "code": "studio_missing_editable_id",
        "severity": "warning",
        "message": "<div class=\"caption-page\" data-start=\"268.660000\"> has no id, so Studio cannot use a stable edit target for its timeline and canvas controls.",
        "selector": "[data-composition-id]",
        "dataAttributes": {},
        "sourceFile": "C:\\vox-style-xe-giay-v1-hyperframes\\hyperframes\\videos\\ban-an-935-2024-tphcm\\compositions\\caption-track.html",
        "bbox": {
          "x": 0,
          "y": 0,
          "width": 0,
          "height": 0
        },
        "time": 0,
        "fixHint": "Add a stable, human-readable id such as id=\"hero-title\" or id=\"scene-1-card\" to every timeline-visible element you want agents or Studio to edit."
      },
      {
        "code": "studio_missing_editable_id",
        "severity": "warning",
        "message": "<div class=\"caption-page\" data-start=\"269.450000\"> has no id, so Studio cannot use a stable edit target for its timeline and canvas controls.",
        "selector": "[data-composition-id]",
        "dataAttributes": {},
        "sourceFile": "C:\\vox-style-xe-giay-v1-hyperframes\\hyperframes\\videos\\ban-an-935-2024-tphcm\\compositions\\caption-track.html",
        "bbox": {
          "x": 0,
          "y": 0,
          "width": 0,
          "height": 0
        },
        "time": 0,
        "fixHint": "Add a stable, human-readable id such as id=\"hero-title\" or id=\"scene-1-card\" to every timeline-visible element you want agents or Studio to edit."
      },
      {
        "code": "studio_missing_editable_id",
        "severity": "warning",
        "message": "<div class=\"caption-page\" data-start=\"270.110000\"> has no id, so Studio cannot use a stable edit target for its timeline and canvas controls.",
        "selector": "[data-composition-id]",
        "dataAttributes": {},
        "sourceFile": "C:\\vox-style-xe-giay-v1-hyperframes\\hyperframes\\videos\\ban-an-935-2024-tphcm\\compositions\\caption-track.html",
        "bbox": {
          "x": 0,
          "y": 0,
          "width": 0,
          "height": 0
        },
        "time": 0,
        "fixHint": "Add a stable, human-readable id such as id=\"hero-title\" or id=\"scene-1-card\" to every timeline-visible element you want agents or Studio to edit."
      },
      {
        "code": "studio_missing_editable_id",
        "severity": "warning",
        "message": "<div class=\"caption-page\" data-start=\"270.900000\"> has no id, so Studio cannot use a stable edit target for its timeline and canvas controls.",
        "selector": "[data-composition-id]",
        "dataAttributes": {},
        "sourceFile": "C:\\vox-style-xe-giay-v1-hyperframes\\hyperframes\\videos\\ban-an-935-2024-tphcm\\compositions\\caption-track.html",
        "bbox": {
          "x": 0,
          "y": 0,
          "width": 0,
          "height": 0
        },
        "time": 0,
        "fixHint": "Add a stable, human-readable id such as id=\"hero-title\" or id=\"scene-1-card\" to every timeline-visible element you want agents or Studio to edit."
      },
      {
        "code": "studio_missing_editable_id",
        "severity": "warning",
        "message": "<div class=\"caption-page\" data-start=\"271.970000\"> has no id, so Studio cannot use a stable edit target for its timeline and canvas controls.",
        "selector": "[data-composition-id]",
        "dataAttributes": {},
        "sourceFile": "C:\\vox-style-xe-giay-v1-hyperframes\\hyperframes\\videos\\ban-an-935-2024-tphcm\\compositions\\caption-track.html",
        "bbox": {
          "x": 0,
          "y": 0,
          "width": 0,
          "height": 0
        },
        "time": 0,
        "fixHint": "Add a stable, human-readable id such as id=\"hero-title\" or id=\"scene-1-card\" to every timeline-visible element you want agents or Studio to edit."
      },
      {
        "code": "studio_missing_editable_id",
        "severity": "warning",
        "message": "<div class=\"caption-page\" data-start=\"272.600000\"> has no id, so Studio cannot use a stable edit target for its timeline and canvas controls.",
        "selector": "[data-composition-id]",
        "dataAttributes": {},
        "sourceFile": "C:\\vox-style-xe-giay-v1-hyperframes\\hyperframes\\videos\\ban-an-935-2024-tphcm\\compositions\\caption-track.html",
        "bbox": {
          "x": 0,
          "y": 0,
          "width": 0,
          "height": 0
        },
        "time": 0,
        "fixHint": "Add a stable, human-readable id such as id=\"hero-title\" or id=\"scene-1-card\" to every timeline-visible element you want agents or Studio to edit."
      },
      {
        "code": "studio_missing_editable_id",
        "severity": "warning",
        "message": "<div class=\"caption-page\" data-start=\"273.550000\"> has no id, so Studio cannot use a stable edit target for its timeline and canvas controls.",
        "selector": "[data-composition-id]",
        "dataAttributes": {},
        "sourceFile": "C:\\vox-style-xe-giay-v1-hyperframes\\hyperframes\\videos\\ban-an-935-2024-tphcm\\compositions\\caption-track.html",
        "bbox": {
          "x": 0,
          "y": 0,
          "width": 0,
          "height": 0
        },
        "time": 0,
        "fixHint": "Add a stable, human-readable id such as id=\"hero-title\" or id=\"scene-1-card\" to every timeline-visible element you want agents or Studio to edit."
      },
      {
        "code": "studio_missing_editable_id",
        "severity": "warning",
        "message": "<div class=\"caption-page\" data-start=\"274.050000\"> has no id, so Studio cannot use a stable edit target for its timeline and canvas controls.",
        "selector": "[data-composition-id]",
        "dataAttributes": {},
        "sourceFile": "C:\\vox-style-xe-giay-v1-hyperframes\\hyperframes\\videos\\ban-an-935-2024-tphcm\\compositions\\caption-track.html",
        "bbox": {
          "x": 0,
          "y": 0,
          "width": 0,
          "height": 0
        },
        "time": 0,
        "fixHint": "Add a stable, human-readable id such as id=\"hero-title\" or id=\"scene-1-card\" to every timeline-visible element you want agents or Studio to edit."
      },
      {
        "code": "studio_missing_editable_id",
        "severity": "warning",
        "message": "<div class=\"caption-page\" data-start=\"275.250000\"> has no id, so Studio cannot use a stable edit target for its timeline and canvas controls.",
        "selector": "[data-composition-id]",
        "dataAttributes": {},
        "sourceFile": "C:\\vox-style-xe-giay-v1-hyperframes\\hyperframes\\videos\\ban-an-935-2024-tphcm\\compositions\\caption-track.html",
        "bbox": {
          "x": 0,
          "y": 0,
          "width": 0,
          "height": 0
        },
        "time": 0,
        "fixHint": "Add a stable, human-readable id such as id=\"hero-title\" or id=\"scene-1-card\" to every timeline-visible element you want agents or Studio to edit."
      },
      {
        "code": "studio_missing_editable_id",
        "severity": "warning",
        "message": "<div class=\"caption-page\" data-start=\"276.450000\"> has no id, so Studio cannot use a stable edit target for its timeline and canvas controls.",
        "selector": "[data-composition-id]",
        "dataAttributes": {},
        "sourceFile": "C:\\vox-style-xe-giay-v1-hyperframes\\hyperframes\\videos\\ban-an-935-2024-tphcm\\compositions\\caption-track.html",
        "bbox": {
          "x": 0,
          "y": 0,
          "width": 0,
          "height": 0
        },
        "time": 0,
        "fixHint": "Add a stable, human-readable id such as id=\"hero-title\" or id=\"scene-1-card\" to every timeline-visible element you want agents or Studio to edit."
      },
      {
        "code": "studio_missing_editable_id",
        "severity": "warning",
        "message": "<div class=\"caption-page\" data-start=\"277.180000\"> has no id, so Studio cannot use a stable edit target for its timeline and canvas controls.",
        "selector": "[data-composition-id]",
        "dataAttributes": {},
        "sourceFile": "C:\\vox-style-xe-giay-v1-hyperframes\\hyperframes\\videos\\ban-an-935-2024-tphcm\\compositions\\caption-track.html",
        "bbox": {
          "x": 0,
          "y": 0,
          "width": 0,
          "height": 0
        },
        "time": 0,
        "fixHint": "Add a stable, human-readable id such as id=\"hero-title\" or id=\"scene-1-card\" to every timeline-visible element you want agents or Studio to edit."
      },
      {
        "code": "studio_missing_editable_id",
        "severity": "warning",
        "message": "<div class=\"caption-page\" data-start=\"278.170000\"> has no id, so Studio cannot use a stable edit target for its timeline and canvas controls.",
        "selector": "[data-composition-id]",
        "dataAttributes": {},
        "sourceFile": "C:\\vox-style-xe-giay-v1-hyperframes\\hyperframes\\videos\\ban-an-935-2024-tphcm\\compositions\\caption-track.html",
        "bbox": {
          "x": 0,
          "y": 0,
          "width": 0,
          "height": 0
        },
        "time": 0,
        "fixHint": "Add a stable, human-readable id such as id=\"hero-title\" or id=\"scene-1-card\" to every timeline-visible element you want agents or Studio to edit."
      },
      {
        "code": "studio_missing_editable_id",
        "severity": "warning",
        "message": "<div class=\"caption-page\" data-start=\"278.500000\"> has no id, so Studio cannot use a stable edit target for its timeline and canvas controls.",
        "selector": "[data-composition-id]",
        "dataAttributes": {},
        "sourceFile": "C:\\vox-style-xe-giay-v1-hyperframes\\hyperframes\\videos\\ban-an-935-2024-tphcm\\compositions\\caption-track.html",
        "bbox": {
          "x": 0,
          "y": 0,
          "width": 0,
          "height": 0
        },
        "time": 0,
        "fixHint": "Add a stable, human-readable id such as id=\"hero-title\" or id=\"scene-1-card\" to every timeline-visible element you want agents or Studio to edit."
      },
      {
        "code": "studio_missing_editable_id",
        "severity": "warning",
        "message": "<div class=\"caption-page\" data-start=\"279.490000\"> has no id, so Studio cannot use a stable edit target for its timeline and canvas controls.",
        "selector": "[data-composition-id]",
        "dataAttributes": {},
        "sourceFile": "C:\\vox-style-xe-giay-v1-hyperframes\\hyperframes\\videos\\ban-an-935-2024-tphcm\\compositions\\caption-track.html",
        "bbox": {
          "x": 0,
          "y": 0,
          "width": 0,
          "height": 0
        },
        "time": 0,
        "fixHint": "Add a stable, human-readable id such as id=\"hero-title\" or id=\"scene-1-card\" to every timeline-visible element you want agents or Studio to edit."
      },
      {
        "code": "studio_missing_editable_id",
        "severity": "warning",
        "message": "<div class=\"caption-page\" data-start=\"280.630000\"> has no id, so Studio cannot use a stable edit target for its timeline and canvas controls.",
        "selector": "[data-composition-id]",
        "dataAttributes": {},
        "sourceFile": "C:\\vox-style-xe-giay-v1-hyperframes\\hyperframes\\videos\\ban-an-935-2024-tphcm\\compositions\\caption-track.html",
        "bbox": {
          "x": 0,
          "y": 0,
          "width": 0,
          "height": 0
        },
        "time": 0,
        "fixHint": "Add a stable, human-readable id such as id=\"hero-title\" or id=\"scene-1-card\" to every timeline-visible element you want agents or Studio to edit."
      },
      {
        "code": "studio_missing_editable_id",
        "severity": "warning",
        "message": "<div class=\"caption-page\" data-start=\"281.620000\"> has no id, so Studio cannot use a stable edit target for its timeline and canvas controls.",
        "selector": "[data-composition-id]",
        "dataAttributes": {},
        "sourceFile": "C:\\vox-style-xe-giay-v1-hyperframes\\hyperframes\\videos\\ban-an-935-2024-tphcm\\compositions\\caption-track.html",
        "bbox": {
          "x": 0,
          "y": 0,
          "width": 0,
          "height": 0
        },
        "time": 0,
        "fixHint": "Add a stable, human-readable id such as id=\"hero-title\" or id=\"scene-1-card\" to every timeline-visible element you want agents or Studio to edit."
      },
      {
        "code": "studio_missing_editable_id",
        "severity": "warning",
        "message": "<div class=\"caption-page\" data-start=\"282.380000\"> has no id, so Studio cannot use a stable edit target for its timeline and canvas controls.",
        "selector": "[data-composition-id]",
        "dataAttributes": {},
        "sourceFile": "C:\\vox-style-xe-giay-v1-hyperframes\\hyperframes\\videos\\ban-an-935-2024-tphcm\\compositions\\caption-track.html",
        "bbox": {
          "x": 0,
          "y": 0,
          "width": 0,
          "height": 0
        },
        "time": 0,
        "fixHint": "Add a stable, human-readable id such as id=\"hero-title\" or id=\"scene-1-card\" to every timeline-visible element you want agents or Studio to edit."
      },
      {
        "code": "studio_missing_editable_id",
        "severity": "warning",
        "message": "<div class=\"caption-page\" data-start=\"283.040000\"> has no id, so Studio cannot use a stable edit target for its timeline and canvas controls.",
        "selector": "[data-composition-id]",
        "dataAttributes": {},
        "sourceFile": "C:\\vox-style-xe-giay-v1-hyperframes\\hyperframes\\videos\\ban-an-935-2024-tphcm\\compositions\\caption-track.html",
        "bbox": {
          "x": 0,
          "y": 0,
          "width": 0,
          "height": 0
        },
        "time": 0,
        "fixHint": "Add a stable, human-readable id such as id=\"hero-title\" or id=\"scene-1-card\" to every timeline-visible element you want agents or Studio to edit."
      },
      {
        "code": "studio_missing_editable_id",
        "severity": "warning",
        "message": "<div class=\"caption-page\" data-start=\"284.230000\"> has no id, so Studio cannot use a stable edit target for its timeline and canvas controls.",
        "selector": "[data-composition-id]",
        "dataAttributes": {},
        "sourceFile": "C:\\vox-style-xe-giay-v1-hyperframes\\hyperframes\\videos\\ban-an-935-2024-tphcm\\compositions\\caption-track.html",
        "bbox": {
          "x": 0,
          "y": 0,
          "width": 0,
          "height": 0
        },
        "time": 0,
        "fixHint": "Add a stable, human-readable id such as id=\"hero-title\" or id=\"scene-1-card\" to every timeline-visible element you want agents or Studio to edit."
      },
      {
        "code": "studio_missing_editable_id",
        "severity": "warning",
        "message": "<div class=\"caption-page\" data-start=\"285.390000\"> has no id, so Studio cannot use a stable edit target for its timeline and canvas controls.",
        "selector": "[data-composition-id]",
        "dataAttributes": {},
        "sourceFile": "C:\\vox-style-xe-giay-v1-hyperframes\\hyperframes\\videos\\ban-an-935-2024-tphcm\\compositions\\caption-track.html",
        "bbox": {
          "x": 0,
          "y": 0,
          "width": 0,
          "height": 0
        },
        "time": 0,
        "fixHint": "Add a stable, human-readable id such as id=\"hero-title\" or id=\"scene-1-card\" to every timeline-visible element you want agents or Studio to edit."
      },
      {
        "code": "studio_missing_editable_id",
        "severity": "warning",
        "message": "<div class=\"caption-page\" data-start=\"286.600000\"> has no id, so Studio cannot use a stable edit target for its timeline and canvas controls.",
        "selector": "[data-composition-id]",
        "dataAttributes": {},
        "sourceFile": "C:\\vox-style-xe-giay-v1-hyperframes\\hyperframes\\videos\\ban-an-935-2024-tphcm\\compositions\\caption-track.html",
        "bbox": {
          "x": 0,
          "y": 0,
          "width": 0,
          "height": 0
        },
        "time": 0,
        "fixHint": "Add a stable, human-readable id such as id=\"hero-title\" or id=\"scene-1-card\" to every timeline-visible element you want agents or Studio to edit."
      },
      {
        "code": "studio_missing_editable_id",
        "severity": "warning",
        "message": "<div class=\"caption-page\" data-start=\"287.490000\"> has no id, so Studio cannot use a stable edit target for its timeline and canvas controls.",
        "selector": "[data-composition-id]",
        "dataAttributes": {},
        "sourceFile": "C:\\vox-style-xe-giay-v1-hyperframes\\hyperframes\\videos\\ban-an-935-2024-tphcm\\compositions\\caption-track.html",
        "bbox": {
          "x": 0,
          "y": 0,
          "width": 0,
          "height": 0
        },
        "time": 0,
        "fixHint": "Add a stable, human-readable id such as id=\"hero-title\" or id=\"scene-1-card\" to every timeline-visible element you want agents or Studio to edit."
      },
      {
        "code": "studio_missing_editable_id",
        "severity": "warning",
        "message": "<div class=\"caption-page\" data-start=\"288.400000\"> has no id, so Studio cannot use a stable edit target for its timeline and canvas controls.",
        "selector": "[data-composition-id]",
        "dataAttributes": {},
        "sourceFile": "C:\\vox-style-xe-giay-v1-hyperframes\\hyperframes\\videos\\ban-an-935-2024-tphcm\\compositions\\caption-track.html",
        "bbox": {
          "x": 0,
          "y": 0,
          "width": 0,
          "height": 0
        },
        "time": 0,
        "fixHint": "Add a stable, human-readable id such as id=\"hero-title\" or id=\"scene-1-card\" to every timeline-visible element you want agents or Studio to edit."
      },
      {
        "code": "studio_missing_editable_id",
        "severity": "warning",
        "message": "<div class=\"caption-page\" data-start=\"289.250000\"> has no id, so Studio cannot use a stable edit target for its timeline and canvas controls.",
        "selector": "[data-composition-id]",
        "dataAttributes": {},
        "sourceFile": "C:\\vox-style-xe-giay-v1-hyperframes\\hyperframes\\videos\\ban-an-935-2024-tphcm\\compositions\\caption-track.html",
        "bbox": {
          "x": 0,
          "y": 0,
          "width": 0,
          "height": 0
        },
        "time": 0,
        "fixHint": "Add a stable, human-readable id such as id=\"hero-title\" or id=\"scene-1-card\" to every timeline-visible element you want agents or Studio to edit."
      },
      {
        "code": "studio_missing_editable_id",
        "severity": "warning",
        "message": "<div class=\"caption-page\" data-start=\"291.100000\"> has no id, so Studio cannot use a stable edit target for its timeline and canvas controls.",
        "selector": "[data-composition-id]",
        "dataAttributes": {},
        "sourceFile": "C:\\vox-style-xe-giay-v1-hyperframes\\hyperframes\\videos\\ban-an-935-2024-tphcm\\compositions\\caption-track.html",
        "bbox": {
          "x": 0,
          "y": 0,
          "width": 0,
          "height": 0
        },
        "time": 0,
        "fixHint": "Add a stable, human-readable id such as id=\"hero-title\" or id=\"scene-1-card\" to every timeline-visible element you want agents or Studio to edit."
      },
      {
        "code": "studio_missing_editable_id",
        "severity": "warning",
        "message": "<div class=\"caption-page\" data-start=\"292.050000\"> has no id, so Studio cannot use a stable edit target for its timeline and canvas controls.",
        "selector": "[data-composition-id]",
        "dataAttributes": {},
        "sourceFile": "C:\\vox-style-xe-giay-v1-hyperframes\\hyperframes\\videos\\ban-an-935-2024-tphcm\\compositions\\caption-track.html",
        "bbox": {
          "x": 0,
          "y": 0,
          "width": 0,
          "height": 0
        },
        "time": 0,
        "fixHint": "Add a stable, human-readable id such as id=\"hero-title\" or id=\"scene-1-card\" to every timeline-visible element you want agents or Studio to edit."
      },
      {
        "code": "studio_missing_editable_id",
        "severity": "warning",
        "message": "<div class=\"caption-page\" data-start=\"292.900000\"> has no id, so Studio cannot use a stable edit target for its timeline and canvas controls.",
        "selector": "[data-composition-id]",
        "dataAttributes": {},
        "sourceFile": "C:\\vox-style-xe-giay-v1-hyperframes\\hyperframes\\videos\\ban-an-935-2024-tphcm\\compositions\\caption-track.html",
        "bbox": {
          "x": 0,
          "y": 0,
          "width": 0,
          "height": 0
        },
        "time": 0,
        "fixHint": "Add a stable, human-readable id such as id=\"hero-title\" or id=\"scene-1-card\" to every timeline-visible element you want agents or Studio to edit."
      },
      {
        "code": "studio_missing_editable_id",
        "severity": "warning",
        "message": "<div class=\"caption-page\" data-start=\"294.050000\"> has no id, so Studio cannot use a stable edit target for its timeline and canvas controls.",
        "selector": "[data-composition-id]",
        "dataAttributes": {},
        "sourceFile": "C:\\vox-style-xe-giay-v1-hyperframes\\hyperframes\\videos\\ban-an-935-2024-tphcm\\compositions\\caption-track.html",
        "bbox": {
          "x": 0,
          "y": 0,
          "width": 0,
          "height": 0
        },
        "time": 0,
        "fixHint": "Add a stable, human-readable id such as id=\"hero-title\" or id=\"scene-1-card\" to every timeline-visible element you want agents or Studio to edit."
      },
      {
        "code": "studio_missing_editable_id",
        "severity": "warning",
        "message": "<div class=\"caption-page\" data-start=\"294.950000\"> has no id, so Studio cannot use a stable edit target for its timeline and canvas controls.",
        "selector": "[data-composition-id]",
        "dataAttributes": {},
        "sourceFile": "C:\\vox-style-xe-giay-v1-hyperframes\\hyperframes\\videos\\ban-an-935-2024-tphcm\\compositions\\caption-track.html",
        "bbox": {
          "x": 0,
          "y": 0,
          "width": 0,
          "height": 0
        },
        "time": 0,
        "fixHint": "Add a stable, human-readable id such as id=\"hero-title\" or id=\"scene-1-card\" to every timeline-visible element you want agents or Studio to edit."
      },
      {
        "code": "studio_missing_editable_id",
        "severity": "warning",
        "message": "<div class=\"caption-page\" data-start=\"295.750000\"> has no id, so Studio cannot use a stable edit target for its timeline and canvas controls.",
        "selector": "[data-composition-id]",
        "dataAttributes": {},
        "sourceFile": "C:\\vox-style-xe-giay-v1-hyperframes\\hyperframes\\videos\\ban-an-935-2024-tphcm\\compositions\\caption-track.html",
        "bbox": {
          "x": 0,
          "y": 0,
          "width": 0,
          "height": 0
        },
        "time": 0,
        "fixHint": "Add a stable, human-readable id such as id=\"hero-title\" or id=\"scene-1-card\" to every timeline-visible element you want agents or Studio to edit."
      },
      {
        "code": "studio_missing_editable_id",
        "severity": "warning",
        "message": "<div class=\"caption-page\" data-start=\"296.600000\"> has no id, so Studio cannot use a stable edit target for its timeline and canvas controls.",
        "selector": "[data-composition-id]",
        "dataAttributes": {},
        "sourceFile": "C:\\vox-style-xe-giay-v1-hyperframes\\hyperframes\\videos\\ban-an-935-2024-tphcm\\compositions\\caption-track.html",
        "bbox": {
          "x": 0,
          "y": 0,
          "width": 0,
          "height": 0
        },
        "time": 0,
        "fixHint": "Add a stable, human-readable id such as id=\"hero-title\" or id=\"scene-1-card\" to every timeline-visible element you want agents or Studio to edit."
      },
      {
        "code": "studio_missing_editable_id",
        "severity": "warning",
        "message": "<div class=\"caption-page\" data-start=\"297.000000\"> has no id, so Studio cannot use a stable edit target for its timeline and canvas controls.",
        "selector": "[data-composition-id]",
        "dataAttributes": {},
        "sourceFile": "C:\\vox-style-xe-giay-v1-hyperframes\\hyperframes\\videos\\ban-an-935-2024-tphcm\\compositions\\caption-track.html",
        "bbox": {
          "x": 0,
          "y": 0,
          "width": 0,
          "height": 0
        },
        "time": 0,
        "fixHint": "Add a stable, human-readable id such as id=\"hero-title\" or id=\"scene-1-card\" to every timeline-visible element you want agents or Studio to edit."
      },
      {
        "code": "studio_missing_editable_id",
        "severity": "warning",
        "message": "<div class=\"caption-page\" data-start=\"298.150000\"> has no id, so Studio cannot use a stable edit target for its timeline and canvas controls.",
        "selector": "[data-composition-id]",
        "dataAttributes": {},
        "sourceFile": "C:\\vox-style-xe-giay-v1-hyperframes\\hyperframes\\videos\\ban-an-935-2024-tphcm\\compositions\\caption-track.html",
        "bbox": {
          "x": 0,
          "y": 0,
          "width": 0,
          "height": 0
        },
        "time": 0,
        "fixHint": "Add a stable, human-readable id such as id=\"hero-title\" or id=\"scene-1-card\" to every timeline-visible element you want agents or Studio to edit."
      },
      {
        "code": "studio_missing_editable_id",
        "severity": "warning",
        "message": "<div class=\"caption-page\" data-start=\"299.000000\"> has no id, so Studio cannot use a stable edit target for its timeline and canvas controls.",
        "selector": "[data-composition-id]",
        "dataAttributes": {},
        "sourceFile": "C:\\vox-style-xe-giay-v1-hyperframes\\hyperframes\\videos\\ban-an-935-2024-tphcm\\compositions\\caption-track.html",
        "bbox": {
          "x": 0,
          "y": 0,
          "width": 0,
          "height": 0
        },
        "time": 0,
        "fixHint": "Add a stable, human-readable id such as id=\"hero-title\" or id=\"scene-1-card\" to every timeline-visible element you want agents or Studio to edit."
      },
      {
        "code": "studio_missing_editable_id",
        "severity": "warning",
        "message": "<div class=\"caption-page\" data-start=\"300.050000\"> has no id, so Studio cannot use a stable edit target for its timeline and canvas controls.",
        "selector": "[data-composition-id]",
        "dataAttributes": {},
        "sourceFile": "C:\\vox-style-xe-giay-v1-hyperframes\\hyperframes\\videos\\ban-an-935-2024-tphcm\\compositions\\caption-track.html",
        "bbox": {
          "x": 0,
          "y": 0,
          "width": 0,
          "height": 0
        },
        "time": 0,
        "fixHint": "Add a stable, human-readable id such as id=\"hero-title\" or id=\"scene-1-card\" to every timeline-visible element you want agents or Studio to edit."
      },
      {
        "code": "studio_missing_editable_id",
        "severity": "warning",
        "message": "<div class=\"caption-page\" data-start=\"301.000000\"> has no id, so Studio cannot use a stable edit target for its timeline and canvas controls.",
        "selector": "[data-composition-id]",
        "dataAttributes": {},
        "sourceFile": "C:\\vox-style-xe-giay-v1-hyperframes\\hyperframes\\videos\\ban-an-935-2024-tphcm\\compositions\\caption-track.html",
        "bbox": {
          "x": 0,
          "y": 0,
          "width": 0,
          "height": 0
        },
        "time": 0,
        "fixHint": "Add a stable, human-readable id such as id=\"hero-title\" or id=\"scene-1-card\" to every timeline-visible element you want agents or Studio to edit."
      },
      {
        "code": "studio_missing_editable_id",
        "severity": "warning",
        "message": "<div class=\"caption-page\" data-start=\"302.150000\"> has no id, so Studio cannot use a stable edit target for its timeline and canvas controls.",
        "selector": "[data-composition-id]",
        "dataAttributes": {},
        "sourceFile": "C:\\vox-style-xe-giay-v1-hyperframes\\hyperframes\\videos\\ban-an-935-2024-tphcm\\compositions\\caption-track.html",
        "bbox": {
          "x": 0,
          "y": 0,
          "width": 0,
          "height": 0
        },
        "time": 0,
        "fixHint": "Add a stable, human-readable id such as id=\"hero-title\" or id=\"scene-1-card\" to every timeline-visible element you want agents or Studio to edit."
      },
      {
        "code": "studio_missing_editable_id",
        "severity": "warning",
        "message": "<div class=\"caption-page\" data-start=\"302.950000\"> has no id, so Studio cannot use a stable edit target for its timeline and canvas controls.",
        "selector": "[data-composition-id]",
        "dataAttributes": {},
        "sourceFile": "C:\\vox-style-xe-giay-v1-hyperframes\\hyperframes\\videos\\ban-an-935-2024-tphcm\\compositions\\caption-track.html",
        "bbox": {
          "x": 0,
          "y": 0,
          "width": 0,
          "height": 0
        },
        "time": 0,
        "fixHint": "Add a stable, human-readable id such as id=\"hero-title\" or id=\"scene-1-card\" to every timeline-visible element you want agents or Studio to edit."
      },
      {
        "code": "studio_missing_editable_id",
        "severity": "warning",
        "message": "<div class=\"caption-page\" data-start=\"303.950000\"> has no id, so Studio cannot use a stable edit target for its timeline and canvas controls.",
        "selector": "[data-composition-id]",
        "dataAttributes": {},
        "sourceFile": "C:\\vox-style-xe-giay-v1-hyperframes\\hyperframes\\videos\\ban-an-935-2024-tphcm\\compositions\\caption-track.html",
        "bbox": {
          "x": 0,
          "y": 0,
          "width": 0,
          "height": 0
        },
        "time": 0,
        "fixHint": "Add a stable, human-readable id such as id=\"hero-title\" or id=\"scene-1-card\" to every timeline-visible element you want agents or Studio to edit."
      },
      {
        "code": "studio_missing_editable_id",
        "severity": "warning",
        "message": "<div class=\"caption-page\" data-start=\"305.100000\"> has no id, so Studio cannot use a stable edit target for its timeline and canvas controls.",
        "selector": "[data-composition-id]",
        "dataAttributes": {},
        "sourceFile": "C:\\vox-style-xe-giay-v1-hyperframes\\hyperframes\\videos\\ban-an-935-2024-tphcm\\compositions\\caption-track.html",
        "bbox": {
          "x": 0,
          "y": 0,
          "width": 0,
          "height": 0
        },
        "time": 0,
        "fixHint": "Add a stable, human-readable id such as id=\"hero-title\" or id=\"scene-1-card\" to every timeline-visible element you want agents or Studio to edit."
      },
      {
        "code": "studio_missing_editable_id",
        "severity": "warning",
        "message": "<div class=\"caption-page\" data-start=\"306.050000\"> has no id, so Studio cannot use a stable edit target for its timeline and canvas controls.",
        "selector": "[data-composition-id]",
        "dataAttributes": {},
        "sourceFile": "C:\\vox-style-xe-giay-v1-hyperframes\\hyperframes\\videos\\ban-an-935-2024-tphcm\\compositions\\caption-track.html",
        "bbox": {
          "x": 0,
          "y": 0,
          "width": 0,
          "height": 0
        },
        "time": 0,
        "fixHint": "Add a stable, human-readable id such as id=\"hero-title\" or id=\"scene-1-card\" to every timeline-visible element you want agents or Studio to edit."
      },
      {
        "code": "studio_missing_editable_id",
        "severity": "warning",
        "message": "<div class=\"caption-page\" data-start=\"307.210000\"> has no id, so Studio cannot use a stable edit target for its timeline and canvas controls.",
        "selector": "[data-composition-id]",
        "dataAttributes": {},
        "sourceFile": "C:\\vox-style-xe-giay-v1-hyperframes\\hyperframes\\videos\\ban-an-935-2024-tphcm\\compositions\\caption-track.html",
        "bbox": {
          "x": 0,
          "y": 0,
          "width": 0,
          "height": 0
        },
        "time": 0,
        "fixHint": "Add a stable, human-readable id such as id=\"hero-title\" or id=\"scene-1-card\" to every timeline-visible element you want agents or Studio to edit."
      },
      {
        "code": "studio_missing_editable_id",
        "severity": "warning",
        "message": "<div class=\"caption-page\" data-start=\"308.360000\"> has no id, so Studio cannot use a stable edit target for its timeline and canvas controls.",
        "selector": "[data-composition-id]",
        "dataAttributes": {},
        "sourceFile": "C:\\vox-style-xe-giay-v1-hyperframes\\hyperframes\\videos\\ban-an-935-2024-tphcm\\compositions\\caption-track.html",
        "bbox": {
          "x": 0,
          "y": 0,
          "width": 0,
          "height": 0
        },
        "time": 0,
        "fixHint": "Add a stable, human-readable id such as id=\"hero-title\" or id=\"scene-1-card\" to every timeline-visible element you want agents or Studio to edit."
      },
      {
        "code": "studio_missing_editable_id",
        "severity": "warning",
        "message": "<div class=\"caption-page\" data-start=\"309.440000\"> has no id, so Studio cannot use a stable edit target for its timeline and canvas controls.",
        "selector": "[data-composition-id]",
        "dataAttributes": {},
        "sourceFile": "C:\\vox-style-xe-giay-v1-hyperframes\\hyperframes\\videos\\ban-an-935-2024-tphcm\\compositions\\caption-track.html",
        "bbox": {
          "x": 0,
          "y": 0,
          "width": 0,
          "height": 0
        },
        "time": 0,
        "fixHint": "Add a stable, human-readable id such as id=\"hero-title\" or id=\"scene-1-card\" to every timeline-visible element you want agents or Studio to edit."
      },
      {
        "code": "studio_missing_editable_id",
        "severity": "warning",
        "message": "<div class=\"caption-page\" data-start=\"310.390000\"> has no id, so Studio cannot use a stable edit target for its timeline and canvas controls.",
        "selector": "[data-composition-id]",
        "dataAttributes": {},
        "sourceFile": "C:\\vox-style-xe-giay-v1-hyperframes\\hyperframes\\videos\\ban-an-935-2024-tphcm\\compositions\\caption-track.html",
        "bbox": {
          "x": 0,
          "y": 0,
          "width": 0,
          "height": 0
        },
        "time": 0,
        "fixHint": "Add a stable, human-readable id such as id=\"hero-title\" or id=\"scene-1-card\" to every timeline-visible element you want agents or Studio to edit."
      },
      {
        "code": "studio_missing_editable_id",
        "severity": "warning",
        "message": "<div class=\"caption-page\" data-start=\"311.530000\"> has no id, so Studio cannot use a stable edit target for its timeline and canvas controls.",
        "selector": "[data-composition-id]",
        "dataAttributes": {},
        "sourceFile": "C:\\vox-style-xe-giay-v1-hyperframes\\hyperframes\\videos\\ban-an-935-2024-tphcm\\compositions\\caption-track.html",
        "bbox": {
          "x": 0,
          "y": 0,
          "width": 0,
          "height": 0
        },
        "time": 0,
        "fixHint": "Add a stable, human-readable id such as id=\"hero-title\" or id=\"scene-1-card\" to every timeline-visible element you want agents or Studio to edit."
      },
      {
        "code": "studio_missing_editable_id",
        "severity": "warning",
        "message": "<div class=\"caption-page\" data-start=\"312.750000\"> has no id, so Studio cannot use a stable edit target for its timeline and canvas controls.",
        "selector": "[data-composition-id]",
        "dataAttributes": {},
        "sourceFile": "C:\\vox-style-xe-giay-v1-hyperframes\\hyperframes\\videos\\ban-an-935-2024-tphcm\\compositions\\caption-track.html",
        "bbox": {
          "x": 0,
          "y": 0,
          "width": 0,
          "height": 0
        },
        "time": 0,
        "fixHint": "Add a stable, human-readable id such as id=\"hero-title\" or id=\"scene-1-card\" to every timeline-visible element you want agents or Studio to edit."
      },
      {
        "code": "studio_missing_editable_id",
        "severity": "warning",
        "message": "<div class=\"caption-page\" data-start=\"313.570000\"> has no id, so Studio cannot use a stable edit target for its timeline and canvas controls.",
        "selector": "[data-composition-id]",
        "dataAttributes": {},
        "sourceFile": "C:\\vox-style-xe-giay-v1-hyperframes\\hyperframes\\videos\\ban-an-935-2024-tphcm\\compositions\\caption-track.html",
        "bbox": {
          "x": 0,
          "y": 0,
          "width": 0,
          "height": 0
        },
        "time": 0,
        "fixHint": "Add a stable, human-readable id such as id=\"hero-title\" or id=\"scene-1-card\" to every timeline-visible element you want agents or Studio to edit."
      },
      {
        "code": "studio_missing_editable_id",
        "severity": "warning",
        "message": "<div class=\"caption-page\" data-start=\"314.560000\"> has no id, so Studio cannot use a stable edit target for its timeline and canvas controls.",
        "selector": "[data-composition-id]",
        "dataAttributes": {},
        "sourceFile": "C:\\vox-style-xe-giay-v1-hyperframes\\hyperframes\\videos\\ban-an-935-2024-tphcm\\compositions\\caption-track.html",
        "bbox": {
          "x": 0,
          "y": 0,
          "width": 0,
          "height": 0
        },
        "time": 0,
        "fixHint": "Add a stable, human-readable id such as id=\"hero-title\" or id=\"scene-1-card\" to every timeline-visible element you want agents or Studio to edit."
      },
      {
        "code": "studio_missing_editable_id",
        "severity": "warning",
        "message": "<div class=\"caption-page\" data-start=\"316.010000\"> has no id, so Studio cannot use a stable edit target for its timeline and canvas controls.",
        "selector": "[data-composition-id]",
        "dataAttributes": {},
        "sourceFile": "C:\\vox-style-xe-giay-v1-hyperframes\\hyperframes\\videos\\ban-an-935-2024-tphcm\\compositions\\caption-track.html",
        "bbox": {
          "x": 0,
          "y": 0,
          "width": 0,
          "height": 0
        },
        "time": 0,
        "fixHint": "Add a stable, human-readable id such as id=\"hero-title\" or id=\"scene-1-card\" to every timeline-visible element you want agents or Studio to edit."
      },
      {
        "code": "studio_missing_editable_id",
        "severity": "warning",
        "message": "<div class=\"caption-page\" data-start=\"316.800000\"> has no id, so Studio cannot use a stable edit target for its timeline and canvas controls.",
        "selector": "[data-composition-id]",
        "dataAttributes": {},
        "sourceFile": "C:\\vox-style-xe-giay-v1-hyperframes\\hyperframes\\videos\\ban-an-935-2024-tphcm\\compositions\\caption-track.html",
        "bbox": {
          "x": 0,
          "y": 0,
          "width": 0,
          "height": 0
        },
        "time": 0,
        "fixHint": "Add a stable, human-readable id such as id=\"hero-title\" or id=\"scene-1-card\" to every timeline-visible element you want agents or Studio to edit."
      },
      {
        "code": "studio_missing_editable_id",
        "severity": "warning",
        "message": "<div class=\"caption-page\" data-start=\"317.950000\"> has no id, so Studio cannot use a stable edit target for its timeline and canvas controls.",
        "selector": "[data-composition-id]",
        "dataAttributes": {},
        "sourceFile": "C:\\vox-style-xe-giay-v1-hyperframes\\hyperframes\\videos\\ban-an-935-2024-tphcm\\compositions\\caption-track.html",
        "bbox": {
          "x": 0,
          "y": 0,
          "width": 0,
          "height": 0
        },
        "time": 0,
        "fixHint": "Add a stable, human-readable id such as id=\"hero-title\" or id=\"scene-1-card\" to every timeline-visible element you want agents or Studio to edit."
      },
      {
        "code": "studio_missing_editable_id",
        "severity": "warning",
        "message": "<div class=\"caption-page\" data-start=\"319.340000\"> has no id, so Studio cannot use a stable edit target for its timeline and canvas controls.",
        "selector": "[data-composition-id]",
        "dataAttributes": {},
        "sourceFile": "C:\\vox-style-xe-giay-v1-hyperframes\\hyperframes\\videos\\ban-an-935-2024-tphcm\\compositions\\caption-track.html",
        "bbox": {
          "x": 0,
          "y": 0,
          "width": 0,
          "height": 0
        },
        "time": 0,
        "fixHint": "Add a stable, human-readable id such as id=\"hero-title\" or id=\"scene-1-card\" to every timeline-visible element you want agents or Studio to edit."
      },
      {
        "code": "studio_missing_editable_id",
        "severity": "warning",
        "message": "<div class=\"caption-page\" data-start=\"320.990000\"> has no id, so Studio cannot use a stable edit target for its timeline and canvas controls.",
        "selector": "[data-composition-id]",
        "dataAttributes": {},
        "sourceFile": "C:\\vox-style-xe-giay-v1-hyperframes\\hyperframes\\videos\\ban-an-935-2024-tphcm\\compositions\\caption-track.html",
        "bbox": {
          "x": 0,
          "y": 0,
          "width": 0,
          "height": 0
        },
        "time": 0,
        "fixHint": "Add a stable, human-readable id such as id=\"hero-title\" or id=\"scene-1-card\" to every timeline-visible element you want agents or Studio to edit."
      },
      {
        "code": "studio_missing_editable_id",
        "severity": "warning",
        "message": "<div class=\"caption-page\" data-start=\"321.170000\"> has no id, so Studio cannot use a stable edit target for its timeline and canvas controls.",
        "selector": "[data-composition-id]",
        "dataAttributes": {},
        "sourceFile": "C:\\vox-style-xe-giay-v1-hyperframes\\hyperframes\\videos\\ban-an-935-2024-tphcm\\compositions\\caption-track.html",
        "bbox": {
          "x": 0,
          "y": 0,
          "width": 0,
          "height": 0
        },
        "time": 0,
        "fixHint": "Add a stable, human-readable id such as id=\"hero-title\" or id=\"scene-1-card\" to every timeline-visible element you want agents or Studio to edit."
      },
      {
        "code": "studio_missing_editable_id",
        "severity": "warning",
        "message": "<div class=\"caption-page\" data-start=\"321.370000\"> has no id, so Studio cannot use a stable edit target for its timeline and canvas controls.",
        "selector": "[data-composition-id]",
        "dataAttributes": {},
        "sourceFile": "C:\\vox-style-xe-giay-v1-hyperframes\\hyperframes\\videos\\ban-an-935-2024-tphcm\\compositions\\caption-track.html",
        "bbox": {
          "x": 0,
          "y": 0,
          "width": 0,
          "height": 0
        },
        "time": 0,
        "fixHint": "Add a stable, human-readable id such as id=\"hero-title\" or id=\"scene-1-card\" to every timeline-visible element you want agents or Studio to edit."
      },
      {
        "code": "studio_missing_editable_id",
        "severity": "warning",
        "message": "<div class=\"caption-page\" data-start=\"321.580000\"> has no id, so Studio cannot use a stable edit target for its timeline and canvas controls.",
        "selector": "[data-composition-id]",
        "dataAttributes": {},
        "sourceFile": "C:\\vox-style-xe-giay-v1-hyperframes\\hyperframes\\videos\\ban-an-935-2024-tphcm\\compositions\\caption-track.html",
        "bbox": {
          "x": 0,
          "y": 0,
          "width": 0,
          "height": 0
        },
        "time": 0,
        "fixHint": "Add a stable, human-readable id such as id=\"hero-title\" or id=\"scene-1-card\" to every timeline-visible element you want agents or Studio to edit."
      },
      {
        "code": "studio_missing_editable_id",
        "severity": "warning",
        "message": "<div class=\"caption-page\" data-start=\"321.770000\"> has no id, so Studio cannot use a stable edit target for its timeline and canvas controls.",
        "selector": "[data-composition-id]",
        "dataAttributes": {},
        "sourceFile": "C:\\vox-style-xe-giay-v1-hyperframes\\hyperframes\\videos\\ban-an-935-2024-tphcm\\compositions\\caption-track.html",
        "bbox": {
          "x": 0,
          "y": 0,
          "width": 0,
          "height": 0
        },
        "time": 0,
        "fixHint": "Add a stable, human-readable id such as id=\"hero-title\" or id=\"scene-1-card\" to every timeline-visible element you want agents or Studio to edit."
      },
      {
        "code": "studio_missing_editable_id",
        "severity": "warning",
        "message": "<div class=\"caption-page\" data-start=\"322.000000\"> has no id, so Studio cannot use a stable edit target for its timeline and canvas controls.",
        "selector": "[data-composition-id]",
        "dataAttributes": {},
        "sourceFile": "C:\\vox-style-xe-giay-v1-hyperframes\\hyperframes\\videos\\ban-an-935-2024-tphcm\\compositions\\caption-track.html",
        "bbox": {
          "x": 0,
          "y": 0,
          "width": 0,
          "height": 0
        },
        "time": 0,
        "fixHint": "Add a stable, human-readable id such as id=\"hero-title\" or id=\"scene-1-card\" to every timeline-visible element you want agents or Studio to edit."
      },
      {
        "code": "studio_missing_editable_id",
        "severity": "warning",
        "message": "<div class=\"caption-page\" data-start=\"322.710000\"> has no id, so Studio cannot use a stable edit target for its timeline and canvas controls.",
        "selector": "[data-composition-id]",
        "dataAttributes": {},
        "sourceFile": "C:\\vox-style-xe-giay-v1-hyperframes\\hyperframes\\videos\\ban-an-935-2024-tphcm\\compositions\\caption-track.html",
        "bbox": {
          "x": 0,
          "y": 0,
          "width": 0,
          "height": 0
        },
        "time": 0,
        "fixHint": "Add a stable, human-readable id such as id=\"hero-title\" or id=\"scene-1-card\" to every timeline-visible element you want agents or Studio to edit."
      },
      {
        "code": "studio_missing_editable_id",
        "severity": "warning",
        "message": "<div class=\"caption-page\" data-start=\"323.640000\"> has no id, so Studio cannot use a stable edit target for its timeline and canvas controls.",
        "selector": "[data-composition-id]",
        "dataAttributes": {},
        "sourceFile": "C:\\vox-style-xe-giay-v1-hyperframes\\hyperframes\\videos\\ban-an-935-2024-tphcm\\compositions\\caption-track.html",
        "bbox": {
          "x": 0,
          "y": 0,
          "width": 0,
          "height": 0
        },
        "time": 0,
        "fixHint": "Add a stable, human-readable id such as id=\"hero-title\" or id=\"scene-1-card\" to every timeline-visible element you want agents or Studio to edit."
      },
      {
        "code": "studio_missing_editable_id",
        "severity": "warning",
        "message": "<div class=\"caption-page\" data-start=\"324.220000\"> has no id, so Studio cannot use a stable edit target for its timeline and canvas controls.",
        "selector": "[data-composition-id]",
        "dataAttributes": {},
        "sourceFile": "C:\\vox-style-xe-giay-v1-hyperframes\\hyperframes\\videos\\ban-an-935-2024-tphcm\\compositions\\caption-track.html",
        "bbox": {
          "x": 0,
          "y": 0,
          "width": 0,
          "height": 0
        },
        "time": 0,
        "fixHint": "Add a stable, human-readable id such as id=\"hero-title\" or id=\"scene-1-card\" to every timeline-visible element you want agents or Studio to edit."
      },
      {
        "code": "studio_missing_editable_id",
        "severity": "warning",
        "message": "<div class=\"caption-page\" data-start=\"325.280000\"> has no id, so Studio cannot use a stable edit target for its timeline and canvas controls.",
        "selector": "[data-composition-id]",
        "dataAttributes": {},
        "sourceFile": "C:\\vox-style-xe-giay-v1-hyperframes\\hyperframes\\videos\\ban-an-935-2024-tphcm\\compositions\\caption-track.html",
        "bbox": {
          "x": 0,
          "y": 0,
          "width": 0,
          "height": 0
        },
        "time": 0,
        "fixHint": "Add a stable, human-readable id such as id=\"hero-title\" or id=\"scene-1-card\" to every timeline-visible element you want agents or Studio to edit."
      },
      {
        "code": "studio_missing_editable_id",
        "severity": "warning",
        "message": "<div class=\"caption-page\" data-start=\"326.080000\"> has no id, so Studio cannot use a stable edit target for its timeline and canvas controls.",
        "selector": "[data-composition-id]",
        "dataAttributes": {},
        "sourceFile": "C:\\vox-style-xe-giay-v1-hyperframes\\hyperframes\\videos\\ban-an-935-2024-tphcm\\compositions\\caption-track.html",
        "bbox": {
          "x": 0,
          "y": 0,
          "width": 0,
          "height": 0
        },
        "time": 0,
        "fixHint": "Add a stable, human-readable id such as id=\"hero-title\" or id=\"scene-1-card\" to every timeline-visible element you want agents or Studio to edit."
      },
      {
        "code": "studio_missing_editable_id",
        "severity": "warning",
        "message": "<div class=\"caption-page\" data-start=\"326.990000\"> has no id, so Studio cannot use a stable edit target for its timeline and canvas controls.",
        "selector": "[data-composition-id]",
        "dataAttributes": {},
        "sourceFile": "C:\\vox-style-xe-giay-v1-hyperframes\\hyperframes\\videos\\ban-an-935-2024-tphcm\\compositions\\caption-track.html",
        "bbox": {
          "x": 0,
          "y": 0,
          "width": 0,
          "height": 0
        },
        "time": 0,
        "fixHint": "Add a stable, human-readable id such as id=\"hero-title\" or id=\"scene-1-card\" to every timeline-visible element you want agents or Studio to edit."
      },
      {
        "code": "studio_missing_editable_id",
        "severity": "warning",
        "message": "<div class=\"caption-page\" data-start=\"327.710000\"> has no id, so Studio cannot use a stable edit target for its timeline and canvas controls.",
        "selector": "[data-composition-id]",
        "dataAttributes": {},
        "sourceFile": "C:\\vox-style-xe-giay-v1-hyperframes\\hyperframes\\videos\\ban-an-935-2024-tphcm\\compositions\\caption-track.html",
        "bbox": {
          "x": 0,
          "y": 0,
          "width": 0,
          "height": 0
        },
        "time": 0,
        "fixHint": "Add a stable, human-readable id such as id=\"hero-title\" or id=\"scene-1-card\" to every timeline-visible element you want agents or Studio to edit."
      },
      {
        "code": "studio_missing_editable_id",
        "severity": "warning",
        "message": "<div class=\"caption-page\" data-start=\"328.420000\"> has no id, so Studio cannot use a stable edit target for its timeline and canvas controls.",
        "selector": "[data-composition-id]",
        "dataAttributes": {},
        "sourceFile": "C:\\vox-style-xe-giay-v1-hyperframes\\hyperframes\\videos\\ban-an-935-2024-tphcm\\compositions\\caption-track.html",
        "bbox": {
          "x": 0,
          "y": 0,
          "width": 0,
          "height": 0
        },
        "time": 0,
        "fixHint": "Add a stable, human-readable id such as id=\"hero-title\" or id=\"scene-1-card\" to every timeline-visible element you want agents or Studio to edit."
      },
      {
        "code": "studio_missing_editable_id",
        "severity": "warning",
        "message": "<div class=\"caption-page\" data-start=\"329.240000\"> has no id, so Studio cannot use a stable edit target for its timeline and canvas controls.",
        "selector": "[data-composition-id]",
        "dataAttributes": {},
        "sourceFile": "C:\\vox-style-xe-giay-v1-hyperframes\\hyperframes\\videos\\ban-an-935-2024-tphcm\\compositions\\caption-track.html",
        "bbox": {
          "x": 0,
          "y": 0,
          "width": 0,
          "height": 0
        },
        "time": 0,
        "fixHint": "Add a stable, human-readable id such as id=\"hero-title\" or id=\"scene-1-card\" to every timeline-visible element you want agents or Studio to edit."
      },
      {
        "code": "studio_missing_editable_id",
        "severity": "warning",
        "message": "<div class=\"caption-page\" data-start=\"330.220000\"> has no id, so Studio cannot use a stable edit target for its timeline and canvas controls.",
        "selector": "[data-composition-id]",
        "dataAttributes": {},
        "sourceFile": "C:\\vox-style-xe-giay-v1-hyperframes\\hyperframes\\videos\\ban-an-935-2024-tphcm\\compositions\\caption-track.html",
        "bbox": {
          "x": 0,
          "y": 0,
          "width": 0,
          "height": 0
        },
        "time": 0,
        "fixHint": "Add a stable, human-readable id such as id=\"hero-title\" or id=\"scene-1-card\" to every timeline-visible element you want agents or Studio to edit."
      },
      {
        "code": "studio_missing_editable_id",
        "severity": "warning",
        "message": "<div class=\"caption-page\" data-start=\"331.090000\"> has no id, so Studio cannot use a stable edit target for its timeline and canvas controls.",
        "selector": "[data-composition-id]",
        "dataAttributes": {},
        "sourceFile": "C:\\vox-style-xe-giay-v1-hyperframes\\hyperframes\\videos\\ban-an-935-2024-tphcm\\compositions\\caption-track.html",
        "bbox": {
          "x": 0,
          "y": 0,
          "width": 0,
          "height": 0
        },
        "time": 0,
        "fixHint": "Add a stable, human-readable id such as id=\"hero-title\" or id=\"scene-1-card\" to every timeline-visible element you want agents or Studio to edit."
      },
      {
        "code": "studio_missing_editable_id",
        "severity": "warning",
        "message": "<div class=\"caption-page\" data-start=\"332.010000\"> has no id, so Studio cannot use a stable edit target for its timeline and canvas controls.",
        "selector": "[data-composition-id]",
        "dataAttributes": {},
        "sourceFile": "C:\\vox-style-xe-giay-v1-hyperframes\\hyperframes\\videos\\ban-an-935-2024-tphcm\\compositions\\caption-track.html",
        "bbox": {
          "x": 0,
          "y": 0,
          "width": 0,
          "height": 0
        },
        "time": 0,
        "fixHint": "Add a stable, human-readable id such as id=\"hero-title\" or id=\"scene-1-card\" to every timeline-visible element you want agents or Studio to edit."
      },
      {
        "code": "studio_missing_editable_id",
        "severity": "warning",
        "message": "<div class=\"caption-page\" data-start=\"333.100000\"> has no id, so Studio cannot use a stable edit target for its timeline and canvas controls.",
        "selector": "[data-composition-id]",
        "dataAttributes": {},
        "sourceFile": "C:\\vox-style-xe-giay-v1-hyperframes\\hyperframes\\videos\\ban-an-935-2024-tphcm\\compositions\\caption-track.html",
        "bbox": {
          "x": 0,
          "y": 0,
          "width": 0,
          "height": 0
        },
        "time": 0,
        "fixHint": "Add a stable, human-readable id such as id=\"hero-title\" or id=\"scene-1-card\" to every timeline-visible element you want agents or Studio to edit."
      },
      {
        "code": "studio_missing_editable_id",
        "severity": "warning",
        "message": "<div class=\"caption-page\" data-start=\"334.370000\"> has no id, so Studio cannot use a stable edit target for its timeline and canvas controls.",
        "selector": "[data-composition-id]",
        "dataAttributes": {},
        "sourceFile": "C:\\vox-style-xe-giay-v1-hyperframes\\hyperframes\\videos\\ban-an-935-2024-tphcm\\compositions\\caption-track.html",
        "bbox": {
          "x": 0,
          "y": 0,
          "width": 0,
          "height": 0
        },
        "time": 0,
        "fixHint": "Add a stable, human-readable id such as id=\"hero-title\" or id=\"scene-1-card\" to every timeline-visible element you want agents or Studio to edit."
      },
      {
        "code": "studio_missing_editable_id",
        "severity": "warning",
        "message": "<div class=\"caption-page\" data-start=\"335.130000\"> has no id, so Studio cannot use a stable edit target for its timeline and canvas controls.",
        "selector": "[data-composition-id]",
        "dataAttributes": {},
        "sourceFile": "C:\\vox-style-xe-giay-v1-hyperframes\\hyperframes\\videos\\ban-an-935-2024-tphcm\\compositions\\caption-track.html",
        "bbox": {
          "x": 0,
          "y": 0,
          "width": 0,
          "height": 0
        },
        "time": 0,
        "fixHint": "Add a stable, human-readable id such as id=\"hero-title\" or id=\"scene-1-card\" to every timeline-visible element you want agents or Studio to edit."
      },
      {
        "code": "studio_missing_editable_id",
        "severity": "warning",
        "message": "<div class=\"caption-page\" data-start=\"336.070000\"> has no id, so Studio cannot use a stable edit target for its timeline and canvas controls.",
        "selector": "[data-composition-id]",
        "dataAttributes": {},
        "sourceFile": "C:\\vox-style-xe-giay-v1-hyperframes\\hyperframes\\videos\\ban-an-935-2024-tphcm\\compositions\\caption-track.html",
        "bbox": {
          "x": 0,
          "y": 0,
          "width": 0,
          "height": 0
        },
        "time": 0,
        "fixHint": "Add a stable, human-readable id such as id=\"hero-title\" or id=\"scene-1-card\" to every timeline-visible element you want agents or Studio to edit."
      },
      {
        "code": "studio_missing_editable_id",
        "severity": "warning",
        "message": "<div class=\"caption-page\" data-start=\"336.930000\"> has no id, so Studio cannot use a stable edit target for its timeline and canvas controls.",
        "selector": "[data-composition-id]",
        "dataAttributes": {},
        "sourceFile": "C:\\vox-style-xe-giay-v1-hyperframes\\hyperframes\\videos\\ban-an-935-2024-tphcm\\compositions\\caption-track.html",
        "bbox": {
          "x": 0,
          "y": 0,
          "width": 0,
          "height": 0
        },
        "time": 0,
        "fixHint": "Add a stable, human-readable id such as id=\"hero-title\" or id=\"scene-1-card\" to every timeline-visible element you want agents or Studio to edit."
      },
      {
        "code": "studio_missing_editable_id",
        "severity": "warning",
        "message": "<div class=\"caption-page\" data-start=\"337.810000\"> has no id, so Studio cannot use a stable edit target for its timeline and canvas controls.",
        "selector": "[data-composition-id]",
        "dataAttributes": {},
        "sourceFile": "C:\\vox-style-xe-giay-v1-hyperframes\\hyperframes\\videos\\ban-an-935-2024-tphcm\\compositions\\caption-track.html",
        "bbox": {
          "x": 0,
          "y": 0,
          "width": 0,
          "height": 0
        },
        "time": 0,
        "fixHint": "Add a stable, human-readable id such as id=\"hero-title\" or id=\"scene-1-card\" to every timeline-visible element you want agents or Studio to edit."
      },
      {
        "code": "studio_missing_editable_id",
        "severity": "warning",
        "message": "<div class=\"caption-page\" data-start=\"338.820000\"> has no id, so Studio cannot use a stable edit target for its timeline and canvas controls.",
        "selector": "[data-composition-id]",
        "dataAttributes": {},
        "sourceFile": "C:\\vox-style-xe-giay-v1-hyperframes\\hyperframes\\videos\\ban-an-935-2024-tphcm\\compositions\\caption-track.html",
        "bbox": {
          "x": 0,
          "y": 0,
          "width": 0,
          "height": 0
        },
        "time": 0,
        "fixHint": "Add a stable, human-readable id such as id=\"hero-title\" or id=\"scene-1-card\" to every timeline-visible element you want agents or Studio to edit."
      },
      {
        "code": "studio_missing_editable_id",
        "severity": "warning",
        "message": "<div class=\"caption-page\" data-start=\"340.000000\"> has no id, so Studio cannot use a stable edit target for its timeline and canvas controls.",
        "selector": "[data-composition-id]",
        "dataAttributes": {},
        "sourceFile": "C:\\vox-style-xe-giay-v1-hyperframes\\hyperframes\\videos\\ban-an-935-2024-tphcm\\compositions\\caption-track.html",
        "bbox": {
          "x": 0,
          "y": 0,
          "width": 0,
          "height": 0
        },
        "time": 0,
        "fixHint": "Add a stable, human-readable id such as id=\"hero-title\" or id=\"scene-1-card\" to every timeline-visible element you want agents or Studio to edit."
      },
      {
        "code": "studio_missing_editable_id",
        "severity": "warning",
        "message": "<div class=\"caption-page\" data-start=\"340.730000\"> has no id, so Studio cannot use a stable edit target for its timeline and canvas controls.",
        "selector": "[data-composition-id]",
        "dataAttributes": {},
        "sourceFile": "C:\\vox-style-xe-giay-v1-hyperframes\\hyperframes\\videos\\ban-an-935-2024-tphcm\\compositions\\caption-track.html",
        "bbox": {
          "x": 0,
          "y": 0,
          "width": 0,
          "height": 0
        },
        "time": 0,
        "fixHint": "Add a stable, human-readable id such as id=\"hero-title\" or id=\"scene-1-card\" to every timeline-visible element you want agents or Studio to edit."
      },
      {
        "code": "studio_missing_editable_id",
        "severity": "warning",
        "message": "<div class=\"caption-page\" data-start=\"341.600000\"> has no id, so Studio cannot use a stable edit target for its timeline and canvas controls.",
        "selector": "[data-composition-id]",
        "dataAttributes": {},
        "sourceFile": "C:\\vox-style-xe-giay-v1-hyperframes\\hyperframes\\videos\\ban-an-935-2024-tphcm\\compositions\\caption-track.html",
        "bbox": {
          "x": 0,
          "y": 0,
          "width": 0,
          "height": 0
        },
        "time": 0,
        "fixHint": "Add a stable, human-readable id such as id=\"hero-title\" or id=\"scene-1-card\" to every timeline-visible element you want agents or Studio to edit."
      },
      {
        "code": "studio_missing_editable_id",
        "severity": "warning",
        "message": "<div class=\"caption-page\" data-start=\"342.000000\"> has no id, so Studio cannot use a stable edit target for its timeline and canvas controls.",
        "selector": "[data-composition-id]",
        "dataAttributes": {},
        "sourceFile": "C:\\vox-style-xe-giay-v1-hyperframes\\hyperframes\\videos\\ban-an-935-2024-tphcm\\compositions\\caption-track.html",
        "bbox": {
          "x": 0,
          "y": 0,
          "width": 0,
          "height": 0
        },
        "time": 0,
        "fixHint": "Add a stable, human-readable id such as id=\"hero-title\" or id=\"scene-1-card\" to every timeline-visible element you want agents or Studio to edit."
      },
      {
        "code": "studio_missing_editable_id",
        "severity": "warning",
        "message": "<div class=\"caption-page\" data-start=\"343.050000\"> has no id, so Studio cannot use a stable edit target for its timeline and canvas controls.",
        "selector": "[data-composition-id]",
        "dataAttributes": {},
        "sourceFile": "C:\\vox-style-xe-giay-v1-hyperframes\\hyperframes\\videos\\ban-an-935-2024-tphcm\\compositions\\caption-track.html",
        "bbox": {
          "x": 0,
          "y": 0,
          "width": 0,
          "height": 0
        },
        "time": 0,
        "fixHint": "Add a stable, human-readable id such as id=\"hero-title\" or id=\"scene-1-card\" to every timeline-visible element you want agents or Studio to edit."
      },
      {
        "code": "studio_missing_editable_id",
        "severity": "warning",
        "message": "<div class=\"caption-page\" data-start=\"344.240000\"> has no id, so Studio cannot use a stable edit target for its timeline and canvas controls.",
        "selector": "[data-composition-id]",
        "dataAttributes": {},
        "sourceFile": "C:\\vox-style-xe-giay-v1-hyperframes\\hyperframes\\videos\\ban-an-935-2024-tphcm\\compositions\\caption-track.html",
        "bbox": {
          "x": 0,
          "y": 0,
          "width": 0,
          "height": 0
        },
        "time": 0,
        "fixHint": "Add a stable, human-readable id such as id=\"hero-title\" or id=\"scene-1-card\" to every timeline-visible element you want agents or Studio to edit."
      },
      {
        "code": "studio_missing_editable_id",
        "severity": "warning",
        "message": "<div class=\"caption-page\" data-start=\"345.050000\"> has no id, so Studio cannot use a stable edit target for its timeline and canvas controls.",
        "selector": "[data-composition-id]",
        "dataAttributes": {},
        "sourceFile": "C:\\vox-style-xe-giay-v1-hyperframes\\hyperframes\\videos\\ban-an-935-2024-tphcm\\compositions\\caption-track.html",
        "bbox": {
          "x": 0,
          "y": 0,
          "width": 0,
          "height": 0
        },
        "time": 0,
        "fixHint": "Add a stable, human-readable id such as id=\"hero-title\" or id=\"scene-1-card\" to every timeline-visible element you want agents or Studio to edit."
      },
      {
        "code": "studio_missing_editable_id",
        "severity": "warning",
        "message": "<div class=\"caption-page\" data-start=\"346.150000\"> has no id, so Studio cannot use a stable edit target for its timeline and canvas controls.",
        "selector": "[data-composition-id]",
        "dataAttributes": {},
        "sourceFile": "C:\\vox-style-xe-giay-v1-hyperframes\\hyperframes\\videos\\ban-an-935-2024-tphcm\\compositions\\caption-track.html",
        "bbox": {
          "x": 0,
          "y": 0,
          "width": 0,
          "height": 0
        },
        "time": 0,
        "fixHint": "Add a stable, human-readable id such as id=\"hero-title\" or id=\"scene-1-card\" to every timeline-visible element you want agents or Studio to edit."
      },
      {
        "code": "studio_missing_editable_id",
        "severity": "warning",
        "message": "<div class=\"caption-page\" data-start=\"347.000000\"> has no id, so Studio cannot use a stable edit target for its timeline and canvas controls.",
        "selector": "[data-composition-id]",
        "dataAttributes": {},
        "sourceFile": "C:\\vox-style-xe-giay-v1-hyperframes\\hyperframes\\videos\\ban-an-935-2024-tphcm\\compositions\\caption-track.html",
        "bbox": {
          "x": 0,
          "y": 0,
          "width": 0,
          "height": 0
        },
        "time": 0,
        "fixHint": "Add a stable, human-readable id such as id=\"hero-title\" or id=\"scene-1-card\" to every timeline-visible element you want agents or Studio to edit."
      },
      {
        "code": "studio_missing_editable_id",
        "severity": "warning",
        "message": "<div class=\"caption-page\" data-start=\"347.570000\"> has no id, so Studio cannot use a stable edit target for its timeline and canvas controls.",
        "selector": "[data-composition-id]",
        "dataAttributes": {},
        "sourceFile": "C:\\vox-style-xe-giay-v1-hyperframes\\hyperframes\\videos\\ban-an-935-2024-tphcm\\compositions\\caption-track.html",
        "bbox": {
          "x": 0,
          "y": 0,
          "width": 0,
          "height": 0
        },
        "time": 0,
        "fixHint": "Add a stable, human-readable id such as id=\"hero-title\" or id=\"scene-1-card\" to every timeline-visible element you want agents or Studio to edit."
      },
      {
        "code": "studio_missing_editable_id",
        "severity": "warning",
        "message": "<div class=\"caption-page\" data-start=\"348.550000\"> has no id, so Studio cannot use a stable edit target for its timeline and canvas controls.",
        "selector": "[data-composition-id]",
        "dataAttributes": {},
        "sourceFile": "C:\\vox-style-xe-giay-v1-hyperframes\\hyperframes\\videos\\ban-an-935-2024-tphcm\\compositions\\caption-track.html",
        "bbox": {
          "x": 0,
          "y": 0,
          "width": 0,
          "height": 0
        },
        "time": 0,
        "fixHint": "Add a stable, human-readable id such as id=\"hero-title\" or id=\"scene-1-card\" to every timeline-visible element you want agents or Studio to edit."
      },
      {
        "code": "studio_missing_editable_id",
        "severity": "warning",
        "message": "<div class=\"caption-page\" data-start=\"349.260000\"> has no id, so Studio cannot use a stable edit target for its timeline and canvas controls.",
        "selector": "[data-composition-id]",
        "dataAttributes": {},
        "sourceFile": "C:\\vox-style-xe-giay-v1-hyperframes\\hyperframes\\videos\\ban-an-935-2024-tphcm\\compositions\\caption-track.html",
        "bbox": {
          "x": 0,
          "y": 0,
          "width": 0,
          "height": 0
        },
        "time": 0,
        "fixHint": "Add a stable, human-readable id such as id=\"hero-title\" or id=\"scene-1-card\" to every timeline-visible element you want agents or Studio to edit."
      },
      {
        "code": "studio_missing_editable_id",
        "severity": "warning",
        "message": "<div class=\"caption-page\" data-start=\"350.020000\"> has no id, so Studio cannot use a stable edit target for its timeline and canvas controls.",
        "selector": "[data-composition-id]",
        "dataAttributes": {},
        "sourceFile": "C:\\vox-style-xe-giay-v1-hyperframes\\hyperframes\\videos\\ban-an-935-2024-tphcm\\compositions\\caption-track.html",
        "bbox": {
          "x": 0,
          "y": 0,
          "width": 0,
          "height": 0
        },
        "time": 0,
        "fixHint": "Add a stable, human-readable id such as id=\"hero-title\" or id=\"scene-1-card\" to every timeline-visible element you want agents or Studio to edit."
      },
      {
        "code": "studio_missing_editable_id",
        "severity": "warning",
        "message": "<div class=\"caption-page\" data-start=\"350.950000\"> has no id, so Studio cannot use a stable edit target for its timeline and canvas controls.",
        "selector": "[data-composition-id]",
        "dataAttributes": {},
        "sourceFile": "C:\\vox-style-xe-giay-v1-hyperframes\\hyperframes\\videos\\ban-an-935-2024-tphcm\\compositions\\caption-track.html",
        "bbox": {
          "x": 0,
          "y": 0,
          "width": 0,
          "height": 0
        },
        "time": 0,
        "fixHint": "Add a stable, human-readable id such as id=\"hero-title\" or id=\"scene-1-card\" to every timeline-visible element you want agents or Studio to edit."
      },
      {
        "code": "studio_missing_editable_id",
        "severity": "warning",
        "message": "<div class=\"caption-page\" data-start=\"352.000000\"> has no id, so Studio cannot use a stable edit target for its timeline and canvas controls.",
        "selector": "[data-composition-id]",
        "dataAttributes": {},
        "sourceFile": "C:\\vox-style-xe-giay-v1-hyperframes\\hyperframes\\videos\\ban-an-935-2024-tphcm\\compositions\\caption-track.html",
        "bbox": {
          "x": 0,
          "y": 0,
          "width": 0,
          "height": 0
        },
        "time": 0,
        "fixHint": "Add a stable, human-readable id such as id=\"hero-title\" or id=\"scene-1-card\" to every timeline-visible element you want agents or Studio to edit."
      },
      {
        "code": "studio_missing_editable_id",
        "severity": "warning",
        "message": "<div class=\"caption-page\" data-start=\"353.060000\"> has no id, so Studio cannot use a stable edit target for its timeline and canvas controls.",
        "selector": "[data-composition-id]",
        "dataAttributes": {},
        "sourceFile": "C:\\vox-style-xe-giay-v1-hyperframes\\hyperframes\\videos\\ban-an-935-2024-tphcm\\compositions\\caption-track.html",
        "bbox": {
          "x": 0,
          "y": 0,
          "width": 0,
          "height": 0
        },
        "time": 0,
        "fixHint": "Add a stable, human-readable id such as id=\"hero-title\" or id=\"scene-1-card\" to every timeline-visible element you want agents or Studio to edit."
      },
      {
        "code": "studio_missing_editable_id",
        "severity": "warning",
        "message": "<div class=\"caption-page\" data-start=\"353.850000\"> has no id, so Studio cannot use a stable edit target for its timeline and canvas controls.",
        "selector": "[data-composition-id]",
        "dataAttributes": {},
        "sourceFile": "C:\\vox-style-xe-giay-v1-hyperframes\\hyperframes\\videos\\ban-an-935-2024-tphcm\\compositions\\caption-track.html",
        "bbox": {
          "x": 0,
          "y": 0,
          "width": 0,
          "height": 0
        },
        "time": 0,
        "fixHint": "Add a stable, human-readable id such as id=\"hero-title\" or id=\"scene-1-card\" to every timeline-visible element you want agents or Studio to edit."
      },
      {
        "code": "studio_missing_editable_id",
        "severity": "warning",
        "message": "<div class=\"caption-page\" data-start=\"354.960000\"> has no id, so Studio cannot use a stable edit target for its timeline and canvas controls.",
        "selector": "[data-composition-id]",
        "dataAttributes": {},
        "sourceFile": "C:\\vox-style-xe-giay-v1-hyperframes\\hyperframes\\videos\\ban-an-935-2024-tphcm\\compositions\\caption-track.html",
        "bbox": {
          "x": 0,
          "y": 0,
          "width": 0,
          "height": 0
        },
        "time": 0,
        "fixHint": "Add a stable, human-readable id such as id=\"hero-title\" or id=\"scene-1-card\" to every timeline-visible element you want agents or Studio to edit."
      },
      {
        "code": "studio_missing_editable_id",
        "severity": "warning",
        "message": "<div class=\"caption-page\" data-start=\"355.640000\"> has no id, so Studio cannot use a stable edit target for its timeline and canvas controls.",
        "selector": "[data-composition-id]",
        "dataAttributes": {},
        "sourceFile": "C:\\vox-style-xe-giay-v1-hyperframes\\hyperframes\\videos\\ban-an-935-2024-tphcm\\compositions\\caption-track.html",
        "bbox": {
          "x": 0,
          "y": 0,
          "width": 0,
          "height": 0
        },
        "time": 0,
        "fixHint": "Add a stable, human-readable id such as id=\"hero-title\" or id=\"scene-1-card\" to every timeline-visible element you want agents or Studio to edit."
      },
      {
        "code": "studio_missing_editable_id",
        "severity": "warning",
        "message": "<div class=\"caption-page\" data-start=\"356.560000\"> has no id, so Studio cannot use a stable edit target for its timeline and canvas controls.",
        "selector": "[data-composition-id]",
        "dataAttributes": {},
        "sourceFile": "C:\\vox-style-xe-giay-v1-hyperframes\\hyperframes\\videos\\ban-an-935-2024-tphcm\\compositions\\caption-track.html",
        "bbox": {
          "x": 0,
          "y": 0,
          "width": 0,
          "height": 0
        },
        "time": 0,
        "fixHint": "Add a stable, human-readable id such as id=\"hero-title\" or id=\"scene-1-card\" to every timeline-visible element you want agents or Studio to edit."
      },
      {
        "code": "studio_missing_editable_id",
        "severity": "warning",
        "message": "<div class=\"caption-page\" data-start=\"357.240000\"> has no id, so Studio cannot use a stable edit target for its timeline and canvas controls.",
        "selector": "[data-composition-id]",
        "dataAttributes": {},
        "sourceFile": "C:\\vox-style-xe-giay-v1-hyperframes\\hyperframes\\videos\\ban-an-935-2024-tphcm\\compositions\\caption-track.html",
        "bbox": {
          "x": 0,
          "y": 0,
          "width": 0,
          "height": 0
        },
        "time": 0,
        "fixHint": "Add a stable, human-readable id such as id=\"hero-title\" or id=\"scene-1-card\" to every timeline-visible element you want agents or Studio to edit."
      },
      {
        "code": "studio_missing_editable_id",
        "severity": "warning",
        "message": "<div class=\"caption-page\" data-start=\"358.240000\"> has no id, so Studio cannot use a stable edit target for its timeline and canvas controls.",
        "selector": "[data-composition-id]",
        "dataAttributes": {},
        "sourceFile": "C:\\vox-style-xe-giay-v1-hyperframes\\hyperframes\\videos\\ban-an-935-2024-tphcm\\compositions\\caption-track.html",
        "bbox": {
          "x": 0,
          "y": 0,
          "width": 0,
          "height": 0
        },
        "time": 0,
        "fixHint": "Add a stable, human-readable id such as id=\"hero-title\" or id=\"scene-1-card\" to every timeline-visible element you want agents or Studio to edit."
      },
      {
        "code": "studio_missing_editable_id",
        "severity": "warning",
        "message": "<div class=\"caption-page\" data-start=\"359.040000\"> has no id, so Studio cannot use a stable edit target for its timeline and canvas controls.",
        "selector": "[data-composition-id]",
        "dataAttributes": {},
        "sourceFile": "C:\\vox-style-xe-giay-v1-hyperframes\\hyperframes\\videos\\ban-an-935-2024-tphcm\\compositions\\caption-track.html",
        "bbox": {
          "x": 0,
          "y": 0,
          "width": 0,
          "height": 0
        },
        "time": 0,
        "fixHint": "Add a stable, human-readable id such as id=\"hero-title\" or id=\"scene-1-card\" to every timeline-visible element you want agents or Studio to edit."
      },
      {
        "code": "studio_missing_editable_id",
        "severity": "warning",
        "message": "<div class=\"caption-page\" data-start=\"359.730000\"> has no id, so Studio cannot use a stable edit target for its timeline and canvas controls.",
        "selector": "[data-composition-id]",
        "dataAttributes": {},
        "sourceFile": "C:\\vox-style-xe-giay-v1-hyperframes\\hyperframes\\videos\\ban-an-935-2024-tphcm\\compositions\\caption-track.html",
        "bbox": {
          "x": 0,
          "y": 0,
          "width": 0,
          "height": 0
        },
        "time": 0,
        "fixHint": "Add a stable, human-readable id such as id=\"hero-title\" or id=\"scene-1-card\" to every timeline-visible element you want agents or Studio to edit."
      },
      {
        "code": "studio_missing_editable_id",
        "severity": "warning",
        "message": "<div class=\"caption-page\" data-start=\"360.590000\"> has no id, so Studio cannot use a stable edit target for its timeline and canvas controls.",
        "selector": "[data-composition-id]",
        "dataAttributes": {},
        "sourceFile": "C:\\vox-style-xe-giay-v1-hyperframes\\hyperframes\\videos\\ban-an-935-2024-tphcm\\compositions\\caption-track.html",
        "bbox": {
          "x": 0,
          "y": 0,
          "width": 0,
          "height": 0
        },
        "time": 0,
        "fixHint": "Add a stable, human-readable id such as id=\"hero-title\" or id=\"scene-1-card\" to every timeline-visible element you want agents or Studio to edit."
      },
      {
        "code": "studio_missing_editable_id",
        "severity": "warning",
        "message": "<div class=\"caption-page\" data-start=\"361.530000\"> has no id, so Studio cannot use a stable edit target for its timeline and canvas controls.",
        "selector": "[data-composition-id]",
        "dataAttributes": {},
        "sourceFile": "C:\\vox-style-xe-giay-v1-hyperframes\\hyperframes\\videos\\ban-an-935-2024-tphcm\\compositions\\caption-track.html",
        "bbox": {
          "x": 0,
          "y": 0,
          "width": 0,
          "height": 0
        },
        "time": 0,
        "fixHint": "Add a stable, human-readable id such as id=\"hero-title\" or id=\"scene-1-card\" to every timeline-visible element you want agents or Studio to edit."
      },
      {
        "code": "studio_missing_editable_id",
        "severity": "warning",
        "message": "<div class=\"caption-page\" data-start=\"361.990000\"> has no id, so Studio cannot use a stable edit target for its timeline and canvas controls.",
        "selector": "[data-composition-id]",
        "dataAttributes": {},
        "sourceFile": "C:\\vox-style-xe-giay-v1-hyperframes\\hyperframes\\videos\\ban-an-935-2024-tphcm\\compositions\\caption-track.html",
        "bbox": {
          "x": 0,
          "y": 0,
          "width": 0,
          "height": 0
        },
        "time": 0,
        "fixHint": "Add a stable, human-readable id such as id=\"hero-title\" or id=\"scene-1-card\" to every timeline-visible element you want agents or Studio to edit."
      },
      {
        "code": "studio_missing_editable_id",
        "severity": "warning",
        "message": "<div class=\"caption-page\" data-start=\"362.520000\"> has no id, so Studio cannot use a stable edit target for its timeline and canvas controls.",
        "selector": "[data-composition-id]",
        "dataAttributes": {},
        "sourceFile": "C:\\vox-style-xe-giay-v1-hyperframes\\hyperframes\\videos\\ban-an-935-2024-tphcm\\compositions\\caption-track.html",
        "bbox": {
          "x": 0,
          "y": 0,
          "width": 0,
          "height": 0
        },
        "time": 0,
        "fixHint": "Add a stable, human-readable id such as id=\"hero-title\" or id=\"scene-1-card\" to every timeline-visible element you want agents or Studio to edit."
      },
      {
        "code": "studio_missing_editable_id",
        "severity": "warning",
        "message": "<div class=\"caption-page\" data-start=\"364.000000\"> has no id, so Studio cannot use a stable edit target for its timeline and canvas controls.",
        "selector": "[data-composition-id]",
        "dataAttributes": {},
        "sourceFile": "C:\\vox-style-xe-giay-v1-hyperframes\\hyperframes\\videos\\ban-an-935-2024-tphcm\\compositions\\caption-track.html",
        "bbox": {
          "x": 0,
          "y": 0,
          "width": 0,
          "height": 0
        },
        "time": 0,
        "fixHint": "Add a stable, human-readable id such as id=\"hero-title\" or id=\"scene-1-card\" to every timeline-visible element you want agents or Studio to edit."
      },
      {
        "code": "studio_missing_editable_id",
        "severity": "warning",
        "message": "<div class=\"caption-page\" data-start=\"365.140000\"> has no id, so Studio cannot use a stable edit target for its timeline and canvas controls.",
        "selector": "[data-composition-id]",
        "dataAttributes": {},
        "sourceFile": "C:\\vox-style-xe-giay-v1-hyperframes\\hyperframes\\videos\\ban-an-935-2024-tphcm\\compositions\\caption-track.html",
        "bbox": {
          "x": 0,
          "y": 0,
          "width": 0,
          "height": 0
        },
        "time": 0,
        "fixHint": "Add a stable, human-readable id such as id=\"hero-title\" or id=\"scene-1-card\" to every timeline-visible element you want agents or Studio to edit."
      },
      {
        "code": "studio_missing_editable_id",
        "severity": "warning",
        "message": "<div class=\"caption-page\" data-start=\"366.010000\"> has no id, so Studio cannot use a stable edit target for its timeline and canvas controls.",
        "selector": "[data-composition-id]",
        "dataAttributes": {},
        "sourceFile": "C:\\vox-style-xe-giay-v1-hyperframes\\hyperframes\\videos\\ban-an-935-2024-tphcm\\compositions\\caption-track.html",
        "bbox": {
          "x": 0,
          "y": 0,
          "width": 0,
          "height": 0
        },
        "time": 0,
        "fixHint": "Add a stable, human-readable id such as id=\"hero-title\" or id=\"scene-1-card\" to every timeline-visible element you want agents or Studio to edit."
      },
      {
        "code": "studio_missing_editable_id",
        "severity": "warning",
        "message": "<div class=\"caption-page\" data-start=\"367.190000\"> has no id, so Studio cannot use a stable edit target for its timeline and canvas controls.",
        "selector": "[data-composition-id]",
        "dataAttributes": {},
        "sourceFile": "C:\\vox-style-xe-giay-v1-hyperframes\\hyperframes\\videos\\ban-an-935-2024-tphcm\\compositions\\caption-track.html",
        "bbox": {
          "x": 0,
          "y": 0,
          "width": 0,
          "height": 0
        },
        "time": 0,
        "fixHint": "Add a stable, human-readable id such as id=\"hero-title\" or id=\"scene-1-card\" to every timeline-visible element you want agents or Studio to edit."
      },
      {
        "code": "studio_missing_editable_id",
        "severity": "warning",
        "message": "<div class=\"caption-page\" data-start=\"367.710000\"> has no id, so Studio cannot use a stable edit target for its timeline and canvas controls.",
        "selector": "[data-composition-id]",
        "dataAttributes": {},
        "sourceFile": "C:\\vox-style-xe-giay-v1-hyperframes\\hyperframes\\videos\\ban-an-935-2024-tphcm\\compositions\\caption-track.html",
        "bbox": {
          "x": 0,
          "y": 0,
          "width": 0,
          "height": 0
        },
        "time": 0,
        "fixHint": "Add a stable, human-readable id such as id=\"hero-title\" or id=\"scene-1-card\" to every timeline-visible element you want agents or Studio to edit."
      },
      {
        "code": "studio_missing_editable_id",
        "severity": "warning",
        "message": "<div class=\"caption-page\" data-start=\"368.390000\"> has no id, so Studio cannot use a stable edit target for its timeline and canvas controls.",
        "selector": "[data-composition-id]",
        "dataAttributes": {},
        "sourceFile": "C:\\vox-style-xe-giay-v1-hyperframes\\hyperframes\\videos\\ban-an-935-2024-tphcm\\compositions\\caption-track.html",
        "bbox": {
          "x": 0,
          "y": 0,
          "width": 0,
          "height": 0
        },
        "time": 0,
        "fixHint": "Add a stable, human-readable id such as id=\"hero-title\" or id=\"scene-1-card\" to every timeline-visible element you want agents or Studio to edit."
      },
      {
        "code": "studio_missing_editable_id",
        "severity": "warning",
        "message": "<div class=\"caption-page\" data-start=\"369.290000\"> has no id, so Studio cannot use a stable edit target for its timeline and canvas controls.",
        "selector": "[data-composition-id]",
        "dataAttributes": {},
        "sourceFile": "C:\\vox-style-xe-giay-v1-hyperframes\\hyperframes\\videos\\ban-an-935-2024-tphcm\\compositions\\caption-track.html",
        "bbox": {
          "x": 0,
          "y": 0,
          "width": 0,
          "height": 0
        },
        "time": 0,
        "fixHint": "Add a stable, human-readable id such as id=\"hero-title\" or id=\"scene-1-card\" to every timeline-visible element you want agents or Studio to edit."
      },
      {
        "code": "studio_missing_editable_id",
        "severity": "warning",
        "message": "<div class=\"caption-page\" data-start=\"370.240000\"> has no id, so Studio cannot use a stable edit target for its timeline and canvas controls.",
        "selector": "[data-composition-id]",
        "dataAttributes": {},
        "sourceFile": "C:\\vox-style-xe-giay-v1-hyperframes\\hyperframes\\videos\\ban-an-935-2024-tphcm\\compositions\\caption-track.html",
        "bbox": {
          "x": 0,
          "y": 0,
          "width": 0,
          "height": 0
        },
        "time": 0,
        "fixHint": "Add a stable, human-readable id such as id=\"hero-title\" or id=\"scene-1-card\" to every timeline-visible element you want agents or Studio to edit."
      },
      {
        "code": "studio_missing_editable_id",
        "severity": "warning",
        "message": "<div class=\"caption-page\" data-start=\"371.170000\"> has no id, so Studio cannot use a stable edit target for its timeline and canvas controls.",
        "selector": "[data-composition-id]",
        "dataAttributes": {},
        "sourceFile": "C:\\vox-style-xe-giay-v1-hyperframes\\hyperframes\\videos\\ban-an-935-2024-tphcm\\compositions\\caption-track.html",
        "bbox": {
          "x": 0,
          "y": 0,
          "width": 0,
          "height": 0
        },
        "time": 0,
        "fixHint": "Add a stable, human-readable id such as id=\"hero-title\" or id=\"scene-1-card\" to every timeline-visible element you want agents or Studio to edit."
      },
      {
        "code": "studio_missing_editable_id",
        "severity": "warning",
        "message": "<div class=\"caption-page\" data-start=\"372.300000\"> has no id, so Studio cannot use a stable edit target for its timeline and canvas controls.",
        "selector": "[data-composition-id]",
        "dataAttributes": {},
        "sourceFile": "C:\\vox-style-xe-giay-v1-hyperframes\\hyperframes\\videos\\ban-an-935-2024-tphcm\\compositions\\caption-track.html",
        "bbox": {
          "x": 0,
          "y": 0,
          "width": 0,
          "height": 0
        },
        "time": 0,
        "fixHint": "Add a stable, human-readable id such as id=\"hero-title\" or id=\"scene-1-card\" to every timeline-visible element you want agents or Studio to edit."
      },
      {
        "code": "studio_missing_editable_id",
        "severity": "warning",
        "message": "<div class=\"caption-page\" data-start=\"373.100000\"> has no id, so Studio cannot use a stable edit target for its timeline and canvas controls.",
        "selector": "[data-composition-id]",
        "dataAttributes": {},
        "sourceFile": "C:\\vox-style-xe-giay-v1-hyperframes\\hyperframes\\videos\\ban-an-935-2024-tphcm\\compositions\\caption-track.html",
        "bbox": {
          "x": 0,
          "y": 0,
          "width": 0,
          "height": 0
        },
        "time": 0,
        "fixHint": "Add a stable, human-readable id such as id=\"hero-title\" or id=\"scene-1-card\" to every timeline-visible element you want agents or Studio to edit."
      },
      {
        "code": "studio_missing_editable_id",
        "severity": "warning",
        "message": "<div class=\"caption-page\" data-start=\"374.060000\"> has no id, so Studio cannot use a stable edit target for its timeline and canvas controls.",
        "selector": "[data-composition-id]",
        "dataAttributes": {},
        "sourceFile": "C:\\vox-style-xe-giay-v1-hyperframes\\hyperframes\\videos\\ban-an-935-2024-tphcm\\compositions\\caption-track.html",
        "bbox": {
          "x": 0,
          "y": 0,
          "width": 0,
          "height": 0
        },
        "time": 0,
        "fixHint": "Add a stable, human-readable id such as id=\"hero-title\" or id=\"scene-1-card\" to every timeline-visible element you want agents or Studio to edit."
      },
      {
        "code": "studio_missing_editable_id",
        "severity": "warning",
        "message": "<div class=\"caption-page\" data-start=\"375.180000\"> has no id, so Studio cannot use a stable edit target for its timeline and canvas controls.",
        "selector": "[data-composition-id]",
        "dataAttributes": {},
        "sourceFile": "C:\\vox-style-xe-giay-v1-hyperframes\\hyperframes\\videos\\ban-an-935-2024-tphcm\\compositions\\caption-track.html",
        "bbox": {
          "x": 0,
          "y": 0,
          "width": 0,
          "height": 0
        },
        "time": 0,
        "fixHint": "Add a stable, human-readable id such as id=\"hero-title\" or id=\"scene-1-card\" to every timeline-visible element you want agents or Studio to edit."
      },
      {
        "code": "studio_missing_editable_id",
        "severity": "warning",
        "message": "<div class=\"caption-page\" data-start=\"376.490000\"> has no id, so Studio cannot use a stable edit target for its timeline and canvas controls.",
        "selector": "[data-composition-id]",
        "dataAttributes": {},
        "sourceFile": "C:\\vox-style-xe-giay-v1-hyperframes\\hyperframes\\videos\\ban-an-935-2024-tphcm\\compositions\\caption-track.html",
        "bbox": {
          "x": 0,
          "y": 0,
          "width": 0,
          "height": 0
        },
        "time": 0,
        "fixHint": "Add a stable, human-readable id such as id=\"hero-title\" or id=\"scene-1-card\" to every timeline-visible element you want agents or Studio to edit."
      },
      {
        "code": "studio_missing_editable_id",
        "severity": "warning",
        "message": "<div class=\"caption-page\" data-start=\"377.950000\"> has no id, so Studio cannot use a stable edit target for its timeline and canvas controls.",
        "selector": "[data-composition-id]",
        "dataAttributes": {},
        "sourceFile": "C:\\vox-style-xe-giay-v1-hyperframes\\hyperframes\\videos\\ban-an-935-2024-tphcm\\compositions\\caption-track.html",
        "bbox": {
          "x": 0,
          "y": 0,
          "width": 0,
          "height": 0
        },
        "time": 0,
        "fixHint": "Add a stable, human-readable id such as id=\"hero-title\" or id=\"scene-1-card\" to every timeline-visible element you want agents or Studio to edit."
      },
      {
        "code": "studio_missing_editable_id",
        "severity": "warning",
        "message": "<div class=\"caption-page\" data-start=\"379.200000\"> has no id, so Studio cannot use a stable edit target for its timeline and canvas controls.",
        "selector": "[data-composition-id]",
        "dataAttributes": {},
        "sourceFile": "C:\\vox-style-xe-giay-v1-hyperframes\\hyperframes\\videos\\ban-an-935-2024-tphcm\\compositions\\caption-track.html",
        "bbox": {
          "x": 0,
          "y": 0,
          "width": 0,
          "height": 0
        },
        "time": 0,
        "fixHint": "Add a stable, human-readable id such as id=\"hero-title\" or id=\"scene-1-card\" to every timeline-visible element you want agents or Studio to edit."
      },
      {
        "code": "studio_missing_editable_id",
        "severity": "warning",
        "message": "<div class=\"caption-page\" data-start=\"380.170000\"> has no id, so Studio cannot use a stable edit target for its timeline and canvas controls.",
        "selector": "[data-composition-id]",
        "dataAttributes": {},
        "sourceFile": "C:\\vox-style-xe-giay-v1-hyperframes\\hyperframes\\videos\\ban-an-935-2024-tphcm\\compositions\\caption-track.html",
        "bbox": {
          "x": 0,
          "y": 0,
          "width": 0,
          "height": 0
        },
        "time": 0,
        "fixHint": "Add a stable, human-readable id such as id=\"hero-title\" or id=\"scene-1-card\" to every timeline-visible element you want agents or Studio to edit."
      },
      {
        "code": "studio_missing_editable_id",
        "severity": "warning",
        "message": "<div class=\"caption-page\" data-start=\"381.720000\"> has no id, so Studio cannot use a stable edit target for its timeline and canvas controls.",
        "selector": "[data-composition-id]",
        "dataAttributes": {},
        "sourceFile": "C:\\vox-style-xe-giay-v1-hyperframes\\hyperframes\\videos\\ban-an-935-2024-tphcm\\compositions\\caption-track.html",
        "bbox": {
          "x": 0,
          "y": 0,
          "width": 0,
          "height": 0
        },
        "time": 0,
        "fixHint": "Add a stable, human-readable id such as id=\"hero-title\" or id=\"scene-1-card\" to every timeline-visible element you want agents or Studio to edit."
      },
      {
        "code": "studio_missing_editable_id",
        "severity": "warning",
        "message": "<div class=\"caption-page\" data-start=\"383.190000\"> has no id, so Studio cannot use a stable edit target for its timeline and canvas controls.",
        "selector": "[data-composition-id]",
        "dataAttributes": {},
        "sourceFile": "C:\\vox-style-xe-giay-v1-hyperframes\\hyperframes\\videos\\ban-an-935-2024-tphcm\\compositions\\caption-track.html",
        "bbox": {
          "x": 0,
          "y": 0,
          "width": 0,
          "height": 0
        },
        "time": 0,
        "fixHint": "Add a stable, human-readable id such as id=\"hero-title\" or id=\"scene-1-card\" to every timeline-visible element you want agents or Studio to edit."
      },
      {
        "code": "studio_missing_editable_id",
        "severity": "warning",
        "message": "<div class=\"caption-page\" data-start=\"385.120000\"> has no id, so Studio cannot use a stable edit target for its timeline and canvas controls.",
        "selector": "[data-composition-id]",
        "dataAttributes": {},
        "sourceFile": "C:\\vox-style-xe-giay-v1-hyperframes\\hyperframes\\videos\\ban-an-935-2024-tphcm\\compositions\\caption-track.html",
        "bbox": {
          "x": 0,
          "y": 0,
          "width": 0,
          "height": 0
        },
        "time": 0,
        "fixHint": "Add a stable, human-readable id such as id=\"hero-title\" or id=\"scene-1-card\" to every timeline-visible element you want agents or Studio to edit."
      },
      {
        "code": "studio_missing_editable_id",
        "severity": "warning",
        "message": "<div class=\"caption-page\" data-start=\"386.240000\"> has no id, so Studio cannot use a stable edit target for its timeline and canvas controls.",
        "selector": "[data-composition-id]",
        "dataAttributes": {},
        "sourceFile": "C:\\vox-style-xe-giay-v1-hyperframes\\hyperframes\\videos\\ban-an-935-2024-tphcm\\compositions\\caption-track.html",
        "bbox": {
          "x": 0,
          "y": 0,
          "width": 0,
          "height": 0
        },
        "time": 0,
        "fixHint": "Add a stable, human-readable id such as id=\"hero-title\" or id=\"scene-1-card\" to every timeline-visible element you want agents or Studio to edit."
      },
      {
        "code": "studio_missing_editable_id",
        "severity": "warning",
        "message": "<div class=\"caption-page\" data-start=\"387.290000\"> has no id, so Studio cannot use a stable edit target for its timeline and canvas controls.",
        "selector": "[data-composition-id]",
        "dataAttributes": {},
        "sourceFile": "C:\\vox-style-xe-giay-v1-hyperframes\\hyperframes\\videos\\ban-an-935-2024-tphcm\\compositions\\caption-track.html",
        "bbox": {
          "x": 0,
          "y": 0,
          "width": 0,
          "height": 0
        },
        "time": 0,
        "fixHint": "Add a stable, human-readable id such as id=\"hero-title\" or id=\"scene-1-card\" to every timeline-visible element you want agents or Studio to edit."
      },
      {
        "code": "studio_missing_editable_id",
        "severity": "warning",
        "message": "<div class=\"caption-page\" data-start=\"388.540000\"> has no id, so Studio cannot use a stable edit target for its timeline and canvas controls.",
        "selector": "[data-composition-id]",
        "dataAttributes": {},
        "sourceFile": "C:\\vox-style-xe-giay-v1-hyperframes\\hyperframes\\videos\\ban-an-935-2024-tphcm\\compositions\\caption-track.html",
        "bbox": {
          "x": 0,
          "y": 0,
          "width": 0,
          "height": 0
        },
        "time": 0,
        "fixHint": "Add a stable, human-readable id such as id=\"hero-title\" or id=\"scene-1-card\" to every timeline-visible element you want agents or Studio to edit."
      },
      {
        "code": "studio_missing_editable_id",
        "severity": "warning",
        "message": "<div class=\"caption-page\" data-start=\"389.990000\"> has no id, so Studio cannot use a stable edit target for its timeline and canvas controls.",
        "selector": "[data-composition-id]",
        "dataAttributes": {},
        "sourceFile": "C:\\vox-style-xe-giay-v1-hyperframes\\hyperframes\\videos\\ban-an-935-2024-tphcm\\compositions\\caption-track.html",
        "bbox": {
          "x": 0,
          "y": 0,
          "width": 0,
          "height": 0
        },
        "time": 0,
        "fixHint": "Add a stable, human-readable id such as id=\"hero-title\" or id=\"scene-1-card\" to every timeline-visible element you want agents or Studio to edit."
      },
      {
        "code": "studio_missing_editable_id",
        "severity": "warning",
        "message": "<div class=\"caption-page\" data-start=\"390.400000\"> has no id, so Studio cannot use a stable edit target for its timeline and canvas controls.",
        "selector": "[data-composition-id]",
        "dataAttributes": {},
        "sourceFile": "C:\\vox-style-xe-giay-v1-hyperframes\\hyperframes\\videos\\ban-an-935-2024-tphcm\\compositions\\caption-track.html",
        "bbox": {
          "x": 0,
          "y": 0,
          "width": 0,
          "height": 0
        },
        "time": 0,
        "fixHint": "Add a stable, human-readable id such as id=\"hero-title\" or id=\"scene-1-card\" to every timeline-visible element you want agents or Studio to edit."
      },
      {
        "code": "studio_missing_editable_id",
        "severity": "warning",
        "message": "<div class=\"caption-page\" data-start=\"390.650000\"> has no id, so Studio cannot use a stable edit target for its timeline and canvas controls.",
        "selector": "[data-composition-id]",
        "dataAttributes": {},
        "sourceFile": "C:\\vox-style-xe-giay-v1-hyperframes\\hyperframes\\videos\\ban-an-935-2024-tphcm\\compositions\\caption-track.html",
        "bbox": {
          "x": 0,
          "y": 0,
          "width": 0,
          "height": 0
        },
        "time": 0,
        "fixHint": "Add a stable, human-readable id such as id=\"hero-title\" or id=\"scene-1-card\" to every timeline-visible element you want agents or Studio to edit."
      },
      {
        "code": "studio_missing_editable_id",
        "severity": "warning",
        "message": "<div class=\"caption-page\" data-start=\"391.090000\"> has no id, so Studio cannot use a stable edit target for its timeline and canvas controls.",
        "selector": "[data-composition-id]",
        "dataAttributes": {},
        "sourceFile": "C:\\vox-style-xe-giay-v1-hyperframes\\hyperframes\\videos\\ban-an-935-2024-tphcm\\compositions\\caption-track.html",
        "bbox": {
          "x": 0,
          "y": 0,
          "width": 0,
          "height": 0
        },
        "time": 0,
        "fixHint": "Add a stable, human-readable id such as id=\"hero-title\" or id=\"scene-1-card\" to every timeline-visible element you want agents or Studio to edit."
      },
      {
        "code": "studio_missing_editable_id",
        "severity": "warning",
        "message": "<div class=\"caption-page\" data-start=\"391.540000\"> has no id, so Studio cannot use a stable edit target for its timeline and canvas controls.",
        "selector": "[data-composition-id]",
        "dataAttributes": {},
        "sourceFile": "C:\\vox-style-xe-giay-v1-hyperframes\\hyperframes\\videos\\ban-an-935-2024-tphcm\\compositions\\caption-track.html",
        "bbox": {
          "x": 0,
          "y": 0,
          "width": 0,
          "height": 0
        },
        "time": 0,
        "fixHint": "Add a stable, human-readable id such as id=\"hero-title\" or id=\"scene-1-card\" to every timeline-visible element you want agents or Studio to edit."
      },
      {
        "code": "studio_missing_editable_id",
        "severity": "warning",
        "message": "<div class=\"caption-page\" data-start=\"393.050000\"> has no id, so Studio cannot use a stable edit target for its timeline and canvas controls.",
        "selector": "[data-composition-id]",
        "dataAttributes": {},
        "sourceFile": "C:\\vox-style-xe-giay-v1-hyperframes\\hyperframes\\videos\\ban-an-935-2024-tphcm\\compositions\\caption-track.html",
        "bbox": {
          "x": 0,
          "y": 0,
          "width": 0,
          "height": 0
        },
        "time": 0,
        "fixHint": "Add a stable, human-readable id such as id=\"hero-title\" or id=\"scene-1-card\" to every timeline-visible element you want agents or Studio to edit."
      },
      {
        "code": "studio_missing_editable_id",
        "severity": "warning",
        "message": "<div class=\"caption-page\" data-start=\"394.050000\"> has no id, so Studio cannot use a stable edit target for its timeline and canvas controls.",
        "selector": "[data-composition-id]",
        "dataAttributes": {},
        "sourceFile": "C:\\vox-style-xe-giay-v1-hyperframes\\hyperframes\\videos\\ban-an-935-2024-tphcm\\compositions\\caption-track.html",
        "bbox": {
          "x": 0,
          "y": 0,
          "width": 0,
          "height": 0
        },
        "time": 0,
        "fixHint": "Add a stable, human-readable id such as id=\"hero-title\" or id=\"scene-1-card\" to every timeline-visible element you want agents or Studio to edit."
      },
      {
        "code": "studio_missing_editable_id",
        "severity": "warning",
        "message": "<div class=\"caption-page\" data-start=\"395.060000\"> has no id, so Studio cannot use a stable edit target for its timeline and canvas controls.",
        "selector": "[data-composition-id]",
        "dataAttributes": {},
        "sourceFile": "C:\\vox-style-xe-giay-v1-hyperframes\\hyperframes\\videos\\ban-an-935-2024-tphcm\\compositions\\caption-track.html",
        "bbox": {
          "x": 0,
          "y": 0,
          "width": 0,
          "height": 0
        },
        "time": 0,
        "fixHint": "Add a stable, human-readable id such as id=\"hero-title\" or id=\"scene-1-card\" to every timeline-visible element you want agents or Studio to edit."
      },
      {
        "code": "studio_missing_editable_id",
        "severity": "warning",
        "message": "<div class=\"caption-page\" data-start=\"396.240000\"> has no id, so Studio cannot use a stable edit target for its timeline and canvas controls.",
        "selector": "[data-composition-id]",
        "dataAttributes": {},
        "sourceFile": "C:\\vox-style-xe-giay-v1-hyperframes\\hyperframes\\videos\\ban-an-935-2024-tphcm\\compositions\\caption-track.html",
        "bbox": {
          "x": 0,
          "y": 0,
          "width": 0,
          "height": 0
        },
        "time": 0,
        "fixHint": "Add a stable, human-readable id such as id=\"hero-title\" or id=\"scene-1-card\" to every timeline-visible element you want agents or Studio to edit."
      },
      {
        "code": "studio_missing_editable_id",
        "severity": "warning",
        "message": "<div class=\"caption-page\" data-start=\"396.950000\"> has no id, so Studio cannot use a stable edit target for its timeline and canvas controls.",
        "selector": "[data-composition-id]",
        "dataAttributes": {},
        "sourceFile": "C:\\vox-style-xe-giay-v1-hyperframes\\hyperframes\\videos\\ban-an-935-2024-tphcm\\compositions\\caption-track.html",
        "bbox": {
          "x": 0,
          "y": 0,
          "width": 0,
          "height": 0
        },
        "time": 0,
        "fixHint": "Add a stable, human-readable id such as id=\"hero-title\" or id=\"scene-1-card\" to every timeline-visible element you want agents or Studio to edit."
      },
      {
        "code": "studio_missing_editable_id",
        "severity": "warning",
        "message": "<div class=\"caption-page\" data-start=\"398.000000\"> has no id, so Studio cannot use a stable edit target for its timeline and canvas controls.",
        "selector": "[data-composition-id]",
        "dataAttributes": {},
        "sourceFile": "C:\\vox-style-xe-giay-v1-hyperframes\\hyperframes\\videos\\ban-an-935-2024-tphcm\\compositions\\caption-track.html",
        "bbox": {
          "x": 0,
          "y": 0,
          "width": 0,
          "height": 0
        },
        "time": 0,
        "fixHint": "Add a stable, human-readable id such as id=\"hero-title\" or id=\"scene-1-card\" to every timeline-visible element you want agents or Studio to edit."
      },
      {
        "code": "studio_missing_editable_id",
        "severity": "warning",
        "message": "<div class=\"caption-page\" data-start=\"399.150000\"> has no id, so Studio cannot use a stable edit target for its timeline and canvas controls.",
        "selector": "[data-composition-id]",
        "dataAttributes": {},
        "sourceFile": "C:\\vox-style-xe-giay-v1-hyperframes\\hyperframes\\videos\\ban-an-935-2024-tphcm\\compositions\\caption-track.html",
        "bbox": {
          "x": 0,
          "y": 0,
          "width": 0,
          "height": 0
        },
        "time": 0,
        "fixHint": "Add a stable, human-readable id such as id=\"hero-title\" or id=\"scene-1-card\" to every timeline-visible element you want agents or Studio to edit."
      },
      {
        "code": "studio_missing_editable_id",
        "severity": "warning",
        "message": "<div class=\"caption-page\" data-start=\"400.020000\"> has no id, so Studio cannot use a stable edit target for its timeline and canvas controls.",
        "selector": "[data-composition-id]",
        "dataAttributes": {},
        "sourceFile": "C:\\vox-style-xe-giay-v1-hyperframes\\hyperframes\\videos\\ban-an-935-2024-tphcm\\compositions\\caption-track.html",
        "bbox": {
          "x": 0,
          "y": 0,
          "width": 0,
          "height": 0
        },
        "time": 0,
        "fixHint": "Add a stable, human-readable id such as id=\"hero-title\" or id=\"scene-1-card\" to every timeline-visible element you want agents or Studio to edit."
      },
      {
        "code": "studio_missing_editable_id",
        "severity": "warning",
        "message": "<div class=\"caption-page\" data-start=\"400.680000\"> has no id, so Studio cannot use a stable edit target for its timeline and canvas controls.",
        "selector": "[data-composition-id]",
        "dataAttributes": {},
        "sourceFile": "C:\\vox-style-xe-giay-v1-hyperframes\\hyperframes\\videos\\ban-an-935-2024-tphcm\\compositions\\caption-track.html",
        "bbox": {
          "x": 0,
          "y": 0,
          "width": 0,
          "height": 0
        },
        "time": 0,
        "fixHint": "Add a stable, human-readable id such as id=\"hero-title\" or id=\"scene-1-card\" to every timeline-visible element you want agents or Studio to edit."
      },
      {
        "code": "studio_missing_editable_id",
        "severity": "warning",
        "message": "<div class=\"caption-page\" data-start=\"401.850000\"> has no id, so Studio cannot use a stable edit target for its timeline and canvas controls.",
        "selector": "[data-composition-id]",
        "dataAttributes": {},
        "sourceFile": "C:\\vox-style-xe-giay-v1-hyperframes\\hyperframes\\videos\\ban-an-935-2024-tphcm\\compositions\\caption-track.html",
        "bbox": {
          "x": 0,
          "y": 0,
          "width": 0,
          "height": 0
        },
        "time": 0,
        "fixHint": "Add a stable, human-readable id such as id=\"hero-title\" or id=\"scene-1-card\" to every timeline-visible element you want agents or Studio to edit."
      },
      {
        "code": "studio_missing_editable_id",
        "severity": "warning",
        "message": "<div class=\"caption-page\" data-start=\"402.830000\"> has no id, so Studio cannot use a stable edit target for its timeline and canvas controls.",
        "selector": "[data-composition-id]",
        "dataAttributes": {},
        "sourceFile": "C:\\vox-style-xe-giay-v1-hyperframes\\hyperframes\\videos\\ban-an-935-2024-tphcm\\compositions\\caption-track.html",
        "bbox": {
          "x": 0,
          "y": 0,
          "width": 0,
          "height": 0
        },
        "time": 0,
        "fixHint": "Add a stable, human-readable id such as id=\"hero-title\" or id=\"scene-1-card\" to every timeline-visible element you want agents or Studio to edit."
      },
      {
        "code": "studio_missing_editable_id",
        "severity": "warning",
        "message": "<div class=\"caption-page\" data-start=\"403.630000\"> has no id, so Studio cannot use a stable edit target for its timeline and canvas controls.",
        "selector": "[data-composition-id]",
        "dataAttributes": {},
        "sourceFile": "C:\\vox-style-xe-giay-v1-hyperframes\\hyperframes\\videos\\ban-an-935-2024-tphcm\\compositions\\caption-track.html",
        "bbox": {
          "x": 0,
          "y": 0,
          "width": 0,
          "height": 0
        },
        "time": 0,
        "fixHint": "Add a stable, human-readable id such as id=\"hero-title\" or id=\"scene-1-card\" to every timeline-visible element you want agents or Studio to edit."
      },
      {
        "code": "studio_missing_editable_id",
        "severity": "warning",
        "message": "<div class=\"caption-page\" data-start=\"404.390000\"> has no id, so Studio cannot use a stable edit target for its timeline and canvas controls.",
        "selector": "[data-composition-id]",
        "dataAttributes": {},
        "sourceFile": "C:\\vox-style-xe-giay-v1-hyperframes\\hyperframes\\videos\\ban-an-935-2024-tphcm\\compositions\\caption-track.html",
        "bbox": {
          "x": 0,
          "y": 0,
          "width": 0,
          "height": 0
        },
        "time": 0,
        "fixHint": "Add a stable, human-readable id such as id=\"hero-title\" or id=\"scene-1-card\" to every timeline-visible element you want agents or Studio to edit."
      },
      {
        "code": "studio_missing_editable_id",
        "severity": "warning",
        "message": "<div class=\"caption-page\" data-start=\"404.710000\"> has no id, so Studio cannot use a stable edit target for its timeline and canvas controls.",
        "selector": "[data-composition-id]",
        "dataAttributes": {},
        "sourceFile": "C:\\vox-style-xe-giay-v1-hyperframes\\hyperframes\\videos\\ban-an-935-2024-tphcm\\compositions\\caption-track.html",
        "bbox": {
          "x": 0,
          "y": 0,
          "width": 0,
          "height": 0
        },
        "time": 0,
        "fixHint": "Add a stable, human-readable id such as id=\"hero-title\" or id=\"scene-1-card\" to every timeline-visible element you want agents or Studio to edit."
      },
      {
        "code": "studio_missing_editable_id",
        "severity": "warning",
        "message": "<div class=\"caption-page\" data-start=\"405.730000\"> has no id, so Studio cannot use a stable edit target for its timeline and canvas controls.",
        "selector": "[data-composition-id]",
        "dataAttributes": {},
        "sourceFile": "C:\\vox-style-xe-giay-v1-hyperframes\\hyperframes\\videos\\ban-an-935-2024-tphcm\\compositions\\caption-track.html",
        "bbox": {
          "x": 0,
          "y": 0,
          "width": 0,
          "height": 0
        },
        "time": 0,
        "fixHint": "Add a stable, human-readable id such as id=\"hero-title\" or id=\"scene-1-card\" to every timeline-visible element you want agents or Studio to edit."
      },
      {
        "code": "studio_missing_editable_id",
        "severity": "warning",
        "message": "<div class=\"caption-page\" data-start=\"406.690000\"> has no id, so Studio cannot use a stable edit target for its timeline and canvas controls.",
        "selector": "[data-composition-id]",
        "dataAttributes": {},
        "sourceFile": "C:\\vox-style-xe-giay-v1-hyperframes\\hyperframes\\videos\\ban-an-935-2024-tphcm\\compositions\\caption-track.html",
        "bbox": {
          "x": 0,
          "y": 0,
          "width": 0,
          "height": 0
        },
        "time": 0,
        "fixHint": "Add a stable, human-readable id such as id=\"hero-title\" or id=\"scene-1-card\" to every timeline-visible element you want agents or Studio to edit."
      },
      {
        "code": "studio_missing_editable_id",
        "severity": "warning",
        "message": "<div class=\"caption-page\" data-start=\"407.610000\"> has no id, so Studio cannot use a stable edit target for its timeline and canvas controls.",
        "selector": "[data-composition-id]",
        "dataAttributes": {},
        "sourceFile": "C:\\vox-style-xe-giay-v1-hyperframes\\hyperframes\\videos\\ban-an-935-2024-tphcm\\compositions\\caption-track.html",
        "bbox": {
          "x": 0,
          "y": 0,
          "width": 0,
          "height": 0
        },
        "time": 0,
        "fixHint": "Add a stable, human-readable id such as id=\"hero-title\" or id=\"scene-1-card\" to every timeline-visible element you want agents or Studio to edit."
      },
      {
        "code": "studio_missing_editable_id",
        "severity": "warning",
        "message": "<div class=\"caption-page\" data-start=\"409.100000\"> has no id, so Studio cannot use a stable edit target for its timeline and canvas controls.",
        "selector": "[data-composition-id]",
        "dataAttributes": {},
        "sourceFile": "C:\\vox-style-xe-giay-v1-hyperframes\\hyperframes\\videos\\ban-an-935-2024-tphcm\\compositions\\caption-track.html",
        "bbox": {
          "x": 0,
          "y": 0,
          "width": 0,
          "height": 0
        },
        "time": 0,
        "fixHint": "Add a stable, human-readable id such as id=\"hero-title\" or id=\"scene-1-card\" to every timeline-visible element you want agents or Studio to edit."
      },
      {
        "code": "studio_missing_editable_id",
        "severity": "warning",
        "message": "<div class=\"caption-page\" data-start=\"410.120000\"> has no id, so Studio cannot use a stable edit target for its timeline and canvas controls.",
        "selector": "[data-composition-id]",
        "dataAttributes": {},
        "sourceFile": "C:\\vox-style-xe-giay-v1-hyperframes\\hyperframes\\videos\\ban-an-935-2024-tphcm\\compositions\\caption-track.html",
        "bbox": {
          "x": 0,
          "y": 0,
          "width": 0,
          "height": 0
        },
        "time": 0,
        "fixHint": "Add a stable, human-readable id such as id=\"hero-title\" or id=\"scene-1-card\" to every timeline-visible element you want agents or Studio to edit."
      },
      {
        "code": "studio_missing_editable_id",
        "severity": "warning",
        "message": "<div class=\"caption-page\" data-start=\"411.460000\"> has no id, so Studio cannot use a stable edit target for its timeline and canvas controls.",
        "selector": "[data-composition-id]",
        "dataAttributes": {},
        "sourceFile": "C:\\vox-style-xe-giay-v1-hyperframes\\hyperframes\\videos\\ban-an-935-2024-tphcm\\compositions\\caption-track.html",
        "bbox": {
          "x": 0,
          "y": 0,
          "width": 0,
          "height": 0
        },
        "time": 0,
        "fixHint": "Add a stable, human-readable id such as id=\"hero-title\" or id=\"scene-1-card\" to every timeline-visible element you want agents or Studio to edit."
      },
      {
        "code": "studio_missing_editable_id",
        "severity": "warning",
        "message": "<div class=\"caption-page\" data-start=\"412.620000\"> has no id, so Studio cannot use a stable edit target for its timeline and canvas controls.",
        "selector": "[data-composition-id]",
        "dataAttributes": {},
        "sourceFile": "C:\\vox-style-xe-giay-v1-hyperframes\\hyperframes\\videos\\ban-an-935-2024-tphcm\\compositions\\caption-track.html",
        "bbox": {
          "x": 0,
          "y": 0,
          "width": 0,
          "height": 0
        },
        "time": 0,
        "fixHint": "Add a stable, human-readable id such as id=\"hero-title\" or id=\"scene-1-card\" to every timeline-visible element you want agents or Studio to edit."
      },
      {
        "code": "studio_missing_editable_id",
        "severity": "warning",
        "message": "<div class=\"caption-page\" data-start=\"413.620000\"> has no id, so Studio cannot use a stable edit target for its timeline and canvas controls.",
        "selector": "[data-composition-id]",
        "dataAttributes": {},
        "sourceFile": "C:\\vox-style-xe-giay-v1-hyperframes\\hyperframes\\videos\\ban-an-935-2024-tphcm\\compositions\\caption-track.html",
        "bbox": {
          "x": 0,
          "y": 0,
          "width": 0,
          "height": 0
        },
        "time": 0,
        "fixHint": "Add a stable, human-readable id such as id=\"hero-title\" or id=\"scene-1-card\" to every timeline-visible element you want agents or Studio to edit."
      },
      {
        "code": "studio_missing_editable_id",
        "severity": "warning",
        "message": "<div class=\"caption-page\" data-start=\"414.490000\"> has no id, so Studio cannot use a stable edit target for its timeline and canvas controls.",
        "selector": "[data-composition-id]",
        "dataAttributes": {},
        "sourceFile": "C:\\vox-style-xe-giay-v1-hyperframes\\hyperframes\\videos\\ban-an-935-2024-tphcm\\compositions\\caption-track.html",
        "bbox": {
          "x": 0,
          "y": 0,
          "width": 0,
          "height": 0
        },
        "time": 0,
        "fixHint": "Add a stable, human-readable id such as id=\"hero-title\" or id=\"scene-1-card\" to every timeline-visible element you want agents or Studio to edit."
      },
      {
        "code": "studio_missing_editable_id",
        "severity": "warning",
        "message": "<div class=\"caption-page\" data-start=\"415.740000\"> has no id, so Studio cannot use a stable edit target for its timeline and canvas controls.",
        "selector": "[data-composition-id]",
        "dataAttributes": {},
        "sourceFile": "C:\\vox-style-xe-giay-v1-hyperframes\\hyperframes\\videos\\ban-an-935-2024-tphcm\\compositions\\caption-track.html",
        "bbox": {
          "x": 0,
          "y": 0,
          "width": 0,
          "height": 0
        },
        "time": 0,
        "fixHint": "Add a stable, human-readable id such as id=\"hero-title\" or id=\"scene-1-card\" to every timeline-visible element you want agents or Studio to edit."
      },
      {
        "code": "studio_missing_editable_id",
        "severity": "warning",
        "message": "<div class=\"caption-page\" data-start=\"416.490000\"> has no id, so Studio cannot use a stable edit target for its timeline and canvas controls.",
        "selector": "[data-composition-id]",
        "dataAttributes": {},
        "sourceFile": "C:\\vox-style-xe-giay-v1-hyperframes\\hyperframes\\videos\\ban-an-935-2024-tphcm\\compositions\\caption-track.html",
        "bbox": {
          "x": 0,
          "y": 0,
          "width": 0,
          "height": 0
        },
        "time": 0,
        "fixHint": "Add a stable, human-readable id such as id=\"hero-title\" or id=\"scene-1-card\" to every timeline-visible element you want agents or Studio to edit."
      },
      {
        "code": "studio_missing_editable_id",
        "severity": "warning",
        "message": "<div class=\"caption-page\" data-start=\"417.550000\"> has no id, so Studio cannot use a stable edit target for its timeline and canvas controls.",
        "selector": "[data-composition-id]",
        "dataAttributes": {},
        "sourceFile": "C:\\vox-style-xe-giay-v1-hyperframes\\hyperframes\\videos\\ban-an-935-2024-tphcm\\compositions\\caption-track.html",
        "bbox": {
          "x": 0,
          "y": 0,
          "width": 0,
          "height": 0
        },
        "time": 0,
        "fixHint": "Add a stable, human-readable id such as id=\"hero-title\" or id=\"scene-1-card\" to every timeline-visible element you want agents or Studio to edit."
      },
      {
        "code": "studio_missing_editable_id",
        "severity": "warning",
        "message": "<div class=\"caption-page\" data-start=\"419.310000\"> has no id, so Studio cannot use a stable edit target for its timeline and canvas controls.",
        "selector": "[data-composition-id]",
        "dataAttributes": {},
        "sourceFile": "C:\\vox-style-xe-giay-v1-hyperframes\\hyperframes\\videos\\ban-an-935-2024-tphcm\\compositions\\caption-track.html",
        "bbox": {
          "x": 0,
          "y": 0,
          "width": 0,
          "height": 0
        },
        "time": 0,
        "fixHint": "Add a stable, human-readable id such as id=\"hero-title\" or id=\"scene-1-card\" to every timeline-visible element you want agents or Studio to edit."
      },
      {
        "code": "studio_missing_editable_id",
        "severity": "warning",
        "message": "<div class=\"caption-page\" data-start=\"420.310000\"> has no id, so Studio cannot use a stable edit target for its timeline and canvas controls.",
        "selector": "[data-composition-id]",
        "dataAttributes": {},
        "sourceFile": "C:\\vox-style-xe-giay-v1-hyperframes\\hyperframes\\videos\\ban-an-935-2024-tphcm\\compositions\\caption-track.html",
        "bbox": {
          "x": 0,
          "y": 0,
          "width": 0,
          "height": 0
        },
        "time": 0,
        "fixHint": "Add a stable, human-readable id such as id=\"hero-title\" or id=\"scene-1-card\" to every timeline-visible element you want agents or Studio to edit."
      },
      {
        "code": "studio_missing_editable_id",
        "severity": "warning",
        "message": "<div class=\"caption-page\" data-start=\"421.180000\"> has no id, so Studio cannot use a stable edit target for its timeline and canvas controls.",
        "selector": "[data-composition-id]",
        "dataAttributes": {},
        "sourceFile": "C:\\vox-style-xe-giay-v1-hyperframes\\hyperframes\\videos\\ban-an-935-2024-tphcm\\compositions\\caption-track.html",
        "bbox": {
          "x": 0,
          "y": 0,
          "width": 0,
          "height": 0
        },
        "time": 0,
        "fixHint": "Add a stable, human-readable id such as id=\"hero-title\" or id=\"scene-1-card\" to every timeline-visible element you want agents or Studio to edit."
      },
      {
        "code": "studio_missing_editable_id",
        "severity": "warning",
        "message": "<div class=\"caption-page\" data-start=\"423.000000\"> has no id, so Studio cannot use a stable edit target for its timeline and canvas controls.",
        "selector": "[data-composition-id]",
        "dataAttributes": {},
        "sourceFile": "C:\\vox-style-xe-giay-v1-hyperframes\\hyperframes\\videos\\ban-an-935-2024-tphcm\\compositions\\caption-track.html",
        "bbox": {
          "x": 0,
          "y": 0,
          "width": 0,
          "height": 0
        },
        "time": 0,
        "fixHint": "Add a stable, human-readable id such as id=\"hero-title\" or id=\"scene-1-card\" to every timeline-visible element you want agents or Studio to edit."
      },
      {
        "code": "studio_missing_editable_id",
        "severity": "warning",
        "message": "<div class=\"caption-page\" data-start=\"423.440000\"> has no id, so Studio cannot use a stable edit target for its timeline and canvas controls.",
        "selector": "[data-composition-id]",
        "dataAttributes": {},
        "sourceFile": "C:\\vox-style-xe-giay-v1-hyperframes\\hyperframes\\videos\\ban-an-935-2024-tphcm\\compositions\\caption-track.html",
        "bbox": {
          "x": 0,
          "y": 0,
          "width": 0,
          "height": 0
        },
        "time": 0,
        "fixHint": "Add a stable, human-readable id such as id=\"hero-title\" or id=\"scene-1-card\" to every timeline-visible element you want agents or Studio to edit."
      },
      {
        "code": "studio_missing_editable_id",
        "severity": "warning",
        "message": "<div class=\"caption-page\" data-start=\"423.930000\"> has no id, so Studio cannot use a stable edit target for its timeline and canvas controls.",
        "selector": "[data-composition-id]",
        "dataAttributes": {},
        "sourceFile": "C:\\vox-style-xe-giay-v1-hyperframes\\hyperframes\\videos\\ban-an-935-2024-tphcm\\compositions\\caption-track.html",
        "bbox": {
          "x": 0,
          "y": 0,
          "width": 0,
          "height": 0
        },
        "time": 0,
        "fixHint": "Add a stable, human-readable id such as id=\"hero-title\" or id=\"scene-1-card\" to every timeline-visible element you want agents or Studio to edit."
      },
      {
        "code": "studio_missing_editable_id",
        "severity": "warning",
        "message": "<div class=\"caption-page\" data-start=\"424.220000\"> has no id, so Studio cannot use a stable edit target for its timeline and canvas controls.",
        "selector": "[data-composition-id]",
        "dataAttributes": {},
        "sourceFile": "C:\\vox-style-xe-giay-v1-hyperframes\\hyperframes\\videos\\ban-an-935-2024-tphcm\\compositions\\caption-track.html",
        "bbox": {
          "x": 0,
          "y": 0,
          "width": 0,
          "height": 0
        },
        "time": 0,
        "fixHint": "Add a stable, human-readable id such as id=\"hero-title\" or id=\"scene-1-card\" to every timeline-visible element you want agents or Studio to edit."
      },
      {
        "code": "studio_missing_editable_id",
        "severity": "warning",
        "message": "<div class=\"caption-page\" data-start=\"424.580000\"> has no id, so Studio cannot use a stable edit target for its timeline and canvas controls.",
        "selector": "[data-composition-id]",
        "dataAttributes": {},
        "sourceFile": "C:\\vox-style-xe-giay-v1-hyperframes\\hyperframes\\videos\\ban-an-935-2024-tphcm\\compositions\\caption-track.html",
        "bbox": {
          "x": 0,
          "y": 0,
          "width": 0,
          "height": 0
        },
        "time": 0,
        "fixHint": "Add a stable, human-readable id such as id=\"hero-title\" or id=\"scene-1-card\" to every timeline-visible element you want agents or Studio to edit."
      },
      {
        "code": "studio_missing_editable_id",
        "severity": "warning",
        "message": "<div class=\"caption-page\" data-start=\"425.080000\"> has no id, so Studio cannot use a stable edit target for its timeline and canvas controls.",
        "selector": "[data-composition-id]",
        "dataAttributes": {},
        "sourceFile": "C:\\vox-style-xe-giay-v1-hyperframes\\hyperframes\\videos\\ban-an-935-2024-tphcm\\compositions\\caption-track.html",
        "bbox": {
          "x": 0,
          "y": 0,
          "width": 0,
          "height": 0
        },
        "time": 0,
        "fixHint": "Add a stable, human-readable id such as id=\"hero-title\" or id=\"scene-1-card\" to every timeline-visible element you want agents or Studio to edit."
      },
      {
        "code": "studio_missing_editable_id",
        "severity": "warning",
        "message": "<div class=\"caption-page\" data-start=\"425.920000\"> has no id, so Studio cannot use a stable edit target for its timeline and canvas controls.",
        "selector": "[data-composition-id]",
        "dataAttributes": {},
        "sourceFile": "C:\\vox-style-xe-giay-v1-hyperframes\\hyperframes\\videos\\ban-an-935-2024-tphcm\\compositions\\caption-track.html",
        "bbox": {
          "x": 0,
          "y": 0,
          "width": 0,
          "height": 0
        },
        "time": 0,
        "fixHint": "Add a stable, human-readable id such as id=\"hero-title\" or id=\"scene-1-card\" to every timeline-visible element you want agents or Studio to edit."
      },
      {
        "code": "studio_missing_editable_id",
        "severity": "warning",
        "message": "<div class=\"caption-page\" data-start=\"427.000000\"> has no id, so Studio cannot use a stable edit target for its timeline and canvas controls.",
        "selector": "[data-composition-id]",
        "dataAttributes": {},
        "sourceFile": "C:\\vox-style-xe-giay-v1-hyperframes\\hyperframes\\videos\\ban-an-935-2024-tphcm\\compositions\\caption-track.html",
        "bbox": {
          "x": 0,
          "y": 0,
          "width": 0,
          "height": 0
        },
        "time": 0,
        "fixHint": "Add a stable, human-readable id such as id=\"hero-title\" or id=\"scene-1-card\" to every timeline-visible element you want agents or Studio to edit."
      },
      {
        "code": "studio_missing_editable_id",
        "severity": "warning",
        "message": "<div class=\"caption-page\" data-start=\"427.720000\"> has no id, so Studio cannot use a stable edit target for its timeline and canvas controls.",
        "selector": "[data-composition-id]",
        "dataAttributes": {},
        "sourceFile": "C:\\vox-style-xe-giay-v1-hyperframes\\hyperframes\\videos\\ban-an-935-2024-tphcm\\compositions\\caption-track.html",
        "bbox": {
          "x": 0,
          "y": 0,
          "width": 0,
          "height": 0
        },
        "time": 0,
        "fixHint": "Add a stable, human-readable id such as id=\"hero-title\" or id=\"scene-1-card\" to every timeline-visible element you want agents or Studio to edit."
      },
      {
        "code": "studio_missing_editable_id",
        "severity": "warning",
        "message": "<div class=\"caption-page\" data-start=\"428.650000\"> has no id, so Studio cannot use a stable edit target for its timeline and canvas controls.",
        "selector": "[data-composition-id]",
        "dataAttributes": {},
        "sourceFile": "C:\\vox-style-xe-giay-v1-hyperframes\\hyperframes\\videos\\ban-an-935-2024-tphcm\\compositions\\caption-track.html",
        "bbox": {
          "x": 0,
          "y": 0,
          "width": 0,
          "height": 0
        },
        "time": 0,
        "fixHint": "Add a stable, human-readable id such as id=\"hero-title\" or id=\"scene-1-card\" to every timeline-visible element you want agents or Studio to edit."
      },
      {
        "code": "studio_missing_editable_id",
        "severity": "warning",
        "message": "<div class=\"caption-page\" data-start=\"429.400000\"> has no id, so Studio cannot use a stable edit target for its timeline and canvas controls.",
        "selector": "[data-composition-id]",
        "dataAttributes": {},
        "sourceFile": "C:\\vox-style-xe-giay-v1-hyperframes\\hyperframes\\videos\\ban-an-935-2024-tphcm\\compositions\\caption-track.html",
        "bbox": {
          "x": 0,
          "y": 0,
          "width": 0,
          "height": 0
        },
        "time": 0,
        "fixHint": "Add a stable, human-readable id such as id=\"hero-title\" or id=\"scene-1-card\" to every timeline-visible element you want agents or Studio to edit."
      },
      {
        "code": "studio_missing_editable_id",
        "severity": "warning",
        "message": "<div class=\"caption-page\" data-start=\"430.240000\"> has no id, so Studio cannot use a stable edit target for its timeline and canvas controls.",
        "selector": "[data-composition-id]",
        "dataAttributes": {},
        "sourceFile": "C:\\vox-style-xe-giay-v1-hyperframes\\hyperframes\\videos\\ban-an-935-2024-tphcm\\compositions\\caption-track.html",
        "bbox": {
          "x": 0,
          "y": 0,
          "width": 0,
          "height": 0
        },
        "time": 0,
        "fixHint": "Add a stable, human-readable id such as id=\"hero-title\" or id=\"scene-1-card\" to every timeline-visible element you want agents or Studio to edit."
      },
      {
        "code": "studio_missing_editable_id",
        "severity": "warning",
        "message": "<div class=\"caption-page\" data-start=\"431.040000\"> has no id, so Studio cannot use a stable edit target for its timeline and canvas controls.",
        "selector": "[data-composition-id]",
        "dataAttributes": {},
        "sourceFile": "C:\\vox-style-xe-giay-v1-hyperframes\\hyperframes\\videos\\ban-an-935-2024-tphcm\\compositions\\caption-track.html",
        "bbox": {
          "x": 0,
          "y": 0,
          "width": 0,
          "height": 0
        },
        "time": 0,
        "fixHint": "Add a stable, human-readable id such as id=\"hero-title\" or id=\"scene-1-card\" to every timeline-visible element you want agents or Studio to edit."
      },
      {
        "code": "studio_missing_editable_id",
        "severity": "warning",
        "message": "<div class=\"caption-page\" data-start=\"432.050000\"> has no id, so Studio cannot use a stable edit target for its timeline and canvas controls.",
        "selector": "[data-composition-id]",
        "dataAttributes": {},
        "sourceFile": "C:\\vox-style-xe-giay-v1-hyperframes\\hyperframes\\videos\\ban-an-935-2024-tphcm\\compositions\\caption-track.html",
        "bbox": {
          "x": 0,
          "y": 0,
          "width": 0,
          "height": 0
        },
        "time": 0,
        "fixHint": "Add a stable, human-readable id such as id=\"hero-title\" or id=\"scene-1-card\" to every timeline-visible element you want agents or Studio to edit."
      },
      {
        "code": "studio_missing_editable_id",
        "severity": "warning",
        "message": "<div class=\"caption-page\" data-start=\"433.310000\"> has no id, so Studio cannot use a stable edit target for its timeline and canvas controls.",
        "selector": "[data-composition-id]",
        "dataAttributes": {},
        "sourceFile": "C:\\vox-style-xe-giay-v1-hyperframes\\hyperframes\\videos\\ban-an-935-2024-tphcm\\compositions\\caption-track.html",
        "bbox": {
          "x": 0,
          "y": 0,
          "width": 0,
          "height": 0
        },
        "time": 0,
        "fixHint": "Add a stable, human-readable id such as id=\"hero-title\" or id=\"scene-1-card\" to every timeline-visible element you want agents or Studio to edit."
      },
      {
        "code": "studio_missing_editable_id",
        "severity": "warning",
        "message": "<div class=\"caption-page\" data-start=\"434.060000\"> has no id, so Studio cannot use a stable edit target for its timeline and canvas controls.",
        "selector": "[data-composition-id]",
        "dataAttributes": {},
        "sourceFile": "C:\\vox-style-xe-giay-v1-hyperframes\\hyperframes\\videos\\ban-an-935-2024-tphcm\\compositions\\caption-track.html",
        "bbox": {
          "x": 0,
          "y": 0,
          "width": 0,
          "height": 0
        },
        "time": 0,
        "fixHint": "Add a stable, human-readable id such as id=\"hero-title\" or id=\"scene-1-card\" to every timeline-visible element you want agents or Studio to edit."
      },
      {
        "code": "studio_missing_editable_id",
        "severity": "warning",
        "message": "<div class=\"caption-page\" data-start=\"434.870000\"> has no id, so Studio cannot use a stable edit target for its timeline and canvas controls.",
        "selector": "[data-composition-id]",
        "dataAttributes": {},
        "sourceFile": "C:\\vox-style-xe-giay-v1-hyperframes\\hyperframes\\videos\\ban-an-935-2024-tphcm\\compositions\\caption-track.html",
        "bbox": {
          "x": 0,
          "y": 0,
          "width": 0,
          "height": 0
        },
        "time": 0,
        "fixHint": "Add a stable, human-readable id such as id=\"hero-title\" or id=\"scene-1-card\" to every timeline-visible element you want agents or Studio to edit."
      },
      {
        "code": "studio_missing_editable_id",
        "severity": "warning",
        "message": "<div class=\"caption-page\" data-start=\"435.650000\"> has no id, so Studio cannot use a stable edit target for its timeline and canvas controls.",
        "selector": "[data-composition-id]",
        "dataAttributes": {},
        "sourceFile": "C:\\vox-style-xe-giay-v1-hyperframes\\hyperframes\\videos\\ban-an-935-2024-tphcm\\compositions\\caption-track.html",
        "bbox": {
          "x": 0,
          "y": 0,
          "width": 0,
          "height": 0
        },
        "time": 0,
        "fixHint": "Add a stable, human-readable id such as id=\"hero-title\" or id=\"scene-1-card\" to every timeline-visible element you want agents or Studio to edit."
      },
      {
        "code": "studio_missing_editable_id",
        "severity": "warning",
        "message": "<div class=\"caption-page\" data-start=\"436.620000\"> has no id, so Studio cannot use a stable edit target for its timeline and canvas controls.",
        "selector": "[data-composition-id]",
        "dataAttributes": {},
        "sourceFile": "C:\\vox-style-xe-giay-v1-hyperframes\\hyperframes\\videos\\ban-an-935-2024-tphcm\\compositions\\caption-track.html",
        "bbox": {
          "x": 0,
          "y": 0,
          "width": 0,
          "height": 0
        },
        "time": 0,
        "fixHint": "Add a stable, human-readable id such as id=\"hero-title\" or id=\"scene-1-card\" to every timeline-visible element you want agents or Studio to edit."
      },
      {
        "code": "studio_missing_editable_id",
        "severity": "warning",
        "message": "<div class=\"caption-page\" data-start=\"437.210000\"> has no id, so Studio cannot use a stable edit target for its timeline and canvas controls.",
        "selector": "[data-composition-id]",
        "dataAttributes": {},
        "sourceFile": "C:\\vox-style-xe-giay-v1-hyperframes\\hyperframes\\videos\\ban-an-935-2024-tphcm\\compositions\\caption-track.html",
        "bbox": {
          "x": 0,
          "y": 0,
          "width": 0,
          "height": 0
        },
        "time": 0,
        "fixHint": "Add a stable, human-readable id such as id=\"hero-title\" or id=\"scene-1-card\" to every timeline-visible element you want agents or Studio to edit."
      },
      {
        "code": "studio_missing_editable_id",
        "severity": "warning",
        "message": "<div class=\"caption-page\" data-start=\"438.020000\"> has no id, so Studio cannot use a stable edit target for its timeline and canvas controls.",
        "selector": "[data-composition-id]",
        "dataAttributes": {},
        "sourceFile": "C:\\vox-style-xe-giay-v1-hyperframes\\hyperframes\\videos\\ban-an-935-2024-tphcm\\compositions\\caption-track.html",
        "bbox": {
          "x": 0,
          "y": 0,
          "width": 0,
          "height": 0
        },
        "time": 0,
        "fixHint": "Add a stable, human-readable id such as id=\"hero-title\" or id=\"scene-1-card\" to every timeline-visible element you want agents or Studio to edit."
      },
      {
        "code": "studio_missing_editable_id",
        "severity": "warning",
        "message": "<div class=\"caption-page\" data-start=\"438.750000\"> has no id, so Studio cannot use a stable edit target for its timeline and canvas controls.",
        "selector": "[data-composition-id]",
        "dataAttributes": {},
        "sourceFile": "C:\\vox-style-xe-giay-v1-hyperframes\\hyperframes\\videos\\ban-an-935-2024-tphcm\\compositions\\caption-track.html",
        "bbox": {
          "x": 0,
          "y": 0,
          "width": 0,
          "height": 0
        },
        "time": 0,
        "fixHint": "Add a stable, human-readable id such as id=\"hero-title\" or id=\"scene-1-card\" to every timeline-visible element you want agents or Studio to edit."
      },
      {
        "code": "studio_missing_editable_id",
        "severity": "warning",
        "message": "<div class=\"caption-page\" data-start=\"440.000000\"> has no id, so Studio cannot use a stable edit target for its timeline and canvas controls.",
        "selector": "[data-composition-id]",
        "dataAttributes": {},
        "sourceFile": "C:\\vox-style-xe-giay-v1-hyperframes\\hyperframes\\videos\\ban-an-935-2024-tphcm\\compositions\\caption-track.html",
        "bbox": {
          "x": 0,
          "y": 0,
          "width": 0,
          "height": 0
        },
        "time": 0,
        "fixHint": "Add a stable, human-readable id such as id=\"hero-title\" or id=\"scene-1-card\" to every timeline-visible element you want agents or Studio to edit."
      },
      {
        "code": "studio_missing_editable_id",
        "severity": "warning",
        "message": "<div class=\"caption-page\" data-start=\"441.330000\"> has no id, so Studio cannot use a stable edit target for its timeline and canvas controls.",
        "selector": "[data-composition-id]",
        "dataAttributes": {},
        "sourceFile": "C:\\vox-style-xe-giay-v1-hyperframes\\hyperframes\\videos\\ban-an-935-2024-tphcm\\compositions\\caption-track.html",
        "bbox": {
          "x": 0,
          "y": 0,
          "width": 0,
          "height": 0
        },
        "time": 0,
        "fixHint": "Add a stable, human-readable id such as id=\"hero-title\" or id=\"scene-1-card\" to every timeline-visible element you want agents or Studio to edit."
      },
      {
        "code": "studio_missing_editable_id",
        "severity": "warning",
        "message": "<div class=\"caption-page\" data-start=\"442.240000\"> has no id, so Studio cannot use a stable edit target for its timeline and canvas controls.",
        "selector": "[data-composition-id]",
        "dataAttributes": {},
        "sourceFile": "C:\\vox-style-xe-giay-v1-hyperframes\\hyperframes\\videos\\ban-an-935-2024-tphcm\\compositions\\caption-track.html",
        "bbox": {
          "x": 0,
          "y": 0,
          "width": 0,
          "height": 0
        },
        "time": 0,
        "fixHint": "Add a stable, human-readable id such as id=\"hero-title\" or id=\"scene-1-card\" to every timeline-visible element you want agents or Studio to edit."
      },
      {
        "code": "studio_missing_editable_id",
        "severity": "warning",
        "message": "<div class=\"caption-page\" data-start=\"442.910000\"> has no id, so Studio cannot use a stable edit target for its timeline and canvas controls.",
        "selector": "[data-composition-id]",
        "dataAttributes": {},
        "sourceFile": "C:\\vox-style-xe-giay-v1-hyperframes\\hyperframes\\videos\\ban-an-935-2024-tphcm\\compositions\\caption-track.html",
        "bbox": {
          "x": 0,
          "y": 0,
          "width": 0,
          "height": 0
        },
        "time": 0,
        "fixHint": "Add a stable, human-readable id such as id=\"hero-title\" or id=\"scene-1-card\" to every timeline-visible element you want agents or Studio to edit."
      },
      {
        "code": "studio_missing_editable_id",
        "severity": "warning",
        "message": "<div class=\"caption-page\" data-start=\"443.940000\"> has no id, so Studio cannot use a stable edit target for its timeline and canvas controls.",
        "selector": "[data-composition-id]",
        "dataAttributes": {},
        "sourceFile": "C:\\vox-style-xe-giay-v1-hyperframes\\hyperframes\\videos\\ban-an-935-2024-tphcm\\compositions\\caption-track.html",
        "bbox": {
          "x": 0,
          "y": 0,
          "width": 0,
          "height": 0
        },
        "time": 0,
        "fixHint": "Add a stable, human-readable id such as id=\"hero-title\" or id=\"scene-1-card\" to every timeline-visible element you want agents or Studio to edit."
      },
      {
        "code": "studio_missing_editable_id",
        "severity": "warning",
        "message": "<div class=\"caption-page\" data-start=\"445.080000\"> has no id, so Studio cannot use a stable edit target for its timeline and canvas controls.",
        "selector": "[data-composition-id]",
        "dataAttributes": {},
        "sourceFile": "C:\\vox-style-xe-giay-v1-hyperframes\\hyperframes\\videos\\ban-an-935-2024-tphcm\\compositions\\caption-track.html",
        "bbox": {
          "x": 0,
          "y": 0,
          "width": 0,
          "height": 0
        },
        "time": 0,
        "fixHint": "Add a stable, human-readable id such as id=\"hero-title\" or id=\"scene-1-card\" to every timeline-visible element you want agents or Studio to edit."
      },
      {
        "code": "studio_missing_editable_id",
        "severity": "warning",
        "message": "<div class=\"caption-page\" data-start=\"445.950000\"> has no id, so Studio cannot use a stable edit target for its timeline and canvas controls.",
        "selector": "[data-composition-id]",
        "dataAttributes": {},
        "sourceFile": "C:\\vox-style-xe-giay-v1-hyperframes\\hyperframes\\videos\\ban-an-935-2024-tphcm\\compositions\\caption-track.html",
        "bbox": {
          "x": 0,
          "y": 0,
          "width": 0,
          "height": 0
        },
        "time": 0,
        "fixHint": "Add a stable, human-readable id such as id=\"hero-title\" or id=\"scene-1-card\" to every timeline-visible element you want agents or Studio to edit."
      },
      {
        "code": "studio_missing_editable_id",
        "severity": "warning",
        "message": "<div class=\"caption-page\" data-start=\"446.980000\"> has no id, so Studio cannot use a stable edit target for its timeline and canvas controls.",
        "selector": "[data-composition-id]",
        "dataAttributes": {},
        "sourceFile": "C:\\vox-style-xe-giay-v1-hyperframes\\hyperframes\\videos\\ban-an-935-2024-tphcm\\compositions\\caption-track.html",
        "bbox": {
          "x": 0,
          "y": 0,
          "width": 0,
          "height": 0
        },
        "time": 0,
        "fixHint": "Add a stable, human-readable id such as id=\"hero-title\" or id=\"scene-1-card\" to every timeline-visible element you want agents or Studio to edit."
      },
      {
        "code": "studio_missing_editable_id",
        "severity": "warning",
        "message": "<div class=\"caption-page\" data-start=\"448.170000\"> has no id, so Studio cannot use a stable edit target for its timeline and canvas controls.",
        "selector": "[data-composition-id]",
        "dataAttributes": {},
        "sourceFile": "C:\\vox-style-xe-giay-v1-hyperframes\\hyperframes\\videos\\ban-an-935-2024-tphcm\\compositions\\caption-track.html",
        "bbox": {
          "x": 0,
          "y": 0,
          "width": 0,
          "height": 0
        },
        "time": 0,
        "fixHint": "Add a stable, human-readable id such as id=\"hero-title\" or id=\"scene-1-card\" to every timeline-visible element you want agents or Studio to edit."
      },
      {
        "code": "studio_missing_editable_id",
        "severity": "warning",
        "message": "<div class=\"caption-page\" data-start=\"449.150000\"> has no id, so Studio cannot use a stable edit target for its timeline and canvas controls.",
        "selector": "[data-composition-id]",
        "dataAttributes": {},
        "sourceFile": "C:\\vox-style-xe-giay-v1-hyperframes\\hyperframes\\videos\\ban-an-935-2024-tphcm\\compositions\\caption-track.html",
        "bbox": {
          "x": 0,
          "y": 0,
          "width": 0,
          "height": 0
        },
        "time": 0,
        "fixHint": "Add a stable, human-readable id such as id=\"hero-title\" or id=\"scene-1-card\" to every timeline-visible element you want agents or Studio to edit."
      },
      {
        "code": "studio_missing_editable_id",
        "severity": "warning",
        "message": "<div class=\"caption-page\" data-start=\"450.090000\"> has no id, so Studio cannot use a stable edit target for its timeline and canvas controls.",
        "selector": "[data-composition-id]",
        "dataAttributes": {},
        "sourceFile": "C:\\vox-style-xe-giay-v1-hyperframes\\hyperframes\\videos\\ban-an-935-2024-tphcm\\compositions\\caption-track.html",
        "bbox": {
          "x": 0,
          "y": 0,
          "width": 0,
          "height": 0
        },
        "time": 0,
        "fixHint": "Add a stable, human-readable id such as id=\"hero-title\" or id=\"scene-1-card\" to every timeline-visible element you want agents or Studio to edit."
      },
      {
        "code": "studio_missing_editable_id",
        "severity": "warning",
        "message": "<div class=\"caption-page\" data-start=\"451.120000\"> has no id, so Studio cannot use a stable edit target for its timeline and canvas controls.",
        "selector": "[data-composition-id]",
        "dataAttributes": {},
        "sourceFile": "C:\\vox-style-xe-giay-v1-hyperframes\\hyperframes\\videos\\ban-an-935-2024-tphcm\\compositions\\caption-track.html",
        "bbox": {
          "x": 0,
          "y": 0,
          "width": 0,
          "height": 0
        },
        "time": 0,
        "fixHint": "Add a stable, human-readable id such as id=\"hero-title\" or id=\"scene-1-card\" to every timeline-visible element you want agents or Studio to edit."
      },
      {
        "code": "studio_missing_editable_id",
        "severity": "warning",
        "message": "<div class=\"caption-page\" data-start=\"452.230000\"> has no id, so Studio cannot use a stable edit target for its timeline and canvas controls.",
        "selector": "[data-composition-id]",
        "dataAttributes": {},
        "sourceFile": "C:\\vox-style-xe-giay-v1-hyperframes\\hyperframes\\videos\\ban-an-935-2024-tphcm\\compositions\\caption-track.html",
        "bbox": {
          "x": 0,
          "y": 0,
          "width": 0,
          "height": 0
        },
        "time": 0,
        "fixHint": "Add a stable, human-readable id such as id=\"hero-title\" or id=\"scene-1-card\" to every timeline-visible element you want agents or Studio to edit."
      },
      {
        "code": "studio_missing_editable_id",
        "severity": "warning",
        "message": "<div class=\"caption-page\" data-start=\"452.980000\"> has no id, so Studio cannot use a stable edit target for its timeline and canvas controls.",
        "selector": "[data-composition-id]",
        "dataAttributes": {},
        "sourceFile": "C:\\vox-style-xe-giay-v1-hyperframes\\hyperframes\\videos\\ban-an-935-2024-tphcm\\compositions\\caption-track.html",
        "bbox": {
          "x": 0,
          "y": 0,
          "width": 0,
          "height": 0
        },
        "time": 0,
        "fixHint": "Add a stable, human-readable id such as id=\"hero-title\" or id=\"scene-1-card\" to every timeline-visible element you want agents or Studio to edit."
      },
      {
        "code": "studio_missing_editable_id",
        "severity": "warning",
        "message": "<div class=\"caption-page\" data-start=\"453.950000\"> has no id, so Studio cannot use a stable edit target for its timeline and canvas controls.",
        "selector": "[data-composition-id]",
        "dataAttributes": {},
        "sourceFile": "C:\\vox-style-xe-giay-v1-hyperframes\\hyperframes\\videos\\ban-an-935-2024-tphcm\\compositions\\caption-track.html",
        "bbox": {
          "x": 0,
          "y": 0,
          "width": 0,
          "height": 0
        },
        "time": 0,
        "fixHint": "Add a stable, human-readable id such as id=\"hero-title\" or id=\"scene-1-card\" to every timeline-visible element you want agents or Studio to edit."
      },
      {
        "code": "studio_missing_editable_id",
        "severity": "warning",
        "message": "<div class=\"caption-page\" data-start=\"454.930000\"> has no id, so Studio cannot use a stable edit target for its timeline and canvas controls.",
        "selector": "[data-composition-id]",
        "dataAttributes": {},
        "sourceFile": "C:\\vox-style-xe-giay-v1-hyperframes\\hyperframes\\videos\\ban-an-935-2024-tphcm\\compositions\\caption-track.html",
        "bbox": {
          "x": 0,
          "y": 0,
          "width": 0,
          "height": 0
        },
        "time": 0,
        "fixHint": "Add a stable, human-readable id such as id=\"hero-title\" or id=\"scene-1-card\" to every timeline-visible element you want agents or Studio to edit."
      },
      {
        "code": "studio_missing_editable_id",
        "severity": "warning",
        "message": "<div class=\"caption-page\" data-start=\"455.930000\"> has no id, so Studio cannot use a stable edit target for its timeline and canvas controls.",
        "selector": "[data-composition-id]",
        "dataAttributes": {},
        "sourceFile": "C:\\vox-style-xe-giay-v1-hyperframes\\hyperframes\\videos\\ban-an-935-2024-tphcm\\compositions\\caption-track.html",
        "bbox": {
          "x": 0,
          "y": 0,
          "width": 0,
          "height": 0
        },
        "time": 0,
        "fixHint": "Add a stable, human-readable id such as id=\"hero-title\" or id=\"scene-1-card\" to every timeline-visible element you want agents or Studio to edit."
      },
      {
        "code": "studio_missing_editable_id",
        "severity": "warning",
        "message": "<div class=\"caption-page\" data-start=\"456.570000\"> has no id, so Studio cannot use a stable edit target for its timeline and canvas controls.",
        "selector": "[data-composition-id]",
        "dataAttributes": {},
        "sourceFile": "C:\\vox-style-xe-giay-v1-hyperframes\\hyperframes\\videos\\ban-an-935-2024-tphcm\\compositions\\caption-track.html",
        "bbox": {
          "x": 0,
          "y": 0,
          "width": 0,
          "height": 0
        },
        "time": 0,
        "fixHint": "Add a stable, human-readable id such as id=\"hero-title\" or id=\"scene-1-card\" to every timeline-visible element you want agents or Studio to edit."
      },
      {
        "code": "studio_missing_editable_id",
        "severity": "warning",
        "message": "<div class=\"caption-page\" data-start=\"457.260000\"> has no id, so Studio cannot use a stable edit target for its timeline and canvas controls.",
        "selector": "[data-composition-id]",
        "dataAttributes": {},
        "sourceFile": "C:\\vox-style-xe-giay-v1-hyperframes\\hyperframes\\videos\\ban-an-935-2024-tphcm\\compositions\\caption-track.html",
        "bbox": {
          "x": 0,
          "y": 0,
          "width": 0,
          "height": 0
        },
        "time": 0,
        "fixHint": "Add a stable, human-readable id such as id=\"hero-title\" or id=\"scene-1-card\" to every timeline-visible element you want agents or Studio to edit."
      },
      {
        "code": "studio_missing_editable_id",
        "severity": "warning",
        "message": "<div class=\"caption-page\" data-start=\"458.240000\"> has no id, so Studio cannot use a stable edit target for its timeline and canvas controls.",
        "selector": "[data-composition-id]",
        "dataAttributes": {},
        "sourceFile": "C:\\vox-style-xe-giay-v1-hyperframes\\hyperframes\\videos\\ban-an-935-2024-tphcm\\compositions\\caption-track.html",
        "bbox": {
          "x": 0,
          "y": 0,
          "width": 0,
          "height": 0
        },
        "time": 0,
        "fixHint": "Add a stable, human-readable id such as id=\"hero-title\" or id=\"scene-1-card\" to every timeline-visible element you want agents or Studio to edit."
      },
      {
        "code": "studio_missing_editable_id",
        "severity": "warning",
        "message": "<div class=\"caption-page\" data-start=\"458.970000\"> has no id, so Studio cannot use a stable edit target for its timeline and canvas controls.",
        "selector": "[data-composition-id]",
        "dataAttributes": {},
        "sourceFile": "C:\\vox-style-xe-giay-v1-hyperframes\\hyperframes\\videos\\ban-an-935-2024-tphcm\\compositions\\caption-track.html",
        "bbox": {
          "x": 0,
          "y": 0,
          "width": 0,
          "height": 0
        },
        "time": 0,
        "fixHint": "Add a stable, human-readable id such as id=\"hero-title\" or id=\"scene-1-card\" to every timeline-visible element you want agents or Studio to edit."
      },
      {
        "code": "studio_missing_editable_id",
        "severity": "warning",
        "message": "<div class=\"caption-page\" data-start=\"459.670000\"> has no id, so Studio cannot use a stable edit target for its timeline and canvas controls.",
        "selector": "[data-composition-id]",
        "dataAttributes": {},
        "sourceFile": "C:\\vox-style-xe-giay-v1-hyperframes\\hyperframes\\videos\\ban-an-935-2024-tphcm\\compositions\\caption-track.html",
        "bbox": {
          "x": 0,
          "y": 0,
          "width": 0,
          "height": 0
        },
        "time": 0,
        "fixHint": "Add a stable, human-readable id such as id=\"hero-title\" or id=\"scene-1-card\" to every timeline-visible element you want agents or Studio to edit."
      },
      {
        "code": "studio_missing_editable_id",
        "severity": "warning",
        "message": "<div class=\"caption-page\" data-start=\"460.650000\"> has no id, so Studio cannot use a stable edit target for its timeline and canvas controls.",
        "selector": "[data-composition-id]",
        "dataAttributes": {},
        "sourceFile": "C:\\vox-style-xe-giay-v1-hyperframes\\hyperframes\\videos\\ban-an-935-2024-tphcm\\compositions\\caption-track.html",
        "bbox": {
          "x": 0,
          "y": 0,
          "width": 0,
          "height": 0
        },
        "time": 0,
        "fixHint": "Add a stable, human-readable id such as id=\"hero-title\" or id=\"scene-1-card\" to every timeline-visible element you want agents or Studio to edit."
      },
      {
        "code": "studio_missing_editable_id",
        "severity": "warning",
        "message": "<div class=\"caption-page\" data-start=\"461.350000\"> has no id, so Studio cannot use a stable edit target for its timeline and canvas controls.",
        "selector": "[data-composition-id]",
        "dataAttributes": {},
        "sourceFile": "C:\\vox-style-xe-giay-v1-hyperframes\\hyperframes\\videos\\ban-an-935-2024-tphcm\\compositions\\caption-track.html",
        "bbox": {
          "x": 0,
          "y": 0,
          "width": 0,
          "height": 0
        },
        "time": 0,
        "fixHint": "Add a stable, human-readable id such as id=\"hero-title\" or id=\"scene-1-card\" to every timeline-visible element you want agents or Studio to edit."
      },
      {
        "code": "studio_missing_editable_id",
        "severity": "warning",
        "message": "<div class=\"caption-page\" data-start=\"461.990000\"> has no id, so Studio cannot use a stable edit target for its timeline and canvas controls.",
        "selector": "[data-composition-id]",
        "dataAttributes": {},
        "sourceFile": "C:\\vox-style-xe-giay-v1-hyperframes\\hyperframes\\videos\\ban-an-935-2024-tphcm\\compositions\\caption-track.html",
        "bbox": {
          "x": 0,
          "y": 0,
          "width": 0,
          "height": 0
        },
        "time": 0,
        "fixHint": "Add a stable, human-readable id such as id=\"hero-title\" or id=\"scene-1-card\" to every timeline-visible element you want agents or Studio to edit."
      },
      {
        "code": "studio_missing_editable_id",
        "severity": "warning",
        "message": "<div class=\"caption-page\" data-start=\"462.960000\"> has no id, so Studio cannot use a stable edit target for its timeline and canvas controls.",
        "selector": "[data-composition-id]",
        "dataAttributes": {},
        "sourceFile": "C:\\vox-style-xe-giay-v1-hyperframes\\hyperframes\\videos\\ban-an-935-2024-tphcm\\compositions\\caption-track.html",
        "bbox": {
          "x": 0,
          "y": 0,
          "width": 0,
          "height": 0
        },
        "time": 0,
        "fixHint": "Add a stable, human-readable id such as id=\"hero-title\" or id=\"scene-1-card\" to every timeline-visible element you want agents or Studio to edit."
      },
      {
        "code": "studio_missing_editable_id",
        "severity": "warning",
        "message": "<div class=\"caption-page\" data-start=\"463.710000\"> has no id, so Studio cannot use a stable edit target for its timeline and canvas controls.",
        "selector": "[data-composition-id]",
        "dataAttributes": {},
        "sourceFile": "C:\\vox-style-xe-giay-v1-hyperframes\\hyperframes\\videos\\ban-an-935-2024-tphcm\\compositions\\caption-track.html",
        "bbox": {
          "x": 0,
          "y": 0,
          "width": 0,
          "height": 0
        },
        "time": 0,
        "fixHint": "Add a stable, human-readable id such as id=\"hero-title\" or id=\"scene-1-card\" to every timeline-visible element you want agents or Studio to edit."
      },
      {
        "code": "studio_missing_editable_id",
        "severity": "warning",
        "message": "<div class=\"caption-page\" data-start=\"464.560000\"> has no id, so Studio cannot use a stable edit target for its timeline and canvas controls.",
        "selector": "[data-composition-id]",
        "dataAttributes": {},
        "sourceFile": "C:\\vox-style-xe-giay-v1-hyperframes\\hyperframes\\videos\\ban-an-935-2024-tphcm\\compositions\\caption-track.html",
        "bbox": {
          "x": 0,
          "y": 0,
          "width": 0,
          "height": 0
        },
        "time": 0,
        "fixHint": "Add a stable, human-readable id such as id=\"hero-title\" or id=\"scene-1-card\" to every timeline-visible element you want agents or Studio to edit."
      },
      {
        "code": "studio_missing_editable_id",
        "severity": "warning",
        "message": "<div class=\"caption-page\" data-start=\"465.990000\"> has no id, so Studio cannot use a stable edit target for its timeline and canvas controls.",
        "selector": "[data-composition-id]",
        "dataAttributes": {},
        "sourceFile": "C:\\vox-style-xe-giay-v1-hyperframes\\hyperframes\\videos\\ban-an-935-2024-tphcm\\compositions\\caption-track.html",
        "bbox": {
          "x": 0,
          "y": 0,
          "width": 0,
          "height": 0
        },
        "time": 0,
        "fixHint": "Add a stable, human-readable id such as id=\"hero-title\" or id=\"scene-1-card\" to every timeline-visible element you want agents or Studio to edit."
      },
      {
        "code": "studio_missing_editable_id",
        "severity": "warning",
        "message": "<div class=\"caption-page\" data-start=\"467.140000\"> has no id, so Studio cannot use a stable edit target for its timeline and canvas controls.",
        "selector": "[data-composition-id]",
        "dataAttributes": {},
        "sourceFile": "C:\\vox-style-xe-giay-v1-hyperframes\\hyperframes\\videos\\ban-an-935-2024-tphcm\\compositions\\caption-track.html",
        "bbox": {
          "x": 0,
          "y": 0,
          "width": 0,
          "height": 0
        },
        "time": 0,
        "fixHint": "Add a stable, human-readable id such as id=\"hero-title\" or id=\"scene-1-card\" to every timeline-visible element you want agents or Studio to edit."
      },
      {
        "code": "studio_missing_editable_id",
        "severity": "warning",
        "message": "<div class=\"caption-page\" data-start=\"468.000000\"> has no id, so Studio cannot use a stable edit target for its timeline and canvas controls.",
        "selector": "[data-composition-id]",
        "dataAttributes": {},
        "sourceFile": "C:\\vox-style-xe-giay-v1-hyperframes\\hyperframes\\videos\\ban-an-935-2024-tphcm\\compositions\\caption-track.html",
        "bbox": {
          "x": 0,
          "y": 0,
          "width": 0,
          "height": 0
        },
        "time": 0,
        "fixHint": "Add a stable, human-readable id such as id=\"hero-title\" or id=\"scene-1-card\" to every timeline-visible element you want agents or Studio to edit."
      },
      {
        "code": "studio_missing_editable_id",
        "severity": "warning",
        "message": "<div class=\"caption-page\" data-start=\"468.820000\"> has no id, so Studio cannot use a stable edit target for its timeline and canvas controls.",
        "selector": "[data-composition-id]",
        "dataAttributes": {},
        "sourceFile": "C:\\vox-style-xe-giay-v1-hyperframes\\hyperframes\\videos\\ban-an-935-2024-tphcm\\compositions\\caption-track.html",
        "bbox": {
          "x": 0,
          "y": 0,
          "width": 0,
          "height": 0
        },
        "time": 0,
        "fixHint": "Add a stable, human-readable id such as id=\"hero-title\" or id=\"scene-1-card\" to every timeline-visible element you want agents or Studio to edit."
      },
      {
        "code": "studio_missing_editable_id",
        "severity": "warning",
        "message": "<div class=\"caption-page\" data-start=\"469.670000\"> has no id, so Studio cannot use a stable edit target for its timeline and canvas controls.",
        "selector": "[data-composition-id]",
        "dataAttributes": {},
        "sourceFile": "C:\\vox-style-xe-giay-v1-hyperframes\\hyperframes\\videos\\ban-an-935-2024-tphcm\\compositions\\caption-track.html",
        "bbox": {
          "x": 0,
          "y": 0,
          "width": 0,
          "height": 0
        },
        "time": 0,
        "fixHint": "Add a stable, human-readable id such as id=\"hero-title\" or id=\"scene-1-card\" to every timeline-visible element you want agents or Studio to edit."
      },
      {
        "code": "studio_missing_editable_id",
        "severity": "warning",
        "message": "<div class=\"caption-page\" data-start=\"470.620000\"> has no id, so Studio cannot use a stable edit target for its timeline and canvas controls.",
        "selector": "[data-composition-id]",
        "dataAttributes": {},
        "sourceFile": "C:\\vox-style-xe-giay-v1-hyperframes\\hyperframes\\videos\\ban-an-935-2024-tphcm\\compositions\\caption-track.html",
        "bbox": {
          "x": 0,
          "y": 0,
          "width": 0,
          "height": 0
        },
        "time": 0,
        "fixHint": "Add a stable, human-readable id such as id=\"hero-title\" or id=\"scene-1-card\" to every timeline-visible element you want agents or Studio to edit."
      },
      {
        "code": "studio_missing_editable_id",
        "severity": "warning",
        "message": "<div class=\"caption-page\" data-start=\"471.560000\"> has no id, so Studio cannot use a stable edit target for its timeline and canvas controls.",
        "selector": "[data-composition-id]",
        "dataAttributes": {},
        "sourceFile": "C:\\vox-style-xe-giay-v1-hyperframes\\hyperframes\\videos\\ban-an-935-2024-tphcm\\compositions\\caption-track.html",
        "bbox": {
          "x": 0,
          "y": 0,
          "width": 0,
          "height": 0
        },
        "time": 0,
        "fixHint": "Add a stable, human-readable id such as id=\"hero-title\" or id=\"scene-1-card\" to every timeline-visible element you want agents or Studio to edit."
      },
      {
        "code": "overlapping_gsap_tweens",
        "severity": "warning",
        "message": "GSAP tweens overlap on \".caption-card\" for opacity, y between 205.02s and 205.17s.",
        "selector": ".caption-card",
        "dataAttributes": {},
        "sourceFile": "C:\\vox-style-xe-giay-v1-hyperframes\\hyperframes\\videos\\ban-an-935-2024-tphcm\\compositions\\caption-track.html",
        "bbox": {
          "x": 0,
          "y": 0,
          "width": 0,
          "height": 0
        },
        "time": 0,
        "fixHint": "Shorten the earlier tween, move the later tween, or add `overwrite: \"auto\"`."
      },
      {
        "code": "overlapping_gsap_tweens",
        "severity": "warning",
        "message": "GSAP tweens overlap on \".caption-card\" for opacity, y between 205.04s and 205.17s.",
        "selector": ".caption-card",
        "dataAttributes": {},
        "sourceFile": "C:\\vox-style-xe-giay-v1-hyperframes\\hyperframes\\videos\\ban-an-935-2024-tphcm\\compositions\\caption-track.html",
        "bbox": {
          "x": 0,
          "y": 0,
          "width": 0,
          "height": 0
        },
        "time": 0,
        "fixHint": "Shorten the earlier tween, move the later tween, or add `overwrite: \"auto\"`."
      },
      {
        "code": "overlapping_gsap_tweens",
        "severity": "warning",
        "message": "GSAP tweens overlap on \".caption-card\" for opacity, y between 205.05s and 205.17s.",
        "selector": ".caption-card",
        "dataAttributes": {},
        "sourceFile": "C:\\vox-style-xe-giay-v1-hyperframes\\hyperframes\\videos\\ban-an-935-2024-tphcm\\compositions\\caption-track.html",
        "bbox": {
          "x": 0,
          "y": 0,
          "width": 0,
          "height": 0
        },
        "time": 0,
        "fixHint": "Shorten the earlier tween, move the later tween, or add `overwrite: \"auto\"`."
      },
      {
        "code": "overlapping_gsap_tweens",
        "severity": "warning",
        "message": "GSAP tweens overlap on \".caption-card\" for opacity, y between 205.04s and 205.19s.",
        "selector": ".caption-card",
        "dataAttributes": {},
        "sourceFile": "C:\\vox-style-xe-giay-v1-hyperframes\\hyperframes\\videos\\ban-an-935-2024-tphcm\\compositions\\caption-track.html",
        "bbox": {
          "x": 0,
          "y": 0,
          "width": 0,
          "height": 0
        },
        "time": 0,
        "fixHint": "Shorten the earlier tween, move the later tween, or add `overwrite: \"auto\"`."
      },
      {
        "code": "overlapping_gsap_tweens",
        "severity": "warning",
        "message": "GSAP tweens overlap on \".caption-card\" for opacity, y between 205.05s and 205.19s.",
        "selector": ".caption-card",
        "dataAttributes": {},
        "sourceFile": "C:\\vox-style-xe-giay-v1-hyperframes\\hyperframes\\videos\\ban-an-935-2024-tphcm\\compositions\\caption-track.html",
        "bbox": {
          "x": 0,
          "y": 0,
          "width": 0,
          "height": 0
        },
        "time": 0,
        "fixHint": "Shorten the earlier tween, move the later tween, or add `overwrite: \"auto\"`."
      },
      {
        "code": "overlapping_gsap_tweens",
        "severity": "warning",
        "message": "GSAP tweens overlap on \".caption-card\" for opacity, y between 205.05s and 205.21s.",
        "selector": ".caption-card",
        "dataAttributes": {},
        "sourceFile": "C:\\vox-style-xe-giay-v1-hyperframes\\hyperframes\\videos\\ban-an-935-2024-tphcm\\compositions\\caption-track.html",
        "bbox": {
          "x": 0,
          "y": 0,
          "width": 0,
          "height": 0
        },
        "time": 0,
        "fixHint": "Shorten the earlier tween, move the later tween, or add `overwrite: \"auto\"`."
      },
      {
        "code": "overlapping_gsap_tweens",
        "severity": "warning",
        "message": "GSAP tweens overlap on \".caption-card\" for opacity, y between 258.02s and 258.17s.",
        "selector": ".caption-card",
        "dataAttributes": {},
        "sourceFile": "C:\\vox-style-xe-giay-v1-hyperframes\\hyperframes\\videos\\ban-an-935-2024-tphcm\\compositions\\caption-track.html",
        "bbox": {
          "x": 0,
          "y": 0,
          "width": 0,
          "height": 0
        },
        "time": 0,
        "fixHint": "Shorten the earlier tween, move the later tween, or add `overwrite: \"auto\"`."
      },
      {
        "code": "overlapping_gsap_tweens",
        "severity": "warning",
        "message": "GSAP tweens overlap on \".caption-card\" for opacity, y between 258.05s and 258.17s.",
        "selector": ".caption-card",
        "dataAttributes": {},
        "sourceFile": "C:\\vox-style-xe-giay-v1-hyperframes\\hyperframes\\videos\\ban-an-935-2024-tphcm\\compositions\\caption-track.html",
        "bbox": {
          "x": 0,
          "y": 0,
          "width": 0,
          "height": 0
        },
        "time": 0,
        "fixHint": "Shorten the earlier tween, move the later tween, or add `overwrite: \"auto\"`."
      },
      {
        "code": "overlapping_gsap_tweens",
        "severity": "warning",
        "message": "GSAP tweens overlap on \".caption-card\" for opacity, y between 258.08s and 258.17s.",
        "selector": ".caption-card",
        "dataAttributes": {},
        "sourceFile": "C:\\vox-style-xe-giay-v1-hyperframes\\hyperframes\\videos\\ban-an-935-2024-tphcm\\compositions\\caption-track.html",
        "bbox": {
          "x": 0,
          "y": 0,
          "width": 0,
          "height": 0
        },
        "time": 0,
        "fixHint": "Shorten the earlier tween, move the later tween, or add `overwrite: \"auto\"`."
      },
      {
        "code": "overlapping_gsap_tweens",
        "severity": "warning",
        "message": "GSAP tweens overlap on \".caption-card\" for opacity, y between 258.09s and 258.17s.",
        "selector": ".caption-card",
        "dataAttributes": {},
        "sourceFile": "C:\\vox-style-xe-giay-v1-hyperframes\\hyperframes\\videos\\ban-an-935-2024-tphcm\\compositions\\caption-track.html",
        "bbox": {
          "x": 0,
          "y": 0,
          "width": 0,
          "height": 0
        },
        "time": 0,
        "fixHint": "Shorten the earlier tween, move the later tween, or add `overwrite: \"auto\"`."
      },
      {
        "code": "overlapping_gsap_tweens",
        "severity": "warning",
        "message": "GSAP tweens overlap on \".caption-card\" for opacity, y between 258.13s and 258.17s.",
        "selector": ".caption-card",
        "dataAttributes": {},
        "sourceFile": "C:\\vox-style-xe-giay-v1-hyperframes\\hyperframes\\videos\\ban-an-935-2024-tphcm\\compositions\\caption-track.html",
        "bbox": {
          "x": 0,
          "y": 0,
          "width": 0,
          "height": 0
        },
        "time": 0,
        "fixHint": "Shorten the earlier tween, move the later tween, or add `overwrite: \"auto\"`."
      },
      {
        "code": "overlapping_gsap_tweens",
        "severity": "warning",
        "message": "GSAP tweens overlap on \".caption-card\" for opacity, y between 258.14s and 258.17s.",
        "selector": ".caption-card",
        "dataAttributes": {},
        "sourceFile": "C:\\vox-style-xe-giay-v1-hyperframes\\hyperframes\\videos\\ban-an-935-2024-tphcm\\compositions\\caption-track.html",
        "bbox": {
          "x": 0,
          "y": 0,
          "width": 0,
          "height": 0
        },
        "time": 0,
        "fixHint": "Shorten the earlier tween, move the later tween, or add `overwrite: \"auto\"`."
      },
      {
        "code": "overlapping_gsap_tweens",
        "severity": "warning",
        "message": "GSAP tweens overlap on \".caption-card\" for opacity, y between 258.16s and 258.17s.",
        "selector": ".caption-card",
        "dataAttributes": {},
        "sourceFile": "C:\\vox-style-xe-giay-v1-hyperframes\\hyperframes\\videos\\ban-an-935-2024-tphcm\\compositions\\caption-track.html",
        "bbox": {
          "x": 0,
          "y": 0,
          "width": 0,
          "height": 0
        },
        "time": 0,
        "fixHint": "Shorten the earlier tween, move the later tween, or add `overwrite: \"auto\"`."
      },
      {
        "code": "overlapping_gsap_tweens",
        "severity": "warning",
        "message": "GSAP tweens overlap on \".caption-card\" for opacity, y between 258.05s and 258.19s.",
        "selector": ".caption-card",
        "dataAttributes": {},
        "sourceFile": "C:\\vox-style-xe-giay-v1-hyperframes\\hyperframes\\videos\\ban-an-935-2024-tphcm\\compositions\\caption-track.html",
        "bbox": {
          "x": 0,
          "y": 0,
          "width": 0,
          "height": 0
        },
        "time": 0,
        "fixHint": "Shorten the earlier tween, move the later tween, or add `overwrite: \"auto\"`."
      },
      {
        "code": "overlapping_gsap_tweens",
        "severity": "warning",
        "message": "GSAP tweens overlap on \".caption-card\" for opacity, y between 258.08s and 258.19s.",
        "selector": ".caption-card",
        "dataAttributes": {},
        "sourceFile": "C:\\vox-style-xe-giay-v1-hyperframes\\hyperframes\\videos\\ban-an-935-2024-tphcm\\compositions\\caption-track.html",
        "bbox": {
          "x": 0,
          "y": 0,
          "width": 0,
          "height": 0
        },
        "time": 0,
        "fixHint": "Shorten the earlier tween, move the later tween, or add `overwrite: \"auto\"`."
      },
      {
        "code": "overlapping_gsap_tweens",
        "severity": "warning",
        "message": "GSAP tweens overlap on \".caption-card\" for opacity, y between 258.09s and 258.19s.",
        "selector": ".caption-card",
        "dataAttributes": {},
        "sourceFile": "C:\\vox-style-xe-giay-v1-hyperframes\\hyperframes\\videos\\ban-an-935-2024-tphcm\\compositions\\caption-track.html",
        "bbox": {
          "x": 0,
          "y": 0,
          "width": 0,
          "height": 0
        },
        "time": 0,
        "fixHint": "Shorten the earlier tween, move the later tween, or add `overwrite: \"auto\"`."
      },
      {
        "code": "overlapping_gsap_tweens",
        "severity": "warning",
        "message": "GSAP tweens overlap on \".caption-card\" for opacity, y between 258.13s and 258.19s.",
        "selector": ".caption-card",
        "dataAttributes": {},
        "sourceFile": "C:\\vox-style-xe-giay-v1-hyperframes\\hyperframes\\videos\\ban-an-935-2024-tphcm\\compositions\\caption-track.html",
        "bbox": {
          "x": 0,
          "y": 0,
          "width": 0,
          "height": 0
        },
        "time": 0,
        "fixHint": "Shorten the earlier tween, move the later tween, or add `overwrite: \"auto\"`."
      },
      {
        "code": "overlapping_gsap_tweens",
        "severity": "warning",
        "message": "GSAP tweens overlap on \".caption-card\" for opacity, y between 258.14s and 258.19s.",
        "selector": ".caption-card",
        "dataAttributes": {},
        "sourceFile": "C:\\vox-style-xe-giay-v1-hyperframes\\hyperframes\\videos\\ban-an-935-2024-tphcm\\compositions\\caption-track.html",
        "bbox": {
          "x": 0,
          "y": 0,
          "width": 0,
          "height": 0
        },
        "time": 0,
        "fixHint": "Shorten the earlier tween, move the later tween, or add `overwrite: \"auto\"`."
      },
      {
        "code": "overlapping_gsap_tweens",
        "severity": "warning",
        "message": "GSAP tweens overlap on \".caption-card\" for opacity, y between 258.16s and 258.19s.",
        "selector": ".caption-card",
        "dataAttributes": {},
        "sourceFile": "C:\\vox-style-xe-giay-v1-hyperframes\\hyperframes\\videos\\ban-an-935-2024-tphcm\\compositions\\caption-track.html",
        "bbox": {
          "x": 0,
          "y": 0,
          "width": 0,
          "height": 0
        },
        "time": 0,
        "fixHint": "Shorten the earlier tween, move the later tween, or add `overwrite: \"auto\"`."
      },
      {
        "code": "overlapping_gsap_tweens",
        "severity": "warning",
        "message": "GSAP tweens overlap on \".caption-card\" for opacity, y between 258.08s and 258.22s.",
        "selector": ".caption-card",
        "dataAttributes": {},
        "sourceFile": "C:\\vox-style-xe-giay-v1-hyperframes\\hyperframes\\videos\\ban-an-935-2024-tphcm\\compositions\\caption-track.html",
        "bbox": {
          "x": 0,
          "y": 0,
          "width": 0,
          "height": 0
        },
        "time": 0,
        "fixHint": "Shorten the earlier tween, move the later tween, or add `overwrite: \"auto\"`."
      },
      {
        "code": "overlapping_gsap_tweens",
        "severity": "warning",
        "message": "GSAP tweens overlap on \".caption-card\" for opacity, y between 258.09s and 258.22s.",
        "selector": ".caption-card",
        "dataAttributes": {},
        "sourceFile": "C:\\vox-style-xe-giay-v1-hyperframes\\hyperframes\\videos\\ban-an-935-2024-tphcm\\compositions\\caption-track.html",
        "bbox": {
          "x": 0,
          "y": 0,
          "width": 0,
          "height": 0
        },
        "time": 0,
        "fixHint": "Shorten the earlier tween, move the later tween, or add `overwrite: \"auto\"`."
      },
      {
        "code": "overlapping_gsap_tweens",
        "severity": "warning",
        "message": "GSAP tweens overlap on \".caption-card\" for opacity, y between 258.13s and 258.22s.",
        "selector": ".caption-card",
        "dataAttributes": {},
        "sourceFile": "C:\\vox-style-xe-giay-v1-hyperframes\\hyperframes\\videos\\ban-an-935-2024-tphcm\\compositions\\caption-track.html",
        "bbox": {
          "x": 0,
          "y": 0,
          "width": 0,
          "height": 0
        },
        "time": 0,
        "fixHint": "Shorten the earlier tween, move the later tween, or add `overwrite: \"auto\"`."
      },
      {
        "code": "overlapping_gsap_tweens",
        "severity": "warning",
        "message": "GSAP tweens overlap on \".caption-card\" for opacity, y between 258.14s and 258.22s.",
        "selector": ".caption-card",
        "dataAttributes": {},
        "sourceFile": "C:\\vox-style-xe-giay-v1-hyperframes\\hyperframes\\videos\\ban-an-935-2024-tphcm\\compositions\\caption-track.html",
        "bbox": {
          "x": 0,
          "y": 0,
          "width": 0,
          "height": 0
        },
        "time": 0,
        "fixHint": "Shorten the earlier tween, move the later tween, or add `overwrite: \"auto\"`."
      },
      {
        "code": "overlapping_gsap_tweens",
        "severity": "warning",
        "message": "GSAP tweens overlap on \".caption-card\" for opacity, y between 258.16s and 258.22s.",
        "selector": ".caption-card",
        "dataAttributes": {},
        "sourceFile": "C:\\vox-style-xe-giay-v1-hyperframes\\hyperframes\\videos\\ban-an-935-2024-tphcm\\compositions\\caption-track.html",
        "bbox": {
          "x": 0,
          "y": 0,
          "width": 0,
          "height": 0
        },
        "time": 0,
        "fixHint": "Shorten the earlier tween, move the later tween, or add `overwrite: \"auto\"`."
      },
      {
        "code": "overlapping_gsap_tweens",
        "severity": "warning",
        "message": "GSAP tweens overlap on \".caption-card\" for opacity, y between 258.20s and 258.22s.",
        "selector": ".caption-card",
        "dataAttributes": {},
        "sourceFile": "C:\\vox-style-xe-giay-v1-hyperframes\\hyperframes\\videos\\ban-an-935-2024-tphcm\\compositions\\caption-track.html",
        "bbox": {
          "x": 0,
          "y": 0,
          "width": 0,
          "height": 0
        },
        "time": 0,
        "fixHint": "Shorten the earlier tween, move the later tween, or add `overwrite: \"auto\"`."
      },
      {
        "code": "overlapping_gsap_tweens",
        "severity": "warning",
        "message": "GSAP tweens overlap on \".caption-card\" for opacity, y between 258.09s and 258.25s.",
        "selector": ".caption-card",
        "dataAttributes": {},
        "sourceFile": "C:\\vox-style-xe-giay-v1-hyperframes\\hyperframes\\videos\\ban-an-935-2024-tphcm\\compositions\\caption-track.html",
        "bbox": {
          "x": 0,
          "y": 0,
          "width": 0,
          "height": 0
        },
        "time": 0,
        "fixHint": "Shorten the earlier tween, move the later tween, or add `overwrite: \"auto\"`."
      },
      {
        "code": "overlapping_gsap_tweens",
        "severity": "warning",
        "message": "GSAP tweens overlap on \".caption-card\" for opacity, y between 258.13s and 258.25s.",
        "selector": ".caption-card",
        "dataAttributes": {},
        "sourceFile": "C:\\vox-style-xe-giay-v1-hyperframes\\hyperframes\\videos\\ban-an-935-2024-tphcm\\compositions\\caption-track.html",
        "bbox": {
          "x": 0,
          "y": 0,
          "width": 0,
          "height": 0
        },
        "time": 0,
        "fixHint": "Shorten the earlier tween, move the later tween, or add `overwrite: \"auto\"`."
      },
      {
        "code": "overlapping_gsap_tweens",
        "severity": "warning",
        "message": "GSAP tweens overlap on \".caption-card\" for opacity, y between 258.14s and 258.25s.",
        "selector": ".caption-card",
        "dataAttributes": {},
        "sourceFile": "C:\\vox-style-xe-giay-v1-hyperframes\\hyperframes\\videos\\ban-an-935-2024-tphcm\\compositions\\caption-track.html",
        "bbox": {
          "x": 0,
          "y": 0,
          "width": 0,
          "height": 0
        },
        "time": 0,
        "fixHint": "Shorten the earlier tween, move the later tween, or add `overwrite: \"auto\"`."
      },
      {
        "code": "overlapping_gsap_tweens",
        "severity": "warning",
        "message": "GSAP tweens overlap on \".caption-card\" for opacity, y between 258.16s and 258.25s.",
        "selector": ".caption-card",
        "dataAttributes": {},
        "sourceFile": "C:\\vox-style-xe-giay-v1-hyperframes\\hyperframes\\videos\\ban-an-935-2024-tphcm\\compositions\\caption-track.html",
        "bbox": {
          "x": 0,
          "y": 0,
          "width": 0,
          "height": 0
        },
        "time": 0,
        "fixHint": "Shorten the earlier tween, move the later tween, or add `overwrite: \"auto\"`."
      },
      {
        "code": "overlapping_gsap_tweens",
        "severity": "warning",
        "message": "GSAP tweens overlap on \".caption-card\" for opacity, y between 258.20s and 258.25s.",
        "selector": ".caption-card",
        "dataAttributes": {},
        "sourceFile": "C:\\vox-style-xe-giay-v1-hyperframes\\hyperframes\\videos\\ban-an-935-2024-tphcm\\compositions\\caption-track.html",
        "bbox": {
          "x": 0,
          "y": 0,
          "width": 0,
          "height": 0
        },
        "time": 0,
        "fixHint": "Shorten the earlier tween, move the later tween, or add `overwrite: \"auto\"`."
      },
      {
        "code": "overlapping_gsap_tweens",
        "severity": "warning",
        "message": "GSAP tweens overlap on \".caption-card\" for opacity, y between 258.22s and 258.25s.",
        "selector": ".caption-card",
        "dataAttributes": {},
        "sourceFile": "C:\\vox-style-xe-giay-v1-hyperframes\\hyperframes\\videos\\ban-an-935-2024-tphcm\\compositions\\caption-track.html",
        "bbox": {
          "x": 0,
          "y": 0,
          "width": 0,
          "height": 0
        },
        "time": 0,
        "fixHint": "Shorten the earlier tween, move the later tween, or add `overwrite: \"auto\"`."
      },
      {
        "code": "overlapping_gsap_tweens",
        "severity": "warning",
        "message": "GSAP tweens overlap on \".caption-card\" for opacity, y between 258.24s and 258.25s.",
        "selector": ".caption-card",
        "dataAttributes": {},
        "sourceFile": "C:\\vox-style-xe-giay-v1-hyperframes\\hyperframes\\videos\\ban-an-935-2024-tphcm\\compositions\\caption-track.html",
        "bbox": {
          "x": 0,
          "y": 0,
          "width": 0,
          "height": 0
        },
        "time": 0,
        "fixHint": "Shorten the earlier tween, move the later tween, or add `overwrite: \"auto\"`."
      },
      {
        "code": "overlapping_gsap_tweens",
        "severity": "warning",
        "message": "GSAP tweens overlap on \".caption-card\" for opacity, y between 258.13s and 258.26s.",
        "selector": ".caption-card",
        "dataAttributes": {},
        "sourceFile": "C:\\vox-style-xe-giay-v1-hyperframes\\hyperframes\\videos\\ban-an-935-2024-tphcm\\compositions\\caption-track.html",
        "bbox": {
          "x": 0,
          "y": 0,
          "width": 0,
          "height": 0
        },
        "time": 0,
        "fixHint": "Shorten the earlier tween, move the later tween, or add `overwrite: \"auto\"`."
      },
      {
        "code": "overlapping_gsap_tweens",
        "severity": "warning",
        "message": "GSAP tweens overlap on \".caption-card\" for opacity, y between 258.14s and 258.26s.",
        "selector": ".caption-card",
        "dataAttributes": {},
        "sourceFile": "C:\\vox-style-xe-giay-v1-hyperframes\\hyperframes\\videos\\ban-an-935-2024-tphcm\\compositions\\caption-track.html",
        "bbox": {
          "x": 0,
          "y": 0,
          "width": 0,
          "height": 0
        },
        "time": 0,
        "fixHint": "Shorten the earlier tween, move the later tween, or add `overwrite: \"auto\"`."
      },
      {
        "code": "overlapping_gsap_tweens",
        "severity": "warning",
        "message": "GSAP tweens overlap on \".caption-card\" for opacity, y between 258.16s and 258.26s.",
        "selector": ".caption-card",
        "dataAttributes": {},
        "sourceFile": "C:\\vox-style-xe-giay-v1-hyperframes\\hyperframes\\videos\\ban-an-935-2024-tphcm\\compositions\\caption-track.html",
        "bbox": {
          "x": 0,
          "y": 0,
          "width": 0,
          "height": 0
        },
        "time": 0,
        "fixHint": "Shorten the earlier tween, move the later tween, or add `overwrite: \"auto\"`."
      },
      {
        "code": "overlapping_gsap_tweens",
        "severity": "warning",
        "message": "GSAP tweens overlap on \".caption-card\" for opacity, y between 258.20s and 258.26s.",
        "selector": ".caption-card",
        "dataAttributes": {},
        "sourceFile": "C:\\vox-style-xe-giay-v1-hyperframes\\hyperframes\\videos\\ban-an-935-2024-tphcm\\compositions\\caption-track.html",
        "bbox": {
          "x": 0,
          "y": 0,
          "width": 0,
          "height": 0
        },
        "time": 0,
        "fixHint": "Shorten the earlier tween, move the later tween, or add `overwrite: \"auto\"`."
      },
      {
        "code": "overlapping_gsap_tweens",
        "severity": "warning",
        "message": "GSAP tweens overlap on \".caption-card\" for opacity, y between 258.22s and 258.26s.",
        "selector": ".caption-card",
        "dataAttributes": {},
        "sourceFile": "C:\\vox-style-xe-giay-v1-hyperframes\\hyperframes\\videos\\ban-an-935-2024-tphcm\\compositions\\caption-track.html",
        "bbox": {
          "x": 0,
          "y": 0,
          "width": 0,
          "height": 0
        },
        "time": 0,
        "fixHint": "Shorten the earlier tween, move the later tween, or add `overwrite: \"auto\"`."
      },
      {
        "code": "overlapping_gsap_tweens",
        "severity": "warning",
        "message": "GSAP tweens overlap on \".caption-card\" for opacity, y between 258.24s and 258.26s.",
        "selector": ".caption-card",
        "dataAttributes": {},
        "sourceFile": "C:\\vox-style-xe-giay-v1-hyperframes\\hyperframes\\videos\\ban-an-935-2024-tphcm\\compositions\\caption-track.html",
        "bbox": {
          "x": 0,
          "y": 0,
          "width": 0,
          "height": 0
        },
        "time": 0,
        "fixHint": "Shorten the earlier tween, move the later tween, or add `overwrite: \"auto\"`."
      },
      {
        "code": "overlapping_gsap_tweens",
        "severity": "warning",
        "message": "GSAP tweens overlap on \".caption-card\" for opacity, y between 258.14s and 258.30s.",
        "selector": ".caption-card",
        "dataAttributes": {},
        "sourceFile": "C:\\vox-style-xe-giay-v1-hyperframes\\hyperframes\\videos\\ban-an-935-2024-tphcm\\compositions\\caption-track.html",
        "bbox": {
          "x": 0,
          "y": 0,
          "width": 0,
          "height": 0
        },
        "time": 0,
        "fixHint": "Shorten the earlier tween, move the later tween, or add `overwrite: \"auto\"`."
      },
      {
        "code": "overlapping_gsap_tweens",
        "severity": "warning",
        "message": "GSAP tweens overlap on \".caption-card\" for opacity, y between 258.16s and 258.30s.",
        "selector": ".caption-card",
        "dataAttributes": {},
        "sourceFile": "C:\\vox-style-xe-giay-v1-hyperframes\\hyperframes\\videos\\ban-an-935-2024-tphcm\\compositions\\caption-track.html",
        "bbox": {
          "x": 0,
          "y": 0,
          "width": 0,
          "height": 0
        },
        "time": 0,
        "fixHint": "Shorten the earlier tween, move the later tween, or add `overwrite: \"auto\"`."
      },
      {
        "code": "overlapping_gsap_tweens",
        "severity": "warning",
        "message": "GSAP tweens overlap on \".caption-card\" for opacity, y between 258.20s and 258.30s.",
        "selector": ".caption-card",
        "dataAttributes": {},
        "sourceFile": "C:\\vox-style-xe-giay-v1-hyperframes\\hyperframes\\videos\\ban-an-935-2024-tphcm\\compositions\\caption-track.html",
        "bbox": {
          "x": 0,
          "y": 0,
          "width": 0,
          "height": 0
        },
        "time": 0,
        "fixHint": "Shorten the earlier tween, move the later tween, or add `overwrite: \"auto\"`."
      },
      {
        "code": "overlapping_gsap_tweens",
        "severity": "warning",
        "message": "GSAP tweens overlap on \".caption-card\" for opacity, y between 258.22s and 258.30s.",
        "selector": ".caption-card",
        "dataAttributes": {},
        "sourceFile": "C:\\vox-style-xe-giay-v1-hyperframes\\hyperframes\\videos\\ban-an-935-2024-tphcm\\compositions\\caption-track.html",
        "bbox": {
          "x": 0,
          "y": 0,
          "width": 0,
          "height": 0
        },
        "time": 0,
        "fixHint": "Shorten the earlier tween, move the later tween, or add `overwrite: \"auto\"`."
      },
      {
        "code": "overlapping_gsap_tweens",
        "severity": "warning",
        "message": "GSAP tweens overlap on \".caption-card\" for opacity, y between 258.24s and 258.30s.",
        "selector": ".caption-card",
        "dataAttributes": {},
        "sourceFile": "C:\\vox-style-xe-giay-v1-hyperframes\\hyperframes\\videos\\ban-an-935-2024-tphcm\\compositions\\caption-track.html",
        "bbox": {
          "x": 0,
          "y": 0,
          "width": 0,
          "height": 0
        },
        "time": 0,
        "fixHint": "Shorten the earlier tween, move the later tween, or add `overwrite: \"auto\"`."
      },
      {
        "code": "overlapping_gsap_tweens",
        "severity": "warning",
        "message": "GSAP tweens overlap on \".caption-card\" for opacity, y between 258.28s and 258.30s.",
        "selector": ".caption-card",
        "dataAttributes": {},
        "sourceFile": "C:\\vox-style-xe-giay-v1-hyperframes\\hyperframes\\videos\\ban-an-935-2024-tphcm\\compositions\\caption-track.html",
        "bbox": {
          "x": 0,
          "y": 0,
          "width": 0,
          "height": 0
        },
        "time": 0,
        "fixHint": "Shorten the earlier tween, move the later tween, or add `overwrite: \"auto\"`."
      },
      {
        "code": "overlapping_gsap_tweens",
        "severity": "warning",
        "message": "GSAP tweens overlap on \".caption-card\" for opacity, y between 258.16s and 258.31s.",
        "selector": ".caption-card",
        "dataAttributes": {},
        "sourceFile": "C:\\vox-style-xe-giay-v1-hyperframes\\hyperframes\\videos\\ban-an-935-2024-tphcm\\compositions\\caption-track.html",
        "bbox": {
          "x": 0,
          "y": 0,
          "width": 0,
          "height": 0
        },
        "time": 0,
        "fixHint": "Shorten the earlier tween, move the later tween, or add `overwrite: \"auto\"`."
      },
      {
        "code": "overlapping_gsap_tweens",
        "severity": "warning",
        "message": "GSAP tweens overlap on \".caption-card\" for opacity, y between 258.20s and 258.31s.",
        "selector": ".caption-card",
        "dataAttributes": {},
        "sourceFile": "C:\\vox-style-xe-giay-v1-hyperframes\\hyperframes\\videos\\ban-an-935-2024-tphcm\\compositions\\caption-track.html",
        "bbox": {
          "x": 0,
          "y": 0,
          "width": 0,
          "height": 0
        },
        "time": 0,
        "fixHint": "Shorten the earlier tween, move the later tween, or add `overwrite: \"auto\"`."
      },
      {
        "code": "overlapping_gsap_tweens",
        "severity": "warning",
        "message": "GSAP tweens overlap on \".caption-card\" for opacity, y between 258.22s and 258.31s.",
        "selector": ".caption-card",
        "dataAttributes": {},
        "sourceFile": "C:\\vox-style-xe-giay-v1-hyperframes\\hyperframes\\videos\\ban-an-935-2024-tphcm\\compositions\\caption-track.html",
        "bbox": {
          "x": 0,
          "y": 0,
          "width": 0,
          "height": 0
        },
        "time": 0,
        "fixHint": "Shorten the earlier tween, move the later tween, or add `overwrite: \"auto\"`."
      },
      {
        "code": "overlapping_gsap_tweens",
        "severity": "warning",
        "message": "GSAP tweens overlap on \".caption-card\" for opacity, y between 258.24s and 258.31s.",
        "selector": ".caption-card",
        "dataAttributes": {},
        "sourceFile": "C:\\vox-style-xe-giay-v1-hyperframes\\hyperframes\\videos\\ban-an-935-2024-tphcm\\compositions\\caption-track.html",
        "bbox": {
          "x": 0,
          "y": 0,
          "width": 0,
          "height": 0
        },
        "time": 0,
        "fixHint": "Shorten the earlier tween, move the later tween, or add `overwrite: \"auto\"`."
      },
      {
        "code": "overlapping_gsap_tweens",
        "severity": "warning",
        "message": "GSAP tweens overlap on \".caption-card\" for opacity, y between 258.28s and 258.31s.",
        "selector": ".caption-card",
        "dataAttributes": {},
        "sourceFile": "C:\\vox-style-xe-giay-v1-hyperframes\\hyperframes\\videos\\ban-an-935-2024-tphcm\\compositions\\caption-track.html",
        "bbox": {
          "x": 0,
          "y": 0,
          "width": 0,
          "height": 0
        },
        "time": 0,
        "fixHint": "Shorten the earlier tween, move the later tween, or add `overwrite: \"auto\"`."
      },
      {
        "code": "overlapping_gsap_tweens",
        "severity": "warning",
        "message": "GSAP tweens overlap on \".caption-card\" for opacity, y between 258.20s and 258.33s.",
        "selector": ".caption-card",
        "dataAttributes": {},
        "sourceFile": "C:\\vox-style-xe-giay-v1-hyperframes\\hyperframes\\videos\\ban-an-935-2024-tphcm\\compositions\\caption-track.html",
        "bbox": {
          "x": 0,
          "y": 0,
          "width": 0,
          "height": 0
        },
        "time": 0,
        "fixHint": "Shorten the earlier tween, move the later tween, or add `overwrite: \"auto\"`."
      },
      {
        "code": "overlapping_gsap_tweens",
        "severity": "warning",
        "message": "GSAP tweens overlap on \".caption-card\" for opacity, y between 258.22s and 258.33s.",
        "selector": ".caption-card",
        "dataAttributes": {},
        "sourceFile": "C:\\vox-style-xe-giay-v1-hyperframes\\hyperframes\\videos\\ban-an-935-2024-tphcm\\compositions\\caption-track.html",
        "bbox": {
          "x": 0,
          "y": 0,
          "width": 0,
          "height": 0
        },
        "time": 0,
        "fixHint": "Shorten the earlier tween, move the later tween, or add `overwrite: \"auto\"`."
      },
      {
        "code": "overlapping_gsap_tweens",
        "severity": "warning",
        "message": "GSAP tweens overlap on \".caption-card\" for opacity, y between 258.24s and 258.33s.",
        "selector": ".caption-card",
        "dataAttributes": {},
        "sourceFile": "C:\\vox-style-xe-giay-v1-hyperframes\\hyperframes\\videos\\ban-an-935-2024-tphcm\\compositions\\caption-track.html",
        "bbox": {
          "x": 0,
          "y": 0,
          "width": 0,
          "height": 0
        },
        "time": 0,
        "fixHint": "Shorten the earlier tween, move the later tween, or add `overwrite: \"auto\"`."
      },
      {
        "code": "overlapping_gsap_tweens",
        "severity": "warning",
        "message": "GSAP tweens overlap on \".caption-card\" for opacity, y between 258.28s and 258.33s.",
        "selector": ".caption-card",
        "dataAttributes": {},
        "sourceFile": "C:\\vox-style-xe-giay-v1-hyperframes\\hyperframes\\videos\\ban-an-935-2024-tphcm\\compositions\\caption-track.html",
        "bbox": {
          "x": 0,
          "y": 0,
          "width": 0,
          "height": 0
        },
        "time": 0,
        "fixHint": "Shorten the earlier tween, move the later tween, or add `overwrite: \"auto\"`."
      },
      {
        "code": "overlapping_gsap_tweens",
        "severity": "warning",
        "message": "GSAP tweens overlap on \".caption-card\" for opacity, y between 258.22s and 258.37s.",
        "selector": ".caption-card",
        "dataAttributes": {},
        "sourceFile": "C:\\vox-style-xe-giay-v1-hyperframes\\hyperframes\\videos\\ban-an-935-2024-tphcm\\compositions\\caption-track.html",
        "bbox": {
          "x": 0,
          "y": 0,
          "width": 0,
          "height": 0
        },
        "time": 0,
        "fixHint": "Shorten the earlier tween, move the later tween, or add `overwrite: \"auto\"`."
      },
      {
        "code": "overlapping_gsap_tweens",
        "severity": "warning",
        "message": "GSAP tweens overlap on \".caption-card\" for opacity, y between 258.24s and 258.37s.",
        "selector": ".caption-card",
        "dataAttributes": {},
        "sourceFile": "C:\\vox-style-xe-giay-v1-hyperframes\\hyperframes\\videos\\ban-an-935-2024-tphcm\\compositions\\caption-track.html",
        "bbox": {
          "x": 0,
          "y": 0,
          "width": 0,
          "height": 0
        },
        "time": 0,
        "fixHint": "Shorten the earlier tween, move the later tween, or add `overwrite: \"auto\"`."
      },
      {
        "code": "overlapping_gsap_tweens",
        "severity": "warning",
        "message": "GSAP tweens overlap on \".caption-card\" for opacity, y between 258.28s and 258.37s.",
        "selector": ".caption-card",
        "dataAttributes": {},
        "sourceFile": "C:\\vox-style-xe-giay-v1-hyperframes\\hyperframes\\videos\\ban-an-935-2024-tphcm\\compositions\\caption-track.html",
        "bbox": {
          "x": 0,
          "y": 0,
          "width": 0,
          "height": 0
        },
        "time": 0,
        "fixHint": "Shorten the earlier tween, move the later tween, or add `overwrite: \"auto\"`."
      },
      {
        "code": "overlapping_gsap_tweens",
        "severity": "warning",
        "message": "GSAP tweens overlap on \".caption-card\" for opacity, y between 258.33s and 258.37s.",
        "selector": ".caption-card",
        "dataAttributes": {},
        "sourceFile": "C:\\vox-style-xe-giay-v1-hyperframes\\hyperframes\\videos\\ban-an-935-2024-tphcm\\compositions\\caption-track.html",
        "bbox": {
          "x": 0,
          "y": 0,
          "width": 0,
          "height": 0
        },
        "time": 0,
        "fixHint": "Shorten the earlier tween, move the later tween, or add `overwrite: \"auto\"`."
      },
      {
        "code": "overlapping_gsap_tweens",
        "severity": "warning",
        "message": "GSAP tweens overlap on \".caption-card\" for opacity, y between 258.24s and 258.39s.",
        "selector": ".caption-card",
        "dataAttributes": {},
        "sourceFile": "C:\\vox-style-xe-giay-v1-hyperframes\\hyperframes\\videos\\ban-an-935-2024-tphcm\\compositions\\caption-track.html",
        "bbox": {
          "x": 0,
          "y": 0,
          "width": 0,
          "height": 0
        },
        "time": 0,
        "fixHint": "Shorten the earlier tween, move the later tween, or add `overwrite: \"auto\"`."
      },
      {
        "code": "overlapping_gsap_tweens",
        "severity": "warning",
        "message": "GSAP tweens overlap on \".caption-card\" for opacity, y between 258.28s and 258.39s.",
        "selector": ".caption-card",
        "dataAttributes": {},
        "sourceFile": "C:\\vox-style-xe-giay-v1-hyperframes\\hyperframes\\videos\\ban-an-935-2024-tphcm\\compositions\\caption-track.html",
        "bbox": {
          "x": 0,
          "y": 0,
          "width": 0,
          "height": 0
        },
        "time": 0,
        "fixHint": "Shorten the earlier tween, move the later tween, or add `overwrite: \"auto\"`."
      },
      {
        "code": "overlapping_gsap_tweens",
        "severity": "warning",
        "message": "GSAP tweens overlap on \".caption-card\" for opacity, y between 258.33s and 258.39s.",
        "selector": ".caption-card",
        "dataAttributes": {},
        "sourceFile": "C:\\vox-style-xe-giay-v1-hyperframes\\hyperframes\\videos\\ban-an-935-2024-tphcm\\compositions\\caption-track.html",
        "bbox": {
          "x": 0,
          "y": 0,
          "width": 0,
          "height": 0
        },
        "time": 0,
        "fixHint": "Shorten the earlier tween, move the later tween, or add `overwrite: \"auto\"`."
      },
      {
        "code": "overlapping_gsap_tweens",
        "severity": "warning",
        "message": "GSAP tweens overlap on \".caption-card\" for opacity, y between 258.37s and 258.39s.",
        "selector": ".caption-card",
        "dataAttributes": {},
        "sourceFile": "C:\\vox-style-xe-giay-v1-hyperframes\\hyperframes\\videos\\ban-an-935-2024-tphcm\\compositions\\caption-track.html",
        "bbox": {
          "x": 0,
          "y": 0,
          "width": 0,
          "height": 0
        },
        "time": 0,
        "fixHint": "Shorten the earlier tween, move the later tween, or add `overwrite: \"auto\"`."
      },
      {
        "code": "overlapping_gsap_tweens",
        "severity": "warning",
        "message": "GSAP tweens overlap on \".caption-card\" for opacity, y between 258.28s and 258.41s.",
        "selector": ".caption-card",
        "dataAttributes": {},
        "sourceFile": "C:\\vox-style-xe-giay-v1-hyperframes\\hyperframes\\videos\\ban-an-935-2024-tphcm\\compositions\\caption-track.html",
        "bbox": {
          "x": 0,
          "y": 0,
          "width": 0,
          "height": 0
        },
        "time": 0,
        "fixHint": "Shorten the earlier tween, move the later tween, or add `overwrite: \"auto\"`."
      },
      {
        "code": "overlapping_gsap_tweens",
        "severity": "warning",
        "message": "GSAP tweens overlap on \".caption-card\" for opacity, y between 258.33s and 258.41s.",
        "selector": ".caption-card",
        "dataAttributes": {},
        "sourceFile": "C:\\vox-style-xe-giay-v1-hyperframes\\hyperframes\\videos\\ban-an-935-2024-tphcm\\compositions\\caption-track.html",
        "bbox": {
          "x": 0,
          "y": 0,
          "width": 0,
          "height": 0
        },
        "time": 0,
        "fixHint": "Shorten the earlier tween, move the later tween, or add `overwrite: \"auto\"`."
      },
      {
        "code": "overlapping_gsap_tweens",
        "severity": "warning",
        "message": "GSAP tweens overlap on \".caption-card\" for opacity, y between 258.37s and 258.41s.",
        "selector": ".caption-card",
        "dataAttributes": {},
        "sourceFile": "C:\\vox-style-xe-giay-v1-hyperframes\\hyperframes\\videos\\ban-an-935-2024-tphcm\\compositions\\caption-track.html",
        "bbox": {
          "x": 0,
          "y": 0,
          "width": 0,
          "height": 0
        },
        "time": 0,
        "fixHint": "Shorten the earlier tween, move the later tween, or add `overwrite: \"auto\"`."
      },
      {
        "code": "overlapping_gsap_tweens",
        "severity": "warning",
        "message": "GSAP tweens overlap on \".caption-card\" for opacity, y between 258.33s and 258.45s.",
        "selector": ".caption-card",
        "dataAttributes": {},
        "sourceFile": "C:\\vox-style-xe-giay-v1-hyperframes\\hyperframes\\videos\\ban-an-935-2024-tphcm\\compositions\\caption-track.html",
        "bbox": {
          "x": 0,
          "y": 0,
          "width": 0,
          "height": 0
        },
        "time": 0,
        "fixHint": "Shorten the earlier tween, move the later tween, or add `overwrite: \"auto\"`."
      },
      {
        "code": "overlapping_gsap_tweens",
        "severity": "warning",
        "message": "GSAP tweens overlap on \".caption-card\" for opacity, y between 258.37s and 258.45s.",
        "selector": ".caption-card",
        "dataAttributes": {},
        "sourceFile": "C:\\vox-style-xe-giay-v1-hyperframes\\hyperframes\\videos\\ban-an-935-2024-tphcm\\compositions\\caption-track.html",
        "bbox": {
          "x": 0,
          "y": 0,
          "width": 0,
          "height": 0
        },
        "time": 0,
        "fixHint": "Shorten the earlier tween, move the later tween, or add `overwrite: \"auto\"`."
      },
      {
        "code": "overlapping_gsap_tweens",
        "severity": "warning",
        "message": "GSAP tweens overlap on \".caption-card\" for opacity, y between 258.37s and 258.50s.",
        "selector": ".caption-card",
        "dataAttributes": {},
        "sourceFile": "C:\\vox-style-xe-giay-v1-hyperframes\\hyperframes\\videos\\ban-an-935-2024-tphcm\\compositions\\caption-track.html",
        "bbox": {
          "x": 0,
          "y": 0,
          "width": 0,
          "height": 0
        },
        "time": 0,
        "fixHint": "Shorten the earlier tween, move the later tween, or add `overwrite: \"auto\"`."
      },
      {
        "code": "overlapping_gsap_tweens",
        "severity": "warning",
        "message": "GSAP tweens overlap on \".caption-card\" for opacity, y between 262.98s and 263.06s.",
        "selector": ".caption-card",
        "dataAttributes": {},
        "sourceFile": "C:\\vox-style-xe-giay-v1-hyperframes\\hyperframes\\videos\\ban-an-935-2024-tphcm\\compositions\\caption-track.html",
        "bbox": {
          "x": 0,
          "y": 0,
          "width": 0,
          "height": 0
        },
        "time": 0,
        "fixHint": "Shorten the earlier tween, move the later tween, or add `overwrite: \"auto\"`."
      },
      {
        "code": "composition_file_too_large",
        "severity": "warning",
        "message": "This HTML composition file has 2111 lines. Smaller sub-compositions are easier to read, iterate on, and diff.",
        "selector": "[data-composition-id]",
        "dataAttributes": {},
        "sourceFile": "C:\\vox-style-xe-giay-v1-hyperframes\\hyperframes\\videos\\ban-an-935-2024-tphcm\\compositions\\caption-track.html",
        "bbox": {
          "x": 0,
          "y": 0,
          "width": 0,
          "height": 0
        },
        "time": 0,
        "fixHint": "Split this sub-composition further into smaller .html files, then mount them from the parent with data-composition-src so each file stays small enough to inspect, revise, and validate independently."
      },
      {
        "code": "duplicate_media_discovery_risk",
        "severity": "warning",
        "message": "Detected 2 matching img entries with the same source/start/duration.",
        "selector": "[data-composition-id]",
        "dataAttributes": {},
        "sourceFile": "C:\\vox-style-xe-giay-v1-hyperframes\\hyperframes\\videos\\ban-an-935-2024-tphcm\\compositions\\scene-s02.html",
        "bbox": {
          "x": 0,
          "y": 0,
          "width": 0,
          "height": 0
        },
        "time": 0,
        "fixHint": "Avoid duplicated media nodes that can be discovered twice during compilation."
      },
      {
        "code": "composition_file_too_large",
        "severity": "warning",
        "message": "This HTML composition file has 365 lines. Smaller sub-compositions are easier to read, iterate on, and diff.",
        "selector": "[data-composition-id]",
        "dataAttributes": {},
        "sourceFile": "C:\\vox-style-xe-giay-v1-hyperframes\\hyperframes\\videos\\ban-an-935-2024-tphcm\\compositions\\scene-s05.html",
        "bbox": {
          "x": 0,
          "y": 0,
          "width": 0,
          "height": 0
        },
        "time": 0,
        "fixHint": "Split this sub-composition further into smaller .html files, then mount them from the parent with data-composition-src so each file stays small enough to inspect, revise, and validate independently."
      },
      {
        "code": "composition_file_too_large",
        "severity": "warning",
        "message": "This HTML composition file has 324 lines. Smaller sub-compositions are easier to read, iterate on, and diff.",
        "selector": "[data-composition-id]",
        "dataAttributes": {},
        "sourceFile": "C:\\vox-style-xe-giay-v1-hyperframes\\hyperframes\\videos\\ban-an-935-2024-tphcm\\compositions\\scene-s08.html",
        "bbox": {
          "x": 0,
          "y": 0,
          "width": 0,
          "height": 0
        },
        "time": 0,
        "fixHint": "Split this sub-composition further into smaller .html files, then mount them from the parent with data-composition-src so each file stays small enough to inspect, revise, and validate independently."
      },
      {
        "code": "duplicate_media_discovery_risk",
        "severity": "warning",
        "message": "Detected 2 matching img entries with the same source/start/duration.",
        "selector": "[data-composition-id]",
        "dataAttributes": {},
        "sourceFile": "C:\\vox-style-xe-giay-v1-hyperframes\\hyperframes\\videos\\ban-an-935-2024-tphcm\\compositions\\scene-s09.html",
        "bbox": {
          "x": 0,
          "y": 0,
          "width": 0,
          "height": 0
        },
        "time": 0,
        "fixHint": "Avoid duplicated media nodes that can be discovered twice during compilation."
      },
      {
        "code": "overlapping_gsap_tweens",
        "severity": "warning",
        "message": "GSAP tweens overlap on \"#root-card\" for rotation between 0.55s and 0.67s.",
        "selector": "#root-card",
        "dataAttributes": {},
        "sourceFile": "C:\\vox-style-xe-giay-v1-hyperframes\\hyperframes\\videos\\ban-an-935-2024-tphcm\\compositions\\scene-s13.html",
        "bbox": {
          "x": 0,
          "y": 0,
          "width": 0,
          "height": 0
        },
        "time": 0,
        "fixHint": "Shorten the earlier tween, move the later tween, or add `overwrite: \"auto\"`."
      },
      {
        "code": "overlapping_gsap_tweens",
        "severity": "warning",
        "message": "GSAP tweens overlap on \"#root-card\" for rotation between 0.67s and 0.70s.",
        "selector": "#root-card",
        "dataAttributes": {},
        "sourceFile": "C:\\vox-style-xe-giay-v1-hyperframes\\hyperframes\\videos\\ban-an-935-2024-tphcm\\compositions\\scene-s13.html",
        "bbox": {
          "x": 0,
          "y": 0,
          "width": 0,
          "height": 0
        },
        "time": 0,
        "fixHint": "Shorten the earlier tween, move the later tween, or add `overwrite: \"auto\"`."
      },
      {
        "code": "duplicate_media_discovery_risk",
        "severity": "warning",
        "message": "Detected 2 matching img entries with the same source/start/duration.",
        "selector": "[data-composition-id]",
        "dataAttributes": {},
        "sourceFile": "C:\\vox-style-xe-giay-v1-hyperframes\\hyperframes\\videos\\ban-an-935-2024-tphcm\\compositions\\scene-s14.html",
        "bbox": {
          "x": 0,
          "y": 0,
          "width": 0,
          "height": 0
        },
        "time": 0,
        "fixHint": "Avoid duplicated media nodes that can be discovered twice during compilation."
      },
      {
        "code": "duplicate_media_discovery_risk",
        "severity": "warning",
        "message": "Detected 2 matching img entries with the same source/start/duration.",
        "selector": "[data-composition-id]",
        "dataAttributes": {},
        "sourceFile": "C:\\vox-style-xe-giay-v1-hyperframes\\hyperframes\\videos\\ban-an-935-2024-tphcm\\compositions\\scene-s18.html",
        "bbox": {
          "x": 0,
          "y": 0,
          "width": 0,
          "height": 0
        },
        "time": 0,
        "fixHint": "Avoid duplicated media nodes that can be discovered twice during compilation."
      },
      {
        "code": "composition_file_too_large",
        "severity": "warning",
        "message": "This HTML composition file has 534 lines. Smaller sub-compositions are easier to read, iterate on, and diff.",
        "selector": "[data-composition-id]",
        "dataAttributes": {},
        "sourceFile": "C:\\vox-style-xe-giay-v1-hyperframes\\hyperframes\\videos\\ban-an-935-2024-tphcm\\compositions\\scene-s19.html",
        "bbox": {
          "x": 0,
          "y": 0,
          "width": 0,
          "height": 0
        },
        "time": 0,
        "fixHint": "Split this sub-composition further into smaller .html files, then mount them from the parent with data-composition-src so each file stays small enough to inspect, revise, and validate independently."
      },
      {
        "code": "duplicate_media_discovery_risk",
        "severity": "warning",
        "message": "Detected 2 matching img entries with the same source/start/duration.",
        "selector": "[data-composition-id]",
        "dataAttributes": {},
        "sourceFile": "C:\\vox-style-xe-giay-v1-hyperframes\\hyperframes\\videos\\ban-an-935-2024-tphcm\\compositions\\scene-s20.html",
        "bbox": {
          "x": 0,
          "y": 0,
          "width": 0,
          "height": 0
        },
        "time": 0,
        "fixHint": "Avoid duplicated media nodes that can be discovered twice during compilation."
      },
      {
        "code": "overlapping_gsap_tweens",
        "severity": "warning",
        "message": "GSAP tweens overlap on \"#doc-s1\" for y between 3.24s and 3.46s.",
        "selector": "#doc-s1",
        "dataAttributes": {},
        "sourceFile": "C:\\vox-style-xe-giay-v1-hyperframes\\hyperframes\\videos\\ban-an-935-2024-tphcm\\compositions\\scene-s21.html",
        "bbox": {
          "x": 0,
          "y": 0,
          "width": 0,
          "height": 0
        },
        "time": 0,
        "fixHint": "Shorten the earlier tween, move the later tween, or add `overwrite: \"auto\"`."
      },
      {
        "code": "gsap_repeated_fromto_without_baseline",
        "severity": "warning",
        "message": "2 tl.fromTo() calls target \"#doc-s1\" with no stable baseline. The last-authored fromTo \"from\" values become the element's resting state for any seek before the first tween actually runs, because GSAP applies fromTo from-values at authoring time (immediateRender), not at tween position.",
        "selector": "#doc-s1",
        "dataAttributes": {},
        "sourceFile": "C:\\vox-style-xe-giay-v1-hyperframes\\hyperframes\\videos\\ban-an-935-2024-tphcm\\compositions\\scene-s21.html",
        "bbox": {
          "x": 0,
          "y": 0,
          "width": 0,
          "height": 0
        },
        "time": 0,
        "fixHint": "Add `immediateRender: false` to the destination vars of each future fromTo, or set a safe resting state with an earlier `tl.set(\"#doc-s1\", { ... }, 0)`. Pre-first-tween seeks must not inherit whichever fromTo call happened to author last."
      },
      {
        "code": "composition_file_too_large",
        "severity": "warning",
        "message": "This HTML composition file has 316 lines. Smaller sub-compositions are easier to read, iterate on, and diff.",
        "selector": "[data-composition-id]",
        "dataAttributes": {},
        "sourceFile": "C:\\vox-style-xe-giay-v1-hyperframes\\hyperframes\\videos\\ban-an-935-2024-tphcm\\compositions\\scene-s21.html",
        "bbox": {
          "x": 0,
          "y": 0,
          "width": 0,
          "height": 0
        },
        "time": 0,
        "fixHint": "Split this sub-composition further into smaller .html files, then mount them from the parent with data-composition-src so each file stays small enough to inspect, revise, and validate independently."
      },
      {
        "code": "duplicate_media_discovery_risk",
        "severity": "warning",
        "message": "Detected 2 matching img entries with the same source/start/duration.",
        "selector": "[data-composition-id]",
        "dataAttributes": {},
        "sourceFile": "C:\\vox-style-xe-giay-v1-hyperframes\\hyperframes\\videos\\ban-an-935-2024-tphcm\\compositions\\scene-s22.html",
        "bbox": {
          "x": 0,
          "y": 0,
          "width": 0,
          "height": 0
        },
        "time": 0,
        "fixHint": "Avoid duplicated media nodes that can be discovered twice during compilation."
      },
      {
        "code": "duplicate_media_discovery_risk",
        "severity": "warning",
        "message": "Detected 2 matching img entries with the same source/start/duration.",
        "selector": "[data-composition-id]",
        "dataAttributes": {},
        "sourceFile": "C:\\vox-style-xe-giay-v1-hyperframes\\hyperframes\\videos\\ban-an-935-2024-tphcm\\compositions\\scene-s25.html",
        "bbox": {
          "x": 0,
          "y": 0,
          "width": 0,
          "height": 0
        },
        "time": 0,
        "fixHint": "Avoid duplicated media nodes that can be discovered twice during compilation."
      },
      {
        "code": "gsap_repeated_fromto_without_baseline",
        "severity": "warning",
        "message": "2 tl.fromTo() calls target \"#hero-img-1\" with no stable baseline. The last-authored fromTo \"from\" values become the element's resting state for any seek before the first tween actually runs, because GSAP applies fromTo from-values at authoring time (immediateRender), not at tween position.",
        "selector": "#hero-img-1",
        "dataAttributes": {},
        "sourceFile": "C:\\vox-style-xe-giay-v1-hyperframes\\hyperframes\\videos\\ban-an-935-2024-tphcm\\compositions\\scene-s25.html",
        "bbox": {
          "x": 0,
          "y": 0,
          "width": 0,
          "height": 0
        },
        "time": 0,
        "fixHint": "Add `immediateRender: false` to the destination vars of each future fromTo, or set a safe resting state with an earlier `tl.set(\"#hero-img-1\", { ... }, 0)`. Pre-first-tween seeks must not inherit whichever fromTo call happened to author last."
      },
      {
        "code": "composition_file_too_large",
        "severity": "warning",
        "message": "This HTML composition file has 421 lines. Smaller sub-compositions are easier to read, iterate on, and diff.",
        "selector": "[data-composition-id]",
        "dataAttributes": {},
        "sourceFile": "C:\\vox-style-xe-giay-v1-hyperframes\\hyperframes\\videos\\ban-an-935-2024-tphcm\\compositions\\scene-s26.html",
        "bbox": {
          "x": 0,
          "y": 0,
          "width": 0,
          "height": 0
        },
        "time": 0,
        "fixHint": "Split this sub-composition further into smaller .html files, then mount them from the parent with data-composition-src so each file stays small enough to inspect, revise, and validate independently."
      },
      {
        "code": "gsap_repeated_fromto_without_baseline",
        "severity": "warning",
        "message": "2 tl.fromTo() calls target \"#doc-badge\" with no stable baseline. The last-authored fromTo \"from\" values become the element's resting state for any seek before the first tween actually runs, because GSAP applies fromTo from-values at authoring time (immediateRender), not at tween position.",
        "selector": "#doc-badge",
        "dataAttributes": {},
        "sourceFile": "C:\\vox-style-xe-giay-v1-hyperframes\\hyperframes\\videos\\ban-an-935-2024-tphcm\\compositions\\scene-s28.html",
        "bbox": {
          "x": 0,
          "y": 0,
          "width": 0,
          "height": 0
        },
        "time": 0,
        "fixHint": "Add `immediateRender: false` to the destination vars of each future fromTo, or set a safe resting state with an earlier `tl.set(\"#doc-badge\", { ... }, 0)`. Pre-first-tween seeks must not inherit whichever fromTo call happened to author last."
      },
      {
        "code": "gsap_repeated_fromto_without_baseline",
        "severity": "warning",
        "message": "2 tl.fromTo() calls target \"#punch-container\" with no stable baseline. The last-authored fromTo \"from\" values become the element's resting state for any seek before the first tween actually runs, because GSAP applies fromTo from-values at authoring time (immediateRender), not at tween position.",
        "selector": "#punch-container",
        "dataAttributes": {},
        "sourceFile": "C:\\vox-style-xe-giay-v1-hyperframes\\hyperframes\\videos\\ban-an-935-2024-tphcm\\compositions\\scene-s28.html",
        "bbox": {
          "x": 0,
          "y": 0,
          "width": 0,
          "height": 0
        },
        "time": 0,
        "fixHint": "Add `immediateRender: false` to the destination vars of each future fromTo, or set a safe resting state with an earlier `tl.set(\"#punch-container\", { ... }, 0)`. Pre-first-tween seeks must not inherit whichever fromTo call happened to author last."
      },
      {
        "code": "gsap_repeated_fromto_without_baseline",
        "severity": "warning",
        "message": "2 tl.fromTo() calls target \".punch-highlight\" with no stable baseline. The last-authored fromTo \"from\" values become the element's resting state for any seek before the first tween actually runs, because GSAP applies fromTo from-values at authoring time (immediateRender), not at tween position.",
        "selector": ".punch-highlight",
        "dataAttributes": {},
        "sourceFile": "C:\\vox-style-xe-giay-v1-hyperframes\\hyperframes\\videos\\ban-an-935-2024-tphcm\\compositions\\scene-s28.html",
        "bbox": {
          "x": 0,
          "y": 0,
          "width": 0,
          "height": 0
        },
        "time": 0,
        "fixHint": "Add `immediateRender: false` to the destination vars of each future fromTo, or set a safe resting state with an earlier `tl.set(\".punch-highlight\", { ... }, 0)`. Pre-first-tween seeks must not inherit whichever fromTo call happened to author last."
      },
      {
        "code": "duplicate_media_discovery_risk",
        "severity": "warning",
        "message": "Detected 2 matching img entries with the same source/start/duration.",
        "selector": "[data-composition-id]",
        "dataAttributes": {},
        "sourceFile": "C:\\vox-style-xe-giay-v1-hyperframes\\hyperframes\\videos\\ban-an-935-2024-tphcm\\compositions\\scene-s29.html",
        "bbox": {
          "x": 0,
          "y": 0,
          "width": 0,
          "height": 0
        },
        "time": 0,
        "fixHint": "Avoid duplicated media nodes that can be discovered twice during compilation."
      },
      {
        "code": "overlapping_gsap_tweens",
        "severity": "warning",
        "message": "GSAP tweens overlap on \"#icon-ban-overlay\" for rotation between 1.66s and 1.66s.",
        "selector": "#icon-ban-overlay",
        "dataAttributes": {},
        "sourceFile": "C:\\vox-style-xe-giay-v1-hyperframes\\hyperframes\\videos\\ban-an-935-2024-tphcm\\compositions\\scene-s30.html",
        "bbox": {
          "x": 0,
          "y": 0,
          "width": 0,
          "height": 0
        },
        "time": 0,
        "fixHint": "Shorten the earlier tween, move the later tween, or add `overwrite: \"auto\"`."
      },
      {
        "code": "composition_file_too_large",
        "severity": "warning",
        "message": "This HTML composition file has 308 lines. Smaller sub-compositions are easier to read, iterate on, and diff.",
        "selector": "[data-composition-id]",
        "dataAttributes": {},
        "sourceFile": "C:\\vox-style-xe-giay-v1-hyperframes\\hyperframes\\videos\\ban-an-935-2024-tphcm\\compositions\\scene-s30.html",
        "bbox": {
          "x": 0,
          "y": 0,
          "width": 0,
          "height": 0
        },
        "time": 0,
        "fixHint": "Split this sub-composition further into smaller .html files, then mount them from the parent with data-composition-src so each file stays small enough to inspect, revise, and validate independently."
      },
      {
        "code": "composition_file_too_large",
        "severity": "warning",
        "message": "This HTML composition file has 321 lines. Smaller sub-compositions are easier to read, iterate on, and diff.",
        "selector": "[data-composition-id]",
        "dataAttributes": {},
        "sourceFile": "C:\\vox-style-xe-giay-v1-hyperframes\\hyperframes\\videos\\ban-an-935-2024-tphcm\\compositions\\scene-s36.html",
        "bbox": {
          "x": 0,
          "y": 0,
          "width": 0,
          "height": 0
        },
        "time": 0,
        "fixHint": "Split this sub-composition further into smaller .html files, then mount them from the parent with data-composition-src so each file stays small enough to inspect, revise, and validate independently."
      },
      {
        "code": "duplicate_media_discovery_risk",
        "severity": "warning",
        "message": "Detected 2 matching img entries with the same source/start/duration.",
        "selector": "[data-composition-id]",
        "dataAttributes": {},
        "sourceFile": "C:\\vox-style-xe-giay-v1-hyperframes\\hyperframes\\videos\\ban-an-935-2024-tphcm\\compositions\\scene-s37.html",
        "bbox": {
          "x": 0,
          "y": 0,
          "width": 0,
          "height": 0
        },
        "time": 0,
        "fixHint": "Avoid duplicated media nodes that can be discovered twice during compilation."
      },
      {
        "code": "duplicate_media_discovery_risk",
        "severity": "warning",
        "message": "Detected 2 matching img entries with the same source/start/duration.",
        "selector": "[data-composition-id]",
        "dataAttributes": {},
        "sourceFile": "C:\\vox-style-xe-giay-v1-hyperframes\\hyperframes\\videos\\ban-an-935-2024-tphcm\\compositions\\scene-s40.html",
        "bbox": {
          "x": 0,
          "y": 0,
          "width": 0,
          "height": 0
        },
        "time": 0,
        "fixHint": "Avoid duplicated media nodes that can be discovered twice during compilation."
      },
      {
        "code": "studio_missing_editable_id",
        "severity": "warning",
        "message": "<div data-start=\"0\"> has no id, so Studio cannot use a stable edit target for its timeline and canvas controls.",
        "selector": "[data-composition-id]",
        "dataAttributes": {},
        "sourceFile": "C:\\vox-style-xe-giay-v1-hyperframes\\hyperframes\\videos\\ban-an-935-2024-tphcm\\compositions\\scene-s41.html",
        "bbox": {
          "x": 0,
          "y": 0,
          "width": 0,
          "height": 0
        },
        "time": 0,
        "fixHint": "Add a stable, human-readable id such as id=\"hero-title\" or id=\"scene-1-card\" to every timeline-visible element you want agents or Studio to edit."
      },
      {
        "code": "studio_missing_editable_id",
        "severity": "warning",
        "message": "<section data-start=\"0\"> has no id, so Studio cannot use a stable edit target for its timeline and canvas controls.",
        "selector": "[data-composition-id]",
        "dataAttributes": {},
        "sourceFile": "C:\\vox-style-xe-giay-v1-hyperframes\\hyperframes\\videos\\ban-an-935-2024-tphcm\\compositions\\scene-s42.html",
        "bbox": {
          "x": 0,
          "y": 0,
          "width": 0,
          "height": 0
        },
        "time": 0,
        "fixHint": "Add a stable, human-readable id such as id=\"hero-title\" or id=\"scene-1-card\" to every timeline-visible element you want agents or Studio to edit."
      },
      {
        "code": "duplicate_media_discovery_risk",
        "severity": "warning",
        "message": "Detected 2 matching img entries with the same source/start/duration.",
        "selector": "[data-composition-id]",
        "dataAttributes": {},
        "sourceFile": "C:\\vox-style-xe-giay-v1-hyperframes\\hyperframes\\videos\\ban-an-935-2024-tphcm\\compositions\\scene-s44.html",
        "bbox": {
          "x": 0,
          "y": 0,
          "width": 0,
          "height": 0
        },
        "time": 0,
        "fixHint": "Avoid duplicated media nodes that can be discovered twice during compilation."
      },
      {
        "code": "composition_file_too_large",
        "severity": "warning",
        "message": "This HTML composition file has 343 lines. Smaller sub-compositions are easier to read, iterate on, and diff.",
        "selector": "[data-composition-id]",
        "dataAttributes": {},
        "sourceFile": "C:\\vox-style-xe-giay-v1-hyperframes\\hyperframes\\videos\\ban-an-935-2024-tphcm\\compositions\\scene-s47.html",
        "bbox": {
          "x": 0,
          "y": 0,
          "width": 0,
          "height": 0
        },
        "time": 0,
        "fixHint": "Split this sub-composition further into smaller .html files, then mount them from the parent with data-composition-src so each file stays small enough to inspect, revise, and validate independently."
      },
      {
        "code": "composition_file_too_large",
        "severity": "warning",
        "message": "This HTML composition file has 319 lines. Smaller sub-compositions are easier to read, iterate on, and diff.",
        "selector": "[data-composition-id]",
        "dataAttributes": {},
        "sourceFile": "C:\\vox-style-xe-giay-v1-hyperframes\\hyperframes\\videos\\ban-an-935-2024-tphcm\\compositions\\scene-s49.html",
        "bbox": {
          "x": 0,
          "y": 0,
          "width": 0,
          "height": 0
        },
        "time": 0,
        "fixHint": "Split this sub-composition further into smaller .html files, then mount them from the parent with data-composition-src so each file stays small enough to inspect, revise, and validate independently."
      },
      {
        "code": "gsap_timeline_set_initial_hide",
        "severity": "warning",
        "message": "Initial hidden state for \"#node-2003, #clock-badge, #node-2024, #punch-card-box, #conclusion-card-box\" is set via tl.set(...) at position 0 inside the paused timeline. A zero-duration set at 0 does not render while the playhead sits exactly at 0, so frame 0 shows the un-hidden state.",
        "selector": "#node-2003, #clock-badge, #node-2024, #punch-card-box, #conclusion-card-box",
        "dataAttributes": {},
        "sourceFile": "C:\\vox-style-xe-giay-v1-hyperframes\\hyperframes\\videos\\ban-an-935-2024-tphcm\\compositions\\scene-s50.html",
        "bbox": {
          "x": 0,
          "y": 0,
          "width": 0,
          "height": 0
        },
        "time": 0,
        "fixHint": "Use gsap.set(...) (immediate, outside the timeline) for initial states, or author the hidden state directly in CSS/attributes."
      },
      {
        "code": "duplicate_media_discovery_risk",
        "severity": "warning",
        "message": "Detected 2 matching img entries with the same source/start/duration.",
        "selector": "[data-composition-id]",
        "dataAttributes": {},
        "sourceFile": "C:\\vox-style-xe-giay-v1-hyperframes\\hyperframes\\videos\\ban-an-935-2024-tphcm\\compositions\\scene-s51.html",
        "bbox": {
          "x": 0,
          "y": 0,
          "width": 0,
          "height": 0
        },
        "time": 0,
        "fixHint": "Avoid duplicated media nodes that can be discovered twice during compilation."
      }
    ],
    "filesScanned": 53
  },
  "runtime": {
    "ok": true,
    "errorCount": 0,
    "warningCount": 0,
    "infoCount": 0,
    "findings": []
  },
  "layout": {
    "ok": true,
    "errorCount": 0,
    "warningCount": 1,
    "infoCount": 130,
    "findings": [
      {
        "code": "escaped_container",
        "severity": "warning",
        "time": 433.28,
        "selector": "div.folder-tab",
        "message": "Positioned element renders far outside its offset parent — its coordinates were likely computed in a different frame (canvas/viewport pixels).",
        "rect": {
          "left": 145.06,
          "top": 200,
          "right": 465.06,
          "bottom": 246,
          "width": 320,
          "height": 46
        },
        "containerSelector": "div.folder-back",
        "text": "HỒ SƠ SỐ: #48-TD/BANK",
        "fixHint": "Compute left/top in the offset parent's frame (subtract its rect), or mark intentional placement with data-layout-allow-overflow.",
        "containerRect": {
          "left": 105.06,
          "top": 240,
          "right": 1005.06,
          "bottom": 930,
          "width": 900,
          "height": 690
        },
        "dataAttributes": {},
        "sourceFile": "compositions/scene-s48.html",
        "bbox": {
          "x": 145.06,
          "y": 200,
          "width": 320,
          "height": 46
        },
        "firstSeen": 433.28,
        "lastSeen": 440,
        "occurrences": 3,
        "heldMs": 0
      },
      {
        "code": "container_overflow",
        "severity": "info",
        "time": 2.268,
        "selector": "#hero-img",
        "message": "Element extends outside a clipping layout container.",
        "rect": {
          "left": -6.48,
          "top": -11.52,
          "right": 1086.48,
          "bottom": 1931.52,
          "width": 1092.96,
          "height": 1943.04
        },
        "containerSelector": "#hero-container",
        "fixHint": "Resize/reposition the child or container, or mark intentional overflow with data-layout-allow-overflow.",
        "containerRect": {
          "left": 0,
          "top": 0,
          "right": 1080,
          "bottom": 1920,
          "width": 1080,
          "height": 1920
        },
        "overflow": {
          "left": 6.48,
          "right": 6.48,
          "top": 11.52,
          "bottom": 11.52
        },
        "dataAttributes": {
          "data-hf-authored-opacity": ""
        },
        "sourceFile": "compositions/scene-s01.html",
        "bbox": {
          "x": -6.48,
          "y": -11.52,
          "width": 1092.96,
          "height": 1943.04
        },
        "firstSeen": 2.268,
        "lastSeen": 2.268,
        "occurrences": 1,
        "heldMs": 0
      },
      {
        "code": "container_overflow",
        "severity": "info",
        "time": 5.58,
        "selector": "#hero-img",
        "message": "Element extends outside a clipping layout container.",
        "rect": {
          "left": -16.15,
          "top": -28.7,
          "right": 1096.15,
          "bottom": 1948.7,
          "width": 1112.29,
          "height": 1977.41
        },
        "containerSelector": "#hero-container",
        "fixHint": "Resize/reposition the child or container, or mark intentional overflow with data-layout-allow-overflow.",
        "containerRect": {
          "left": 0,
          "top": 0,
          "right": 1080,
          "bottom": 1920,
          "width": 1080,
          "height": 1920
        },
        "overflow": {
          "left": 16.15,
          "right": 16.15,
          "top": 28.7,
          "bottom": 28.7
        },
        "dataAttributes": {
          "data-hf-authored-opacity": ""
        },
        "sourceFile": "compositions/scene-s01.html",
        "bbox": {
          "x": -16.15,
          "y": -28.7,
          "width": 1112.29,
          "height": 1977.41
        },
        "firstSeen": 5.58,
        "lastSeen": 5.58,
        "occurrences": 1,
        "heldMs": 0
      },
      {
        "code": "container_overflow",
        "severity": "info",
        "time": 8.892,
        "selector": "#hero-img",
        "message": "Element extends outside a clipping layout container.",
        "rect": {
          "left": -25.87,
          "top": -45.98,
          "right": 1105.87,
          "bottom": 1965.98,
          "width": 1131.73,
          "height": 2011.97
        },
        "containerSelector": "#hero-container",
        "fixHint": "Resize/reposition the child or container, or mark intentional overflow with data-layout-allow-overflow.",
        "containerRect": {
          "left": 0,
          "top": 0,
          "right": 1080,
          "bottom": 1920,
          "width": 1080,
          "height": 1920
        },
        "overflow": {
          "left": 25.87,
          "right": 25.87,
          "top": 45.98,
          "bottom": 45.98
        },
        "dataAttributes": {
          "data-hf-authored-opacity": ""
        },
        "sourceFile": "compositions/scene-s01.html",
        "bbox": {
          "x": -25.87,
          "y": -45.98,
          "width": 1131.73,
          "height": 2011.97
        },
        "firstSeen": 8.892,
        "lastSeen": 8.892,
        "occurrences": 1,
        "heldMs": 0
      },
      {
        "code": "container_overflow",
        "severity": "info",
        "time": 25.272,
        "selector": "#hero-img",
        "message": "Element extends outside a clipping layout container.",
        "rect": {
          "left": -8.59,
          "top": -20.05,
          "right": 1088.59,
          "bottom": 1930.48,
          "width": 1097.17,
          "height": 1950.53
        },
        "containerSelector": "#hero-wrap",
        "fixHint": "Resize/reposition the child or container, or mark intentional overflow with data-layout-allow-overflow.",
        "containerRect": {
          "left": 0,
          "top": 0,
          "right": 1080,
          "bottom": 1920,
          "width": 1080,
          "height": 1920
        },
        "overflow": {
          "left": 8.59,
          "right": 8.59,
          "top": 20.05,
          "bottom": 10.48
        },
        "dataAttributes": {
          "data-hf-authored-opacity": ""
        },
        "sourceFile": "compositions/scene-s01.html",
        "bbox": {
          "x": -8.59,
          "y": -20.05,
          "width": 1097.17,
          "height": 1950.53
        },
        "firstSeen": 25.272,
        "lastSeen": 25.272,
        "occurrences": 1,
        "heldMs": 0
      },
      {
        "code": "container_overflow",
        "severity": "info",
        "time": 27.795,
        "selector": "#hero-img",
        "message": "Element extends outside a clipping layout container.",
        "rect": {
          "left": -21.44,
          "top": -50.03,
          "right": 1101.44,
          "bottom": 1946.19,
          "width": 1122.88,
          "height": 1996.22
        },
        "containerSelector": "#hero-wrap",
        "fixHint": "Resize/reposition the child or container, or mark intentional overflow with data-layout-allow-overflow.",
        "containerRect": {
          "left": 0,
          "top": 0,
          "right": 1080,
          "bottom": 1920,
          "width": 1080,
          "height": 1920
        },
        "overflow": {
          "left": 21.44,
          "right": 21.44,
          "top": 50.03,
          "bottom": 26.19
        },
        "dataAttributes": {
          "data-hf-authored-opacity": ""
        },
        "sourceFile": "compositions/scene-s01.html",
        "bbox": {
          "x": -21.44,
          "y": -50.03,
          "width": 1122.88,
          "height": 1996.22
        },
        "firstSeen": 27.795,
        "lastSeen": 27.795,
        "occurrences": 1,
        "heldMs": 0
      },
      {
        "code": "container_overflow",
        "severity": "info",
        "time": 30.318,
        "selector": "#hero-img",
        "message": "Element extends outside a clipping layout container.",
        "rect": {
          "left": -34.45,
          "top": -80.4,
          "right": 1114.45,
          "bottom": 1962.1,
          "width": 1148.9,
          "height": 2042.5
        },
        "containerSelector": "#hero-wrap",
        "fixHint": "Resize/reposition the child or container, or mark intentional overflow with data-layout-allow-overflow.",
        "containerRect": {
          "left": 0,
          "top": 0,
          "right": 1080,
          "bottom": 1920,
          "width": 1080,
          "height": 1920
        },
        "overflow": {
          "left": 34.45,
          "right": 34.45,
          "top": 80.4,
          "bottom": 42.1
        },
        "dataAttributes": {
          "data-hf-authored-opacity": ""
        },
        "sourceFile": "compositions/scene-s01.html",
        "bbox": {
          "x": -34.45,
          "y": -80.4,
          "width": 1148.9,
          "height": 2042.5
        },
        "firstSeen": 30.318,
        "lastSeen": 30.318,
        "occurrences": 1,
        "heldMs": 0
      },
      {
        "code": "connector_orphan",
        "severity": "info",
        "time": 56.288,
        "selector": "#conn-branch-1",
        "message": "Connector shaft is visible while its endpoint div.timeline-hero-row is not on stage.",
        "rect": {
          "left": 310.88,
          "top": 428,
          "right": 550.88,
          "bottom": 460,
          "width": 240,
          "height": 32
        },
        "containerSelector": "#connector-svg",
        "fixHint": "Show the shaft only after both ends are on, and hide it with the earlier exit. Do not give the line its own clock.",
        "dataAttributes": {},
        "sourceFile": "compositions/scene-s07.html",
        "bbox": {
          "x": 310.88,
          "y": 428,
          "width": 240,
          "height": 32
        },
        "firstSeen": 56.288,
        "lastSeen": 56.288,
        "occurrences": 1,
        "heldMs": 0
      },
      {
        "code": "connector_orphan",
        "severity": "info",
        "time": 56.288,
        "selector": "#conn-branch-2",
        "message": "Connector shaft is visible while its endpoint div.timeline-hero-row is not on stage.",
        "rect": {
          "left": 550.88,
          "top": 428,
          "right": 790.88,
          "bottom": 460,
          "width": 240,
          "height": 32
        },
        "containerSelector": "#connector-svg",
        "fixHint": "Show the shaft only after both ends are on, and hide it with the earlier exit. Do not give the line its own clock.",
        "dataAttributes": {},
        "sourceFile": "compositions/scene-s07.html",
        "bbox": {
          "x": 550.88,
          "y": 428,
          "width": 240,
          "height": 32
        },
        "firstSeen": 56.288,
        "lastSeen": 56.288,
        "occurrences": 1,
        "heldMs": 0
      },
      {
        "code": "connector_orphan",
        "severity": "info",
        "time": 59.18,
        "selector": "#conn-branch-1",
        "message": "Connector shaft is visible while its endpoint div.timeline-hero-row is not on stage.",
        "rect": {
          "left": 300.05,
          "top": 428,
          "right": 540.05,
          "bottom": 460,
          "width": 240,
          "height": 32
        },
        "containerSelector": "#connector-svg",
        "fixHint": "Show the shaft only after both ends are on, and hide it with the earlier exit. Do not give the line its own clock.",
        "dataAttributes": {},
        "sourceFile": "compositions/scene-s07.html",
        "bbox": {
          "x": 300.05,
          "y": 428,
          "width": 240,
          "height": 32
        },
        "firstSeen": 59.18,
        "lastSeen": 59.18,
        "occurrences": 1,
        "heldMs": 0
      },
      {
        "code": "connector_orphan",
        "severity": "info",
        "time": 59.18,
        "selector": "#conn-branch-2",
        "message": "Connector shaft is visible while its endpoint div.timeline-hero-row is not on stage.",
        "rect": {
          "left": 540.05,
          "top": 428,
          "right": 780.05,
          "bottom": 460,
          "width": 240,
          "height": 32
        },
        "containerSelector": "#connector-svg",
        "fixHint": "Show the shaft only after both ends are on, and hide it with the earlier exit. Do not give the line its own clock.",
        "dataAttributes": {},
        "sourceFile": "compositions/scene-s07.html",
        "bbox": {
          "x": 540.05,
          "y": 428,
          "width": 240,
          "height": 32
        },
        "firstSeen": 59.18,
        "lastSeen": 59.18,
        "occurrences": 1,
        "heldMs": 0
      },
      {
        "code": "connector_orphan",
        "severity": "info",
        "time": 62.072,
        "selector": "#conn-branch-1",
        "message": "Connector shaft is visible while its endpoint div.timeline-hero-row is not on stage.",
        "rect": {
          "left": 289.22,
          "top": 428,
          "right": 529.22,
          "bottom": 460,
          "width": 240,
          "height": 32
        },
        "containerSelector": "#connector-svg",
        "fixHint": "Show the shaft only after both ends are on, and hide it with the earlier exit. Do not give the line its own clock.",
        "dataAttributes": {},
        "sourceFile": "compositions/scene-s07.html",
        "bbox": {
          "x": 289.22,
          "y": 428,
          "width": 240,
          "height": 32
        },
        "firstSeen": 62.072,
        "lastSeen": 62.072,
        "occurrences": 1,
        "heldMs": 0
      },
      {
        "code": "connector_orphan",
        "severity": "info",
        "time": 62.072,
        "selector": "#conn-branch-2",
        "message": "Connector shaft is visible while its endpoint div.timeline-hero-row is not on stage.",
        "rect": {
          "left": 529.22,
          "top": 428,
          "right": 769.22,
          "bottom": 460,
          "width": 240,
          "height": 32
        },
        "containerSelector": "#connector-svg",
        "fixHint": "Show the shaft only after both ends are on, and hide it with the earlier exit. Do not give the line its own clock.",
        "dataAttributes": {},
        "sourceFile": "compositions/scene-s07.html",
        "bbox": {
          "x": 529.22,
          "y": 428,
          "width": 240,
          "height": 32
        },
        "firstSeen": 62.072,
        "lastSeen": 62.072,
        "occurrences": 1,
        "heldMs": 0
      },
      {
        "code": "text_box_overflow",
        "severity": "info",
        "time": 65.184,
        "selector": "#node-left",
        "message": "Text extends outside its nearest visual/container box.",
        "rect": {
          "left": 106.8,
          "top": 478.26,
          "right": 369.01,
          "bottom": 501.48,
          "width": 262.22,
          "height": 23.23
        },
        "containerSelector": "#node-left",
        "text": "ĐIỂM NGHẼN THANH KHOẢN",
        "fixHint": "Text is 262px x 23px inside 263px x 45px and overflows by up to 19px; widen the container to at least ~281px, or allow wrapping with max-width/fitTextFontSize.",
        "containerRect": {
          "left": 87.61,
          "top": 467.15,
          "right": 350.16,
          "bottom": 512.59,
          "width": 262.55,
          "height": 45.44
        },
        "overflow": {
          "right": 18.85
        },
        "dataAttributes": {},
        "sourceFile": "compositions/scene-s08.html",
        "bbox": {
          "x": 106.8,
          "y": 478.26,
          "width": 262.22,
          "height": 23.23
        },
        "firstSeen": 65.184,
        "lastSeen": 65.184,
        "occurrences": 1,
        "heldMs": 0
      },
      {
        "code": "text_box_overflow",
        "severity": "info",
        "time": 66.81,
        "selector": "#node-left",
        "message": "Text extends outside its nearest visual/container box.",
        "rect": {
          "left": 100.32,
          "top": 472.49,
          "right": 366.46,
          "bottom": 496.06,
          "width": 266.14,
          "height": 23.57
        },
        "containerSelector": "#node-left",
        "text": "ĐIỂM NGHẼN THANH KHOẢN",
        "fixHint": "Text is 266px x 24px inside 266px x 46px and overflows by up to 19px; widen the container to at least ~286px, or allow wrapping with max-width/fitTextFontSize.",
        "containerRect": {
          "left": 80.84,
          "top": 461.21,
          "right": 347.32,
          "bottom": 507.33,
          "width": 266.47,
          "height": 46.12
        },
        "overflow": {
          "right": 19.14
        },
        "dataAttributes": {},
        "sourceFile": "compositions/scene-s08.html",
        "bbox": {
          "x": 100.32,
          "y": 472.49,
          "width": 266.14,
          "height": 23.57
        },
        "firstSeen": 66.81,
        "lastSeen": 66.81,
        "occurrences": 1,
        "heldMs": 0
      },
      {
        "code": "text_box_overflow",
        "severity": "info",
        "time": 68.436,
        "selector": "#node-left",
        "message": "Text extends outside its nearest visual/container box.",
        "rect": {
          "left": 93.84,
          "top": 466.72,
          "right": 363.9,
          "bottom": 490.64,
          "width": 270.06,
          "height": 23.92
        },
        "containerSelector": "#node-left",
        "text": "ĐIỂM NGHẼN THANH KHOẢN",
        "fixHint": "Text is 270px x 24px inside 270px x 47px and overflows by up to 19px; widen the container to at least ~290px, or allow wrapping with max-width/fitTextFontSize.",
        "containerRect": {
          "left": 74.08,
          "top": 455.28,
          "right": 344.48,
          "bottom": 502.08,
          "width": 270.4,
          "height": 46.8
        },
        "overflow": {
          "right": 19.42
        },
        "dataAttributes": {},
        "sourceFile": "compositions/scene-s08.html",
        "bbox": {
          "x": 93.84,
          "y": 466.72,
          "width": 270.06,
          "height": 23.92
        },
        "firstSeen": 68.436,
        "lastSeen": 68.436,
        "occurrences": 1,
        "heldMs": 0
      },
      {
        "code": "container_overflow",
        "severity": "info",
        "time": 70.662,
        "selector": "#shot1-img",
        "message": "Element extends outside a clipping layout container.",
        "rect": {
          "left": -32.4,
          "top": -71.63,
          "right": 1112.4,
          "bottom": 1963.57,
          "width": 1144.8,
          "height": 2035.2
        },
        "containerSelector": "div.media-container",
        "fixHint": "Resize/reposition the child or container, or mark intentional overflow with data-layout-allow-overflow.",
        "containerRect": {
          "left": 0,
          "top": 0,
          "right": 1080,
          "bottom": 1920,
          "width": 1080,
          "height": 1920
        },
        "overflow": {
          "left": 32.4,
          "right": 32.4,
          "top": 71.63,
          "bottom": 43.57
        },
        "dataAttributes": {
          "data-hf-authored-opacity": ""
        },
        "sourceFile": "compositions/scene-s09.html",
        "bbox": {
          "x": -32.4,
          "y": -71.63,
          "width": 1144.8,
          "height": 2035.2
        },
        "firstSeen": 70.662,
        "lastSeen": 70.662,
        "occurrences": 1,
        "heldMs": 0
      },
      {
        "code": "container_overflow",
        "severity": "info",
        "time": 72.375,
        "selector": "#shot1-img",
        "message": "Element extends outside a clipping layout container.",
        "rect": {
          "left": -50.76,
          "top": -119.28,
          "right": 1130.76,
          "bottom": 1981.2,
          "width": 1181.52,
          "height": 2100.48
        },
        "containerSelector": "div.media-container",
        "fixHint": "Resize/reposition the child or container, or mark intentional overflow with data-layout-allow-overflow.",
        "containerRect": {
          "left": 0,
          "top": 0,
          "right": 1080,
          "bottom": 1920,
          "width": 1080,
          "height": 1920
        },
        "overflow": {
          "left": 50.76,
          "right": 50.76,
          "top": 119.28,
          "bottom": 61.2
        },
        "dataAttributes": {
          "data-hf-authored-opacity": ""
        },
        "sourceFile": "compositions/scene-s09.html",
        "bbox": {
          "x": -50.76,
          "y": -119.28,
          "width": 1181.52,
          "height": 2100.48
        },
        "firstSeen": 72.375,
        "lastSeen": 72.375,
        "occurrences": 1,
        "heldMs": 0
      },
      {
        "code": "container_overflow",
        "severity": "info",
        "time": 74.088,
        "selector": "#shot1-img",
        "message": "Element extends outside a clipping layout container.",
        "rect": {
          "left": -68.69,
          "top": -165.84,
          "right": 1148.69,
          "bottom": 1998.38,
          "width": 1217.38,
          "height": 2164.22
        },
        "containerSelector": "div.media-container",
        "fixHint": "Resize/reposition the child or container, or mark intentional overflow with data-layout-allow-overflow.",
        "containerRect": {
          "left": 0,
          "top": 0,
          "right": 1080,
          "bottom": 1920,
          "width": 1080,
          "height": 1920
        },
        "overflow": {
          "left": 68.69,
          "right": 68.69,
          "top": 165.84,
          "bottom": 78.38
        },
        "dataAttributes": {
          "data-hf-authored-opacity": ""
        },
        "sourceFile": "compositions/scene-s09.html",
        "bbox": {
          "x": -68.69,
          "y": -165.84,
          "width": 1217.38,
          "height": 2164.22
        },
        "firstSeen": 74.088,
        "lastSeen": 74.088,
        "occurrences": 1,
        "heldMs": 0
      },
      {
        "code": "container_overflow",
        "severity": "info",
        "time": 76.384,
        "selector": "#shot2-img",
        "message": "Element extends outside a clipping layout container.",
        "rect": {
          "left": -89.09,
          "top": -29.68,
          "right": 1087.35,
          "bottom": 2061.78,
          "width": 1176.44,
          "height": 2091.46
        },
        "containerSelector": "div.media-container",
        "fixHint": "Resize/reposition the child or container, or mark intentional overflow with data-layout-allow-overflow.",
        "containerRect": {
          "left": 0,
          "top": 0,
          "right": 1080,
          "bottom": 1920,
          "width": 1080,
          "height": 1920
        },
        "overflow": {
          "left": 89.09,
          "right": 7.35,
          "top": 29.68,
          "bottom": 141.78
        },
        "dataAttributes": {
          "data-hf-authored-opacity": ""
        },
        "sourceFile": "compositions/scene-s09.html",
        "bbox": {
          "x": -89.09,
          "y": -29.68,
          "width": 1176.44,
          "height": 2091.46
        },
        "firstSeen": 76.384,
        "lastSeen": 76.384,
        "occurrences": 1,
        "heldMs": 0
      },
      {
        "code": "container_overflow",
        "severity": "info",
        "time": 78.115,
        "selector": "#shot2-img",
        "message": "Element extends outside a clipping layout container.",
        "rect": {
          "left": -90.46,
          "top": -71.97,
          "right": 1129.5,
          "bottom": 2096.86,
          "width": 1219.97,
          "height": 2168.83
        },
        "containerSelector": "div.media-container",
        "fixHint": "Resize/reposition the child or container, or mark intentional overflow with data-layout-allow-overflow.",
        "containerRect": {
          "left": 0,
          "top": 0,
          "right": 1080,
          "bottom": 1920,
          "width": 1080,
          "height": 1920
        },
        "overflow": {
          "left": 90.46,
          "right": 49.5,
          "top": 71.97,
          "bottom": 176.86
        },
        "dataAttributes": {
          "data-hf-authored-opacity": ""
        },
        "sourceFile": "compositions/scene-s09.html",
        "bbox": {
          "x": -90.46,
          "y": -71.97,
          "width": 1219.97,
          "height": 2168.83
        },
        "firstSeen": 78.115,
        "lastSeen": 78.115,
        "occurrences": 1,
        "heldMs": 0
      },
      {
        "code": "container_overflow",
        "severity": "info",
        "time": 79.846,
        "selector": "#shot2-img",
        "message": "Element extends outside a clipping layout container.",
        "rect": {
          "left": -91.82,
          "top": -114.6,
          "right": 1171.99,
          "bottom": 2132.18,
          "width": 1263.82,
          "height": 2246.78
        },
        "containerSelector": "div.media-container",
        "fixHint": "Resize/reposition the child or container, or mark intentional overflow with data-layout-allow-overflow.",
        "containerRect": {
          "left": 0,
          "top": 0,
          "right": 1080,
          "bottom": 1920,
          "width": 1080,
          "height": 1920
        },
        "overflow": {
          "left": 91.82,
          "right": 91.99,
          "top": 114.6,
          "bottom": 212.18
        },
        "dataAttributes": {
          "data-hf-authored-opacity": ""
        },
        "sourceFile": "compositions/scene-s09.html",
        "bbox": {
          "x": -91.82,
          "y": -114.6,
          "width": 1263.82,
          "height": 2246.78
        },
        "firstSeen": 79.846,
        "lastSeen": 79.846,
        "occurrences": 1,
        "heldMs": 0
      },
      {
        "code": "container_overflow",
        "severity": "info",
        "time": 82.458,
        "selector": "#flow-arrow-head",
        "message": "Element extends outside a clipping layout container.",
        "rect": {
          "left": 1289.62,
          "top": 982.88,
          "right": 1301.94,
          "bottom": 992.32,
          "width": 12.32,
          "height": 9.44
        },
        "containerSelector": "#flow-arrow-svg",
        "fixHint": "Resize/reposition the child or container, or mark intentional overflow with data-layout-allow-overflow.",
        "containerRect": {
          "left": 64.89,
          "top": 670,
          "right": 1004.89,
          "bottom": 890,
          "width": 940,
          "height": 220
        },
        "overflow": {
          "right": 297.05,
          "bottom": 102.32
        },
        "dataAttributes": {
          "data-svg-origin": "1545 395"
        },
        "sourceFile": "compositions/scene-s10.html",
        "bbox": {
          "x": 1289.62,
          "y": 982.88,
          "width": 12.32,
          "height": 9.44
        },
        "firstSeen": 82.458,
        "lastSeen": 82.458,
        "occurrences": 1,
        "heldMs": 0
      },
      {
        "code": "connector_orphan",
        "severity": "info",
        "time": 82.458,
        "selector": "#flow-path-line",
        "message": "Connector shaft is visible while its endpoint #punch-card is not on stage.",
        "rect": {
          "left": 224.89,
          "top": 680,
          "right": 304.89,
          "bottom": 880,
          "width": 80,
          "height": 200
        },
        "containerSelector": "#flow-arrow-svg",
        "fixHint": "Show the shaft only after both ends are on, and hide it with the earlier exit. Do not give the line its own clock.",
        "dataAttributes": {},
        "sourceFile": "compositions/scene-s10.html",
        "bbox": {
          "x": 224.89,
          "y": 680,
          "width": 80,
          "height": 200
        },
        "firstSeen": 82.458,
        "lastSeen": 82.458,
        "occurrences": 1,
        "heldMs": 0
      },
      {
        "code": "connector_orphan",
        "severity": "info",
        "time": 82.458,
        "selector": "#flow-path-main",
        "message": "Connector shaft is visible while its endpoint #punch-card is not on stage.",
        "rect": {
          "left": 764.89,
          "top": 680,
          "right": 844.89,
          "bottom": 870,
          "width": 80,
          "height": 190
        },
        "containerSelector": "#flow-arrow-svg",
        "fixHint": "Show the shaft only after both ends are on, and hide it with the earlier exit. Do not give the line its own clock.",
        "dataAttributes": {},
        "sourceFile": "compositions/scene-s10.html",
        "bbox": {
          "x": 764.89,
          "y": 680,
          "width": 80,
          "height": 190
        },
        "firstSeen": 82.458,
        "lastSeen": 82.458,
        "occurrences": 1,
        "heldMs": 0
      },
      {
        "code": "connector_orphan",
        "severity": "info",
        "time": 84.585,
        "selector": "#flow-path-line",
        "message": "Connector shaft is visible while its endpoint #punch-card is not on stage.",
        "rect": {
          "left": 217.07,
          "top": 680,
          "right": 297.07,
          "bottom": 880,
          "width": 80,
          "height": 200
        },
        "containerSelector": "#flow-arrow-svg",
        "fixHint": "Show the shaft only after both ends are on, and hide it with the earlier exit. Do not give the line its own clock.",
        "dataAttributes": {},
        "sourceFile": "compositions/scene-s10.html",
        "bbox": {
          "x": 217.07,
          "y": 680,
          "width": 80,
          "height": 200
        },
        "firstSeen": 84.585,
        "lastSeen": 84.585,
        "occurrences": 1,
        "heldMs": 0
      },
      {
        "code": "connector_orphan",
        "severity": "info",
        "time": 84.585,
        "selector": "#flow-path-main",
        "message": "Connector shaft is visible while its endpoint #punch-card is not on stage.",
        "rect": {
          "left": 757.07,
          "top": 680,
          "right": 837.07,
          "bottom": 870,
          "width": 80,
          "height": 190
        },
        "containerSelector": "#flow-arrow-svg",
        "fixHint": "Show the shaft only after both ends are on, and hide it with the earlier exit. Do not give the line its own clock.",
        "dataAttributes": {},
        "sourceFile": "compositions/scene-s10.html",
        "bbox": {
          "x": 757.07,
          "y": 680,
          "width": 80,
          "height": 190
        },
        "firstSeen": 84.585,
        "lastSeen": 84.585,
        "occurrences": 1,
        "heldMs": 0
      },
      {
        "code": "connector_orphan",
        "severity": "info",
        "time": 86.712,
        "selector": "#flow-path-line",
        "message": "Connector shaft is visible while its endpoint #punch-card is not on stage.",
        "rect": {
          "left": 209.24,
          "top": 680,
          "right": 289.24,
          "bottom": 880,
          "width": 80,
          "height": 200
        },
        "containerSelector": "#flow-arrow-svg",
        "fixHint": "Show the shaft only after both ends are on, and hide it with the earlier exit. Do not give the line its own clock.",
        "dataAttributes": {},
        "sourceFile": "compositions/scene-s10.html",
        "bbox": {
          "x": 209.24,
          "y": 680,
          "width": 80,
          "height": 200
        },
        "firstSeen": 86.712,
        "lastSeen": 86.712,
        "occurrences": 1,
        "heldMs": 0
      },
      {
        "code": "connector_orphan",
        "severity": "info",
        "time": 86.712,
        "selector": "#flow-path-main",
        "message": "Connector shaft is visible while its endpoint #punch-card is not on stage.",
        "rect": {
          "left": 749.24,
          "top": 680,
          "right": 829.24,
          "bottom": 870,
          "width": 80,
          "height": 190
        },
        "containerSelector": "#flow-arrow-svg",
        "fixHint": "Show the shaft only after both ends are on, and hide it with the earlier exit. Do not give the line its own clock.",
        "dataAttributes": {},
        "sourceFile": "compositions/scene-s10.html",
        "bbox": {
          "x": 749.24,
          "y": 680,
          "width": 80,
          "height": 190
        },
        "firstSeen": 86.712,
        "lastSeen": 86.712,
        "occurrences": 1,
        "heldMs": 0
      },
      {
        "code": "container_overflow",
        "severity": "info",
        "time": 89.704,
        "selector": "#photo-img",
        "message": "Element extends outside a clipping layout container.",
        "rect": {
          "left": -5.4,
          "top": -9.6,
          "right": 1085.4,
          "bottom": 1929.6,
          "width": 1090.8,
          "height": 1939.2
        },
        "containerSelector": "#bg-photo-layer",
        "fixHint": "Resize/reposition the child or container, or mark intentional overflow with data-layout-allow-overflow.",
        "containerRect": {
          "left": 0,
          "top": 0,
          "right": 1080,
          "bottom": 1920,
          "width": 1080,
          "height": 1920
        },
        "overflow": {
          "left": 5.4,
          "right": 5.4,
          "top": 9.6,
          "bottom": 9.6
        },
        "dataAttributes": {
          "data-hf-authored-opacity": ""
        },
        "sourceFile": "compositions/scene-s11.html",
        "bbox": {
          "x": -5.4,
          "y": -9.6,
          "width": 1090.8,
          "height": 1939.2
        },
        "firstSeen": 89.704,
        "lastSeen": 89.704,
        "occurrences": 1,
        "heldMs": 0
      },
      {
        "code": "container_overflow",
        "severity": "info",
        "time": 92.065,
        "selector": "#photo-img",
        "message": "Element extends outside a clipping layout container.",
        "rect": {
          "left": -13.39,
          "top": -23.81,
          "right": 1093.39,
          "bottom": 1943.81,
          "width": 1106.78,
          "height": 1967.62
        },
        "containerSelector": "#bg-photo-layer",
        "fixHint": "Resize/reposition the child or container, or mark intentional overflow with data-layout-allow-overflow.",
        "containerRect": {
          "left": 0,
          "top": 0,
          "right": 1080,
          "bottom": 1920,
          "width": 1080,
          "height": 1920
        },
        "overflow": {
          "left": 13.39,
          "right": 13.39,
          "top": 23.81,
          "bottom": 23.81
        },
        "dataAttributes": {
          "data-hf-authored-opacity": ""
        },
        "sourceFile": "compositions/scene-s11.html",
        "bbox": {
          "x": -13.39,
          "y": -23.81,
          "width": 1106.78,
          "height": 1967.62
        },
        "firstSeen": 92.065,
        "lastSeen": 92.065,
        "occurrences": 1,
        "heldMs": 0
      },
      {
        "code": "container_overflow",
        "severity": "info",
        "time": 94.426,
        "selector": "#photo-img",
        "message": "Element extends outside a clipping layout container.",
        "rect": {
          "left": -21.49,
          "top": -38.21,
          "right": 1101.49,
          "bottom": 1958.21,
          "width": 1122.98,
          "height": 1996.42
        },
        "containerSelector": "#bg-photo-layer",
        "fixHint": "Resize/reposition the child or container, or mark intentional overflow with data-layout-allow-overflow.",
        "containerRect": {
          "left": 0,
          "top": 0,
          "right": 1080,
          "bottom": 1920,
          "width": 1080,
          "height": 1920
        },
        "overflow": {
          "left": 21.49,
          "right": 21.49,
          "top": 38.21,
          "bottom": 38.21
        },
        "dataAttributes": {
          "data-hf-authored-opacity": ""
        },
        "sourceFile": "compositions/scene-s11.html",
        "bbox": {
          "x": -21.49,
          "y": -38.21,
          "width": 1122.98,
          "height": 1996.42
        },
        "firstSeen": 94.426,
        "lastSeen": 94.426,
        "occurrences": 1,
        "heldMs": 0
      },
      {
        "code": "container_overflow",
        "severity": "info",
        "time": 106.654,
        "selector": "div.camera-frame",
        "message": "Element extends outside a clipping layout container.",
        "rect": {
          "left": -5.29,
          "top": -6.86,
          "right": 1085.29,
          "bottom": 1931.96,
          "width": 1090.58,
          "height": 1938.82
        },
        "containerSelector": "#scene-clip",
        "fixHint": "Resize/reposition the child or container, or mark intentional overflow with data-layout-allow-overflow.",
        "containerRect": {
          "left": 0,
          "top": 0,
          "right": 1080,
          "bottom": 1920,
          "width": 1080,
          "height": 1920
        },
        "overflow": {
          "left": 5.29,
          "right": 5.29,
          "top": 6.86,
          "bottom": 11.96
        },
        "dataAttributes": {},
        "sourceFile": "compositions/scene-s13.html",
        "bbox": {
          "x": -5.29,
          "y": -6.86,
          "width": 1090.58,
          "height": 1938.82
        },
        "firstSeen": 106.654,
        "lastSeen": 106.654,
        "occurrences": 1,
        "heldMs": 0
      },
      {
        "code": "connector_orphan",
        "severity": "info",
        "time": 106.654,
        "selector": "#path-right",
        "message": "Connector shaft is visible while its endpoint #quote-card is not on stage.",
        "rect": {
          "left": 540,
          "top": 427.35,
          "right": 878.28,
          "bottom": 588.92,
          "width": 338.28,
          "height": 161.57
        },
        "containerSelector": "#diagram-svg",
        "fixHint": "Show the shaft only after both ends are on, and hide it with the earlier exit. Do not give the line its own clock.",
        "dataAttributes": {},
        "sourceFile": "compositions/scene-s13.html",
        "bbox": {
          "x": 540,
          "y": 427.35,
          "width": 338.28,
          "height": 161.57
        },
        "firstSeen": 106.654,
        "lastSeen": 106.654,
        "occurrences": 1,
        "heldMs": 0
      },
      {
        "code": "container_overflow",
        "severity": "info",
        "time": 108.295,
        "selector": "div.camera-frame",
        "message": "Element extends outside a clipping layout container.",
        "rect": {
          "left": -13.34,
          "top": -17.29,
          "right": 1093.34,
          "bottom": 1950.13,
          "width": 1106.68,
          "height": 1967.42
        },
        "containerSelector": "#scene-clip",
        "fixHint": "Resize/reposition the child or container, or mark intentional overflow with data-layout-allow-overflow.",
        "containerRect": {
          "left": 0,
          "top": 0,
          "right": 1080,
          "bottom": 1920,
          "width": 1080,
          "height": 1920
        },
        "overflow": {
          "left": 13.34,
          "right": 13.34,
          "top": 17.29,
          "bottom": 30.13
        },
        "dataAttributes": {},
        "sourceFile": "compositions/scene-s13.html",
        "bbox": {
          "x": -13.34,
          "y": -17.29,
          "width": 1106.68,
          "height": 1967.42
        },
        "firstSeen": 108.295,
        "lastSeen": 108.295,
        "occurrences": 1,
        "heldMs": 0
      },
      {
        "code": "container_overflow",
        "severity": "info",
        "time": 109.936,
        "selector": "div.camera-frame",
        "message": "Element extends outside a clipping layout container.",
        "rect": {
          "left": -21.6,
          "top": -28,
          "right": 1101.6,
          "bottom": 1968.8,
          "width": 1123.2,
          "height": 1996.8
        },
        "containerSelector": "#scene-clip",
        "fixHint": "Resize/reposition the child or container, or mark intentional overflow with data-layout-allow-overflow.",
        "containerRect": {
          "left": 0,
          "top": 0,
          "right": 1080,
          "bottom": 1920,
          "width": 1080,
          "height": 1920
        },
        "overflow": {
          "left": 21.6,
          "right": 21.6,
          "top": 28,
          "bottom": 48.8
        },
        "dataAttributes": {},
        "sourceFile": "compositions/scene-s13.html",
        "bbox": {
          "x": -21.6,
          "y": -28,
          "width": 1123.2,
          "height": 1996.8
        },
        "firstSeen": 109.936,
        "lastSeen": 109.936,
        "occurrences": 1,
        "heldMs": 0
      },
      {
        "code": "container_overflow",
        "severity": "info",
        "time": 112.06,
        "selector": "#shot1-photo-img",
        "message": "Element extends outside a clipping layout container.",
        "rect": {
          "left": -23.98,
          "top": -42.62,
          "right": 1103.98,
          "bottom": 1962.62,
          "width": 1127.95,
          "height": 2005.25
        },
        "containerSelector": "div.bg-photo-wrap",
        "fixHint": "Resize/reposition the child or container, or mark intentional overflow with data-layout-allow-overflow.",
        "containerRect": {
          "left": 0,
          "top": 0,
          "right": 1080,
          "bottom": 1920,
          "width": 1080,
          "height": 1920
        },
        "overflow": {
          "left": 23.98,
          "right": 23.98,
          "top": 42.62,
          "bottom": 42.62
        },
        "dataAttributes": {
          "data-hf-authored-opacity": ""
        },
        "sourceFile": "compositions/scene-s14.html",
        "bbox": {
          "x": -23.98,
          "y": -42.62,
          "width": 1127.95,
          "height": 2005.25
        },
        "firstSeen": 112.06,
        "lastSeen": 112.06,
        "occurrences": 1,
        "heldMs": 0
      },
      {
        "code": "container_overflow",
        "severity": "info",
        "time": 113.605,
        "selector": "#shot1-photo-img",
        "message": "Element extends outside a clipping layout container.",
        "rect": {
          "left": -33.26,
          "top": -59.14,
          "right": 1113.26,
          "bottom": 1979.14,
          "width": 1146.53,
          "height": 2038.27
        },
        "containerSelector": "div.bg-photo-wrap",
        "fixHint": "Resize/reposition the child or container, or mark intentional overflow with data-layout-allow-overflow.",
        "containerRect": {
          "left": 0,
          "top": 0,
          "right": 1080,
          "bottom": 1920,
          "width": 1080,
          "height": 1920
        },
        "overflow": {
          "left": 33.26,
          "right": 33.26,
          "top": 59.14,
          "bottom": 59.14
        },
        "dataAttributes": {
          "data-hf-authored-opacity": ""
        },
        "sourceFile": "compositions/scene-s14.html",
        "bbox": {
          "x": -33.26,
          "y": -59.14,
          "width": 1146.53,
          "height": 2038.27
        },
        "firstSeen": 113.605,
        "lastSeen": 113.605,
        "occurrences": 1,
        "heldMs": 0
      },
      {
        "code": "container_overflow",
        "severity": "info",
        "time": 115.15,
        "selector": "#shot1-photo-img",
        "message": "Element extends outside a clipping layout container.",
        "rect": {
          "left": -42.39,
          "top": -75.36,
          "right": 1122.39,
          "bottom": 1995.36,
          "width": 1164.78,
          "height": 2070.72
        },
        "containerSelector": "div.bg-photo-wrap",
        "fixHint": "Resize/reposition the child or container, or mark intentional overflow with data-layout-allow-overflow.",
        "containerRect": {
          "left": 0,
          "top": 0,
          "right": 1080,
          "bottom": 1920,
          "width": 1080,
          "height": 1920
        },
        "overflow": {
          "left": 42.39,
          "right": 42.39,
          "top": 75.36,
          "bottom": 75.36
        },
        "dataAttributes": {
          "data-hf-authored-opacity": ""
        },
        "sourceFile": "compositions/scene-s14.html",
        "bbox": {
          "x": -42.39,
          "y": -75.36,
          "width": 1164.78,
          "height": 2070.72
        },
        "firstSeen": 115.15,
        "lastSeen": 115.15,
        "occurrences": 1,
        "heldMs": 0
      },
      {
        "code": "container_overflow",
        "severity": "info",
        "time": 117.35,
        "selector": "#shot2-photo-img",
        "message": "Element extends outside a clipping layout container.",
        "rect": {
          "left": -33.37,
          "top": -59.33,
          "right": 1113.37,
          "bottom": 1979.33,
          "width": 1146.74,
          "height": 2038.66
        },
        "containerSelector": "div.bg-photo-wrap",
        "fixHint": "Resize/reposition the child or container, or mark intentional overflow with data-layout-allow-overflow.",
        "containerRect": {
          "left": 0,
          "top": 0,
          "right": 1080,
          "bottom": 1920,
          "width": 1080,
          "height": 1920
        },
        "overflow": {
          "left": 33.37,
          "right": 33.37,
          "top": 59.33,
          "bottom": 59.33
        },
        "dataAttributes": {
          "data-hf-authored-opacity": ""
        },
        "sourceFile": "compositions/scene-s14.html",
        "bbox": {
          "x": -33.37,
          "y": -59.33,
          "width": 1146.74,
          "height": 2038.66
        },
        "firstSeen": 117.35,
        "lastSeen": 117.35,
        "occurrences": 1,
        "heldMs": 0
      },
      {
        "code": "container_overflow",
        "severity": "info",
        "time": 119.105,
        "selector": "#shot2-photo-img",
        "message": "Element extends outside a clipping layout container.",
        "rect": {
          "left": -43.15,
          "top": -76.7,
          "right": 1123.15,
          "bottom": 1996.7,
          "width": 1166.29,
          "height": 2073.41
        },
        "containerSelector": "div.bg-photo-wrap",
        "fixHint": "Resize/reposition the child or container, or mark intentional overflow with data-layout-allow-overflow.",
        "containerRect": {
          "left": 0,
          "top": 0,
          "right": 1080,
          "bottom": 1920,
          "width": 1080,
          "height": 1920
        },
        "overflow": {
          "left": 43.15,
          "right": 43.15,
          "top": 76.7,
          "bottom": 76.7
        },
        "dataAttributes": {
          "data-hf-authored-opacity": ""
        },
        "sourceFile": "compositions/scene-s14.html",
        "bbox": {
          "x": -43.15,
          "y": -76.7,
          "width": 1166.29,
          "height": 2073.41
        },
        "firstSeen": 119.105,
        "lastSeen": 119.105,
        "occurrences": 1,
        "heldMs": 0
      },
      {
        "code": "container_overflow",
        "severity": "info",
        "time": 120.86,
        "selector": "#shot2-photo-img",
        "message": "Element extends outside a clipping layout container.",
        "rect": {
          "left": -52.76,
          "top": -93.79,
          "right": 1132.76,
          "bottom": 2013.79,
          "width": 1185.52,
          "height": 2107.58
        },
        "containerSelector": "div.bg-photo-wrap",
        "fixHint": "Resize/reposition the child or container, or mark intentional overflow with data-layout-allow-overflow.",
        "containerRect": {
          "left": 0,
          "top": 0,
          "right": 1080,
          "bottom": 1920,
          "width": 1080,
          "height": 1920
        },
        "overflow": {
          "left": 52.76,
          "right": 52.76,
          "top": 93.79,
          "bottom": 93.79
        },
        "dataAttributes": {
          "data-hf-authored-opacity": ""
        },
        "sourceFile": "compositions/scene-s14.html",
        "bbox": {
          "x": -52.76,
          "y": -93.79,
          "width": 1185.52,
          "height": 2107.58
        },
        "firstSeen": 120.86,
        "lastSeen": 120.86,
        "occurrences": 1,
        "heldMs": 0
      },
      {
        "code": "connector_detached",
        "severity": "info",
        "time": 154.08,
        "selector": "#cash-flow-arrow",
        "message": "Connector path endpoints render 337px from the nearest anchorable element — a marked shaft that meets no node.",
        "rect": {
          "left": 113.48,
          "top": 579.24,
          "right": 222.59,
          "bottom": 777.62,
          "width": 109.11,
          "height": 198.38
        },
        "containerSelector": "#scale-svg",
        "fixHint": "Measure the settled node boxes and write `d` in the SVG's user space (invert getScreenCTM), or grow a layout-owned shaft from the source node.",
        "dataAttributes": {},
        "sourceFile": "compositions/scene-s19.html",
        "bbox": {
          "x": 113.48,
          "y": 579.24,
          "width": 109.11,
          "height": 198.38
        },
        "firstSeen": 154.08,
        "lastSeen": 154.08,
        "occurrences": 1,
        "heldMs": 0
      },
      {
        "code": "connector_orphan",
        "severity": "info",
        "time": 157.05,
        "selector": "#cash-flow-arrow",
        "message": "Connector shaft is visible while both endpoints are not on stage.",
        "rect": {
          "left": 115.84,
          "top": 491.78,
          "right": 226.93,
          "bottom": 693.76,
          "width": 111.09,
          "height": 201.98
        },
        "containerSelector": "#scale-svg",
        "fixHint": "Show the shaft only after both ends are on, and hide it with the earlier exit. Do not give the line its own clock.",
        "dataAttributes": {},
        "sourceFile": "compositions/scene-s19.html",
        "bbox": {
          "x": 115.84,
          "y": 491.78,
          "width": 111.09,
          "height": 201.98
        },
        "firstSeen": 157.05,
        "lastSeen": 157.05,
        "occurrences": 1,
        "heldMs": 0
      },
      {
        "code": "connector_orphan",
        "severity": "info",
        "time": 160.02,
        "selector": "#cash-flow-arrow",
        "message": "Connector shaft is visible while both endpoints are not on stage.",
        "rect": {
          "left": 113.42,
          "top": 459.07,
          "right": 226.49,
          "bottom": 664.65,
          "width": 113.07,
          "height": 205.58
        },
        "containerSelector": "#scale-svg",
        "fixHint": "Show the shaft only after both ends are on, and hide it with the earlier exit. Do not give the line its own clock.",
        "dataAttributes": {},
        "sourceFile": "compositions/scene-s19.html",
        "bbox": {
          "x": 113.42,
          "y": 459.07,
          "width": 113.07,
          "height": 205.58
        },
        "firstSeen": 160.02,
        "lastSeen": 160.02,
        "occurrences": 1,
        "heldMs": 0
      },
      {
        "code": "container_overflow",
        "severity": "info",
        "time": 189.14,
        "selector": "#shot1-img",
        "message": "Element extends outside a clipping layout container.",
        "rect": {
          "left": 48.09,
          "top": 284.04,
          "right": 1069,
          "bottom": 2113.17,
          "width": 1020.91,
          "height": 1829.13
        },
        "containerSelector": "div.doc-viewport",
        "fixHint": "Resize/reposition the child or container, or mark intentional overflow with data-layout-allow-overflow.",
        "containerRect": {
          "left": 62,
          "top": 330,
          "right": 1018,
          "bottom": 1332,
          "width": 956,
          "height": 1002
        },
        "overflow": {
          "left": 13.91,
          "right": 51,
          "top": 45.96,
          "bottom": 781.17
        },
        "dataAttributes": {
          "data-hf-authored-opacity": ""
        },
        "sourceFile": "compositions/scene-s09.html",
        "bbox": {
          "x": 48.09,
          "y": 284.04,
          "width": 1020.91,
          "height": 1829.13
        },
        "firstSeen": 189.14,
        "lastSeen": 189.14,
        "occurrences": 1,
        "heldMs": 0
      },
      {
        "code": "container_overflow",
        "severity": "info",
        "time": 190.775,
        "selector": "#shot1-img",
        "message": "Element extends outside a clipping layout container.",
        "rect": {
          "left": 27.11,
          "top": 275.05,
          "right": 1073.83,
          "bottom": 2150.42,
          "width": 1046.72,
          "height": 1875.38
        },
        "containerSelector": "div.doc-viewport",
        "fixHint": "Resize/reposition the child or container, or mark intentional overflow with data-layout-allow-overflow.",
        "containerRect": {
          "left": 62,
          "top": 330,
          "right": 1018,
          "bottom": 1332,
          "width": 956,
          "height": 1002
        },
        "overflow": {
          "left": 34.89,
          "right": 55.83,
          "top": 54.95,
          "bottom": 818.42
        },
        "dataAttributes": {
          "data-hf-authored-opacity": ""
        },
        "sourceFile": "compositions/scene-s09.html",
        "bbox": {
          "x": 27.11,
          "y": 275.05,
          "width": 1046.72,
          "height": 1875.38
        },
        "firstSeen": 190.775,
        "lastSeen": 190.775,
        "occurrences": 1,
        "heldMs": 0
      },
      {
        "code": "container_overflow",
        "severity": "info",
        "time": 192.41,
        "selector": "#shot1-img",
        "message": "Element extends outside a clipping layout container.",
        "rect": {
          "left": 6.13,
          "top": 266.05,
          "right": 1078.57,
          "bottom": 2187.51,
          "width": 1072.44,
          "height": 1921.45
        },
        "containerSelector": "div.doc-viewport",
        "fixHint": "Resize/reposition the child or container, or mark intentional overflow with data-layout-allow-overflow.",
        "containerRect": {
          "left": 62,
          "top": 330,
          "right": 1018,
          "bottom": 1332,
          "width": 956,
          "height": 1002
        },
        "overflow": {
          "left": 55.87,
          "right": 60.57,
          "top": 63.95,
          "bottom": 855.51
        },
        "dataAttributes": {
          "data-hf-authored-opacity": ""
        },
        "sourceFile": "compositions/scene-s09.html",
        "bbox": {
          "x": 6.13,
          "y": 266.05,
          "width": 1072.44,
          "height": 1921.45
        },
        "firstSeen": 192.41,
        "lastSeen": 192.41,
        "occurrences": 1,
        "heldMs": 0
      },
      {
        "code": "container_overflow",
        "severity": "info",
        "time": 194.54,
        "selector": "#shot2-img",
        "message": "Element extends outside a clipping layout container.",
        "rect": {
          "left": 26.04,
          "top": -57.95,
          "right": 1150.1,
          "bottom": 1955.99,
          "width": 1124.06,
          "height": 2013.94
        },
        "containerSelector": "div.doc-viewport",
        "fixHint": "Resize/reposition the child or container, or mark intentional overflow with data-layout-allow-overflow.",
        "containerRect": {
          "left": 62,
          "top": 330,
          "right": 1018,
          "bottom": 1332,
          "width": 956,
          "height": 1002
        },
        "overflow": {
          "left": 35.96,
          "right": 132.1,
          "top": 387.95,
          "bottom": 623.99
        },
        "dataAttributes": {
          "data-hf-authored-opacity": ""
        },
        "sourceFile": "compositions/scene-s09.html",
        "bbox": {
          "x": 26.04,
          "y": -57.95,
          "width": 1124.06,
          "height": 2013.94
        },
        "firstSeen": 194.54,
        "lastSeen": 194.54,
        "occurrences": 1,
        "heldMs": 0
      },
      {
        "code": "container_overflow",
        "severity": "info",
        "time": 196.1,
        "selector": "#shot2-img",
        "message": "Element extends outside a clipping layout container.",
        "rect": {
          "left": 17,
          "top": -70,
          "right": 1178.54,
          "bottom": 2011.09,
          "width": 1161.54,
          "height": 2081.09
        },
        "containerSelector": "div.doc-viewport",
        "fixHint": "Resize/reposition the child or container, or mark intentional overflow with data-layout-allow-overflow.",
        "containerRect": {
          "left": 62,
          "top": 330,
          "right": 1018,
          "bottom": 1332,
          "width": 956,
          "height": 1002
        },
        "overflow": {
          "left": 45,
          "right": 160.54,
          "top": 400,
          "bottom": 679.09
        },
        "dataAttributes": {
          "data-hf-authored-opacity": ""
        },
        "sourceFile": "compositions/scene-s09.html",
        "bbox": {
          "x": 17,
          "y": -70,
          "width": 1161.54,
          "height": 2081.09
        },
        "firstSeen": 196.1,
        "lastSeen": 196.1,
        "occurrences": 1,
        "heldMs": 0
      },
      {
        "code": "container_overflow",
        "severity": "info",
        "time": 197.66,
        "selector": "#shot2-img",
        "message": "Element extends outside a clipping layout container.",
        "rect": {
          "left": 8.15,
          "top": -81.79,
          "right": 1206.31,
          "bottom": 2064.89,
          "width": 1198.15,
          "height": 2146.69
        },
        "containerSelector": "div.doc-viewport",
        "fixHint": "Resize/reposition the child or container, or mark intentional overflow with data-layout-allow-overflow.",
        "containerRect": {
          "left": 62,
          "top": 330,
          "right": 1018,
          "bottom": 1332,
          "width": 956,
          "height": 1002
        },
        "overflow": {
          "left": 53.85,
          "right": 188.31,
          "top": 411.79,
          "bottom": 732.89
        },
        "dataAttributes": {
          "data-hf-authored-opacity": ""
        },
        "sourceFile": "compositions/scene-s09.html",
        "bbox": {
          "x": 8.15,
          "y": -81.79,
          "width": 1198.15,
          "height": 2146.69
        },
        "firstSeen": 197.66,
        "lastSeen": 197.66,
        "occurrences": 1,
        "heldMs": 0
      },
      {
        "code": "container_overflow",
        "severity": "info",
        "time": 215.464,
        "selector": "#hero-img-1",
        "message": "Element extends outside a clipping layout container.",
        "rect": {
          "left": -8.58,
          "top": -48,
          "right": 1125.42,
          "bottom": 1968,
          "width": 1134,
          "height": 2016
        },
        "containerSelector": "div.media-wrapper",
        "fixHint": "Resize/reposition the child or container, or mark intentional overflow with data-layout-allow-overflow.",
        "containerRect": {
          "left": 0,
          "top": 0,
          "right": 1080,
          "bottom": 1920,
          "width": 1080,
          "height": 1920
        },
        "overflow": {
          "left": 8.58,
          "right": 45.42,
          "top": 48,
          "bottom": 48
        },
        "dataAttributes": {
          "data-hf-authored-opacity": ""
        },
        "sourceFile": "compositions/scene-s25.html",
        "bbox": {
          "x": -8.58,
          "y": -48,
          "width": 1134,
          "height": 2016
        },
        "firstSeen": 215.464,
        "lastSeen": 215.464,
        "occurrences": 1,
        "heldMs": 0
      },
      {
        "code": "container_overflow",
        "severity": "info",
        "time": 216.79,
        "selector": "#hero-img-1",
        "message": "Element extends outside a clipping layout container.",
        "rect": {
          "left": -26.68,
          "top": -48,
          "right": 1107.32,
          "bottom": 1968,
          "width": 1134,
          "height": 2016
        },
        "containerSelector": "div.media-wrapper",
        "fixHint": "Resize/reposition the child or container, or mark intentional overflow with data-layout-allow-overflow.",
        "containerRect": {
          "left": 0,
          "top": 0,
          "right": 1080,
          "bottom": 1920,
          "width": 1080,
          "height": 1920
        },
        "overflow": {
          "left": 26.68,
          "right": 27.32,
          "top": 48,
          "bottom": 48
        },
        "dataAttributes": {
          "data-hf-authored-opacity": ""
        },
        "sourceFile": "compositions/scene-s25.html",
        "bbox": {
          "x": -26.68,
          "y": -48,
          "width": 1134,
          "height": 2016
        },
        "firstSeen": 216.79,
        "lastSeen": 216.79,
        "occurrences": 1,
        "heldMs": 0
      },
      {
        "code": "container_overflow",
        "severity": "info",
        "time": 218.116,
        "selector": "#hero-img-1",
        "message": "Element extends outside a clipping layout container.",
        "rect": {
          "left": -44.78,
          "top": -48,
          "right": 1089.22,
          "bottom": 1968,
          "width": 1134,
          "height": 2016
        },
        "containerSelector": "div.media-wrapper",
        "fixHint": "Resize/reposition the child or container, or mark intentional overflow with data-layout-allow-overflow.",
        "containerRect": {
          "left": 0,
          "top": 0,
          "right": 1080,
          "bottom": 1920,
          "width": 1080,
          "height": 1920
        },
        "overflow": {
          "left": 44.78,
          "right": 9.22,
          "top": 48,
          "bottom": 48
        },
        "dataAttributes": {
          "data-hf-authored-opacity": ""
        },
        "sourceFile": "compositions/scene-s25.html",
        "bbox": {
          "x": -44.78,
          "y": -48,
          "width": 1134,
          "height": 2016
        },
        "firstSeen": 218.116,
        "lastSeen": 218.116,
        "occurrences": 1,
        "heldMs": 0
      },
      {
        "code": "container_overflow",
        "severity": "info",
        "time": 220,
        "selector": "#hero-img-2",
        "message": "Element extends outside a clipping layout container.",
        "rect": {
          "left": -71.76,
          "top": -90.24,
          "right": 1109.76,
          "bottom": 2010.24,
          "width": 1181.52,
          "height": 2100.48
        },
        "containerSelector": "div.media-wrapper",
        "fixHint": "Resize/reposition the child or container, or mark intentional overflow with data-layout-allow-overflow.",
        "containerRect": {
          "left": 0,
          "top": 0,
          "right": 1080,
          "bottom": 1920,
          "width": 1080,
          "height": 1920
        },
        "overflow": {
          "left": 71.76,
          "right": 29.76,
          "top": 90.24,
          "bottom": 90.24
        },
        "dataAttributes": {
          "data-hf-authored-opacity": ""
        },
        "sourceFile": "compositions/scene-s25.html",
        "bbox": {
          "x": -71.76,
          "y": -90.24,
          "width": 1181.52,
          "height": 2100.48
        },
        "firstSeen": 220,
        "lastSeen": 220,
        "occurrences": 1,
        "heldMs": 0
      },
      {
        "code": "container_overflow",
        "severity": "info",
        "time": 221.5,
        "selector": "#hero-img-2",
        "message": "Element extends outside a clipping layout container.",
        "rect": {
          "left": -62.1,
          "top": -110.4,
          "right": 1142.1,
          "bottom": 2030.4,
          "width": 1204.2,
          "height": 2140.8
        },
        "containerSelector": "div.media-wrapper",
        "fixHint": "Resize/reposition the child or container, or mark intentional overflow with data-layout-allow-overflow.",
        "containerRect": {
          "left": 0,
          "top": 0,
          "right": 1080,
          "bottom": 1920,
          "width": 1080,
          "height": 1920
        },
        "overflow": {
          "left": 62.1,
          "right": 62.1,
          "top": 110.4,
          "bottom": 110.4
        },
        "dataAttributes": {
          "data-hf-authored-opacity": ""
        },
        "sourceFile": "compositions/scene-s25.html",
        "bbox": {
          "x": -62.1,
          "y": -110.4,
          "width": 1204.2,
          "height": 2140.8
        },
        "firstSeen": 221.5,
        "lastSeen": 221.5,
        "occurrences": 1,
        "heldMs": 0
      },
      {
        "code": "container_overflow",
        "severity": "info",
        "time": 223,
        "selector": "#hero-img-2",
        "message": "Element extends outside a clipping layout container.",
        "rect": {
          "left": -52.44,
          "top": -130.56,
          "right": 1174.44,
          "bottom": 2050.56,
          "width": 1226.88,
          "height": 2181.12
        },
        "containerSelector": "div.media-wrapper",
        "fixHint": "Resize/reposition the child or container, or mark intentional overflow with data-layout-allow-overflow.",
        "containerRect": {
          "left": 0,
          "top": 0,
          "right": 1080,
          "bottom": 1920,
          "width": 1080,
          "height": 1920
        },
        "overflow": {
          "left": 52.44,
          "right": 94.44,
          "top": 130.56,
          "bottom": 130.56
        },
        "dataAttributes": {
          "data-hf-authored-opacity": ""
        },
        "sourceFile": "compositions/scene-s25.html",
        "bbox": {
          "x": -52.44,
          "y": -130.56,
          "width": 1226.88,
          "height": 2181.12
        },
        "firstSeen": 223,
        "lastSeen": 223,
        "occurrences": 1,
        "heldMs": 0
      },
      {
        "code": "container_overflow",
        "severity": "info",
        "time": 250.672,
        "selector": "#camera-rig",
        "message": "Element extends outside a clipping layout container.",
        "rect": {
          "left": -34.56,
          "top": -61.44,
          "right": 1114.56,
          "bottom": 1981.44,
          "width": 1149.12,
          "height": 2042.88
        },
        "containerSelector": "#media-layer",
        "fixHint": "Resize/reposition the child or container, or mark intentional overflow with data-layout-allow-overflow.",
        "containerRect": {
          "left": 0,
          "top": 0,
          "right": 1080,
          "bottom": 1920,
          "width": 1080,
          "height": 1920
        },
        "overflow": {
          "left": 34.56,
          "right": 34.56,
          "top": 61.44,
          "bottom": 61.44
        },
        "dataAttributes": {},
        "sourceFile": "compositions/scene-s07.html",
        "bbox": {
          "x": -34.56,
          "y": -61.44,
          "width": 1149.12,
          "height": 2042.88
        },
        "firstSeen": 250.672,
        "lastSeen": 250.672,
        "occurrences": 1,
        "heldMs": 0
      },
      {
        "code": "container_overflow",
        "severity": "info",
        "time": 253.42,
        "selector": "#camera-rig",
        "message": "Element extends outside a clipping layout container.",
        "rect": {
          "left": -45.79,
          "top": -81.41,
          "right": 1125.79,
          "bottom": 2001.41,
          "width": 1171.58,
          "height": 2082.82
        },
        "containerSelector": "#media-layer",
        "fixHint": "Resize/reposition the child or container, or mark intentional overflow with data-layout-allow-overflow.",
        "containerRect": {
          "left": 0,
          "top": 0,
          "right": 1080,
          "bottom": 1920,
          "width": 1080,
          "height": 1920
        },
        "overflow": {
          "left": 45.79,
          "right": 45.79,
          "top": 81.41,
          "bottom": 81.41
        },
        "dataAttributes": {},
        "sourceFile": "compositions/scene-s07.html",
        "bbox": {
          "x": -45.79,
          "y": -81.41,
          "width": 1171.58,
          "height": 2082.82
        },
        "firstSeen": 253.42,
        "lastSeen": 253.42,
        "occurrences": 1,
        "heldMs": 0
      },
      {
        "code": "container_overflow",
        "severity": "info",
        "time": 256.168,
        "selector": "#camera-rig",
        "message": "Element extends outside a clipping layout container.",
        "rect": {
          "left": -57.24,
          "top": -101.76,
          "right": 1137.24,
          "bottom": 2021.76,
          "width": 1194.48,
          "height": 2123.52
        },
        "containerSelector": "#media-layer",
        "fixHint": "Resize/reposition the child or container, or mark intentional overflow with data-layout-allow-overflow.",
        "containerRect": {
          "left": 0,
          "top": 0,
          "right": 1080,
          "bottom": 1920,
          "width": 1080,
          "height": 1920
        },
        "overflow": {
          "left": 57.24,
          "right": 57.24,
          "top": 101.76,
          "bottom": 101.76
        },
        "dataAttributes": {},
        "sourceFile": "compositions/scene-s07.html",
        "bbox": {
          "x": -57.24,
          "y": -101.76,
          "width": 1194.48,
          "height": 2123.52
        },
        "firstSeen": 256.168,
        "lastSeen": 256.168,
        "occurrences": 1,
        "heldMs": 0
      },
      {
        "code": "container_overflow",
        "severity": "info",
        "time": 258.996,
        "selector": "#s1-img",
        "message": "Element extends outside a clipping layout container.",
        "rect": {
          "left": -37.53,
          "top": -66.72,
          "right": 1117.53,
          "bottom": 1986.72,
          "width": 1155.06,
          "height": 2053.44
        },
        "containerSelector": "#s1-media-wrap",
        "fixHint": "Resize/reposition the child or container, or mark intentional overflow with data-layout-allow-overflow.",
        "containerRect": {
          "left": 0,
          "top": 0,
          "right": 1080,
          "bottom": 1920,
          "width": 1080,
          "height": 1920
        },
        "overflow": {
          "left": 37.53,
          "right": 37.53,
          "top": 66.72,
          "bottom": 66.72
        },
        "dataAttributes": {
          "data-hf-authored-opacity": ""
        },
        "sourceFile": "compositions/scene-s29.html",
        "bbox": {
          "x": -37.53,
          "y": -66.72,
          "width": 1155.06,
          "height": 2053.44
        },
        "firstSeen": 258.996,
        "lastSeen": 258.996,
        "occurrences": 1,
        "heldMs": 0
      },
      {
        "code": "container_overflow",
        "severity": "info",
        "time": 260.49,
        "selector": "#s1-img",
        "message": "Element extends outside a clipping layout container.",
        "rect": {
          "left": -55.78,
          "top": -99.17,
          "right": 1135.78,
          "bottom": 2019.17,
          "width": 1191.56,
          "height": 2118.34
        },
        "containerSelector": "#s1-media-wrap",
        "fixHint": "Resize/reposition the child or container, or mark intentional overflow with data-layout-allow-overflow.",
        "containerRect": {
          "left": 0,
          "top": 0,
          "right": 1080,
          "bottom": 1920,
          "width": 1080,
          "height": 1920
        },
        "overflow": {
          "left": 55.78,
          "right": 55.78,
          "top": 99.17,
          "bottom": 99.17
        },
        "dataAttributes": {
          "data-hf-authored-opacity": ""
        },
        "sourceFile": "compositions/scene-s29.html",
        "bbox": {
          "x": -55.78,
          "y": -99.17,
          "width": 1191.56,
          "height": 2118.34
        },
        "firstSeen": 260.49,
        "lastSeen": 260.49,
        "occurrences": 1,
        "heldMs": 0
      },
      {
        "code": "container_overflow",
        "severity": "info",
        "time": 261.984,
        "selector": "#s1-img",
        "message": "Element extends outside a clipping layout container.",
        "rect": {
          "left": -74.09,
          "top": -131.71,
          "right": 1154.09,
          "bottom": 2051.71,
          "width": 1228.18,
          "height": 2183.42
        },
        "containerSelector": "#s1-media-wrap",
        "fixHint": "Resize/reposition the child or container, or mark intentional overflow with data-layout-allow-overflow.",
        "containerRect": {
          "left": 0,
          "top": 0,
          "right": 1080,
          "bottom": 1920,
          "width": 1080,
          "height": 1920
        },
        "overflow": {
          "left": 74.09,
          "right": 74.09,
          "top": 131.71,
          "bottom": 131.71
        },
        "dataAttributes": {
          "data-hf-authored-opacity": ""
        },
        "sourceFile": "compositions/scene-s29.html",
        "bbox": {
          "x": -74.09,
          "y": -131.71,
          "width": 1228.18,
          "height": 2183.42
        },
        "firstSeen": 261.984,
        "lastSeen": 261.984,
        "occurrences": 1,
        "heldMs": 0
      },
      {
        "code": "container_overflow",
        "severity": "info",
        "time": 263.984,
        "selector": "#s2-img",
        "message": "Element extends outside a clipping layout container.",
        "rect": {
          "left": -29.41,
          "top": -90.05,
          "right": 1151.89,
          "bottom": 2010.05,
          "width": 1181.3,
          "height": 2100.1
        },
        "containerSelector": "#s2-media-wrap",
        "fixHint": "Resize/reposition the child or container, or mark intentional overflow with data-layout-allow-overflow.",
        "containerRect": {
          "left": 0,
          "top": 0,
          "right": 1080,
          "bottom": 1920,
          "width": 1080,
          "height": 1920
        },
        "overflow": {
          "left": 29.41,
          "right": 71.89,
          "top": 90.05,
          "bottom": 90.05
        },
        "dataAttributes": {
          "data-hf-authored-opacity": ""
        },
        "sourceFile": "compositions/scene-s29.html",
        "bbox": {
          "x": -29.41,
          "y": -90.05,
          "width": 1181.3,
          "height": 2100.1
        },
        "firstSeen": 263.984,
        "lastSeen": 263.984,
        "occurrences": 1,
        "heldMs": 0
      },
      {
        "code": "container_overflow",
        "severity": "info",
        "time": 265.49,
        "selector": "#s2-img",
        "message": "Element extends outside a clipping layout container.",
        "rect": {
          "left": -61.61,
          "top": -110.11,
          "right": 1142.26,
          "bottom": 2030.11,
          "width": 1203.88,
          "height": 2140.22
        },
        "containerSelector": "#s2-media-wrap",
        "fixHint": "Resize/reposition the child or container, or mark intentional overflow with data-layout-allow-overflow.",
        "containerRect": {
          "left": 0,
          "top": 0,
          "right": 1080,
          "bottom": 1920,
          "width": 1080,
          "height": 1920
        },
        "overflow": {
          "left": 61.61,
          "right": 62.26,
          "top": 110.11,
          "bottom": 110.11
        },
        "dataAttributes": {
          "data-hf-authored-opacity": ""
        },
        "sourceFile": "compositions/scene-s29.html",
        "bbox": {
          "x": -61.61,
          "y": -110.11,
          "width": 1203.88,
          "height": 2140.22
        },
        "firstSeen": 265.49,
        "lastSeen": 265.49,
        "occurrences": 1,
        "heldMs": 0
      },
      {
        "code": "container_overflow",
        "severity": "info",
        "time": 266.996,
        "selector": "#s2-img",
        "message": "Element extends outside a clipping layout container.",
        "rect": {
          "left": -93.82,
          "top": -130.18,
          "right": 1132.63,
          "bottom": 2050.18,
          "width": 1226.45,
          "height": 2180.35
        },
        "containerSelector": "#s2-media-wrap",
        "fixHint": "Resize/reposition the child or container, or mark intentional overflow with data-layout-allow-overflow.",
        "containerRect": {
          "left": 0,
          "top": 0,
          "right": 1080,
          "bottom": 1920,
          "width": 1080,
          "height": 1920
        },
        "overflow": {
          "left": 93.82,
          "right": 52.63,
          "top": 130.18,
          "bottom": 130.18
        },
        "dataAttributes": {
          "data-hf-authored-opacity": ""
        },
        "sourceFile": "compositions/scene-s29.html",
        "bbox": {
          "x": -93.82,
          "y": -130.18,
          "width": 1226.45,
          "height": 2180.35
        },
        "firstSeen": 266.996,
        "lastSeen": 266.996,
        "occurrences": 1,
        "heldMs": 0
      },
      {
        "code": "panel_out_of_canvas",
        "severity": "info",
        "time": 269.2,
        "selector": "#gate-left",
        "message": "Painted panel extends outside the composition canvas.",
        "rect": {
          "left": -310.39,
          "top": 716.4,
          "right": 132.41,
          "bottom": 771.22,
          "width": 442.81,
          "height": 54.82
        },
        "containerSelector": "#root",
        "text": "",
        "fixHint": "Move the panel inward, or mark intentional off-canvas animation with data-layout-allow-overflow.",
        "containerRect": {
          "left": 0,
          "top": 0,
          "right": 1080,
          "bottom": 1920,
          "width": 1080,
          "height": 1920
        },
        "overflow": {
          "left": 310.39
        },
        "dataAttributes": {},
        "sourceFile": "compositions/scene-s30.html",
        "bbox": {
          "x": -310.39,
          "y": 716.4,
          "width": 442.81,
          "height": 54.82
        },
        "firstSeen": 269.2,
        "lastSeen": 269.2,
        "occurrences": 1,
        "heldMs": 0
      },
      {
        "code": "panel_out_of_canvas",
        "severity": "info",
        "time": 269.2,
        "selector": "#gate-right",
        "message": "Painted panel extends outside the composition canvas.",
        "rect": {
          "left": 947.59,
          "top": 716.4,
          "right": 1390.39,
          "bottom": 771.22,
          "width": 442.81,
          "height": 54.82
        },
        "containerSelector": "#root",
        "text": "",
        "fixHint": "Move the panel inward, or mark intentional off-canvas animation with data-layout-allow-overflow.",
        "containerRect": {
          "left": 0,
          "top": 0,
          "right": 1080,
          "bottom": 1920,
          "width": 1080,
          "height": 1920
        },
        "overflow": {
          "right": 310.39
        },
        "dataAttributes": {},
        "sourceFile": "compositions/scene-s30.html",
        "bbox": {
          "x": 947.59,
          "y": 716.4,
          "width": 442.81,
          "height": 54.82
        },
        "firstSeen": 269.2,
        "lastSeen": 269.2,
        "occurrences": 1,
        "heldMs": 0
      },
      {
        "code": "connector_orphan",
        "severity": "info",
        "time": 269.2,
        "selector": "svg.flow-svg-container > path:nth-of-type(1)",
        "message": "Connector shaft is visible while its endpoint #shot-2-label is not on stage.",
        "rect": {
          "left": 239.52,
          "top": 469.69,
          "right": 239.52,
          "bottom": 1270.96,
          "width": 0,
          "height": 801.27
        },
        "containerSelector": "svg.flow-svg-container",
        "fixHint": "Show the shaft only after both ends are on, and hide it with the earlier exit. Do not give the line its own clock.",
        "dataAttributes": {},
        "sourceFile": "compositions/scene-s30.html",
        "bbox": {
          "x": 239.52,
          "y": 469.69,
          "width": 0,
          "height": 801.27
        },
        "firstSeen": 269.2,
        "lastSeen": 269.2,
        "occurrences": 1,
        "heldMs": 0
      },
      {
        "code": "connector_orphan",
        "severity": "info",
        "time": 269.2,
        "selector": "svg.flow-svg-container > path:nth-of-type(2)",
        "message": "Connector shaft is visible while its endpoint #punchline-card is not on stage.",
        "rect": {
          "left": 540,
          "top": 438.06,
          "right": 540,
          "bottom": 1302.59,
          "width": 0,
          "height": 864.53
        },
        "containerSelector": "svg.flow-svg-container",
        "fixHint": "Show the shaft only after both ends are on, and hide it with the earlier exit. Do not give the line its own clock.",
        "dataAttributes": {},
        "sourceFile": "compositions/scene-s30.html",
        "bbox": {
          "x": 540,
          "y": 438.06,
          "width": 0,
          "height": 864.53
        },
        "firstSeen": 269.2,
        "lastSeen": 269.2,
        "occurrences": 1,
        "heldMs": 0
      },
      {
        "code": "connector_orphan",
        "severity": "info",
        "time": 269.2,
        "selector": "svg.flow-svg-container > path:nth-of-type(3)",
        "message": "Connector shaft is visible while its endpoint #shot-2-label is not on stage.",
        "rect": {
          "left": 840.48,
          "top": 469.69,
          "right": 840.48,
          "bottom": 1270.96,
          "width": 0,
          "height": 801.27
        },
        "containerSelector": "svg.flow-svg-container",
        "fixHint": "Show the shaft only after both ends are on, and hide it with the earlier exit. Do not give the line its own clock.",
        "dataAttributes": {},
        "sourceFile": "compositions/scene-s30.html",
        "bbox": {
          "x": 840.48,
          "y": 469.69,
          "width": 0,
          "height": 801.27
        },
        "firstSeen": 269.2,
        "lastSeen": 269.2,
        "occurrences": 1,
        "heldMs": 0
      },
      {
        "code": "panel_out_of_canvas",
        "severity": "info",
        "time": 271,
        "selector": "#gate-left",
        "message": "Painted panel extends outside the composition canvas.",
        "rect": {
          "left": -294.3,
          "top": 719.8,
          "right": 138.3,
          "bottom": 773.36,
          "width": 432.6,
          "height": 53.56
        },
        "containerSelector": "#root",
        "text": "",
        "fixHint": "Move the panel inward, or mark intentional off-canvas animation with data-layout-allow-overflow.",
        "containerRect": {
          "left": 0,
          "top": 0,
          "right": 1080,
          "bottom": 1920,
          "width": 1080,
          "height": 1920
        },
        "overflow": {
          "left": 294.3
        },
        "dataAttributes": {},
        "sourceFile": "compositions/scene-s30.html",
        "bbox": {
          "x": -294.3,
          "y": 719.8,
          "width": 432.6,
          "height": 53.56
        },
        "firstSeen": 271,
        "lastSeen": 271,
        "occurrences": 1,
        "heldMs": 0
      },
      {
        "code": "panel_out_of_canvas",
        "severity": "info",
        "time": 271,
        "selector": "#gate-right",
        "message": "Painted panel extends outside the composition canvas.",
        "rect": {
          "left": 941.7,
          "top": 719.8,
          "right": 1374.3,
          "bottom": 773.36,
          "width": 432.6,
          "height": 53.56
        },
        "containerSelector": "#root",
        "text": "",
        "fixHint": "Move the panel inward, or mark intentional off-canvas animation with data-layout-allow-overflow.",
        "containerRect": {
          "left": 0,
          "top": 0,
          "right": 1080,
          "bottom": 1920,
          "width": 1080,
          "height": 1920
        },
        "overflow": {
          "right": 294.3
        },
        "dataAttributes": {},
        "sourceFile": "compositions/scene-s30.html",
        "bbox": {
          "x": 941.7,
          "y": 719.8,
          "width": 432.6,
          "height": 53.56
        },
        "firstSeen": 271,
        "lastSeen": 271,
        "occurrences": 1,
        "heldMs": 0
      },
      {
        "code": "connector_orphan",
        "severity": "info",
        "time": 271,
        "selector": "svg.flow-svg-container > path:nth-of-type(1)",
        "message": "Connector shaft is visible while its endpoint #shot-2-label is not on stage.",
        "rect": {
          "left": 246.45,
          "top": 478.78,
          "right": 246.45,
          "bottom": 1261.58,
          "width": 0,
          "height": 782.8
        },
        "containerSelector": "svg.flow-svg-container",
        "fixHint": "Show the shaft only after both ends are on, and hide it with the earlier exit. Do not give the line its own clock.",
        "dataAttributes": {},
        "sourceFile": "compositions/scene-s30.html",
        "bbox": {
          "x": 246.45,
          "y": 478.78,
          "width": 0,
          "height": 782.8
        },
        "firstSeen": 271,
        "lastSeen": 271,
        "occurrences": 1,
        "heldMs": 0
      },
      {
        "code": "connector_orphan",
        "severity": "info",
        "time": 271,
        "selector": "svg.flow-svg-container > path:nth-of-type(2)",
        "message": "Connector shaft is visible while its endpoint #punchline-card is not on stage.",
        "rect": {
          "left": 540,
          "top": 447.88,
          "right": 540,
          "bottom": 1292.48,
          "width": 0,
          "height": 844.6
        },
        "containerSelector": "svg.flow-svg-container",
        "fixHint": "Show the shaft only after both ends are on, and hide it with the earlier exit. Do not give the line its own clock.",
        "dataAttributes": {},
        "sourceFile": "compositions/scene-s30.html",
        "bbox": {
          "x": 540,
          "y": 447.88,
          "width": 0,
          "height": 844.6
        },
        "firstSeen": 271,
        "lastSeen": 271,
        "occurrences": 1,
        "heldMs": 0
      },
      {
        "code": "connector_orphan",
        "severity": "info",
        "time": 271,
        "selector": "svg.flow-svg-container > path:nth-of-type(3)",
        "message": "Connector shaft is visible while its endpoint #shot-2-label is not on stage.",
        "rect": {
          "left": 833.55,
          "top": 478.78,
          "right": 833.55,
          "bottom": 1261.58,
          "width": 0,
          "height": 782.8
        },
        "containerSelector": "svg.flow-svg-container",
        "fixHint": "Show the shaft only after both ends are on, and hide it with the earlier exit. Do not give the line its own clock.",
        "dataAttributes": {},
        "sourceFile": "compositions/scene-s30.html",
        "bbox": {
          "x": 833.55,
          "y": 478.78,
          "width": 0,
          "height": 782.8
        },
        "firstSeen": 271,
        "lastSeen": 271,
        "occurrences": 1,
        "heldMs": 0
      },
      {
        "code": "panel_out_of_canvas",
        "severity": "info",
        "time": 272.8,
        "selector": "#gate-left",
        "message": "Painted panel extends outside the composition canvas.",
        "rect": {
          "left": -274.62,
          "top": 723.2,
          "right": 147.78,
          "bottom": 775.5,
          "width": 422.39,
          "height": 52.3
        },
        "containerSelector": "#root",
        "text": "",
        "fixHint": "Move the panel inward, or mark intentional off-canvas animation with data-layout-allow-overflow.",
        "containerRect": {
          "left": 0,
          "top": 0,
          "right": 1080,
          "bottom": 1920,
          "width": 1080,
          "height": 1920
        },
        "overflow": {
          "left": 274.62
        },
        "dataAttributes": {},
        "sourceFile": "compositions/scene-s30.html",
        "bbox": {
          "x": -274.62,
          "y": 723.2,
          "width": 422.39,
          "height": 52.3
        },
        "firstSeen": 272.8,
        "lastSeen": 272.8,
        "occurrences": 1,
        "heldMs": 0
      },
      {
        "code": "panel_out_of_canvas",
        "severity": "info",
        "time": 272.8,
        "selector": "#gate-right",
        "message": "Painted panel extends outside the composition canvas.",
        "rect": {
          "left": 932.22,
          "top": 723.2,
          "right": 1354.62,
          "bottom": 775.5,
          "width": 422.39,
          "height": 52.3
        },
        "containerSelector": "#root",
        "text": "",
        "fixHint": "Move the panel inward, or mark intentional off-canvas animation with data-layout-allow-overflow.",
        "containerRect": {
          "left": 0,
          "top": 0,
          "right": 1080,
          "bottom": 1920,
          "width": 1080,
          "height": 1920
        },
        "overflow": {
          "right": 274.62
        },
        "dataAttributes": {},
        "sourceFile": "compositions/scene-s30.html",
        "bbox": {
          "x": 932.22,
          "y": 723.2,
          "width": 422.39,
          "height": 52.3
        },
        "firstSeen": 272.8,
        "lastSeen": 272.8,
        "occurrences": 1,
        "heldMs": 0
      },
      {
        "code": "connector_orphan",
        "severity": "info",
        "time": 272.8,
        "selector": "svg.flow-svg-container > path:nth-of-type(1)",
        "message": "Connector shaft is visible while its endpoint #shot-2-label is not on stage.",
        "rect": {
          "left": 253.38,
          "top": 487.87,
          "right": 253.38,
          "bottom": 1252.2,
          "width": 0,
          "height": 764.33
        },
        "containerSelector": "svg.flow-svg-container",
        "fixHint": "Show the shaft only after both ends are on, and hide it with the earlier exit. Do not give the line its own clock.",
        "dataAttributes": {},
        "sourceFile": "compositions/scene-s30.html",
        "bbox": {
          "x": 253.38,
          "y": 487.87,
          "width": 0,
          "height": 764.33
        },
        "firstSeen": 272.8,
        "lastSeen": 272.8,
        "occurrences": 1,
        "heldMs": 0
      },
      {
        "code": "connector_orphan",
        "severity": "info",
        "time": 272.8,
        "selector": "svg.flow-svg-container > path:nth-of-type(2)",
        "message": "Connector shaft is visible while its endpoint #punchline-card is not on stage.",
        "rect": {
          "left": 540,
          "top": 457.7,
          "right": 540,
          "bottom": 1282.37,
          "width": 0,
          "height": 824.67
        },
        "containerSelector": "svg.flow-svg-container",
        "fixHint": "Show the shaft only after both ends are on, and hide it with the earlier exit. Do not give the line its own clock.",
        "dataAttributes": {},
        "sourceFile": "compositions/scene-s30.html",
        "bbox": {
          "x": 540,
          "y": 457.7,
          "width": 0,
          "height": 824.67
        },
        "firstSeen": 272.8,
        "lastSeen": 272.8,
        "occurrences": 1,
        "heldMs": 0
      },
      {
        "code": "connector_orphan",
        "severity": "info",
        "time": 272.8,
        "selector": "svg.flow-svg-container > path:nth-of-type(3)",
        "message": "Connector shaft is visible while its endpoint #shot-2-label is not on stage.",
        "rect": {
          "left": 826.62,
          "top": 487.87,
          "right": 826.62,
          "bottom": 1252.2,
          "width": 0,
          "height": 764.33
        },
        "containerSelector": "svg.flow-svg-container",
        "fixHint": "Show the shaft only after both ends are on, and hide it with the earlier exit. Do not give the line its own clock.",
        "dataAttributes": {},
        "sourceFile": "compositions/scene-s30.html",
        "bbox": {
          "x": 826.62,
          "y": 487.87,
          "width": 0,
          "height": 764.33
        },
        "firstSeen": 272.8,
        "lastSeen": 272.8,
        "occurrences": 1,
        "heldMs": 0
      },
      {
        "code": "container_overflow",
        "severity": "info",
        "time": 275.564,
        "selector": "#hero-img",
        "message": "Element extends outside a clipping layout container.",
        "rect": {
          "left": -38.66,
          "top": -58.51,
          "right": 1118.66,
          "bottom": 1998.96,
          "width": 1157.33,
          "height": 2057.47
        },
        "containerSelector": "#photo-inner",
        "fixHint": "Resize/reposition the child or container, or mark intentional overflow with data-layout-allow-overflow.",
        "containerRect": {
          "left": 0,
          "top": 0,
          "right": 1080,
          "bottom": 1920,
          "width": 1080,
          "height": 1920
        },
        "overflow": {
          "left": 38.66,
          "right": 38.66,
          "top": 58.51,
          "bottom": 78.96
        },
        "dataAttributes": {
          "data-hf-authored-opacity": ""
        },
        "sourceFile": "compositions/scene-s01.html",
        "bbox": {
          "x": -38.66,
          "y": -58.51,
          "width": 1157.33,
          "height": 2057.47
        },
        "firstSeen": 275.564,
        "lastSeen": 275.564,
        "occurrences": 1,
        "heldMs": 0
      },
      {
        "code": "container_overflow",
        "severity": "info",
        "time": 277.835,
        "selector": "#hero-img",
        "message": "Element extends outside a clipping layout container.",
        "rect": {
          "left": -56.7,
          "top": -92.6,
          "right": 1136.7,
          "bottom": 2029,
          "width": 1193.4,
          "height": 2121.6
        },
        "containerSelector": "#photo-inner",
        "fixHint": "Resize/reposition the child or container, or mark intentional overflow with data-layout-allow-overflow.",
        "containerRect": {
          "left": 0,
          "top": 0,
          "right": 1080,
          "bottom": 1920,
          "width": 1080,
          "height": 1920
        },
        "overflow": {
          "left": 56.7,
          "right": 56.7,
          "top": 92.6,
          "bottom": 109
        },
        "dataAttributes": {
          "data-hf-authored-opacity": ""
        },
        "sourceFile": "compositions/scene-s01.html",
        "bbox": {
          "x": -56.7,
          "y": -92.6,
          "width": 1193.4,
          "height": 2121.6
        },
        "firstSeen": 277.835,
        "lastSeen": 277.835,
        "occurrences": 1,
        "heldMs": 0
      },
      {
        "code": "container_overflow",
        "severity": "info",
        "time": 280.106,
        "selector": "#hero-img",
        "message": "Element extends outside a clipping layout container.",
        "rect": {
          "left": -74.47,
          "top": -126.19,
          "right": 1154.47,
          "bottom": 2058.58,
          "width": 1228.93,
          "height": 2184.77
        },
        "containerSelector": "#photo-inner",
        "fixHint": "Resize/reposition the child or container, or mark intentional overflow with data-layout-allow-overflow.",
        "containerRect": {
          "left": 0,
          "top": 0,
          "right": 1080,
          "bottom": 1920,
          "width": 1080,
          "height": 1920
        },
        "overflow": {
          "left": 74.47,
          "right": 74.47,
          "top": 126.19,
          "bottom": 138.58
        },
        "dataAttributes": {
          "data-hf-authored-opacity": ""
        },
        "sourceFile": "compositions/scene-s01.html",
        "bbox": {
          "x": -74.47,
          "y": -126.19,
          "width": 1228.93,
          "height": 2184.77
        },
        "firstSeen": 280.106,
        "lastSeen": 280.106,
        "occurrences": 1,
        "heldMs": 0
      },
      {
        "code": "container_overflow",
        "severity": "info",
        "time": 292.28,
        "selector": "#wanted-img",
        "message": "Element extends outside a clipping layout container.",
        "rect": {
          "left": -28.81,
          "top": -36.26,
          "right": 1108.81,
          "bottom": 1986.19,
          "width": 1137.63,
          "height": 2022.45
        },
        "containerSelector": "#bg-media",
        "fixHint": "Resize/reposition the child or container, or mark intentional overflow with data-layout-allow-overflow.",
        "containerRect": {
          "left": -27,
          "top": -33.6,
          "right": 1107,
          "bottom": 1982.4,
          "width": 1134,
          "height": 2016
        },
        "overflow": {
          "top": 2.66,
          "bottom": 3.79
        },
        "dataAttributes": {
          "data-hf-authored-opacity": ""
        },
        "sourceFile": "compositions/scene-s33.html",
        "bbox": {
          "x": -28.81,
          "y": -36.26,
          "width": 1137.63,
          "height": 2022.45
        },
        "firstSeen": 292.28,
        "lastSeen": 292.28,
        "occurrences": 1,
        "heldMs": 0
      },
      {
        "code": "container_overflow",
        "severity": "info",
        "time": 294.05,
        "selector": "#wanted-img",
        "message": "Element extends outside a clipping layout container.",
        "rect": {
          "left": -79.9,
          "top": -111.18,
          "right": 1159.9,
          "bottom": 2092.91,
          "width": 1239.8,
          "height": 2204.09
        },
        "containerSelector": "#bg-media",
        "fixHint": "Resize/reposition the child or container, or mark intentional overflow with data-layout-allow-overflow.",
        "containerRect": {
          "left": -27,
          "top": -33.6,
          "right": 1107,
          "bottom": 1982.4,
          "width": 1134,
          "height": 2016
        },
        "overflow": {
          "left": 52.9,
          "right": 52.9,
          "top": 77.58,
          "bottom": 110.51
        },
        "dataAttributes": {
          "data-hf-authored-opacity": ""
        },
        "sourceFile": "compositions/scene-s33.html",
        "bbox": {
          "x": -79.9,
          "y": -111.18,
          "width": 1239.8,
          "height": 2204.09
        },
        "firstSeen": 294.05,
        "lastSeen": 294.05,
        "occurrences": 1,
        "heldMs": 0
      },
      {
        "code": "container_overflow",
        "severity": "info",
        "time": 295.82,
        "selector": "#wanted-img",
        "message": "Element extends outside a clipping layout container.",
        "rect": {
          "left": -150.27,
          "top": -214.39,
          "right": 1230.27,
          "bottom": 2239.89,
          "width": 1380.53,
          "height": 2454.28
        },
        "containerSelector": "#bg-media",
        "fixHint": "Resize/reposition the child or container, or mark intentional overflow with data-layout-allow-overflow.",
        "containerRect": {
          "left": -27,
          "top": -33.6,
          "right": 1107,
          "bottom": 1982.4,
          "width": 1134,
          "height": 2016
        },
        "overflow": {
          "left": 123.27,
          "right": 123.27,
          "top": 180.79,
          "bottom": 257.49
        },
        "dataAttributes": {
          "data-hf-authored-opacity": ""
        },
        "sourceFile": "compositions/scene-s33.html",
        "bbox": {
          "x": -150.27,
          "y": -214.39,
          "width": 1380.53,
          "height": 2454.28
        },
        "firstSeen": 295.82,
        "lastSeen": 295.82,
        "occurrences": 1,
        "heldMs": 0
      },
      {
        "code": "container_overflow",
        "severity": "info",
        "time": 315.256,
        "selector": "#camera-rig",
        "message": "Element extends outside a clipping layout container.",
        "rect": {
          "left": -13.32,
          "top": 0,
          "right": 1066.68,
          "bottom": 1920,
          "width": 1080,
          "height": 1920
        },
        "containerSelector": "#scene-clip",
        "fixHint": "Resize/reposition the child or container, or mark intentional overflow with data-layout-allow-overflow.",
        "containerRect": {
          "left": 0,
          "top": 0,
          "right": 1080,
          "bottom": 1920,
          "width": 1080,
          "height": 1920
        },
        "overflow": {
          "left": 13.32
        },
        "dataAttributes": {},
        "sourceFile": "compositions/scene-s07.html",
        "bbox": {
          "x": -13.32,
          "y": 0,
          "width": 1080,
          "height": 1920
        },
        "firstSeen": 315.256,
        "lastSeen": 315.256,
        "occurrences": 1,
        "heldMs": 0
      },
      {
        "code": "container_overflow",
        "severity": "info",
        "time": 320.314,
        "selector": "#camera-rig",
        "message": "Element extends outside a clipping layout container.",
        "rect": {
          "left": 13.13,
          "top": 0,
          "right": 1093.13,
          "bottom": 1920,
          "width": 1080,
          "height": 1920
        },
        "containerSelector": "#scene-clip",
        "fixHint": "Resize/reposition the child or container, or mark intentional overflow with data-layout-allow-overflow.",
        "containerRect": {
          "left": 0,
          "top": 0,
          "right": 1080,
          "bottom": 1920,
          "width": 1080,
          "height": 1920
        },
        "overflow": {
          "right": 13.13
        },
        "dataAttributes": {},
        "sourceFile": "compositions/scene-s07.html",
        "bbox": {
          "x": 13.13,
          "y": 0,
          "width": 1080,
          "height": 1920
        },
        "firstSeen": 320.314,
        "lastSeen": 320.314,
        "occurrences": 1,
        "heldMs": 0
      },
      {
        "code": "container_overflow",
        "severity": "info",
        "time": 353.2,
        "selector": "#shot1-img",
        "message": "Element extends outside a clipping layout container.",
        "rect": {
          "left": 28.38,
          "top": 212.09,
          "right": 1059.62,
          "bottom": 2059.72,
          "width": 1031.23,
          "height": 1847.62
        },
        "containerSelector": "#shot1-card",
        "fixHint": "Resize/reposition the child or container, or mark intentional overflow with data-layout-allow-overflow.",
        "containerRect": {
          "left": 60,
          "top": 240,
          "right": 1020,
          "bottom": 1280,
          "width": 960,
          "height": 1040
        },
        "overflow": {
          "left": 31.62,
          "right": 39.62,
          "top": 27.91,
          "bottom": 779.72
        },
        "dataAttributes": {
          "data-hf-authored-opacity": ""
        },
        "sourceFile": "compositions/scene-s09.html",
        "bbox": {
          "x": 28.38,
          "y": 212.09,
          "width": 1031.23,
          "height": 1847.62
        },
        "firstSeen": 353.2,
        "lastSeen": 353.2,
        "occurrences": 1,
        "heldMs": 0
      },
      {
        "code": "container_overflow",
        "severity": "info",
        "time": 355,
        "selector": "#shot1-img",
        "message": "Element extends outside a clipping layout container.",
        "rect": {
          "left": 9.33,
          "top": 195.02,
          "right": 1078.67,
          "bottom": 2110.93,
          "width": 1069.34,
          "height": 1915.91
        },
        "containerSelector": "#shot1-card",
        "fixHint": "Resize/reposition the child or container, or mark intentional overflow with data-layout-allow-overflow.",
        "containerRect": {
          "left": 60,
          "top": 240,
          "right": 1020,
          "bottom": 1280,
          "width": 960,
          "height": 1040
        },
        "overflow": {
          "left": 50.67,
          "right": 58.67,
          "top": 44.98,
          "bottom": 830.93
        },
        "dataAttributes": {
          "data-hf-authored-opacity": ""
        },
        "sourceFile": "compositions/scene-s09.html",
        "bbox": {
          "x": 9.33,
          "y": 195.02,
          "width": 1069.34,
          "height": 1915.91
        },
        "firstSeen": 355,
        "lastSeen": 355,
        "occurrences": 1,
        "heldMs": 0
      },
      {
        "code": "container_overflow",
        "severity": "info",
        "time": 356.8,
        "selector": "#shot1-img",
        "message": "Element extends outside a clipping layout container.",
        "rect": {
          "left": -9.73,
          "top": 177.95,
          "right": 1097.73,
          "bottom": 2162.14,
          "width": 1107.46,
          "height": 1984.19
        },
        "containerSelector": "#shot1-card",
        "fixHint": "Resize/reposition the child or container, or mark intentional overflow with data-layout-allow-overflow.",
        "containerRect": {
          "left": 60,
          "top": 240,
          "right": 1020,
          "bottom": 1280,
          "width": 960,
          "height": 1040
        },
        "overflow": {
          "left": 69.73,
          "right": 77.73,
          "top": 62.05,
          "bottom": 882.14
        },
        "dataAttributes": {
          "data-hf-authored-opacity": ""
        },
        "sourceFile": "compositions/scene-s09.html",
        "bbox": {
          "x": -9.73,
          "y": 177.95,
          "width": 1107.46,
          "height": 1984.19
        },
        "firstSeen": 356.8,
        "lastSeen": 356.8,
        "occurrences": 1,
        "heldMs": 0
      },
      {
        "code": "container_overflow",
        "severity": "info",
        "time": 359.2,
        "selector": "#shot2-img",
        "message": "Element extends outside a clipping layout container.",
        "rect": {
          "left": 42.88,
          "top": -573.43,
          "right": 1093.12,
          "bottom": 1308.25,
          "width": 1050.24,
          "height": 1881.68
        },
        "containerSelector": "#shot2-card",
        "fixHint": "Resize/reposition the child or container, or mark intentional overflow with data-layout-allow-overflow.",
        "containerRect": {
          "left": 60,
          "top": 240,
          "right": 1020,
          "bottom": 1280,
          "width": 960,
          "height": 1040
        },
        "overflow": {
          "left": 17.12,
          "right": 73.12,
          "top": 813.43,
          "bottom": 28.25
        },
        "dataAttributes": {
          "data-hf-authored-opacity": ""
        },
        "sourceFile": "compositions/scene-s09.html",
        "bbox": {
          "x": 42.88,
          "y": -573.43,
          "width": 1050.24,
          "height": 1881.68
        },
        "firstSeen": 359.2,
        "lastSeen": 359.2,
        "occurrences": 1,
        "heldMs": 0
      },
      {
        "code": "container_overflow",
        "severity": "info",
        "time": 361,
        "selector": "#shot2-img",
        "message": "Element extends outside a clipping layout container.",
        "rect": {
          "left": 8.8,
          "top": -604.13,
          "right": 1079.2,
          "bottom": 1313.67,
          "width": 1070.4,
          "height": 1917.8
        },
        "containerSelector": "#shot2-card",
        "fixHint": "Resize/reposition the child or container, or mark intentional overflow with data-layout-allow-overflow.",
        "containerRect": {
          "left": 60,
          "top": 240,
          "right": 1020,
          "bottom": 1280,
          "width": 960,
          "height": 1040
        },
        "overflow": {
          "left": 51.2,
          "right": 59.2,
          "top": 844.13,
          "bottom": 33.67
        },
        "dataAttributes": {
          "data-hf-authored-opacity": ""
        },
        "sourceFile": "compositions/scene-s09.html",
        "bbox": {
          "x": 8.8,
          "y": -604.13,
          "width": 1070.4,
          "height": 1917.8
        },
        "firstSeen": 361,
        "lastSeen": 361,
        "occurrences": 1,
        "heldMs": 0
      },
      {
        "code": "container_overflow",
        "severity": "info",
        "time": 362.8,
        "selector": "#shot2-img",
        "message": "Element extends outside a clipping layout container.",
        "rect": {
          "left": -25.28,
          "top": -634.83,
          "right": 1065.28,
          "bottom": 1319.09,
          "width": 1090.56,
          "height": 1953.92
        },
        "containerSelector": "#shot2-card",
        "fixHint": "Resize/reposition the child or container, or mark intentional overflow with data-layout-allow-overflow.",
        "containerRect": {
          "left": 60,
          "top": 240,
          "right": 1020,
          "bottom": 1280,
          "width": 960,
          "height": 1040
        },
        "overflow": {
          "left": 85.28,
          "right": 45.28,
          "top": 874.83,
          "bottom": 39.09
        },
        "dataAttributes": {
          "data-hf-authored-opacity": ""
        },
        "sourceFile": "compositions/scene-s09.html",
        "bbox": {
          "x": -25.28,
          "y": -634.83,
          "width": 1090.56,
          "height": 1953.92
        },
        "firstSeen": 362.8,
        "lastSeen": 362.8,
        "occurrences": 1,
        "heldMs": 0
      },
      {
        "code": "container_overflow",
        "severity": "info",
        "time": 366,
        "selector": "#stage-camera",
        "message": "Element extends outside a clipping layout container.",
        "rect": {
          "left": 13,
          "top": 0,
          "right": 1093,
          "bottom": 1920,
          "width": 1080,
          "height": 1920
        },
        "containerSelector": "div[data-start=\"0\"]",
        "fixHint": "Resize/reposition the child or container, or mark intentional overflow with data-layout-allow-overflow.",
        "containerRect": {
          "left": 0,
          "top": 0,
          "right": 1080,
          "bottom": 1920,
          "width": 1080,
          "height": 1920
        },
        "overflow": {
          "right": 13
        },
        "dataAttributes": {},
        "sourceFile": "compositions/scene-s41.html",
        "bbox": {
          "x": 13,
          "y": 0,
          "width": 1080,
          "height": 1920
        },
        "firstSeen": 366,
        "lastSeen": 366,
        "occurrences": 1,
        "heldMs": 0
      },
      {
        "code": "container_overflow",
        "severity": "info",
        "time": 369,
        "selector": "#stage-camera",
        "message": "Element extends outside a clipping layout container.",
        "rect": {
          "left": 2.5,
          "top": 0,
          "right": 1082.5,
          "bottom": 1920,
          "width": 1080,
          "height": 1920
        },
        "containerSelector": "div[data-start=\"0\"]",
        "fixHint": "Resize/reposition the child or container, or mark intentional overflow with data-layout-allow-overflow.",
        "containerRect": {
          "left": 0,
          "top": 0,
          "right": 1080,
          "bottom": 1920,
          "width": 1080,
          "height": 1920
        },
        "overflow": {
          "right": 2.5
        },
        "dataAttributes": {},
        "sourceFile": "compositions/scene-s41.html",
        "bbox": {
          "x": 2.5,
          "y": 0,
          "width": 1080,
          "height": 1920
        },
        "firstSeen": 369,
        "lastSeen": 369,
        "occurrences": 1,
        "heldMs": 0
      },
      {
        "code": "container_overflow",
        "severity": "info",
        "time": 372,
        "selector": "#stage-camera",
        "message": "Element extends outside a clipping layout container.",
        "rect": {
          "left": -8,
          "top": 0,
          "right": 1072,
          "bottom": 1920,
          "width": 1080,
          "height": 1920
        },
        "containerSelector": "div[data-start=\"0\"]",
        "fixHint": "Resize/reposition the child or container, or mark intentional overflow with data-layout-allow-overflow.",
        "containerRect": {
          "left": 0,
          "top": 0,
          "right": 1080,
          "bottom": 1920,
          "width": 1080,
          "height": 1920
        },
        "overflow": {
          "left": 8
        },
        "dataAttributes": {},
        "sourceFile": "compositions/scene-s41.html",
        "bbox": {
          "x": -8,
          "y": 0,
          "width": 1080,
          "height": 1920
        },
        "firstSeen": 372,
        "lastSeen": 372,
        "occurrences": 1,
        "heldMs": 0
      },
      {
        "code": "container_overflow",
        "severity": "info",
        "time": 376.134,
        "selector": "#camera",
        "message": "Element extends outside a clipping layout container.",
        "rect": {
          "left": -9.18,
          "top": -15.67,
          "right": 1089.18,
          "bottom": 1936.97,
          "width": 1098.36,
          "height": 1952.64
        },
        "containerSelector": "#slot-scene-s42 > div:nth-of-type(1)",
        "fixHint": "Resize/reposition the child or container, or mark intentional overflow with data-layout-allow-overflow.",
        "containerRect": {
          "left": 0,
          "top": 0,
          "right": 1080,
          "bottom": 1920,
          "width": 1080,
          "height": 1920
        },
        "overflow": {
          "left": 9.18,
          "right": 9.18,
          "top": 15.67,
          "bottom": 16.97
        },
        "dataAttributes": {},
        "sourceFile": "compositions/scene-s08.html",
        "bbox": {
          "x": -9.18,
          "y": -15.67,
          "width": 1098.36,
          "height": 1952.64
        },
        "firstSeen": 376.134,
        "lastSeen": 376.134,
        "occurrences": 1,
        "heldMs": 0
      },
      {
        "code": "container_overflow",
        "severity": "info",
        "time": 379.245,
        "selector": "#camera",
        "message": "Element extends outside a clipping layout container.",
        "rect": {
          "left": -20.95,
          "top": -35.76,
          "right": 1100.95,
          "bottom": 1958.74,
          "width": 1121.9,
          "height": 1994.5
        },
        "containerSelector": "#slot-scene-s42 > div:nth-of-type(1)",
        "fixHint": "Resize/reposition the child or container, or mark intentional overflow with data-layout-allow-overflow.",
        "containerRect": {
          "left": 0,
          "top": 0,
          "right": 1080,
          "bottom": 1920,
          "width": 1080,
          "height": 1920
        },
        "overflow": {
          "left": 20.95,
          "right": 20.95,
          "top": 35.76,
          "bottom": 38.74
        },
        "dataAttributes": {},
        "sourceFile": "compositions/scene-s08.html",
        "bbox": {
          "x": -20.95,
          "y": -35.76,
          "width": 1121.9,
          "height": 1994.5
        },
        "firstSeen": 379.245,
        "lastSeen": 379.245,
        "occurrences": 1,
        "heldMs": 0
      },
      {
        "code": "container_overflow",
        "severity": "info",
        "time": 382.356,
        "selector": "#camera",
        "message": "Element extends outside a clipping layout container.",
        "rect": {
          "left": -28.19,
          "top": -48.11,
          "right": 1108.19,
          "bottom": 1972.12,
          "width": 1136.38,
          "height": 2020.22
        },
        "containerSelector": "#slot-scene-s42 > div:nth-of-type(1)",
        "fixHint": "Resize/reposition the child or container, or mark intentional overflow with data-layout-allow-overflow.",
        "containerRect": {
          "left": 0,
          "top": 0,
          "right": 1080,
          "bottom": 1920,
          "width": 1080,
          "height": 1920
        },
        "overflow": {
          "left": 28.19,
          "right": 28.19,
          "top": 48.11,
          "bottom": 52.12
        },
        "dataAttributes": {},
        "sourceFile": "compositions/scene-s08.html",
        "bbox": {
          "x": -28.19,
          "y": -48.11,
          "width": 1136.38,
          "height": 2020.22
        },
        "firstSeen": 382.356,
        "lastSeen": 382.356,
        "occurrences": 1,
        "heldMs": 0
      },
      {
        "code": "container_overflow",
        "severity": "info",
        "time": 390.992,
        "selector": "#shot1-img",
        "message": "Element extends outside a clipping layout container.",
        "rect": {
          "left": -40.66,
          "top": -72.29,
          "right": 1120.66,
          "bottom": 1992.29,
          "width": 1161.32,
          "height": 2064.58
        },
        "containerSelector": "#shot1-bg-wrap",
        "fixHint": "Resize/reposition the child or container, or mark intentional overflow with data-layout-allow-overflow.",
        "containerRect": {
          "left": 0,
          "top": 0,
          "right": 1080,
          "bottom": 1920,
          "width": 1080,
          "height": 1920
        },
        "overflow": {
          "left": 40.66,
          "right": 40.66,
          "top": 72.29,
          "bottom": 72.29
        },
        "dataAttributes": {
          "data-hf-authored-opacity": ""
        },
        "sourceFile": "compositions/scene-s09.html",
        "bbox": {
          "x": -40.66,
          "y": -72.29,
          "width": 1161.32,
          "height": 2064.58
        },
        "firstSeen": 390.992,
        "lastSeen": 390.992,
        "occurrences": 1,
        "heldMs": 0
      },
      {
        "code": "container_overflow",
        "severity": "info",
        "time": 392.495,
        "selector": "#shot1-img",
        "message": "Element extends outside a clipping layout container.",
        "rect": {
          "left": -61.72,
          "top": -109.73,
          "right": 1141.72,
          "bottom": 2029.73,
          "width": 1203.44,
          "height": 2139.46
        },
        "containerSelector": "#shot1-bg-wrap",
        "fixHint": "Resize/reposition the child or container, or mark intentional overflow with data-layout-allow-overflow.",
        "containerRect": {
          "left": 0,
          "top": 0,
          "right": 1080,
          "bottom": 1920,
          "width": 1080,
          "height": 1920
        },
        "overflow": {
          "left": 61.72,
          "right": 61.72,
          "top": 109.73,
          "bottom": 109.73
        },
        "dataAttributes": {
          "data-hf-authored-opacity": ""
        },
        "sourceFile": "compositions/scene-s09.html",
        "bbox": {
          "x": -61.72,
          "y": -109.73,
          "width": 1203.44,
          "height": 2139.46
        },
        "firstSeen": 392.495,
        "lastSeen": 392.495,
        "occurrences": 1,
        "heldMs": 0
      },
      {
        "code": "container_overflow",
        "severity": "info",
        "time": 393.998,
        "selector": "#shot1-img",
        "message": "Element extends outside a clipping layout container.",
        "rect": {
          "left": -82.73,
          "top": -147.07,
          "right": 1162.73,
          "bottom": 2067.07,
          "width": 1245.46,
          "height": 2214.14
        },
        "containerSelector": "#shot1-bg-wrap",
        "fixHint": "Resize/reposition the child or container, or mark intentional overflow with data-layout-allow-overflow.",
        "containerRect": {
          "left": 0,
          "top": 0,
          "right": 1080,
          "bottom": 1920,
          "width": 1080,
          "height": 1920
        },
        "overflow": {
          "left": 82.73,
          "right": 82.73,
          "top": 147.07,
          "bottom": 147.07
        },
        "dataAttributes": {
          "data-hf-authored-opacity": ""
        },
        "sourceFile": "compositions/scene-s09.html",
        "bbox": {
          "x": -82.73,
          "y": -147.07,
          "width": 1245.46,
          "height": 2214.14
        },
        "firstSeen": 393.998,
        "lastSeen": 393.998,
        "occurrences": 1,
        "heldMs": 0
      },
      {
        "code": "container_overflow",
        "severity": "info",
        "time": 396.136,
        "selector": "#shot2-img",
        "message": "Element extends outside a clipping layout container.",
        "rect": {
          "left": -18.9,
          "top": -76.8,
          "right": 1147.5,
          "bottom": 1996.8,
          "width": 1166.4,
          "height": 2073.6
        },
        "containerSelector": "#shot2-bg-wrap",
        "fixHint": "Resize/reposition the child or container, or mark intentional overflow with data-layout-allow-overflow.",
        "containerRect": {
          "left": 0,
          "top": 0,
          "right": 1080,
          "bottom": 1920,
          "width": 1080,
          "height": 1920
        },
        "overflow": {
          "left": 18.9,
          "right": 67.5,
          "top": 76.8,
          "bottom": 76.8
        },
        "dataAttributes": {
          "data-hf-authored-opacity": ""
        },
        "sourceFile": "compositions/scene-s09.html",
        "bbox": {
          "x": -18.9,
          "y": -76.8,
          "width": 1166.4,
          "height": 2073.6
        },
        "firstSeen": 396.136,
        "lastSeen": 396.136,
        "occurrences": 1,
        "heldMs": 0
      },
      {
        "code": "container_overflow",
        "severity": "info",
        "time": 397.84,
        "selector": "#shot2-img",
        "message": "Element extends outside a clipping layout container.",
        "rect": {
          "left": -43.09,
          "top": -76.8,
          "right": 1123.31,
          "bottom": 1996.8,
          "width": 1166.4,
          "height": 2073.6
        },
        "containerSelector": "#shot2-bg-wrap",
        "fixHint": "Resize/reposition the child or container, or mark intentional overflow with data-layout-allow-overflow.",
        "containerRect": {
          "left": 0,
          "top": 0,
          "right": 1080,
          "bottom": 1920,
          "width": 1080,
          "height": 1920
        },
        "overflow": {
          "left": 43.09,
          "right": 43.31,
          "top": 76.8,
          "bottom": 76.8
        },
        "dataAttributes": {
          "data-hf-authored-opacity": ""
        },
        "sourceFile": "compositions/scene-s09.html",
        "bbox": {
          "x": -43.09,
          "y": -76.8,
          "width": 1166.4,
          "height": 2073.6
        },
        "firstSeen": 397.84,
        "lastSeen": 397.84,
        "occurrences": 1,
        "heldMs": 0
      },
      {
        "code": "container_overflow",
        "severity": "info",
        "time": 399.544,
        "selector": "#shot2-img",
        "message": "Element extends outside a clipping layout container.",
        "rect": {
          "left": -67.37,
          "top": -76.8,
          "right": 1099.03,
          "bottom": 1996.8,
          "width": 1166.4,
          "height": 2073.6
        },
        "containerSelector": "#shot2-bg-wrap",
        "fixHint": "Resize/reposition the child or container, or mark intentional overflow with data-layout-allow-overflow.",
        "containerRect": {
          "left": 0,
          "top": 0,
          "right": 1080,
          "bottom": 1920,
          "width": 1080,
          "height": 1920
        },
        "overflow": {
          "left": 67.37,
          "right": 19.03,
          "top": 76.8,
          "bottom": 76.8
        },
        "dataAttributes": {
          "data-hf-authored-opacity": ""
        },
        "sourceFile": "compositions/scene-s09.html",
        "bbox": {
          "x": -67.37,
          "y": -76.8,
          "width": 1166.4,
          "height": 2073.6
        },
        "firstSeen": 399.544,
        "lastSeen": 399.544,
        "occurrences": 1,
        "heldMs": 0
      },
      {
        "code": "container_overflow",
        "severity": "info",
        "time": 402.344,
        "selector": "#camera-stage",
        "message": "Element extends outside a clipping layout container.",
        "rect": {
          "left": -17.33,
          "top": -25.68,
          "right": 1097.33,
          "bottom": 1955.95,
          "width": 1114.67,
          "height": 1981.63
        },
        "containerSelector": "#scene-s45",
        "fixHint": "Resize/reposition the child or container, or mark intentional overflow with data-layout-allow-overflow.",
        "containerRect": {
          "left": 0,
          "top": 0,
          "right": 1080,
          "bottom": 1920,
          "width": 1080,
          "height": 1920
        },
        "overflow": {
          "left": 17.33,
          "right": 17.33,
          "top": 25.68,
          "bottom": 35.95
        },
        "dataAttributes": {},
        "sourceFile": "compositions/scene-s06.html",
        "bbox": {
          "x": -17.33,
          "y": -25.68,
          "width": 1114.67,
          "height": 1981.63
        },
        "firstSeen": 402.344,
        "lastSeen": 402.344,
        "occurrences": 1,
        "heldMs": 0
      },
      {
        "code": "container_overflow",
        "severity": "info",
        "time": 404.84,
        "selector": "#camera-stage",
        "message": "Element extends outside a clipping layout container.",
        "rect": {
          "left": -10.8,
          "top": -16,
          "right": 1090.8,
          "bottom": 1942.4,
          "width": 1101.6,
          "height": 1958.4
        },
        "containerSelector": "#scene-s45",
        "fixHint": "Resize/reposition the child or container, or mark intentional overflow with data-layout-allow-overflow.",
        "containerRect": {
          "left": 0,
          "top": 0,
          "right": 1080,
          "bottom": 1920,
          "width": 1080,
          "height": 1920
        },
        "overflow": {
          "left": 10.8,
          "right": 10.8,
          "top": 16,
          "bottom": 22.4
        },
        "dataAttributes": {},
        "sourceFile": "compositions/scene-s06.html",
        "bbox": {
          "x": -10.8,
          "y": -16,
          "width": 1101.6,
          "height": 1958.4
        },
        "firstSeen": 404.84,
        "lastSeen": 404.84,
        "occurrences": 1,
        "heldMs": 0
      },
      {
        "code": "container_overflow",
        "severity": "info",
        "time": 407.336,
        "selector": "#camera-stage",
        "message": "Element extends outside a clipping layout container.",
        "rect": {
          "left": -4.32,
          "top": -6.4,
          "right": 1084.32,
          "bottom": 1928.96,
          "width": 1088.64,
          "height": 1935.36
        },
        "containerSelector": "#scene-s45",
        "fixHint": "Resize/reposition the child or container, or mark intentional overflow with data-layout-allow-overflow.",
        "containerRect": {
          "left": 0,
          "top": 0,
          "right": 1080,
          "bottom": 1920,
          "width": 1080,
          "height": 1920
        },
        "overflow": {
          "left": 4.32,
          "right": 4.32,
          "top": 6.4,
          "bottom": 8.96
        },
        "dataAttributes": {},
        "sourceFile": "compositions/scene-s06.html",
        "bbox": {
          "x": -4.32,
          "y": -6.4,
          "width": 1088.64,
          "height": 1935.36
        },
        "firstSeen": 407.336,
        "lastSeen": 407.336,
        "occurrences": 1,
        "heldMs": 0
      },
      {
        "code": "canvas_overflow",
        "severity": "info",
        "time": 433.28,
        "selector": "div.front-cover-badge",
        "message": "Text extends outside the composition canvas.",
        "rect": {
          "left": -160.87,
          "top": 245.43,
          "right": -0.48,
          "bottom": 311.43,
          "width": 160.39,
          "height": 65.99
        },
        "containerSelector": "#root",
        "text": "HỒ SƠ TÍN DỤNG",
        "fixHint": "Move the text inward, reduce its size, or mark intentional off-canvas animation with data-layout-allow-overflow.",
        "containerRect": {
          "left": 0,
          "top": 0,
          "right": 1080,
          "bottom": 1920,
          "width": 1080,
          "height": 1920
        },
        "overflow": {
          "left": 160.87
        },
        "dataAttributes": {},
        "sourceFile": "compositions/scene-s48.html",
        "bbox": {
          "x": -160.87,
          "y": 245.43,
          "width": 160.39,
          "height": 65.99
        },
        "firstSeen": 433.28,
        "lastSeen": 433.28,
        "occurrences": 1,
        "heldMs": 0
      },
      {
        "code": "canvas_overflow",
        "severity": "info",
        "time": 433.28,
        "selector": "div.front-cover-title",
        "message": "Text extends outside the composition canvas.",
        "rect": {
          "left": -317.68,
          "top": 506.53,
          "right": -6.25,
          "bottom": 669.14,
          "width": 311.43,
          "height": 162.61
        },
        "containerSelector": "#root",
        "text": "TẬP HỒ SƠVAY VỐN",
        "fixHint": "Move the text inward, reduce its size, or mark intentional off-canvas animation with data-layout-allow-overflow.",
        "containerRect": {
          "left": 0,
          "top": 0,
          "right": 1080,
          "bottom": 1920,
          "width": 1080,
          "height": 1920
        },
        "overflow": {
          "left": 317.68
        },
        "dataAttributes": {},
        "sourceFile": "compositions/scene-s48.html",
        "bbox": {
          "x": -317.68,
          "y": 506.53,
          "width": 311.43,
          "height": 162.61
        },
        "firstSeen": 433.28,
        "lastSeen": 433.28,
        "occurrences": 1,
        "heldMs": 0
      },
      {
        "code": "canvas_overflow",
        "severity": "info",
        "time": 433.28,
        "selector": "div.front-cover-foot",
        "message": "Text extends outside the composition canvas.",
        "rect": {
          "left": -397.67,
          "top": 866.76,
          "right": 18.09,
          "bottom": 998.64,
          "width": 415.76,
          "height": 131.88
        },
        "containerSelector": "#root",
        "text": "PHÊ DUYỆT TÍN DỤNG // BẢO MẬT",
        "fixHint": "Move the text inward, reduce its size, or mark intentional off-canvas animation with data-layout-allow-overflow.",
        "containerRect": {
          "left": 0,
          "top": 0,
          "right": 1080,
          "bottom": 1920,
          "width": 1080,
          "height": 1920
        },
        "overflow": {
          "left": 397.67
        },
        "dataAttributes": {},
        "sourceFile": "compositions/scene-s48.html",
        "bbox": {
          "x": -397.67,
          "y": 866.76,
          "width": 415.76,
          "height": 131.88
        },
        "firstSeen": 433.28,
        "lastSeen": 433.28,
        "occurrences": 1,
        "heldMs": 0
      },
      {
        "code": "container_overflow",
        "severity": "info",
        "time": 433.28,
        "selector": "#camera-rig",
        "message": "Element extends outside a clipping layout container.",
        "rect": {
          "left": 15.06,
          "top": 0,
          "right": 1095.06,
          "bottom": 1920,
          "width": 1080,
          "height": 1920
        },
        "containerSelector": "#scene-s48",
        "fixHint": "Resize/reposition the child or container, or mark intentional overflow with data-layout-allow-overflow.",
        "containerRect": {
          "left": 0,
          "top": 0,
          "right": 1080,
          "bottom": 1920,
          "width": 1080,
          "height": 1920
        },
        "overflow": {
          "right": 15.06
        },
        "dataAttributes": {},
        "sourceFile": "compositions/scene-s07.html",
        "bbox": {
          "x": 15.06,
          "y": 0,
          "width": 1080,
          "height": 1920
        },
        "firstSeen": 433.28,
        "lastSeen": 433.28,
        "occurrences": 1,
        "heldMs": 0
      },
      {
        "code": "canvas_overflow",
        "severity": "info",
        "time": 436.64,
        "selector": "div.front-cover-badge",
        "message": "Text extends outside the composition canvas.",
        "rect": {
          "left": -175.9,
          "top": 245.43,
          "right": -15.51,
          "bottom": 311.43,
          "width": 160.39,
          "height": 65.99
        },
        "containerSelector": "#root",
        "text": "HỒ SƠ TÍN DỤNG",
        "fixHint": "Move the text inward, reduce its size, or mark intentional off-canvas animation with data-layout-allow-overflow.",
        "containerRect": {
          "left": 0,
          "top": 0,
          "right": 1080,
          "bottom": 1920,
          "width": 1080,
          "height": 1920
        },
        "overflow": {
          "left": 175.9
        },
        "dataAttributes": {},
        "sourceFile": "compositions/scene-s48.html",
        "bbox": {
          "x": -175.9,
          "y": 245.43,
          "width": 160.39,
          "height": 65.99
        },
        "firstSeen": 436.64,
        "lastSeen": 436.64,
        "occurrences": 1,
        "heldMs": 0
      },
      {
        "code": "canvas_overflow",
        "severity": "info",
        "time": 436.64,
        "selector": "div.front-cover-title",
        "message": "Text extends outside the composition canvas.",
        "rect": {
          "left": -332.71,
          "top": 506.53,
          "right": -21.28,
          "bottom": 669.14,
          "width": 311.43,
          "height": 162.61
        },
        "containerSelector": "#root",
        "text": "TẬP HỒ SƠVAY VỐN",
        "fixHint": "Move the text inward, reduce its size, or mark intentional off-canvas animation with data-layout-allow-overflow.",
        "containerRect": {
          "left": 0,
          "top": 0,
          "right": 1080,
          "bottom": 1920,
          "width": 1080,
          "height": 1920
        },
        "overflow": {
          "left": 332.71
        },
        "dataAttributes": {},
        "sourceFile": "compositions/scene-s48.html",
        "bbox": {
          "x": -332.71,
          "y": 506.53,
          "width": 311.43,
          "height": 162.61
        },
        "firstSeen": 436.64,
        "lastSeen": 436.64,
        "occurrences": 1,
        "heldMs": 0
      },
      {
        "code": "canvas_overflow",
        "severity": "info",
        "time": 436.64,
        "selector": "div.front-cover-foot",
        "message": "Text extends outside the composition canvas.",
        "rect": {
          "left": -412.7,
          "top": 866.76,
          "right": 3.06,
          "bottom": 998.64,
          "width": 415.76,
          "height": 131.88
        },
        "containerSelector": "#root",
        "text": "PHÊ DUYỆT TÍN DỤNG // BẢO MẬT",
        "fixHint": "Move the text inward, reduce its size, or mark intentional off-canvas animation with data-layout-allow-overflow.",
        "containerRect": {
          "left": 0,
          "top": 0,
          "right": 1080,
          "bottom": 1920,
          "width": 1080,
          "height": 1920
        },
        "overflow": {
          "left": 412.7
        },
        "dataAttributes": {},
        "sourceFile": "compositions/scene-s48.html",
        "bbox": {
          "x": -412.7,
          "y": 866.76,
          "width": 415.76,
          "height": 131.88
        },
        "firstSeen": 436.64,
        "lastSeen": 436.64,
        "occurrences": 1,
        "heldMs": 0
      },
      {
        "code": "canvas_overflow",
        "severity": "info",
        "time": 440,
        "selector": "div.front-cover-badge",
        "message": "Text extends outside the composition canvas.",
        "rect": {
          "left": -190.93,
          "top": 245.43,
          "right": -30.54,
          "bottom": 311.43,
          "width": 160.39,
          "height": 65.99
        },
        "containerSelector": "#root",
        "text": "HỒ SƠ TÍN DỤNG",
        "fixHint": "Move the text inward, reduce its size, or mark intentional off-canvas animation with data-layout-allow-overflow.",
        "containerRect": {
          "left": 0,
          "top": 0,
          "right": 1080,
          "bottom": 1920,
          "width": 1080,
          "height": 1920
        },
        "overflow": {
          "left": 190.93
        },
        "dataAttributes": {},
        "sourceFile": "compositions/scene-s48.html",
        "bbox": {
          "x": -190.93,
          "y": 245.43,
          "width": 160.39,
          "height": 65.99
        },
        "firstSeen": 440,
        "lastSeen": 440,
        "occurrences": 1,
        "heldMs": 0
      },
      {
        "code": "canvas_overflow",
        "severity": "info",
        "time": 440,
        "selector": "div.front-cover-title",
        "message": "Text extends outside the composition canvas.",
        "rect": {
          "left": -347.74,
          "top": 506.53,
          "right": -36.31,
          "bottom": 669.14,
          "width": 311.43,
          "height": 162.61
        },
        "containerSelector": "#root",
        "text": "TẬP HỒ SƠVAY VỐN",
        "fixHint": "Move the text inward, reduce its size, or mark intentional off-canvas animation with data-layout-allow-overflow.",
        "containerRect": {
          "left": 0,
          "top": 0,
          "right": 1080,
          "bottom": 1920,
          "width": 1080,
          "height": 1920
        },
        "overflow": {
          "left": 347.74
        },
        "dataAttributes": {},
        "sourceFile": "compositions/scene-s48.html",
        "bbox": {
          "x": -347.74,
          "y": 506.53,
          "width": 311.43,
          "height": 162.61
        },
        "firstSeen": 440,
        "lastSeen": 440,
        "occurrences": 1,
        "heldMs": 0
      },
      {
        "code": "canvas_overflow",
        "severity": "info",
        "time": 440,
        "selector": "div.front-cover-foot",
        "message": "Text extends outside the composition canvas.",
        "rect": {
          "left": -427.73,
          "top": 866.76,
          "right": -11.97,
          "bottom": 998.64,
          "width": 415.76,
          "height": 131.88
        },
        "containerSelector": "#root",
        "text": "PHÊ DUYỆT TÍN DỤNG // BẢO MẬT",
        "fixHint": "Move the text inward, reduce its size, or mark intentional off-canvas animation with data-layout-allow-overflow.",
        "containerRect": {
          "left": 0,
          "top": 0,
          "right": 1080,
          "bottom": 1920,
          "width": 1080,
          "height": 1920
        },
        "overflow": {
          "left": 427.73
        },
        "dataAttributes": {},
        "sourceFile": "compositions/scene-s48.html",
        "bbox": {
          "x": -427.73,
          "y": 866.76,
          "width": 415.76,
          "height": 131.88
        },
        "firstSeen": 440,
        "lastSeen": 440,
        "occurrences": 1,
        "heldMs": 0
      },
      {
        "code": "container_overflow",
        "severity": "info",
        "time": 440,
        "selector": "#camera-rig",
        "message": "Element extends outside a clipping layout container.",
        "rect": {
          "left": -15,
          "top": 0,
          "right": 1065,
          "bottom": 1920,
          "width": 1080,
          "height": 1920
        },
        "containerSelector": "#scene-s48",
        "fixHint": "Resize/reposition the child or container, or mark intentional overflow with data-layout-allow-overflow.",
        "containerRect": {
          "left": 0,
          "top": 0,
          "right": 1080,
          "bottom": 1920,
          "width": 1080,
          "height": 1920
        },
        "overflow": {
          "left": 15
        },
        "dataAttributes": {},
        "sourceFile": "compositions/scene-s07.html",
        "bbox": {
          "x": -15,
          "y": 0,
          "width": 1080,
          "height": 1920
        },
        "firstSeen": 440,
        "lastSeen": 440,
        "occurrences": 1,
        "heldMs": 0
      },
      {
        "code": "container_overflow",
        "severity": "info",
        "time": 451.866,
        "selector": "#camera-rig",
        "message": "Element extends outside a clipping layout container.",
        "rect": {
          "left": -4.75,
          "top": -7.6,
          "right": 1084.75,
          "bottom": 1929.29,
          "width": 1089.5,
          "height": 1936.9
        },
        "containerSelector": "#shot-s50-1",
        "fixHint": "Resize/reposition the child or container, or mark intentional overflow with data-layout-allow-overflow.",
        "containerRect": {
          "left": 0,
          "top": 0,
          "right": 1080,
          "bottom": 1920,
          "width": 1080,
          "height": 1920
        },
        "overflow": {
          "left": 4.75,
          "right": 4.75,
          "top": 7.6,
          "bottom": 9.29
        },
        "dataAttributes": {},
        "sourceFile": "compositions/scene-s07.html",
        "bbox": {
          "x": -4.75,
          "y": -7.6,
          "width": 1089.5,
          "height": 1936.9
        },
        "firstSeen": 451.866,
        "lastSeen": 451.866,
        "occurrences": 1,
        "heldMs": 0
      },
      {
        "code": "container_overflow",
        "severity": "info",
        "time": 454.53,
        "selector": "#camera-rig",
        "message": "Element extends outside a clipping layout container.",
        "rect": {
          "left": -12.04,
          "top": -19.27,
          "right": 1092.04,
          "bottom": 1943.55,
          "width": 1104.08,
          "height": 1962.82
        },
        "containerSelector": "#shot-s50-1",
        "fixHint": "Resize/reposition the child or container, or mark intentional overflow with data-layout-allow-overflow.",
        "containerRect": {
          "left": 0,
          "top": 0,
          "right": 1080,
          "bottom": 1920,
          "width": 1080,
          "height": 1920
        },
        "overflow": {
          "left": 12.04,
          "right": 12.04,
          "top": 19.27,
          "bottom": 23.55
        },
        "dataAttributes": {},
        "sourceFile": "compositions/scene-s07.html",
        "bbox": {
          "x": -12.04,
          "y": -19.27,
          "width": 1104.08,
          "height": 1962.82
        },
        "firstSeen": 454.53,
        "lastSeen": 454.53,
        "occurrences": 1,
        "heldMs": 0
      },
      {
        "code": "container_overflow",
        "severity": "info",
        "time": 457.194,
        "selector": "#camera-rig",
        "message": "Element extends outside a clipping layout container.",
        "rect": {
          "left": -19.39,
          "top": -31.02,
          "right": 1099.39,
          "bottom": 1957.91,
          "width": 1118.77,
          "height": 1988.93
        },
        "containerSelector": "#shot-s50-1",
        "fixHint": "Resize/reposition the child or container, or mark intentional overflow with data-layout-allow-overflow.",
        "containerRect": {
          "left": 0,
          "top": 0,
          "right": 1080,
          "bottom": 1920,
          "width": 1080,
          "height": 1920
        },
        "overflow": {
          "left": 19.39,
          "right": 19.39,
          "top": 31.02,
          "bottom": 37.91
        },
        "dataAttributes": {},
        "sourceFile": "compositions/scene-s07.html",
        "bbox": {
          "x": -19.39,
          "y": -31.02,
          "width": 1118.77,
          "height": 1988.93
        },
        "firstSeen": 457.194,
        "lastSeen": 457.194,
        "occurrences": 1,
        "heldMs": 0
      },
      {
        "code": "container_overflow",
        "severity": "info",
        "time": 460.374,
        "selector": "#chair-one",
        "message": "Element extends outside a clipping layout container.",
        "rect": {
          "left": -32.35,
          "top": -57.5,
          "right": 1112.35,
          "bottom": 1977.5,
          "width": 1144.69,
          "height": 2035.01
        },
        "containerSelector": "#shot-one",
        "fixHint": "Resize/reposition the child or container, or mark intentional overflow with data-layout-allow-overflow.",
        "containerRect": {
          "left": 0,
          "top": 0,
          "right": 1080,
          "bottom": 1920,
          "width": 1080,
          "height": 1920
        },
        "overflow": {
          "left": 32.35,
          "right": 32.35,
          "top": 57.5,
          "bottom": 57.5
        },
        "dataAttributes": {
          "data-hf-authored-opacity": ""
        },
        "sourceFile": "compositions/scene-s51.html",
        "bbox": {
          "x": -32.35,
          "y": -57.5,
          "width": 1144.69,
          "height": 2035.01
        },
        "firstSeen": 460.374,
        "lastSeen": 460.374,
        "occurrences": 1,
        "heldMs": 0
      },
      {
        "code": "container_overflow",
        "severity": "info",
        "time": 462.48,
        "selector": "#chair-one",
        "message": "Element extends outside a clipping layout container.",
        "rect": {
          "left": -40.45,
          "top": -71.9,
          "right": 1120.45,
          "bottom": 1991.9,
          "width": 1160.89,
          "height": 2063.81
        },
        "containerSelector": "#shot-one",
        "fixHint": "Resize/reposition the child or container, or mark intentional overflow with data-layout-allow-overflow.",
        "containerRect": {
          "left": 0,
          "top": 0,
          "right": 1080,
          "bottom": 1920,
          "width": 1080,
          "height": 1920
        },
        "overflow": {
          "left": 40.45,
          "right": 40.45,
          "top": 71.9,
          "bottom": 71.9
        },
        "dataAttributes": {
          "data-hf-authored-opacity": ""
        },
        "sourceFile": "compositions/scene-s51.html",
        "bbox": {
          "x": -40.45,
          "y": -71.9,
          "width": 1160.89,
          "height": 2063.81
        },
        "firstSeen": 462.48,
        "lastSeen": 462.48,
        "occurrences": 1,
        "heldMs": 0
      },
      {
        "code": "container_overflow",
        "severity": "info",
        "time": 464.586,
        "selector": "#chair-one",
        "message": "Element extends outside a clipping layout container.",
        "rect": {
          "left": -48.55,
          "top": -86.3,
          "right": 1128.55,
          "bottom": 2006.3,
          "width": 1177.09,
          "height": 2092.61
        },
        "containerSelector": "#shot-one",
        "fixHint": "Resize/reposition the child or container, or mark intentional overflow with data-layout-allow-overflow.",
        "containerRect": {
          "left": 0,
          "top": 0,
          "right": 1080,
          "bottom": 1920,
          "width": 1080,
          "height": 1920
        },
        "overflow": {
          "left": 48.55,
          "right": 48.55,
          "top": 86.3,
          "bottom": 86.3
        },
        "dataAttributes": {
          "data-hf-authored-opacity": ""
        },
        "sourceFile": "compositions/scene-s51.html",
        "bbox": {
          "x": -48.55,
          "y": -86.3,
          "width": 1177.09,
          "height": 2092.61
        },
        "firstSeen": 464.586,
        "lastSeen": 464.586,
        "occurrences": 1,
        "heldMs": 0
      },
      {
        "code": "container_overflow",
        "severity": "info",
        "time": 467.136,
        "selector": "#chair-two",
        "message": "Element extends outside a clipping layout container.",
        "rect": {
          "left": -61.56,
          "top": -109.44,
          "right": 1141.56,
          "bottom": 2029.44,
          "width": 1203.12,
          "height": 2138.88
        },
        "containerSelector": "#shot-two",
        "fixHint": "Resize/reposition the child or container, or mark intentional overflow with data-layout-allow-overflow.",
        "containerRect": {
          "left": 0,
          "top": 0,
          "right": 1080,
          "bottom": 1920,
          "width": 1080,
          "height": 1920
        },
        "overflow": {
          "left": 61.56,
          "right": 61.56,
          "top": 109.44,
          "bottom": 109.44
        },
        "dataAttributes": {
          "data-hf-authored-opacity": ""
        },
        "sourceFile": "compositions/scene-s51.html",
        "bbox": {
          "x": -61.56,
          "y": -109.44,
          "width": 1203.12,
          "height": 2138.88
        },
        "firstSeen": 467.136,
        "lastSeen": 467.136,
        "occurrences": 1,
        "heldMs": 0
      },
      {
        "code": "container_overflow",
        "severity": "info",
        "time": 468.855,
        "selector": "#chair-two",
        "message": "Element extends outside a clipping layout container.",
        "rect": {
          "left": -72.74,
          "top": -129.31,
          "right": 1152.74,
          "bottom": 2049.31,
          "width": 1225.48,
          "height": 2178.62
        },
        "containerSelector": "#shot-two",
        "fixHint": "Resize/reposition the child or container, or mark intentional overflow with data-layout-allow-overflow.",
        "containerRect": {
          "left": 0,
          "top": 0,
          "right": 1080,
          "bottom": 1920,
          "width": 1080,
          "height": 1920
        },
        "overflow": {
          "left": 72.74,
          "right": 72.74,
          "top": 129.31,
          "bottom": 129.31
        },
        "dataAttributes": {
          "data-hf-authored-opacity": ""
        },
        "sourceFile": "compositions/scene-s51.html",
        "bbox": {
          "x": -72.74,
          "y": -129.31,
          "width": 1225.48,
          "height": 2178.62
        },
        "firstSeen": 468.855,
        "lastSeen": 468.855,
        "occurrences": 1,
        "heldMs": 0
      },
      {
        "code": "container_overflow",
        "severity": "info",
        "time": 470.574,
        "selector": "#chair-two",
        "message": "Element extends outside a clipping layout container.",
        "rect": {
          "left": -84.19,
          "top": -149.66,
          "right": 1164.19,
          "bottom": 2069.66,
          "width": 1248.37,
          "height": 2219.33
        },
        "containerSelector": "#shot-two",
        "fixHint": "Resize/reposition the child or container, or mark intentional overflow with data-layout-allow-overflow.",
        "containerRect": {
          "left": 0,
          "top": 0,
          "right": 1080,
          "bottom": 1920,
          "width": 1080,
          "height": 1920
        },
        "overflow": {
          "left": 84.19,
          "right": 84.19,
          "top": 149.66,
          "bottom": 149.66
        },
        "dataAttributes": {
          "data-hf-authored-opacity": ""
        },
        "sourceFile": "compositions/scene-s51.html",
        "bbox": {
          "x": -84.19,
          "y": -149.66,
          "width": 1248.37,
          "height": 2219.33
        },
        "firstSeen": 470.574,
        "lastSeen": 470.574,
        "occurrences": 1,
        "heldMs": 0
      },
      {
        "code": "container_overflow",
        "severity": "info",
        "time": 471.72,
        "selector": "#chair-two",
        "message": "Element extends outside a clipping layout container.",
        "rect": {
          "left": -91.69,
          "top": -163.01,
          "right": 1171.69,
          "bottom": 2083.01,
          "width": 1263.38,
          "height": 2246.02
        },
        "containerSelector": "#shot-two",
        "fixHint": "Resize/reposition the child or container, or mark intentional overflow with data-layout-allow-overflow.",
        "containerRect": {
          "left": 0,
          "top": 0,
          "right": 1080,
          "bottom": 1920,
          "width": 1080,
          "height": 1920
        },
        "overflow": {
          "left": 91.69,
          "right": 91.69,
          "top": 163.01,
          "bottom": 163.01
        },
        "dataAttributes": {
          "data-hf-authored-opacity": ""
        },
        "sourceFile": "compositions/scene-s51.html",
        "bbox": {
          "x": -91.69,
          "y": -163.01,
          "width": 1263.38,
          "height": 2246.02
        },
        "firstSeen": 471.72,
        "lastSeen": 471.72,
        "occurrences": 1,
        "heldMs": 0
      }
    ],
    "duration": 471.72,
    "samples": [
      2.268,
      5.58,
      8.892,
      12.234,
      13.725,
      15.216,
      17.672,
      19.865,
      22.058,
      25.272,
      27.795,
      30.318,
      33.588,
      35.895,
      38.202,
      41.192,
      43.37,
      45.548,
      48.544,
      50.725,
      52.906,
      56.288,
      59.18,
      62.072,
      65.184,
      66.81,
      68.436,
      70.662,
      72.375,
      74.088,
      76.384,
      78.115,
      79.846,
      82.458,
      84.585,
      86.712,
      89.704,
      92.065,
      94.426,
      97.992,
      100.83,
      103.668,
      106.654,
      108.295,
      109.936,
      112.06,
      113.605,
      115.15,
      117.35,
      119.105,
      120.86,
      123.876,
      126.405,
      128.934,
      132.124,
      133.75,
      135.376,
      137.738,
      139.445,
      141.152,
      143.928,
      145.275,
      146.622,
      148.416,
      149.76,
      151.104,
      154.08,
      157.05,
      160.02,
      163.39,
      165.475,
      167.56,
      170.16,
      171.975,
      173.79,
      176.336,
      178.205,
      180.074,
      182.656,
      184.66,
      186.664,
      189.14,
      190.775,
      192.41,
      194.54,
      196.1,
      197.66,
      199.97,
      201.875,
      203.78,
      206.956,
      209.815,
      212.674,
      215.464,
      216.79,
      218.116,
      220,
      221.5,
      223,
      225.262,
      227.095,
      228.928,
      231.72,
      234.075,
      236.43,
      240.248,
      243.47,
      246.692,
      250.672,
      253.42,
      256.168,
      258.996,
      260.49,
      261.984,
      263.984,
      265.49,
      266.996,
      269.2,
      271,
      272.8,
      275.564,
      277.835,
      280.106,
      283.496,
      286.31,
      289.124,
      292.28,
      294.05,
      295.82,
      298.6,
      301,
      303.4,
      306.772,
      309.28,
      311.788,
      315.256,
      317.785,
      320.314,
      323.054,
      324.635,
      326.216,
      328.416,
      330.135,
      331.854,
      334.848,
      337.47,
      340.092,
      343.936,
      346.84,
      349.744,
      353.2,
      355,
      356.8,
      359.2,
      361,
      362.8,
      366,
      369,
      372,
      376.134,
      379.245,
      382.356,
      385.542,
      387.21,
      388.878,
      390.992,
      392.495,
      393.998,
      396.136,
      397.84,
      399.544,
      402.344,
      404.84,
      407.336,
      410.578,
      412.795,
      415.012,
      417.792,
      419.745,
      421.698,
      424.608,
      427.02,
      429.432,
      433.28,
      436.64,
      440,
      443.81,
      446.165,
      448.52,
      451.866,
      454.53,
      457.194,
      460.374,
      462.48,
      464.586,
      467.136,
      468.855,
      470.574,
      471.72
    ],
    "transitionSamples": [],
    "transitionSamplesDropped": 0,
    "tolerance": 2,
    "totalIssueCount": 131,
    "truncated": false
  },
  "motion": {
    "ok": true,
    "errorCount": 0,
    "warningCount": 0,
    "infoCount": 0,
    "findings": [],
    "enabled": false,
    "samples": 0
  },
  "contrast": {
    "ok": true,
    "errorCount": 0,
    "warningCount": 1,
    "infoCount": 0,
    "findings": [
      {
        "code": "contrast_aa_failure",
        "severity": "warning",
        "message": "Contrast is 1.75:1; WCAG AA requires 3:1.",
        "text": "BƯỚC 1",
        "fg": "rgb(255,106,26)",
        "bg": "rgb(112,111,108)",
        "ratio": 1.75,
        "requiredRatio": 3,
        "suggestedColor": "rgb(255,185,147)",
        "large": true,
        "selector": "div > div:nth-of-type(14) > div > section:nth-of-type(2) > div:nth-of-type(3) > div:nth-of-type(1) > div:nth-of-type(2)",
        "dataAttributes": {},
        "sourceFile": "compositions/scene-s14.html",
        "bbox": {
          "x": 887.765625,
          "y": 288.260009765625,
          "width": 92.234375,
          "height": 28
        },
        "time": 119.105
      }
    ],
    "enabled": true,
    "samples": [
      2.268,
      119.105,
      223,
      343.936,
      470.574
    ],
    "checked": 30,
    "passed": 29
  },
  "hdr": {
    "autoPromotion": null,
    "inspection": "available"
  },
  "snapshots": {
    "enabled": false,
    "files": [],
    "times": [],
    "findingFiles": []
  },
  "_meta": {
    "version": "0.8.56",
    "latestVersion": "0.8.91",
    "updateAvailable": true
  }
}
