{
  "ok": true,
  "strict": false,
  "lint": {
    "ok": true,
    "errorCount": 0,
    "warningCount": 354,
    "infoCount": 0,
    "findings": [
      {
        "code": "composition_file_too_large",
        "severity": "warning",
        "message": "This HTML composition file has 471 lines. Smaller sub-compositions are easier to read, iterate on, and diff.",
        "selector": "[data-composition-id]",
        "dataAttributes": {},
        "sourceFile": "C:\\vox-style-xe-giay-v1-hyperframes\\hyperframes\\videos\\ban-an-19-yen-bai\\index.html",
        "bbox": {
          "x": 0,
          "y": 0,
          "width": 0,
          "height": 0
        },
        "time": 0,
        "fixHint": "Split coherent scenes or layers into separate .html files under compositions/, then mount them from the parent with data-composition-src so each file stays small enough to inspect, revise, and validate independently."
      },
      {
        "code": "studio_missing_editable_id",
        "severity": "warning",
        "message": "<div class=\"caption-page\" data-start=\"0.070000\"> has no id, so Studio cannot use a stable edit target for its timeline and canvas controls.",
        "selector": "[data-composition-id]",
        "dataAttributes": {},
        "sourceFile": "C:\\vox-style-xe-giay-v1-hyperframes\\hyperframes\\videos\\ban-an-19-yen-bai\\compositions\\caption-track.html",
        "bbox": {
          "x": 0,
          "y": 0,
          "width": 0,
          "height": 0
        },
        "time": 0,
        "fixHint": "Add a stable, human-readable id such as id=\"hero-title\" or id=\"scene-1-card\" to every timeline-visible element you want agents or Studio to edit."
      },
      {
        "code": "studio_missing_editable_id",
        "severity": "warning",
        "message": "<div class=\"caption-page\" data-start=\"1.300000\"> has no id, so Studio cannot use a stable edit target for its timeline and canvas controls.",
        "selector": "[data-composition-id]",
        "dataAttributes": {},
        "sourceFile": "C:\\vox-style-xe-giay-v1-hyperframes\\hyperframes\\videos\\ban-an-19-yen-bai\\compositions\\caption-track.html",
        "bbox": {
          "x": 0,
          "y": 0,
          "width": 0,
          "height": 0
        },
        "time": 0,
        "fixHint": "Add a stable, human-readable id such as id=\"hero-title\" or id=\"scene-1-card\" to every timeline-visible element you want agents or Studio to edit."
      },
      {
        "code": "studio_missing_editable_id",
        "severity": "warning",
        "message": "<div class=\"caption-page\" data-start=\"2.250000\"> has no id, so Studio cannot use a stable edit target for its timeline and canvas controls.",
        "selector": "[data-composition-id]",
        "dataAttributes": {},
        "sourceFile": "C:\\vox-style-xe-giay-v1-hyperframes\\hyperframes\\videos\\ban-an-19-yen-bai\\compositions\\caption-track.html",
        "bbox": {
          "x": 0,
          "y": 0,
          "width": 0,
          "height": 0
        },
        "time": 0,
        "fixHint": "Add a stable, human-readable id such as id=\"hero-title\" or id=\"scene-1-card\" to every timeline-visible element you want agents or Studio to edit."
      },
      {
        "code": "studio_missing_editable_id",
        "severity": "warning",
        "message": "<div class=\"caption-page\" data-start=\"2.940000\"> has no id, so Studio cannot use a stable edit target for its timeline and canvas controls.",
        "selector": "[data-composition-id]",
        "dataAttributes": {},
        "sourceFile": "C:\\vox-style-xe-giay-v1-hyperframes\\hyperframes\\videos\\ban-an-19-yen-bai\\compositions\\caption-track.html",
        "bbox": {
          "x": 0,
          "y": 0,
          "width": 0,
          "height": 0
        },
        "time": 0,
        "fixHint": "Add a stable, human-readable id such as id=\"hero-title\" or id=\"scene-1-card\" to every timeline-visible element you want agents or Studio to edit."
      },
      {
        "code": "studio_missing_editable_id",
        "severity": "warning",
        "message": "<div class=\"caption-page\" data-start=\"3.930000\"> has no id, so Studio cannot use a stable edit target for its timeline and canvas controls.",
        "selector": "[data-composition-id]",
        "dataAttributes": {},
        "sourceFile": "C:\\vox-style-xe-giay-v1-hyperframes\\hyperframes\\videos\\ban-an-19-yen-bai\\compositions\\caption-track.html",
        "bbox": {
          "x": 0,
          "y": 0,
          "width": 0,
          "height": 0
        },
        "time": 0,
        "fixHint": "Add a stable, human-readable id such as id=\"hero-title\" or id=\"scene-1-card\" to every timeline-visible element you want agents or Studio to edit."
      },
      {
        "code": "studio_missing_editable_id",
        "severity": "warning",
        "message": "<div class=\"caption-page\" data-start=\"4.400000\"> has no id, so Studio cannot use a stable edit target for its timeline and canvas controls.",
        "selector": "[data-composition-id]",
        "dataAttributes": {},
        "sourceFile": "C:\\vox-style-xe-giay-v1-hyperframes\\hyperframes\\videos\\ban-an-19-yen-bai\\compositions\\caption-track.html",
        "bbox": {
          "x": 0,
          "y": 0,
          "width": 0,
          "height": 0
        },
        "time": 0,
        "fixHint": "Add a stable, human-readable id such as id=\"hero-title\" or id=\"scene-1-card\" to every timeline-visible element you want agents or Studio to edit."
      },
      {
        "code": "studio_missing_editable_id",
        "severity": "warning",
        "message": "<div class=\"caption-page\" data-start=\"5.140000\"> has no id, so Studio cannot use a stable edit target for its timeline and canvas controls.",
        "selector": "[data-composition-id]",
        "dataAttributes": {},
        "sourceFile": "C:\\vox-style-xe-giay-v1-hyperframes\\hyperframes\\videos\\ban-an-19-yen-bai\\compositions\\caption-track.html",
        "bbox": {
          "x": 0,
          "y": 0,
          "width": 0,
          "height": 0
        },
        "time": 0,
        "fixHint": "Add a stable, human-readable id such as id=\"hero-title\" or id=\"scene-1-card\" to every timeline-visible element you want agents or Studio to edit."
      },
      {
        "code": "studio_missing_editable_id",
        "severity": "warning",
        "message": "<div class=\"caption-page\" data-start=\"6.120000\"> has no id, so Studio cannot use a stable edit target for its timeline and canvas controls.",
        "selector": "[data-composition-id]",
        "dataAttributes": {},
        "sourceFile": "C:\\vox-style-xe-giay-v1-hyperframes\\hyperframes\\videos\\ban-an-19-yen-bai\\compositions\\caption-track.html",
        "bbox": {
          "x": 0,
          "y": 0,
          "width": 0,
          "height": 0
        },
        "time": 0,
        "fixHint": "Add a stable, human-readable id such as id=\"hero-title\" or id=\"scene-1-card\" to every timeline-visible element you want agents or Studio to edit."
      },
      {
        "code": "studio_missing_editable_id",
        "severity": "warning",
        "message": "<div class=\"caption-page\" data-start=\"6.780000\"> has no id, so Studio cannot use a stable edit target for its timeline and canvas controls.",
        "selector": "[data-composition-id]",
        "dataAttributes": {},
        "sourceFile": "C:\\vox-style-xe-giay-v1-hyperframes\\hyperframes\\videos\\ban-an-19-yen-bai\\compositions\\caption-track.html",
        "bbox": {
          "x": 0,
          "y": 0,
          "width": 0,
          "height": 0
        },
        "time": 0,
        "fixHint": "Add a stable, human-readable id such as id=\"hero-title\" or id=\"scene-1-card\" to every timeline-visible element you want agents or Studio to edit."
      },
      {
        "code": "studio_missing_editable_id",
        "severity": "warning",
        "message": "<div class=\"caption-page\" data-start=\"7.820000\"> has no id, so Studio cannot use a stable edit target for its timeline and canvas controls.",
        "selector": "[data-composition-id]",
        "dataAttributes": {},
        "sourceFile": "C:\\vox-style-xe-giay-v1-hyperframes\\hyperframes\\videos\\ban-an-19-yen-bai\\compositions\\caption-track.html",
        "bbox": {
          "x": 0,
          "y": 0,
          "width": 0,
          "height": 0
        },
        "time": 0,
        "fixHint": "Add a stable, human-readable id such as id=\"hero-title\" or id=\"scene-1-card\" to every timeline-visible element you want agents or Studio to edit."
      },
      {
        "code": "studio_missing_editable_id",
        "severity": "warning",
        "message": "<div class=\"caption-page\" data-start=\"8.880000\"> has no id, so Studio cannot use a stable edit target for its timeline and canvas controls.",
        "selector": "[data-composition-id]",
        "dataAttributes": {},
        "sourceFile": "C:\\vox-style-xe-giay-v1-hyperframes\\hyperframes\\videos\\ban-an-19-yen-bai\\compositions\\caption-track.html",
        "bbox": {
          "x": 0,
          "y": 0,
          "width": 0,
          "height": 0
        },
        "time": 0,
        "fixHint": "Add a stable, human-readable id such as id=\"hero-title\" or id=\"scene-1-card\" to every timeline-visible element you want agents or Studio to edit."
      },
      {
        "code": "studio_missing_editable_id",
        "severity": "warning",
        "message": "<div class=\"caption-page\" data-start=\"9.620000\"> has no id, so Studio cannot use a stable edit target for its timeline and canvas controls.",
        "selector": "[data-composition-id]",
        "dataAttributes": {},
        "sourceFile": "C:\\vox-style-xe-giay-v1-hyperframes\\hyperframes\\videos\\ban-an-19-yen-bai\\compositions\\caption-track.html",
        "bbox": {
          "x": 0,
          "y": 0,
          "width": 0,
          "height": 0
        },
        "time": 0,
        "fixHint": "Add a stable, human-readable id such as id=\"hero-title\" or id=\"scene-1-card\" to every timeline-visible element you want agents or Studio to edit."
      },
      {
        "code": "studio_missing_editable_id",
        "severity": "warning",
        "message": "<div class=\"caption-page\" data-start=\"10.340000\"> has no id, so Studio cannot use a stable edit target for its timeline and canvas controls.",
        "selector": "[data-composition-id]",
        "dataAttributes": {},
        "sourceFile": "C:\\vox-style-xe-giay-v1-hyperframes\\hyperframes\\videos\\ban-an-19-yen-bai\\compositions\\caption-track.html",
        "bbox": {
          "x": 0,
          "y": 0,
          "width": 0,
          "height": 0
        },
        "time": 0,
        "fixHint": "Add a stable, human-readable id such as id=\"hero-title\" or id=\"scene-1-card\" to every timeline-visible element you want agents or Studio to edit."
      },
      {
        "code": "studio_missing_editable_id",
        "severity": "warning",
        "message": "<div class=\"caption-page\" data-start=\"11.360000\"> has no id, so Studio cannot use a stable edit target for its timeline and canvas controls.",
        "selector": "[data-composition-id]",
        "dataAttributes": {},
        "sourceFile": "C:\\vox-style-xe-giay-v1-hyperframes\\hyperframes\\videos\\ban-an-19-yen-bai\\compositions\\caption-track.html",
        "bbox": {
          "x": 0,
          "y": 0,
          "width": 0,
          "height": 0
        },
        "time": 0,
        "fixHint": "Add a stable, human-readable id such as id=\"hero-title\" or id=\"scene-1-card\" to every timeline-visible element you want agents or Studio to edit."
      },
      {
        "code": "studio_missing_editable_id",
        "severity": "warning",
        "message": "<div class=\"caption-page\" data-start=\"12.450000\"> has no id, so Studio cannot use a stable edit target for its timeline and canvas controls.",
        "selector": "[data-composition-id]",
        "dataAttributes": {},
        "sourceFile": "C:\\vox-style-xe-giay-v1-hyperframes\\hyperframes\\videos\\ban-an-19-yen-bai\\compositions\\caption-track.html",
        "bbox": {
          "x": 0,
          "y": 0,
          "width": 0,
          "height": 0
        },
        "time": 0,
        "fixHint": "Add a stable, human-readable id such as id=\"hero-title\" or id=\"scene-1-card\" to every timeline-visible element you want agents or Studio to edit."
      },
      {
        "code": "studio_missing_editable_id",
        "severity": "warning",
        "message": "<div class=\"caption-page\" data-start=\"13.650000\"> has no id, so Studio cannot use a stable edit target for its timeline and canvas controls.",
        "selector": "[data-composition-id]",
        "dataAttributes": {},
        "sourceFile": "C:\\vox-style-xe-giay-v1-hyperframes\\hyperframes\\videos\\ban-an-19-yen-bai\\compositions\\caption-track.html",
        "bbox": {
          "x": 0,
          "y": 0,
          "width": 0,
          "height": 0
        },
        "time": 0,
        "fixHint": "Add a stable, human-readable id such as id=\"hero-title\" or id=\"scene-1-card\" to every timeline-visible element you want agents or Studio to edit."
      },
      {
        "code": "studio_missing_editable_id",
        "severity": "warning",
        "message": "<div class=\"caption-page\" data-start=\"15.060000\"> has no id, so Studio cannot use a stable edit target for its timeline and canvas controls.",
        "selector": "[data-composition-id]",
        "dataAttributes": {},
        "sourceFile": "C:\\vox-style-xe-giay-v1-hyperframes\\hyperframes\\videos\\ban-an-19-yen-bai\\compositions\\caption-track.html",
        "bbox": {
          "x": 0,
          "y": 0,
          "width": 0,
          "height": 0
        },
        "time": 0,
        "fixHint": "Add a stable, human-readable id such as id=\"hero-title\" or id=\"scene-1-card\" to every timeline-visible element you want agents or Studio to edit."
      },
      {
        "code": "studio_missing_editable_id",
        "severity": "warning",
        "message": "<div class=\"caption-page\" data-start=\"15.880000\"> has no id, so Studio cannot use a stable edit target for its timeline and canvas controls.",
        "selector": "[data-composition-id]",
        "dataAttributes": {},
        "sourceFile": "C:\\vox-style-xe-giay-v1-hyperframes\\hyperframes\\videos\\ban-an-19-yen-bai\\compositions\\caption-track.html",
        "bbox": {
          "x": 0,
          "y": 0,
          "width": 0,
          "height": 0
        },
        "time": 0,
        "fixHint": "Add a stable, human-readable id such as id=\"hero-title\" or id=\"scene-1-card\" to every timeline-visible element you want agents or Studio to edit."
      },
      {
        "code": "studio_missing_editable_id",
        "severity": "warning",
        "message": "<div class=\"caption-page\" data-start=\"16.980000\"> has no id, so Studio cannot use a stable edit target for its timeline and canvas controls.",
        "selector": "[data-composition-id]",
        "dataAttributes": {},
        "sourceFile": "C:\\vox-style-xe-giay-v1-hyperframes\\hyperframes\\videos\\ban-an-19-yen-bai\\compositions\\caption-track.html",
        "bbox": {
          "x": 0,
          "y": 0,
          "width": 0,
          "height": 0
        },
        "time": 0,
        "fixHint": "Add a stable, human-readable id such as id=\"hero-title\" or id=\"scene-1-card\" to every timeline-visible element you want agents or Studio to edit."
      },
      {
        "code": "studio_missing_editable_id",
        "severity": "warning",
        "message": "<div class=\"caption-page\" data-start=\"17.910000\"> has no id, so Studio cannot use a stable edit target for its timeline and canvas controls.",
        "selector": "[data-composition-id]",
        "dataAttributes": {},
        "sourceFile": "C:\\vox-style-xe-giay-v1-hyperframes\\hyperframes\\videos\\ban-an-19-yen-bai\\compositions\\caption-track.html",
        "bbox": {
          "x": 0,
          "y": 0,
          "width": 0,
          "height": 0
        },
        "time": 0,
        "fixHint": "Add a stable, human-readable id such as id=\"hero-title\" or id=\"scene-1-card\" to every timeline-visible element you want agents or Studio to edit."
      },
      {
        "code": "studio_missing_editable_id",
        "severity": "warning",
        "message": "<div class=\"caption-page\" data-start=\"18.750000\"> has no id, so Studio cannot use a stable edit target for its timeline and canvas controls.",
        "selector": "[data-composition-id]",
        "dataAttributes": {},
        "sourceFile": "C:\\vox-style-xe-giay-v1-hyperframes\\hyperframes\\videos\\ban-an-19-yen-bai\\compositions\\caption-track.html",
        "bbox": {
          "x": 0,
          "y": 0,
          "width": 0,
          "height": 0
        },
        "time": 0,
        "fixHint": "Add a stable, human-readable id such as id=\"hero-title\" or id=\"scene-1-card\" to every timeline-visible element you want agents or Studio to edit."
      },
      {
        "code": "studio_missing_editable_id",
        "severity": "warning",
        "message": "<div class=\"caption-page\" data-start=\"19.770000\"> has no id, so Studio cannot use a stable edit target for its timeline and canvas controls.",
        "selector": "[data-composition-id]",
        "dataAttributes": {},
        "sourceFile": "C:\\vox-style-xe-giay-v1-hyperframes\\hyperframes\\videos\\ban-an-19-yen-bai\\compositions\\caption-track.html",
        "bbox": {
          "x": 0,
          "y": 0,
          "width": 0,
          "height": 0
        },
        "time": 0,
        "fixHint": "Add a stable, human-readable id such as id=\"hero-title\" or id=\"scene-1-card\" to every timeline-visible element you want agents or Studio to edit."
      },
      {
        "code": "studio_missing_editable_id",
        "severity": "warning",
        "message": "<div class=\"caption-page\" data-start=\"20.420000\"> has no id, so Studio cannot use a stable edit target for its timeline and canvas controls.",
        "selector": "[data-composition-id]",
        "dataAttributes": {},
        "sourceFile": "C:\\vox-style-xe-giay-v1-hyperframes\\hyperframes\\videos\\ban-an-19-yen-bai\\compositions\\caption-track.html",
        "bbox": {
          "x": 0,
          "y": 0,
          "width": 0,
          "height": 0
        },
        "time": 0,
        "fixHint": "Add a stable, human-readable id such as id=\"hero-title\" or id=\"scene-1-card\" to every timeline-visible element you want agents or Studio to edit."
      },
      {
        "code": "studio_missing_editable_id",
        "severity": "warning",
        "message": "<div class=\"caption-page\" data-start=\"21.130000\"> has no id, so Studio cannot use a stable edit target for its timeline and canvas controls.",
        "selector": "[data-composition-id]",
        "dataAttributes": {},
        "sourceFile": "C:\\vox-style-xe-giay-v1-hyperframes\\hyperframes\\videos\\ban-an-19-yen-bai\\compositions\\caption-track.html",
        "bbox": {
          "x": 0,
          "y": 0,
          "width": 0,
          "height": 0
        },
        "time": 0,
        "fixHint": "Add a stable, human-readable id such as id=\"hero-title\" or id=\"scene-1-card\" to every timeline-visible element you want agents or Studio to edit."
      },
      {
        "code": "studio_missing_editable_id",
        "severity": "warning",
        "message": "<div class=\"caption-page\" data-start=\"22.360000\"> has no id, so Studio cannot use a stable edit target for its timeline and canvas controls.",
        "selector": "[data-composition-id]",
        "dataAttributes": {},
        "sourceFile": "C:\\vox-style-xe-giay-v1-hyperframes\\hyperframes\\videos\\ban-an-19-yen-bai\\compositions\\caption-track.html",
        "bbox": {
          "x": 0,
          "y": 0,
          "width": 0,
          "height": 0
        },
        "time": 0,
        "fixHint": "Add a stable, human-readable id such as id=\"hero-title\" or id=\"scene-1-card\" to every timeline-visible element you want agents or Studio to edit."
      },
      {
        "code": "studio_missing_editable_id",
        "severity": "warning",
        "message": "<div class=\"caption-page\" data-start=\"23.220000\"> has no id, so Studio cannot use a stable edit target for its timeline and canvas controls.",
        "selector": "[data-composition-id]",
        "dataAttributes": {},
        "sourceFile": "C:\\vox-style-xe-giay-v1-hyperframes\\hyperframes\\videos\\ban-an-19-yen-bai\\compositions\\caption-track.html",
        "bbox": {
          "x": 0,
          "y": 0,
          "width": 0,
          "height": 0
        },
        "time": 0,
        "fixHint": "Add a stable, human-readable id such as id=\"hero-title\" or id=\"scene-1-card\" to every timeline-visible element you want agents or Studio to edit."
      },
      {
        "code": "studio_missing_editable_id",
        "severity": "warning",
        "message": "<div class=\"caption-page\" data-start=\"24.360000\"> has no id, so Studio cannot use a stable edit target for its timeline and canvas controls.",
        "selector": "[data-composition-id]",
        "dataAttributes": {},
        "sourceFile": "C:\\vox-style-xe-giay-v1-hyperframes\\hyperframes\\videos\\ban-an-19-yen-bai\\compositions\\caption-track.html",
        "bbox": {
          "x": 0,
          "y": 0,
          "width": 0,
          "height": 0
        },
        "time": 0,
        "fixHint": "Add a stable, human-readable id such as id=\"hero-title\" or id=\"scene-1-card\" to every timeline-visible element you want agents or Studio to edit."
      },
      {
        "code": "studio_missing_editable_id",
        "severity": "warning",
        "message": "<div class=\"caption-page\" data-start=\"25.090000\"> has no id, so Studio cannot use a stable edit target for its timeline and canvas controls.",
        "selector": "[data-composition-id]",
        "dataAttributes": {},
        "sourceFile": "C:\\vox-style-xe-giay-v1-hyperframes\\hyperframes\\videos\\ban-an-19-yen-bai\\compositions\\caption-track.html",
        "bbox": {
          "x": 0,
          "y": 0,
          "width": 0,
          "height": 0
        },
        "time": 0,
        "fixHint": "Add a stable, human-readable id such as id=\"hero-title\" or id=\"scene-1-card\" to every timeline-visible element you want agents or Studio to edit."
      },
      {
        "code": "studio_missing_editable_id",
        "severity": "warning",
        "message": "<div class=\"caption-page\" data-start=\"25.910000\"> has no id, so Studio cannot use a stable edit target for its timeline and canvas controls.",
        "selector": "[data-composition-id]",
        "dataAttributes": {},
        "sourceFile": "C:\\vox-style-xe-giay-v1-hyperframes\\hyperframes\\videos\\ban-an-19-yen-bai\\compositions\\caption-track.html",
        "bbox": {
          "x": 0,
          "y": 0,
          "width": 0,
          "height": 0
        },
        "time": 0,
        "fixHint": "Add a stable, human-readable id such as id=\"hero-title\" or id=\"scene-1-card\" to every timeline-visible element you want agents or Studio to edit."
      },
      {
        "code": "studio_missing_editable_id",
        "severity": "warning",
        "message": "<div class=\"caption-page\" data-start=\"26.980000\"> has no id, so Studio cannot use a stable edit target for its timeline and canvas controls.",
        "selector": "[data-composition-id]",
        "dataAttributes": {},
        "sourceFile": "C:\\vox-style-xe-giay-v1-hyperframes\\hyperframes\\videos\\ban-an-19-yen-bai\\compositions\\caption-track.html",
        "bbox": {
          "x": 0,
          "y": 0,
          "width": 0,
          "height": 0
        },
        "time": 0,
        "fixHint": "Add a stable, human-readable id such as id=\"hero-title\" or id=\"scene-1-card\" to every timeline-visible element you want agents or Studio to edit."
      },
      {
        "code": "studio_missing_editable_id",
        "severity": "warning",
        "message": "<div class=\"caption-page\" data-start=\"28.120000\"> has no id, so Studio cannot use a stable edit target for its timeline and canvas controls.",
        "selector": "[data-composition-id]",
        "dataAttributes": {},
        "sourceFile": "C:\\vox-style-xe-giay-v1-hyperframes\\hyperframes\\videos\\ban-an-19-yen-bai\\compositions\\caption-track.html",
        "bbox": {
          "x": 0,
          "y": 0,
          "width": 0,
          "height": 0
        },
        "time": 0,
        "fixHint": "Add a stable, human-readable id such as id=\"hero-title\" or id=\"scene-1-card\" to every timeline-visible element you want agents or Studio to edit."
      },
      {
        "code": "studio_missing_editable_id",
        "severity": "warning",
        "message": "<div class=\"caption-page\" data-start=\"29.290000\"> has no id, so Studio cannot use a stable edit target for its timeline and canvas controls.",
        "selector": "[data-composition-id]",
        "dataAttributes": {},
        "sourceFile": "C:\\vox-style-xe-giay-v1-hyperframes\\hyperframes\\videos\\ban-an-19-yen-bai\\compositions\\caption-track.html",
        "bbox": {
          "x": 0,
          "y": 0,
          "width": 0,
          "height": 0
        },
        "time": 0,
        "fixHint": "Add a stable, human-readable id such as id=\"hero-title\" or id=\"scene-1-card\" to every timeline-visible element you want agents or Studio to edit."
      },
      {
        "code": "studio_missing_editable_id",
        "severity": "warning",
        "message": "<div class=\"caption-page\" data-start=\"30.430000\"> has no id, so Studio cannot use a stable edit target for its timeline and canvas controls.",
        "selector": "[data-composition-id]",
        "dataAttributes": {},
        "sourceFile": "C:\\vox-style-xe-giay-v1-hyperframes\\hyperframes\\videos\\ban-an-19-yen-bai\\compositions\\caption-track.html",
        "bbox": {
          "x": 0,
          "y": 0,
          "width": 0,
          "height": 0
        },
        "time": 0,
        "fixHint": "Add a stable, human-readable id such as id=\"hero-title\" or id=\"scene-1-card\" to every timeline-visible element you want agents or Studio to edit."
      },
      {
        "code": "studio_missing_editable_id",
        "severity": "warning",
        "message": "<div class=\"caption-page\" data-start=\"32.020000\"> has no id, so Studio cannot use a stable edit target for its timeline and canvas controls.",
        "selector": "[data-composition-id]",
        "dataAttributes": {},
        "sourceFile": "C:\\vox-style-xe-giay-v1-hyperframes\\hyperframes\\videos\\ban-an-19-yen-bai\\compositions\\caption-track.html",
        "bbox": {
          "x": 0,
          "y": 0,
          "width": 0,
          "height": 0
        },
        "time": 0,
        "fixHint": "Add a stable, human-readable id such as id=\"hero-title\" or id=\"scene-1-card\" to every timeline-visible element you want agents or Studio to edit."
      },
      {
        "code": "studio_missing_editable_id",
        "severity": "warning",
        "message": "<div class=\"caption-page\" data-start=\"32.910000\"> has no id, so Studio cannot use a stable edit target for its timeline and canvas controls.",
        "selector": "[data-composition-id]",
        "dataAttributes": {},
        "sourceFile": "C:\\vox-style-xe-giay-v1-hyperframes\\hyperframes\\videos\\ban-an-19-yen-bai\\compositions\\caption-track.html",
        "bbox": {
          "x": 0,
          "y": 0,
          "width": 0,
          "height": 0
        },
        "time": 0,
        "fixHint": "Add a stable, human-readable id such as id=\"hero-title\" or id=\"scene-1-card\" to every timeline-visible element you want agents or Studio to edit."
      },
      {
        "code": "studio_missing_editable_id",
        "severity": "warning",
        "message": "<div class=\"caption-page\" data-start=\"33.900000\"> has no id, so Studio cannot use a stable edit target for its timeline and canvas controls.",
        "selector": "[data-composition-id]",
        "dataAttributes": {},
        "sourceFile": "C:\\vox-style-xe-giay-v1-hyperframes\\hyperframes\\videos\\ban-an-19-yen-bai\\compositions\\caption-track.html",
        "bbox": {
          "x": 0,
          "y": 0,
          "width": 0,
          "height": 0
        },
        "time": 0,
        "fixHint": "Add a stable, human-readable id such as id=\"hero-title\" or id=\"scene-1-card\" to every timeline-visible element you want agents or Studio to edit."
      },
      {
        "code": "studio_missing_editable_id",
        "severity": "warning",
        "message": "<div class=\"caption-page\" data-start=\"35.200000\"> has no id, so Studio cannot use a stable edit target for its timeline and canvas controls.",
        "selector": "[data-composition-id]",
        "dataAttributes": {},
        "sourceFile": "C:\\vox-style-xe-giay-v1-hyperframes\\hyperframes\\videos\\ban-an-19-yen-bai\\compositions\\caption-track.html",
        "bbox": {
          "x": 0,
          "y": 0,
          "width": 0,
          "height": 0
        },
        "time": 0,
        "fixHint": "Add a stable, human-readable id such as id=\"hero-title\" or id=\"scene-1-card\" to every timeline-visible element you want agents or Studio to edit."
      },
      {
        "code": "studio_missing_editable_id",
        "severity": "warning",
        "message": "<div class=\"caption-page\" data-start=\"36.340000\"> has no id, so Studio cannot use a stable edit target for its timeline and canvas controls.",
        "selector": "[data-composition-id]",
        "dataAttributes": {},
        "sourceFile": "C:\\vox-style-xe-giay-v1-hyperframes\\hyperframes\\videos\\ban-an-19-yen-bai\\compositions\\caption-track.html",
        "bbox": {
          "x": 0,
          "y": 0,
          "width": 0,
          "height": 0
        },
        "time": 0,
        "fixHint": "Add a stable, human-readable id such as id=\"hero-title\" or id=\"scene-1-card\" to every timeline-visible element you want agents or Studio to edit."
      },
      {
        "code": "studio_missing_editable_id",
        "severity": "warning",
        "message": "<div class=\"caption-page\" data-start=\"37.590000\"> has no id, so Studio cannot use a stable edit target for its timeline and canvas controls.",
        "selector": "[data-composition-id]",
        "dataAttributes": {},
        "sourceFile": "C:\\vox-style-xe-giay-v1-hyperframes\\hyperframes\\videos\\ban-an-19-yen-bai\\compositions\\caption-track.html",
        "bbox": {
          "x": 0,
          "y": 0,
          "width": 0,
          "height": 0
        },
        "time": 0,
        "fixHint": "Add a stable, human-readable id such as id=\"hero-title\" or id=\"scene-1-card\" to every timeline-visible element you want agents or Studio to edit."
      },
      {
        "code": "studio_missing_editable_id",
        "severity": "warning",
        "message": "<div class=\"caption-page\" data-start=\"39.270000\"> has no id, so Studio cannot use a stable edit target for its timeline and canvas controls.",
        "selector": "[data-composition-id]",
        "dataAttributes": {},
        "sourceFile": "C:\\vox-style-xe-giay-v1-hyperframes\\hyperframes\\videos\\ban-an-19-yen-bai\\compositions\\caption-track.html",
        "bbox": {
          "x": 0,
          "y": 0,
          "width": 0,
          "height": 0
        },
        "time": 0,
        "fixHint": "Add a stable, human-readable id such as id=\"hero-title\" or id=\"scene-1-card\" to every timeline-visible element you want agents or Studio to edit."
      },
      {
        "code": "studio_missing_editable_id",
        "severity": "warning",
        "message": "<div class=\"caption-page\" data-start=\"39.860000\"> has no id, so Studio cannot use a stable edit target for its timeline and canvas controls.",
        "selector": "[data-composition-id]",
        "dataAttributes": {},
        "sourceFile": "C:\\vox-style-xe-giay-v1-hyperframes\\hyperframes\\videos\\ban-an-19-yen-bai\\compositions\\caption-track.html",
        "bbox": {
          "x": 0,
          "y": 0,
          "width": 0,
          "height": 0
        },
        "time": 0,
        "fixHint": "Add a stable, human-readable id such as id=\"hero-title\" or id=\"scene-1-card\" to every timeline-visible element you want agents or Studio to edit."
      },
      {
        "code": "studio_missing_editable_id",
        "severity": "warning",
        "message": "<div class=\"caption-page\" data-start=\"41.000000\"> has no id, so Studio cannot use a stable edit target for its timeline and canvas controls.",
        "selector": "[data-composition-id]",
        "dataAttributes": {},
        "sourceFile": "C:\\vox-style-xe-giay-v1-hyperframes\\hyperframes\\videos\\ban-an-19-yen-bai\\compositions\\caption-track.html",
        "bbox": {
          "x": 0,
          "y": 0,
          "width": 0,
          "height": 0
        },
        "time": 0,
        "fixHint": "Add a stable, human-readable id such as id=\"hero-title\" or id=\"scene-1-card\" to every timeline-visible element you want agents or Studio to edit."
      },
      {
        "code": "studio_missing_editable_id",
        "severity": "warning",
        "message": "<div class=\"caption-page\" data-start=\"42.270000\"> has no id, so Studio cannot use a stable edit target for its timeline and canvas controls.",
        "selector": "[data-composition-id]",
        "dataAttributes": {},
        "sourceFile": "C:\\vox-style-xe-giay-v1-hyperframes\\hyperframes\\videos\\ban-an-19-yen-bai\\compositions\\caption-track.html",
        "bbox": {
          "x": 0,
          "y": 0,
          "width": 0,
          "height": 0
        },
        "time": 0,
        "fixHint": "Add a stable, human-readable id such as id=\"hero-title\" or id=\"scene-1-card\" to every timeline-visible element you want agents or Studio to edit."
      },
      {
        "code": "studio_missing_editable_id",
        "severity": "warning",
        "message": "<div class=\"caption-page\" data-start=\"43.280000\"> has no id, so Studio cannot use a stable edit target for its timeline and canvas controls.",
        "selector": "[data-composition-id]",
        "dataAttributes": {},
        "sourceFile": "C:\\vox-style-xe-giay-v1-hyperframes\\hyperframes\\videos\\ban-an-19-yen-bai\\compositions\\caption-track.html",
        "bbox": {
          "x": 0,
          "y": 0,
          "width": 0,
          "height": 0
        },
        "time": 0,
        "fixHint": "Add a stable, human-readable id such as id=\"hero-title\" or id=\"scene-1-card\" to every timeline-visible element you want agents or Studio to edit."
      },
      {
        "code": "studio_missing_editable_id",
        "severity": "warning",
        "message": "<div class=\"caption-page\" data-start=\"44.040000\"> has no id, so Studio cannot use a stable edit target for its timeline and canvas controls.",
        "selector": "[data-composition-id]",
        "dataAttributes": {},
        "sourceFile": "C:\\vox-style-xe-giay-v1-hyperframes\\hyperframes\\videos\\ban-an-19-yen-bai\\compositions\\caption-track.html",
        "bbox": {
          "x": 0,
          "y": 0,
          "width": 0,
          "height": 0
        },
        "time": 0,
        "fixHint": "Add a stable, human-readable id such as id=\"hero-title\" or id=\"scene-1-card\" to every timeline-visible element you want agents or Studio to edit."
      },
      {
        "code": "studio_missing_editable_id",
        "severity": "warning",
        "message": "<div class=\"caption-page\" data-start=\"44.800000\"> has no id, so Studio cannot use a stable edit target for its timeline and canvas controls.",
        "selector": "[data-composition-id]",
        "dataAttributes": {},
        "sourceFile": "C:\\vox-style-xe-giay-v1-hyperframes\\hyperframes\\videos\\ban-an-19-yen-bai\\compositions\\caption-track.html",
        "bbox": {
          "x": 0,
          "y": 0,
          "width": 0,
          "height": 0
        },
        "time": 0,
        "fixHint": "Add a stable, human-readable id such as id=\"hero-title\" or id=\"scene-1-card\" to every timeline-visible element you want agents or Studio to edit."
      },
      {
        "code": "studio_missing_editable_id",
        "severity": "warning",
        "message": "<div class=\"caption-page\" data-start=\"45.500000\"> has no id, so Studio cannot use a stable edit target for its timeline and canvas controls.",
        "selector": "[data-composition-id]",
        "dataAttributes": {},
        "sourceFile": "C:\\vox-style-xe-giay-v1-hyperframes\\hyperframes\\videos\\ban-an-19-yen-bai\\compositions\\caption-track.html",
        "bbox": {
          "x": 0,
          "y": 0,
          "width": 0,
          "height": 0
        },
        "time": 0,
        "fixHint": "Add a stable, human-readable id such as id=\"hero-title\" or id=\"scene-1-card\" to every timeline-visible element you want agents or Studio to edit."
      },
      {
        "code": "studio_missing_editable_id",
        "severity": "warning",
        "message": "<div class=\"caption-page\" data-start=\"46.660000\"> has no id, so Studio cannot use a stable edit target for its timeline and canvas controls.",
        "selector": "[data-composition-id]",
        "dataAttributes": {},
        "sourceFile": "C:\\vox-style-xe-giay-v1-hyperframes\\hyperframes\\videos\\ban-an-19-yen-bai\\compositions\\caption-track.html",
        "bbox": {
          "x": 0,
          "y": 0,
          "width": 0,
          "height": 0
        },
        "time": 0,
        "fixHint": "Add a stable, human-readable id such as id=\"hero-title\" or id=\"scene-1-card\" to every timeline-visible element you want agents or Studio to edit."
      },
      {
        "code": "studio_missing_editable_id",
        "severity": "warning",
        "message": "<div class=\"caption-page\" data-start=\"47.820000\"> has no id, so Studio cannot use a stable edit target for its timeline and canvas controls.",
        "selector": "[data-composition-id]",
        "dataAttributes": {},
        "sourceFile": "C:\\vox-style-xe-giay-v1-hyperframes\\hyperframes\\videos\\ban-an-19-yen-bai\\compositions\\caption-track.html",
        "bbox": {
          "x": 0,
          "y": 0,
          "width": 0,
          "height": 0
        },
        "time": 0,
        "fixHint": "Add a stable, human-readable id such as id=\"hero-title\" or id=\"scene-1-card\" to every timeline-visible element you want agents or Studio to edit."
      },
      {
        "code": "studio_missing_editable_id",
        "severity": "warning",
        "message": "<div class=\"caption-page\" data-start=\"49.010000\"> has no id, so Studio cannot use a stable edit target for its timeline and canvas controls.",
        "selector": "[data-composition-id]",
        "dataAttributes": {},
        "sourceFile": "C:\\vox-style-xe-giay-v1-hyperframes\\hyperframes\\videos\\ban-an-19-yen-bai\\compositions\\caption-track.html",
        "bbox": {
          "x": 0,
          "y": 0,
          "width": 0,
          "height": 0
        },
        "time": 0,
        "fixHint": "Add a stable, human-readable id such as id=\"hero-title\" or id=\"scene-1-card\" to every timeline-visible element you want agents or Studio to edit."
      },
      {
        "code": "studio_missing_editable_id",
        "severity": "warning",
        "message": "<div class=\"caption-page\" data-start=\"50.190000\"> has no id, so Studio cannot use a stable edit target for its timeline and canvas controls.",
        "selector": "[data-composition-id]",
        "dataAttributes": {},
        "sourceFile": "C:\\vox-style-xe-giay-v1-hyperframes\\hyperframes\\videos\\ban-an-19-yen-bai\\compositions\\caption-track.html",
        "bbox": {
          "x": 0,
          "y": 0,
          "width": 0,
          "height": 0
        },
        "time": 0,
        "fixHint": "Add a stable, human-readable id such as id=\"hero-title\" or id=\"scene-1-card\" to every timeline-visible element you want agents or Studio to edit."
      },
      {
        "code": "studio_missing_editable_id",
        "severity": "warning",
        "message": "<div class=\"caption-page\" data-start=\"51.150000\"> has no id, so Studio cannot use a stable edit target for its timeline and canvas controls.",
        "selector": "[data-composition-id]",
        "dataAttributes": {},
        "sourceFile": "C:\\vox-style-xe-giay-v1-hyperframes\\hyperframes\\videos\\ban-an-19-yen-bai\\compositions\\caption-track.html",
        "bbox": {
          "x": 0,
          "y": 0,
          "width": 0,
          "height": 0
        },
        "time": 0,
        "fixHint": "Add a stable, human-readable id such as id=\"hero-title\" or id=\"scene-1-card\" to every timeline-visible element you want agents or Studio to edit."
      },
      {
        "code": "studio_missing_editable_id",
        "severity": "warning",
        "message": "<div class=\"caption-page\" data-start=\"52.210000\"> has no id, so Studio cannot use a stable edit target for its timeline and canvas controls.",
        "selector": "[data-composition-id]",
        "dataAttributes": {},
        "sourceFile": "C:\\vox-style-xe-giay-v1-hyperframes\\hyperframes\\videos\\ban-an-19-yen-bai\\compositions\\caption-track.html",
        "bbox": {
          "x": 0,
          "y": 0,
          "width": 0,
          "height": 0
        },
        "time": 0,
        "fixHint": "Add a stable, human-readable id such as id=\"hero-title\" or id=\"scene-1-card\" to every timeline-visible element you want agents or Studio to edit."
      },
      {
        "code": "studio_missing_editable_id",
        "severity": "warning",
        "message": "<div class=\"caption-page\" data-start=\"53.620000\"> has no id, so Studio cannot use a stable edit target for its timeline and canvas controls.",
        "selector": "[data-composition-id]",
        "dataAttributes": {},
        "sourceFile": "C:\\vox-style-xe-giay-v1-hyperframes\\hyperframes\\videos\\ban-an-19-yen-bai\\compositions\\caption-track.html",
        "bbox": {
          "x": 0,
          "y": 0,
          "width": 0,
          "height": 0
        },
        "time": 0,
        "fixHint": "Add a stable, human-readable id such as id=\"hero-title\" or id=\"scene-1-card\" to every timeline-visible element you want agents or Studio to edit."
      },
      {
        "code": "studio_missing_editable_id",
        "severity": "warning",
        "message": "<div class=\"caption-page\" data-start=\"54.350000\"> has no id, so Studio cannot use a stable edit target for its timeline and canvas controls.",
        "selector": "[data-composition-id]",
        "dataAttributes": {},
        "sourceFile": "C:\\vox-style-xe-giay-v1-hyperframes\\hyperframes\\videos\\ban-an-19-yen-bai\\compositions\\caption-track.html",
        "bbox": {
          "x": 0,
          "y": 0,
          "width": 0,
          "height": 0
        },
        "time": 0,
        "fixHint": "Add a stable, human-readable id such as id=\"hero-title\" or id=\"scene-1-card\" to every timeline-visible element you want agents or Studio to edit."
      },
      {
        "code": "studio_missing_editable_id",
        "severity": "warning",
        "message": "<div class=\"caption-page\" data-start=\"55.470000\"> has no id, so Studio cannot use a stable edit target for its timeline and canvas controls.",
        "selector": "[data-composition-id]",
        "dataAttributes": {},
        "sourceFile": "C:\\vox-style-xe-giay-v1-hyperframes\\hyperframes\\videos\\ban-an-19-yen-bai\\compositions\\caption-track.html",
        "bbox": {
          "x": 0,
          "y": 0,
          "width": 0,
          "height": 0
        },
        "time": 0,
        "fixHint": "Add a stable, human-readable id such as id=\"hero-title\" or id=\"scene-1-card\" to every timeline-visible element you want agents or Studio to edit."
      },
      {
        "code": "studio_missing_editable_id",
        "severity": "warning",
        "message": "<div class=\"caption-page\" data-start=\"56.730000\"> has no id, so Studio cannot use a stable edit target for its timeline and canvas controls.",
        "selector": "[data-composition-id]",
        "dataAttributes": {},
        "sourceFile": "C:\\vox-style-xe-giay-v1-hyperframes\\hyperframes\\videos\\ban-an-19-yen-bai\\compositions\\caption-track.html",
        "bbox": {
          "x": 0,
          "y": 0,
          "width": 0,
          "height": 0
        },
        "time": 0,
        "fixHint": "Add a stable, human-readable id such as id=\"hero-title\" or id=\"scene-1-card\" to every timeline-visible element you want agents or Studio to edit."
      },
      {
        "code": "studio_missing_editable_id",
        "severity": "warning",
        "message": "<div class=\"caption-page\" data-start=\"58.080000\"> has no id, so Studio cannot use a stable edit target for its timeline and canvas controls.",
        "selector": "[data-composition-id]",
        "dataAttributes": {},
        "sourceFile": "C:\\vox-style-xe-giay-v1-hyperframes\\hyperframes\\videos\\ban-an-19-yen-bai\\compositions\\caption-track.html",
        "bbox": {
          "x": 0,
          "y": 0,
          "width": 0,
          "height": 0
        },
        "time": 0,
        "fixHint": "Add a stable, human-readable id such as id=\"hero-title\" or id=\"scene-1-card\" to every timeline-visible element you want agents or Studio to edit."
      },
      {
        "code": "studio_missing_editable_id",
        "severity": "warning",
        "message": "<div class=\"caption-page\" data-start=\"58.980000\"> has no id, so Studio cannot use a stable edit target for its timeline and canvas controls.",
        "selector": "[data-composition-id]",
        "dataAttributes": {},
        "sourceFile": "C:\\vox-style-xe-giay-v1-hyperframes\\hyperframes\\videos\\ban-an-19-yen-bai\\compositions\\caption-track.html",
        "bbox": {
          "x": 0,
          "y": 0,
          "width": 0,
          "height": 0
        },
        "time": 0,
        "fixHint": "Add a stable, human-readable id such as id=\"hero-title\" or id=\"scene-1-card\" to every timeline-visible element you want agents or Studio to edit."
      },
      {
        "code": "studio_missing_editable_id",
        "severity": "warning",
        "message": "<div class=\"caption-page\" data-start=\"59.820000\"> has no id, so Studio cannot use a stable edit target for its timeline and canvas controls.",
        "selector": "[data-composition-id]",
        "dataAttributes": {},
        "sourceFile": "C:\\vox-style-xe-giay-v1-hyperframes\\hyperframes\\videos\\ban-an-19-yen-bai\\compositions\\caption-track.html",
        "bbox": {
          "x": 0,
          "y": 0,
          "width": 0,
          "height": 0
        },
        "time": 0,
        "fixHint": "Add a stable, human-readable id such as id=\"hero-title\" or id=\"scene-1-card\" to every timeline-visible element you want agents or Studio to edit."
      },
      {
        "code": "studio_missing_editable_id",
        "severity": "warning",
        "message": "<div class=\"caption-page\" data-start=\"60.890000\"> has no id, so Studio cannot use a stable edit target for its timeline and canvas controls.",
        "selector": "[data-composition-id]",
        "dataAttributes": {},
        "sourceFile": "C:\\vox-style-xe-giay-v1-hyperframes\\hyperframes\\videos\\ban-an-19-yen-bai\\compositions\\caption-track.html",
        "bbox": {
          "x": 0,
          "y": 0,
          "width": 0,
          "height": 0
        },
        "time": 0,
        "fixHint": "Add a stable, human-readable id such as id=\"hero-title\" or id=\"scene-1-card\" to every timeline-visible element you want agents or Studio to edit."
      },
      {
        "code": "studio_missing_editable_id",
        "severity": "warning",
        "message": "<div class=\"caption-page\" data-start=\"61.830000\"> has no id, so Studio cannot use a stable edit target for its timeline and canvas controls.",
        "selector": "[data-composition-id]",
        "dataAttributes": {},
        "sourceFile": "C:\\vox-style-xe-giay-v1-hyperframes\\hyperframes\\videos\\ban-an-19-yen-bai\\compositions\\caption-track.html",
        "bbox": {
          "x": 0,
          "y": 0,
          "width": 0,
          "height": 0
        },
        "time": 0,
        "fixHint": "Add a stable, human-readable id such as id=\"hero-title\" or id=\"scene-1-card\" to every timeline-visible element you want agents or Studio to edit."
      },
      {
        "code": "studio_missing_editable_id",
        "severity": "warning",
        "message": "<div class=\"caption-page\" data-start=\"62.640000\"> has no id, so Studio cannot use a stable edit target for its timeline and canvas controls.",
        "selector": "[data-composition-id]",
        "dataAttributes": {},
        "sourceFile": "C:\\vox-style-xe-giay-v1-hyperframes\\hyperframes\\videos\\ban-an-19-yen-bai\\compositions\\caption-track.html",
        "bbox": {
          "x": 0,
          "y": 0,
          "width": 0,
          "height": 0
        },
        "time": 0,
        "fixHint": "Add a stable, human-readable id such as id=\"hero-title\" or id=\"scene-1-card\" to every timeline-visible element you want agents or Studio to edit."
      },
      {
        "code": "studio_missing_editable_id",
        "severity": "warning",
        "message": "<div class=\"caption-page\" data-start=\"63.370000\"> has no id, so Studio cannot use a stable edit target for its timeline and canvas controls.",
        "selector": "[data-composition-id]",
        "dataAttributes": {},
        "sourceFile": "C:\\vox-style-xe-giay-v1-hyperframes\\hyperframes\\videos\\ban-an-19-yen-bai\\compositions\\caption-track.html",
        "bbox": {
          "x": 0,
          "y": 0,
          "width": 0,
          "height": 0
        },
        "time": 0,
        "fixHint": "Add a stable, human-readable id such as id=\"hero-title\" or id=\"scene-1-card\" to every timeline-visible element you want agents or Studio to edit."
      },
      {
        "code": "studio_missing_editable_id",
        "severity": "warning",
        "message": "<div class=\"caption-page\" data-start=\"64.660000\"> has no id, so Studio cannot use a stable edit target for its timeline and canvas controls.",
        "selector": "[data-composition-id]",
        "dataAttributes": {},
        "sourceFile": "C:\\vox-style-xe-giay-v1-hyperframes\\hyperframes\\videos\\ban-an-19-yen-bai\\compositions\\caption-track.html",
        "bbox": {
          "x": 0,
          "y": 0,
          "width": 0,
          "height": 0
        },
        "time": 0,
        "fixHint": "Add a stable, human-readable id such as id=\"hero-title\" or id=\"scene-1-card\" to every timeline-visible element you want agents or Studio to edit."
      },
      {
        "code": "studio_missing_editable_id",
        "severity": "warning",
        "message": "<div class=\"caption-page\" data-start=\"66.060000\"> has no id, so Studio cannot use a stable edit target for its timeline and canvas controls.",
        "selector": "[data-composition-id]",
        "dataAttributes": {},
        "sourceFile": "C:\\vox-style-xe-giay-v1-hyperframes\\hyperframes\\videos\\ban-an-19-yen-bai\\compositions\\caption-track.html",
        "bbox": {
          "x": 0,
          "y": 0,
          "width": 0,
          "height": 0
        },
        "time": 0,
        "fixHint": "Add a stable, human-readable id such as id=\"hero-title\" or id=\"scene-1-card\" to every timeline-visible element you want agents or Studio to edit."
      },
      {
        "code": "studio_missing_editable_id",
        "severity": "warning",
        "message": "<div class=\"caption-page\" data-start=\"67.080000\"> has no id, so Studio cannot use a stable edit target for its timeline and canvas controls.",
        "selector": "[data-composition-id]",
        "dataAttributes": {},
        "sourceFile": "C:\\vox-style-xe-giay-v1-hyperframes\\hyperframes\\videos\\ban-an-19-yen-bai\\compositions\\caption-track.html",
        "bbox": {
          "x": 0,
          "y": 0,
          "width": 0,
          "height": 0
        },
        "time": 0,
        "fixHint": "Add a stable, human-readable id such as id=\"hero-title\" or id=\"scene-1-card\" to every timeline-visible element you want agents or Studio to edit."
      },
      {
        "code": "studio_missing_editable_id",
        "severity": "warning",
        "message": "<div class=\"caption-page\" data-start=\"68.100000\"> has no id, so Studio cannot use a stable edit target for its timeline and canvas controls.",
        "selector": "[data-composition-id]",
        "dataAttributes": {},
        "sourceFile": "C:\\vox-style-xe-giay-v1-hyperframes\\hyperframes\\videos\\ban-an-19-yen-bai\\compositions\\caption-track.html",
        "bbox": {
          "x": 0,
          "y": 0,
          "width": 0,
          "height": 0
        },
        "time": 0,
        "fixHint": "Add a stable, human-readable id such as id=\"hero-title\" or id=\"scene-1-card\" to every timeline-visible element you want agents or Studio to edit."
      },
      {
        "code": "studio_missing_editable_id",
        "severity": "warning",
        "message": "<div class=\"caption-page\" data-start=\"68.920000\"> has no id, so Studio cannot use a stable edit target for its timeline and canvas controls.",
        "selector": "[data-composition-id]",
        "dataAttributes": {},
        "sourceFile": "C:\\vox-style-xe-giay-v1-hyperframes\\hyperframes\\videos\\ban-an-19-yen-bai\\compositions\\caption-track.html",
        "bbox": {
          "x": 0,
          "y": 0,
          "width": 0,
          "height": 0
        },
        "time": 0,
        "fixHint": "Add a stable, human-readable id such as id=\"hero-title\" or id=\"scene-1-card\" to every timeline-visible element you want agents or Studio to edit."
      },
      {
        "code": "studio_missing_editable_id",
        "severity": "warning",
        "message": "<div class=\"caption-page\" data-start=\"69.680000\"> has no id, so Studio cannot use a stable edit target for its timeline and canvas controls.",
        "selector": "[data-composition-id]",
        "dataAttributes": {},
        "sourceFile": "C:\\vox-style-xe-giay-v1-hyperframes\\hyperframes\\videos\\ban-an-19-yen-bai\\compositions\\caption-track.html",
        "bbox": {
          "x": 0,
          "y": 0,
          "width": 0,
          "height": 0
        },
        "time": 0,
        "fixHint": "Add a stable, human-readable id such as id=\"hero-title\" or id=\"scene-1-card\" to every timeline-visible element you want agents or Studio to edit."
      },
      {
        "code": "studio_missing_editable_id",
        "severity": "warning",
        "message": "<div class=\"caption-page\" data-start=\"70.630000\"> has no id, so Studio cannot use a stable edit target for its timeline and canvas controls.",
        "selector": "[data-composition-id]",
        "dataAttributes": {},
        "sourceFile": "C:\\vox-style-xe-giay-v1-hyperframes\\hyperframes\\videos\\ban-an-19-yen-bai\\compositions\\caption-track.html",
        "bbox": {
          "x": 0,
          "y": 0,
          "width": 0,
          "height": 0
        },
        "time": 0,
        "fixHint": "Add a stable, human-readable id such as id=\"hero-title\" or id=\"scene-1-card\" to every timeline-visible element you want agents or Studio to edit."
      },
      {
        "code": "studio_missing_editable_id",
        "severity": "warning",
        "message": "<div class=\"caption-page\" data-start=\"71.420000\"> has no id, so Studio cannot use a stable edit target for its timeline and canvas controls.",
        "selector": "[data-composition-id]",
        "dataAttributes": {},
        "sourceFile": "C:\\vox-style-xe-giay-v1-hyperframes\\hyperframes\\videos\\ban-an-19-yen-bai\\compositions\\caption-track.html",
        "bbox": {
          "x": 0,
          "y": 0,
          "width": 0,
          "height": 0
        },
        "time": 0,
        "fixHint": "Add a stable, human-readable id such as id=\"hero-title\" or id=\"scene-1-card\" to every timeline-visible element you want agents or Studio to edit."
      },
      {
        "code": "studio_missing_editable_id",
        "severity": "warning",
        "message": "<div class=\"caption-page\" data-start=\"72.170000\"> has no id, so Studio cannot use a stable edit target for its timeline and canvas controls.",
        "selector": "[data-composition-id]",
        "dataAttributes": {},
        "sourceFile": "C:\\vox-style-xe-giay-v1-hyperframes\\hyperframes\\videos\\ban-an-19-yen-bai\\compositions\\caption-track.html",
        "bbox": {
          "x": 0,
          "y": 0,
          "width": 0,
          "height": 0
        },
        "time": 0,
        "fixHint": "Add a stable, human-readable id such as id=\"hero-title\" or id=\"scene-1-card\" to every timeline-visible element you want agents or Studio to edit."
      },
      {
        "code": "studio_missing_editable_id",
        "severity": "warning",
        "message": "<div class=\"caption-page\" data-start=\"73.030000\"> has no id, so Studio cannot use a stable edit target for its timeline and canvas controls.",
        "selector": "[data-composition-id]",
        "dataAttributes": {},
        "sourceFile": "C:\\vox-style-xe-giay-v1-hyperframes\\hyperframes\\videos\\ban-an-19-yen-bai\\compositions\\caption-track.html",
        "bbox": {
          "x": 0,
          "y": 0,
          "width": 0,
          "height": 0
        },
        "time": 0,
        "fixHint": "Add a stable, human-readable id such as id=\"hero-title\" or id=\"scene-1-card\" to every timeline-visible element you want agents or Studio to edit."
      },
      {
        "code": "studio_missing_editable_id",
        "severity": "warning",
        "message": "<div class=\"caption-page\" data-start=\"74.290000\"> has no id, so Studio cannot use a stable edit target for its timeline and canvas controls.",
        "selector": "[data-composition-id]",
        "dataAttributes": {},
        "sourceFile": "C:\\vox-style-xe-giay-v1-hyperframes\\hyperframes\\videos\\ban-an-19-yen-bai\\compositions\\caption-track.html",
        "bbox": {
          "x": 0,
          "y": 0,
          "width": 0,
          "height": 0
        },
        "time": 0,
        "fixHint": "Add a stable, human-readable id such as id=\"hero-title\" or id=\"scene-1-card\" to every timeline-visible element you want agents or Studio to edit."
      },
      {
        "code": "studio_missing_editable_id",
        "severity": "warning",
        "message": "<div class=\"caption-page\" data-start=\"75.320000\"> has no id, so Studio cannot use a stable edit target for its timeline and canvas controls.",
        "selector": "[data-composition-id]",
        "dataAttributes": {},
        "sourceFile": "C:\\vox-style-xe-giay-v1-hyperframes\\hyperframes\\videos\\ban-an-19-yen-bai\\compositions\\caption-track.html",
        "bbox": {
          "x": 0,
          "y": 0,
          "width": 0,
          "height": 0
        },
        "time": 0,
        "fixHint": "Add a stable, human-readable id such as id=\"hero-title\" or id=\"scene-1-card\" to every timeline-visible element you want agents or Studio to edit."
      },
      {
        "code": "studio_missing_editable_id",
        "severity": "warning",
        "message": "<div class=\"caption-page\" data-start=\"76.200000\"> has no id, so Studio cannot use a stable edit target for its timeline and canvas controls.",
        "selector": "[data-composition-id]",
        "dataAttributes": {},
        "sourceFile": "C:\\vox-style-xe-giay-v1-hyperframes\\hyperframes\\videos\\ban-an-19-yen-bai\\compositions\\caption-track.html",
        "bbox": {
          "x": 0,
          "y": 0,
          "width": 0,
          "height": 0
        },
        "time": 0,
        "fixHint": "Add a stable, human-readable id such as id=\"hero-title\" or id=\"scene-1-card\" to every timeline-visible element you want agents or Studio to edit."
      },
      {
        "code": "studio_missing_editable_id",
        "severity": "warning",
        "message": "<div class=\"caption-page\" data-start=\"77.140000\"> has no id, so Studio cannot use a stable edit target for its timeline and canvas controls.",
        "selector": "[data-composition-id]",
        "dataAttributes": {},
        "sourceFile": "C:\\vox-style-xe-giay-v1-hyperframes\\hyperframes\\videos\\ban-an-19-yen-bai\\compositions\\caption-track.html",
        "bbox": {
          "x": 0,
          "y": 0,
          "width": 0,
          "height": 0
        },
        "time": 0,
        "fixHint": "Add a stable, human-readable id such as id=\"hero-title\" or id=\"scene-1-card\" to every timeline-visible element you want agents or Studio to edit."
      },
      {
        "code": "studio_missing_editable_id",
        "severity": "warning",
        "message": "<div class=\"caption-page\" data-start=\"77.800000\"> has no id, so Studio cannot use a stable edit target for its timeline and canvas controls.",
        "selector": "[data-composition-id]",
        "dataAttributes": {},
        "sourceFile": "C:\\vox-style-xe-giay-v1-hyperframes\\hyperframes\\videos\\ban-an-19-yen-bai\\compositions\\caption-track.html",
        "bbox": {
          "x": 0,
          "y": 0,
          "width": 0,
          "height": 0
        },
        "time": 0,
        "fixHint": "Add a stable, human-readable id such as id=\"hero-title\" or id=\"scene-1-card\" to every timeline-visible element you want agents or Studio to edit."
      },
      {
        "code": "studio_missing_editable_id",
        "severity": "warning",
        "message": "<div class=\"caption-page\" data-start=\"78.420000\"> has no id, so Studio cannot use a stable edit target for its timeline and canvas controls.",
        "selector": "[data-composition-id]",
        "dataAttributes": {},
        "sourceFile": "C:\\vox-style-xe-giay-v1-hyperframes\\hyperframes\\videos\\ban-an-19-yen-bai\\compositions\\caption-track.html",
        "bbox": {
          "x": 0,
          "y": 0,
          "width": 0,
          "height": 0
        },
        "time": 0,
        "fixHint": "Add a stable, human-readable id such as id=\"hero-title\" or id=\"scene-1-card\" to every timeline-visible element you want agents or Studio to edit."
      },
      {
        "code": "studio_missing_editable_id",
        "severity": "warning",
        "message": "<div class=\"caption-page\" data-start=\"79.470000\"> has no id, so Studio cannot use a stable edit target for its timeline and canvas controls.",
        "selector": "[data-composition-id]",
        "dataAttributes": {},
        "sourceFile": "C:\\vox-style-xe-giay-v1-hyperframes\\hyperframes\\videos\\ban-an-19-yen-bai\\compositions\\caption-track.html",
        "bbox": {
          "x": 0,
          "y": 0,
          "width": 0,
          "height": 0
        },
        "time": 0,
        "fixHint": "Add a stable, human-readable id such as id=\"hero-title\" or id=\"scene-1-card\" to every timeline-visible element you want agents or Studio to edit."
      },
      {
        "code": "studio_missing_editable_id",
        "severity": "warning",
        "message": "<div class=\"caption-page\" data-start=\"80.580000\"> has no id, so Studio cannot use a stable edit target for its timeline and canvas controls.",
        "selector": "[data-composition-id]",
        "dataAttributes": {},
        "sourceFile": "C:\\vox-style-xe-giay-v1-hyperframes\\hyperframes\\videos\\ban-an-19-yen-bai\\compositions\\caption-track.html",
        "bbox": {
          "x": 0,
          "y": 0,
          "width": 0,
          "height": 0
        },
        "time": 0,
        "fixHint": "Add a stable, human-readable id such as id=\"hero-title\" or id=\"scene-1-card\" to every timeline-visible element you want agents or Studio to edit."
      },
      {
        "code": "studio_missing_editable_id",
        "severity": "warning",
        "message": "<div class=\"caption-page\" data-start=\"81.500000\"> has no id, so Studio cannot use a stable edit target for its timeline and canvas controls.",
        "selector": "[data-composition-id]",
        "dataAttributes": {},
        "sourceFile": "C:\\vox-style-xe-giay-v1-hyperframes\\hyperframes\\videos\\ban-an-19-yen-bai\\compositions\\caption-track.html",
        "bbox": {
          "x": 0,
          "y": 0,
          "width": 0,
          "height": 0
        },
        "time": 0,
        "fixHint": "Add a stable, human-readable id such as id=\"hero-title\" or id=\"scene-1-card\" to every timeline-visible element you want agents or Studio to edit."
      },
      {
        "code": "studio_missing_editable_id",
        "severity": "warning",
        "message": "<div class=\"caption-page\" data-start=\"82.530000\"> has no id, so Studio cannot use a stable edit target for its timeline and canvas controls.",
        "selector": "[data-composition-id]",
        "dataAttributes": {},
        "sourceFile": "C:\\vox-style-xe-giay-v1-hyperframes\\hyperframes\\videos\\ban-an-19-yen-bai\\compositions\\caption-track.html",
        "bbox": {
          "x": 0,
          "y": 0,
          "width": 0,
          "height": 0
        },
        "time": 0,
        "fixHint": "Add a stable, human-readable id such as id=\"hero-title\" or id=\"scene-1-card\" to every timeline-visible element you want agents or Studio to edit."
      },
      {
        "code": "studio_missing_editable_id",
        "severity": "warning",
        "message": "<div class=\"caption-page\" data-start=\"83.300000\"> has no id, so Studio cannot use a stable edit target for its timeline and canvas controls.",
        "selector": "[data-composition-id]",
        "dataAttributes": {},
        "sourceFile": "C:\\vox-style-xe-giay-v1-hyperframes\\hyperframes\\videos\\ban-an-19-yen-bai\\compositions\\caption-track.html",
        "bbox": {
          "x": 0,
          "y": 0,
          "width": 0,
          "height": 0
        },
        "time": 0,
        "fixHint": "Add a stable, human-readable id such as id=\"hero-title\" or id=\"scene-1-card\" to every timeline-visible element you want agents or Studio to edit."
      },
      {
        "code": "studio_missing_editable_id",
        "severity": "warning",
        "message": "<div class=\"caption-page\" data-start=\"84.020000\"> has no id, so Studio cannot use a stable edit target for its timeline and canvas controls.",
        "selector": "[data-composition-id]",
        "dataAttributes": {},
        "sourceFile": "C:\\vox-style-xe-giay-v1-hyperframes\\hyperframes\\videos\\ban-an-19-yen-bai\\compositions\\caption-track.html",
        "bbox": {
          "x": 0,
          "y": 0,
          "width": 0,
          "height": 0
        },
        "time": 0,
        "fixHint": "Add a stable, human-readable id such as id=\"hero-title\" or id=\"scene-1-card\" to every timeline-visible element you want agents or Studio to edit."
      },
      {
        "code": "studio_missing_editable_id",
        "severity": "warning",
        "message": "<div class=\"caption-page\" data-start=\"85.080000\"> has no id, so Studio cannot use a stable edit target for its timeline and canvas controls.",
        "selector": "[data-composition-id]",
        "dataAttributes": {},
        "sourceFile": "C:\\vox-style-xe-giay-v1-hyperframes\\hyperframes\\videos\\ban-an-19-yen-bai\\compositions\\caption-track.html",
        "bbox": {
          "x": 0,
          "y": 0,
          "width": 0,
          "height": 0
        },
        "time": 0,
        "fixHint": "Add a stable, human-readable id such as id=\"hero-title\" or id=\"scene-1-card\" to every timeline-visible element you want agents or Studio to edit."
      },
      {
        "code": "studio_missing_editable_id",
        "severity": "warning",
        "message": "<div class=\"caption-page\" data-start=\"85.840000\"> has no id, so Studio cannot use a stable edit target for its timeline and canvas controls.",
        "selector": "[data-composition-id]",
        "dataAttributes": {},
        "sourceFile": "C:\\vox-style-xe-giay-v1-hyperframes\\hyperframes\\videos\\ban-an-19-yen-bai\\compositions\\caption-track.html",
        "bbox": {
          "x": 0,
          "y": 0,
          "width": 0,
          "height": 0
        },
        "time": 0,
        "fixHint": "Add a stable, human-readable id such as id=\"hero-title\" or id=\"scene-1-card\" to every timeline-visible element you want agents or Studio to edit."
      },
      {
        "code": "studio_missing_editable_id",
        "severity": "warning",
        "message": "<div class=\"caption-page\" data-start=\"86.840000\"> has no id, so Studio cannot use a stable edit target for its timeline and canvas controls.",
        "selector": "[data-composition-id]",
        "dataAttributes": {},
        "sourceFile": "C:\\vox-style-xe-giay-v1-hyperframes\\hyperframes\\videos\\ban-an-19-yen-bai\\compositions\\caption-track.html",
        "bbox": {
          "x": 0,
          "y": 0,
          "width": 0,
          "height": 0
        },
        "time": 0,
        "fixHint": "Add a stable, human-readable id such as id=\"hero-title\" or id=\"scene-1-card\" to every timeline-visible element you want agents or Studio to edit."
      },
      {
        "code": "studio_missing_editable_id",
        "severity": "warning",
        "message": "<div class=\"caption-page\" data-start=\"87.590000\"> has no id, so Studio cannot use a stable edit target for its timeline and canvas controls.",
        "selector": "[data-composition-id]",
        "dataAttributes": {},
        "sourceFile": "C:\\vox-style-xe-giay-v1-hyperframes\\hyperframes\\videos\\ban-an-19-yen-bai\\compositions\\caption-track.html",
        "bbox": {
          "x": 0,
          "y": 0,
          "width": 0,
          "height": 0
        },
        "time": 0,
        "fixHint": "Add a stable, human-readable id such as id=\"hero-title\" or id=\"scene-1-card\" to every timeline-visible element you want agents or Studio to edit."
      },
      {
        "code": "studio_missing_editable_id",
        "severity": "warning",
        "message": "<div class=\"caption-page\" data-start=\"88.060000\"> has no id, so Studio cannot use a stable edit target for its timeline and canvas controls.",
        "selector": "[data-composition-id]",
        "dataAttributes": {},
        "sourceFile": "C:\\vox-style-xe-giay-v1-hyperframes\\hyperframes\\videos\\ban-an-19-yen-bai\\compositions\\caption-track.html",
        "bbox": {
          "x": 0,
          "y": 0,
          "width": 0,
          "height": 0
        },
        "time": 0,
        "fixHint": "Add a stable, human-readable id such as id=\"hero-title\" or id=\"scene-1-card\" to every timeline-visible element you want agents or Studio to edit."
      },
      {
        "code": "studio_missing_editable_id",
        "severity": "warning",
        "message": "<div class=\"caption-page\" data-start=\"89.120000\"> has no id, so Studio cannot use a stable edit target for its timeline and canvas controls.",
        "selector": "[data-composition-id]",
        "dataAttributes": {},
        "sourceFile": "C:\\vox-style-xe-giay-v1-hyperframes\\hyperframes\\videos\\ban-an-19-yen-bai\\compositions\\caption-track.html",
        "bbox": {
          "x": 0,
          "y": 0,
          "width": 0,
          "height": 0
        },
        "time": 0,
        "fixHint": "Add a stable, human-readable id such as id=\"hero-title\" or id=\"scene-1-card\" to every timeline-visible element you want agents or Studio to edit."
      },
      {
        "code": "studio_missing_editable_id",
        "severity": "warning",
        "message": "<div class=\"caption-page\" data-start=\"89.970000\"> has no id, so Studio cannot use a stable edit target for its timeline and canvas controls.",
        "selector": "[data-composition-id]",
        "dataAttributes": {},
        "sourceFile": "C:\\vox-style-xe-giay-v1-hyperframes\\hyperframes\\videos\\ban-an-19-yen-bai\\compositions\\caption-track.html",
        "bbox": {
          "x": 0,
          "y": 0,
          "width": 0,
          "height": 0
        },
        "time": 0,
        "fixHint": "Add a stable, human-readable id such as id=\"hero-title\" or id=\"scene-1-card\" to every timeline-visible element you want agents or Studio to edit."
      },
      {
        "code": "studio_missing_editable_id",
        "severity": "warning",
        "message": "<div class=\"caption-page\" data-start=\"91.040000\"> has no id, so Studio cannot use a stable edit target for its timeline and canvas controls.",
        "selector": "[data-composition-id]",
        "dataAttributes": {},
        "sourceFile": "C:\\vox-style-xe-giay-v1-hyperframes\\hyperframes\\videos\\ban-an-19-yen-bai\\compositions\\caption-track.html",
        "bbox": {
          "x": 0,
          "y": 0,
          "width": 0,
          "height": 0
        },
        "time": 0,
        "fixHint": "Add a stable, human-readable id such as id=\"hero-title\" or id=\"scene-1-card\" to every timeline-visible element you want agents or Studio to edit."
      },
      {
        "code": "studio_missing_editable_id",
        "severity": "warning",
        "message": "<div class=\"caption-page\" data-start=\"92.300000\"> has no id, so Studio cannot use a stable edit target for its timeline and canvas controls.",
        "selector": "[data-composition-id]",
        "dataAttributes": {},
        "sourceFile": "C:\\vox-style-xe-giay-v1-hyperframes\\hyperframes\\videos\\ban-an-19-yen-bai\\compositions\\caption-track.html",
        "bbox": {
          "x": 0,
          "y": 0,
          "width": 0,
          "height": 0
        },
        "time": 0,
        "fixHint": "Add a stable, human-readable id such as id=\"hero-title\" or id=\"scene-1-card\" to every timeline-visible element you want agents or Studio to edit."
      },
      {
        "code": "studio_missing_editable_id",
        "severity": "warning",
        "message": "<div class=\"caption-page\" data-start=\"93.440000\"> has no id, so Studio cannot use a stable edit target for its timeline and canvas controls.",
        "selector": "[data-composition-id]",
        "dataAttributes": {},
        "sourceFile": "C:\\vox-style-xe-giay-v1-hyperframes\\hyperframes\\videos\\ban-an-19-yen-bai\\compositions\\caption-track.html",
        "bbox": {
          "x": 0,
          "y": 0,
          "width": 0,
          "height": 0
        },
        "time": 0,
        "fixHint": "Add a stable, human-readable id such as id=\"hero-title\" or id=\"scene-1-card\" to every timeline-visible element you want agents or Studio to edit."
      },
      {
        "code": "studio_missing_editable_id",
        "severity": "warning",
        "message": "<div class=\"caption-page\" data-start=\"94.500000\"> has no id, so Studio cannot use a stable edit target for its timeline and canvas controls.",
        "selector": "[data-composition-id]",
        "dataAttributes": {},
        "sourceFile": "C:\\vox-style-xe-giay-v1-hyperframes\\hyperframes\\videos\\ban-an-19-yen-bai\\compositions\\caption-track.html",
        "bbox": {
          "x": 0,
          "y": 0,
          "width": 0,
          "height": 0
        },
        "time": 0,
        "fixHint": "Add a stable, human-readable id such as id=\"hero-title\" or id=\"scene-1-card\" to every timeline-visible element you want agents or Studio to edit."
      },
      {
        "code": "studio_missing_editable_id",
        "severity": "warning",
        "message": "<div class=\"caption-page\" data-start=\"95.480000\"> has no id, so Studio cannot use a stable edit target for its timeline and canvas controls.",
        "selector": "[data-composition-id]",
        "dataAttributes": {},
        "sourceFile": "C:\\vox-style-xe-giay-v1-hyperframes\\hyperframes\\videos\\ban-an-19-yen-bai\\compositions\\caption-track.html",
        "bbox": {
          "x": 0,
          "y": 0,
          "width": 0,
          "height": 0
        },
        "time": 0,
        "fixHint": "Add a stable, human-readable id such as id=\"hero-title\" or id=\"scene-1-card\" to every timeline-visible element you want agents or Studio to edit."
      },
      {
        "code": "studio_missing_editable_id",
        "severity": "warning",
        "message": "<div class=\"caption-page\" data-start=\"96.300000\"> has no id, so Studio cannot use a stable edit target for its timeline and canvas controls.",
        "selector": "[data-composition-id]",
        "dataAttributes": {},
        "sourceFile": "C:\\vox-style-xe-giay-v1-hyperframes\\hyperframes\\videos\\ban-an-19-yen-bai\\compositions\\caption-track.html",
        "bbox": {
          "x": 0,
          "y": 0,
          "width": 0,
          "height": 0
        },
        "time": 0,
        "fixHint": "Add a stable, human-readable id such as id=\"hero-title\" or id=\"scene-1-card\" to every timeline-visible element you want agents or Studio to edit."
      },
      {
        "code": "studio_missing_editable_id",
        "severity": "warning",
        "message": "<div class=\"caption-page\" data-start=\"97.180000\"> has no id, so Studio cannot use a stable edit target for its timeline and canvas controls.",
        "selector": "[data-composition-id]",
        "dataAttributes": {},
        "sourceFile": "C:\\vox-style-xe-giay-v1-hyperframes\\hyperframes\\videos\\ban-an-19-yen-bai\\compositions\\caption-track.html",
        "bbox": {
          "x": 0,
          "y": 0,
          "width": 0,
          "height": 0
        },
        "time": 0,
        "fixHint": "Add a stable, human-readable id such as id=\"hero-title\" or id=\"scene-1-card\" to every timeline-visible element you want agents or Studio to edit."
      },
      {
        "code": "studio_missing_editable_id",
        "severity": "warning",
        "message": "<div class=\"caption-page\" data-start=\"98.430000\"> has no id, so Studio cannot use a stable edit target for its timeline and canvas controls.",
        "selector": "[data-composition-id]",
        "dataAttributes": {},
        "sourceFile": "C:\\vox-style-xe-giay-v1-hyperframes\\hyperframes\\videos\\ban-an-19-yen-bai\\compositions\\caption-track.html",
        "bbox": {
          "x": 0,
          "y": 0,
          "width": 0,
          "height": 0
        },
        "time": 0,
        "fixHint": "Add a stable, human-readable id such as id=\"hero-title\" or id=\"scene-1-card\" to every timeline-visible element you want agents or Studio to edit."
      },
      {
        "code": "studio_missing_editable_id",
        "severity": "warning",
        "message": "<div class=\"caption-page\" data-start=\"99.310000\"> has no id, so Studio cannot use a stable edit target for its timeline and canvas controls.",
        "selector": "[data-composition-id]",
        "dataAttributes": {},
        "sourceFile": "C:\\vox-style-xe-giay-v1-hyperframes\\hyperframes\\videos\\ban-an-19-yen-bai\\compositions\\caption-track.html",
        "bbox": {
          "x": 0,
          "y": 0,
          "width": 0,
          "height": 0
        },
        "time": 0,
        "fixHint": "Add a stable, human-readable id such as id=\"hero-title\" or id=\"scene-1-card\" to every timeline-visible element you want agents or Studio to edit."
      },
      {
        "code": "studio_missing_editable_id",
        "severity": "warning",
        "message": "<div class=\"caption-page\" data-start=\"100.300000\"> has no id, so Studio cannot use a stable edit target for its timeline and canvas controls.",
        "selector": "[data-composition-id]",
        "dataAttributes": {},
        "sourceFile": "C:\\vox-style-xe-giay-v1-hyperframes\\hyperframes\\videos\\ban-an-19-yen-bai\\compositions\\caption-track.html",
        "bbox": {
          "x": 0,
          "y": 0,
          "width": 0,
          "height": 0
        },
        "time": 0,
        "fixHint": "Add a stable, human-readable id such as id=\"hero-title\" or id=\"scene-1-card\" to every timeline-visible element you want agents or Studio to edit."
      },
      {
        "code": "studio_missing_editable_id",
        "severity": "warning",
        "message": "<div class=\"caption-page\" data-start=\"101.510000\"> has no id, so Studio cannot use a stable edit target for its timeline and canvas controls.",
        "selector": "[data-composition-id]",
        "dataAttributes": {},
        "sourceFile": "C:\\vox-style-xe-giay-v1-hyperframes\\hyperframes\\videos\\ban-an-19-yen-bai\\compositions\\caption-track.html",
        "bbox": {
          "x": 0,
          "y": 0,
          "width": 0,
          "height": 0
        },
        "time": 0,
        "fixHint": "Add a stable, human-readable id such as id=\"hero-title\" or id=\"scene-1-card\" to every timeline-visible element you want agents or Studio to edit."
      },
      {
        "code": "studio_missing_editable_id",
        "severity": "warning",
        "message": "<div class=\"caption-page\" data-start=\"102.300000\"> has no id, so Studio cannot use a stable edit target for its timeline and canvas controls.",
        "selector": "[data-composition-id]",
        "dataAttributes": {},
        "sourceFile": "C:\\vox-style-xe-giay-v1-hyperframes\\hyperframes\\videos\\ban-an-19-yen-bai\\compositions\\caption-track.html",
        "bbox": {
          "x": 0,
          "y": 0,
          "width": 0,
          "height": 0
        },
        "time": 0,
        "fixHint": "Add a stable, human-readable id such as id=\"hero-title\" or id=\"scene-1-card\" to every timeline-visible element you want agents or Studio to edit."
      },
      {
        "code": "studio_missing_editable_id",
        "severity": "warning",
        "message": "<div class=\"caption-page\" data-start=\"103.290000\"> has no id, so Studio cannot use a stable edit target for its timeline and canvas controls.",
        "selector": "[data-composition-id]",
        "dataAttributes": {},
        "sourceFile": "C:\\vox-style-xe-giay-v1-hyperframes\\hyperframes\\videos\\ban-an-19-yen-bai\\compositions\\caption-track.html",
        "bbox": {
          "x": 0,
          "y": 0,
          "width": 0,
          "height": 0
        },
        "time": 0,
        "fixHint": "Add a stable, human-readable id such as id=\"hero-title\" or id=\"scene-1-card\" to every timeline-visible element you want agents or Studio to edit."
      },
      {
        "code": "studio_missing_editable_id",
        "severity": "warning",
        "message": "<div class=\"caption-page\" data-start=\"104.190000\"> has no id, so Studio cannot use a stable edit target for its timeline and canvas controls.",
        "selector": "[data-composition-id]",
        "dataAttributes": {},
        "sourceFile": "C:\\vox-style-xe-giay-v1-hyperframes\\hyperframes\\videos\\ban-an-19-yen-bai\\compositions\\caption-track.html",
        "bbox": {
          "x": 0,
          "y": 0,
          "width": 0,
          "height": 0
        },
        "time": 0,
        "fixHint": "Add a stable, human-readable id such as id=\"hero-title\" or id=\"scene-1-card\" to every timeline-visible element you want agents or Studio to edit."
      },
      {
        "code": "studio_missing_editable_id",
        "severity": "warning",
        "message": "<div class=\"caption-page\" data-start=\"105.260000\"> has no id, so Studio cannot use a stable edit target for its timeline and canvas controls.",
        "selector": "[data-composition-id]",
        "dataAttributes": {},
        "sourceFile": "C:\\vox-style-xe-giay-v1-hyperframes\\hyperframes\\videos\\ban-an-19-yen-bai\\compositions\\caption-track.html",
        "bbox": {
          "x": 0,
          "y": 0,
          "width": 0,
          "height": 0
        },
        "time": 0,
        "fixHint": "Add a stable, human-readable id such as id=\"hero-title\" or id=\"scene-1-card\" to every timeline-visible element you want agents or Studio to edit."
      },
      {
        "code": "studio_missing_editable_id",
        "severity": "warning",
        "message": "<div class=\"caption-page\" data-start=\"106.400000\"> has no id, so Studio cannot use a stable edit target for its timeline and canvas controls.",
        "selector": "[data-composition-id]",
        "dataAttributes": {},
        "sourceFile": "C:\\vox-style-xe-giay-v1-hyperframes\\hyperframes\\videos\\ban-an-19-yen-bai\\compositions\\caption-track.html",
        "bbox": {
          "x": 0,
          "y": 0,
          "width": 0,
          "height": 0
        },
        "time": 0,
        "fixHint": "Add a stable, human-readable id such as id=\"hero-title\" or id=\"scene-1-card\" to every timeline-visible element you want agents or Studio to edit."
      },
      {
        "code": "studio_missing_editable_id",
        "severity": "warning",
        "message": "<div class=\"caption-page\" data-start=\"107.070000\"> has no id, so Studio cannot use a stable edit target for its timeline and canvas controls.",
        "selector": "[data-composition-id]",
        "dataAttributes": {},
        "sourceFile": "C:\\vox-style-xe-giay-v1-hyperframes\\hyperframes\\videos\\ban-an-19-yen-bai\\compositions\\caption-track.html",
        "bbox": {
          "x": 0,
          "y": 0,
          "width": 0,
          "height": 0
        },
        "time": 0,
        "fixHint": "Add a stable, human-readable id such as id=\"hero-title\" or id=\"scene-1-card\" to every timeline-visible element you want agents or Studio to edit."
      },
      {
        "code": "studio_missing_editable_id",
        "severity": "warning",
        "message": "<div class=\"caption-page\" data-start=\"107.930000\"> has no id, so Studio cannot use a stable edit target for its timeline and canvas controls.",
        "selector": "[data-composition-id]",
        "dataAttributes": {},
        "sourceFile": "C:\\vox-style-xe-giay-v1-hyperframes\\hyperframes\\videos\\ban-an-19-yen-bai\\compositions\\caption-track.html",
        "bbox": {
          "x": 0,
          "y": 0,
          "width": 0,
          "height": 0
        },
        "time": 0,
        "fixHint": "Add a stable, human-readable id such as id=\"hero-title\" or id=\"scene-1-card\" to every timeline-visible element you want agents or Studio to edit."
      },
      {
        "code": "studio_missing_editable_id",
        "severity": "warning",
        "message": "<div class=\"caption-page\" data-start=\"108.380000\"> has no id, so Studio cannot use a stable edit target for its timeline and canvas controls.",
        "selector": "[data-composition-id]",
        "dataAttributes": {},
        "sourceFile": "C:\\vox-style-xe-giay-v1-hyperframes\\hyperframes\\videos\\ban-an-19-yen-bai\\compositions\\caption-track.html",
        "bbox": {
          "x": 0,
          "y": 0,
          "width": 0,
          "height": 0
        },
        "time": 0,
        "fixHint": "Add a stable, human-readable id such as id=\"hero-title\" or id=\"scene-1-card\" to every timeline-visible element you want agents or Studio to edit."
      },
      {
        "code": "studio_missing_editable_id",
        "severity": "warning",
        "message": "<div class=\"caption-page\" data-start=\"109.520000\"> has no id, so Studio cannot use a stable edit target for its timeline and canvas controls.",
        "selector": "[data-composition-id]",
        "dataAttributes": {},
        "sourceFile": "C:\\vox-style-xe-giay-v1-hyperframes\\hyperframes\\videos\\ban-an-19-yen-bai\\compositions\\caption-track.html",
        "bbox": {
          "x": 0,
          "y": 0,
          "width": 0,
          "height": 0
        },
        "time": 0,
        "fixHint": "Add a stable, human-readable id such as id=\"hero-title\" or id=\"scene-1-card\" to every timeline-visible element you want agents or Studio to edit."
      },
      {
        "code": "studio_missing_editable_id",
        "severity": "warning",
        "message": "<div class=\"caption-page\" data-start=\"110.340000\"> has no id, so Studio cannot use a stable edit target for its timeline and canvas controls.",
        "selector": "[data-composition-id]",
        "dataAttributes": {},
        "sourceFile": "C:\\vox-style-xe-giay-v1-hyperframes\\hyperframes\\videos\\ban-an-19-yen-bai\\compositions\\caption-track.html",
        "bbox": {
          "x": 0,
          "y": 0,
          "width": 0,
          "height": 0
        },
        "time": 0,
        "fixHint": "Add a stable, human-readable id such as id=\"hero-title\" or id=\"scene-1-card\" to every timeline-visible element you want agents or Studio to edit."
      },
      {
        "code": "studio_missing_editable_id",
        "severity": "warning",
        "message": "<div class=\"caption-page\" data-start=\"111.330000\"> has no id, so Studio cannot use a stable edit target for its timeline and canvas controls.",
        "selector": "[data-composition-id]",
        "dataAttributes": {},
        "sourceFile": "C:\\vox-style-xe-giay-v1-hyperframes\\hyperframes\\videos\\ban-an-19-yen-bai\\compositions\\caption-track.html",
        "bbox": {
          "x": 0,
          "y": 0,
          "width": 0,
          "height": 0
        },
        "time": 0,
        "fixHint": "Add a stable, human-readable id such as id=\"hero-title\" or id=\"scene-1-card\" to every timeline-visible element you want agents or Studio to edit."
      },
      {
        "code": "studio_missing_editable_id",
        "severity": "warning",
        "message": "<div class=\"caption-page\" data-start=\"112.370000\"> has no id, so Studio cannot use a stable edit target for its timeline and canvas controls.",
        "selector": "[data-composition-id]",
        "dataAttributes": {},
        "sourceFile": "C:\\vox-style-xe-giay-v1-hyperframes\\hyperframes\\videos\\ban-an-19-yen-bai\\compositions\\caption-track.html",
        "bbox": {
          "x": 0,
          "y": 0,
          "width": 0,
          "height": 0
        },
        "time": 0,
        "fixHint": "Add a stable, human-readable id such as id=\"hero-title\" or id=\"scene-1-card\" to every timeline-visible element you want agents or Studio to edit."
      },
      {
        "code": "studio_missing_editable_id",
        "severity": "warning",
        "message": "<div class=\"caption-page\" data-start=\"113.260000\"> has no id, so Studio cannot use a stable edit target for its timeline and canvas controls.",
        "selector": "[data-composition-id]",
        "dataAttributes": {},
        "sourceFile": "C:\\vox-style-xe-giay-v1-hyperframes\\hyperframes\\videos\\ban-an-19-yen-bai\\compositions\\caption-track.html",
        "bbox": {
          "x": 0,
          "y": 0,
          "width": 0,
          "height": 0
        },
        "time": 0,
        "fixHint": "Add a stable, human-readable id such as id=\"hero-title\" or id=\"scene-1-card\" to every timeline-visible element you want agents or Studio to edit."
      },
      {
        "code": "studio_missing_editable_id",
        "severity": "warning",
        "message": "<div class=\"caption-page\" data-start=\"114.320000\"> has no id, so Studio cannot use a stable edit target for its timeline and canvas controls.",
        "selector": "[data-composition-id]",
        "dataAttributes": {},
        "sourceFile": "C:\\vox-style-xe-giay-v1-hyperframes\\hyperframes\\videos\\ban-an-19-yen-bai\\compositions\\caption-track.html",
        "bbox": {
          "x": 0,
          "y": 0,
          "width": 0,
          "height": 0
        },
        "time": 0,
        "fixHint": "Add a stable, human-readable id such as id=\"hero-title\" or id=\"scene-1-card\" to every timeline-visible element you want agents or Studio to edit."
      },
      {
        "code": "studio_missing_editable_id",
        "severity": "warning",
        "message": "<div class=\"caption-page\" data-start=\"115.620000\"> has no id, so Studio cannot use a stable edit target for its timeline and canvas controls.",
        "selector": "[data-composition-id]",
        "dataAttributes": {},
        "sourceFile": "C:\\vox-style-xe-giay-v1-hyperframes\\hyperframes\\videos\\ban-an-19-yen-bai\\compositions\\caption-track.html",
        "bbox": {
          "x": 0,
          "y": 0,
          "width": 0,
          "height": 0
        },
        "time": 0,
        "fixHint": "Add a stable, human-readable id such as id=\"hero-title\" or id=\"scene-1-card\" to every timeline-visible element you want agents or Studio to edit."
      },
      {
        "code": "studio_missing_editable_id",
        "severity": "warning",
        "message": "<div class=\"caption-page\" data-start=\"116.630000\"> has no id, so Studio cannot use a stable edit target for its timeline and canvas controls.",
        "selector": "[data-composition-id]",
        "dataAttributes": {},
        "sourceFile": "C:\\vox-style-xe-giay-v1-hyperframes\\hyperframes\\videos\\ban-an-19-yen-bai\\compositions\\caption-track.html",
        "bbox": {
          "x": 0,
          "y": 0,
          "width": 0,
          "height": 0
        },
        "time": 0,
        "fixHint": "Add a stable, human-readable id such as id=\"hero-title\" or id=\"scene-1-card\" to every timeline-visible element you want agents or Studio to edit."
      },
      {
        "code": "studio_missing_editable_id",
        "severity": "warning",
        "message": "<div class=\"caption-page\" data-start=\"117.600000\"> has no id, so Studio cannot use a stable edit target for its timeline and canvas controls.",
        "selector": "[data-composition-id]",
        "dataAttributes": {},
        "sourceFile": "C:\\vox-style-xe-giay-v1-hyperframes\\hyperframes\\videos\\ban-an-19-yen-bai\\compositions\\caption-track.html",
        "bbox": {
          "x": 0,
          "y": 0,
          "width": 0,
          "height": 0
        },
        "time": 0,
        "fixHint": "Add a stable, human-readable id such as id=\"hero-title\" or id=\"scene-1-card\" to every timeline-visible element you want agents or Studio to edit."
      },
      {
        "code": "studio_missing_editable_id",
        "severity": "warning",
        "message": "<div class=\"caption-page\" data-start=\"118.620000\"> has no id, so Studio cannot use a stable edit target for its timeline and canvas controls.",
        "selector": "[data-composition-id]",
        "dataAttributes": {},
        "sourceFile": "C:\\vox-style-xe-giay-v1-hyperframes\\hyperframes\\videos\\ban-an-19-yen-bai\\compositions\\caption-track.html",
        "bbox": {
          "x": 0,
          "y": 0,
          "width": 0,
          "height": 0
        },
        "time": 0,
        "fixHint": "Add a stable, human-readable id such as id=\"hero-title\" or id=\"scene-1-card\" to every timeline-visible element you want agents or Studio to edit."
      },
      {
        "code": "studio_missing_editable_id",
        "severity": "warning",
        "message": "<div class=\"caption-page\" data-start=\"119.020000\"> has no id, so Studio cannot use a stable edit target for its timeline and canvas controls.",
        "selector": "[data-composition-id]",
        "dataAttributes": {},
        "sourceFile": "C:\\vox-style-xe-giay-v1-hyperframes\\hyperframes\\videos\\ban-an-19-yen-bai\\compositions\\caption-track.html",
        "bbox": {
          "x": 0,
          "y": 0,
          "width": 0,
          "height": 0
        },
        "time": 0,
        "fixHint": "Add a stable, human-readable id such as id=\"hero-title\" or id=\"scene-1-card\" to every timeline-visible element you want agents or Studio to edit."
      },
      {
        "code": "studio_missing_editable_id",
        "severity": "warning",
        "message": "<div class=\"caption-page\" data-start=\"120.160000\"> has no id, so Studio cannot use a stable edit target for its timeline and canvas controls.",
        "selector": "[data-composition-id]",
        "dataAttributes": {},
        "sourceFile": "C:\\vox-style-xe-giay-v1-hyperframes\\hyperframes\\videos\\ban-an-19-yen-bai\\compositions\\caption-track.html",
        "bbox": {
          "x": 0,
          "y": 0,
          "width": 0,
          "height": 0
        },
        "time": 0,
        "fixHint": "Add a stable, human-readable id such as id=\"hero-title\" or id=\"scene-1-card\" to every timeline-visible element you want agents or Studio to edit."
      },
      {
        "code": "studio_missing_editable_id",
        "severity": "warning",
        "message": "<div class=\"caption-page\" data-start=\"121.430000\"> has no id, so Studio cannot use a stable edit target for its timeline and canvas controls.",
        "selector": "[data-composition-id]",
        "dataAttributes": {},
        "sourceFile": "C:\\vox-style-xe-giay-v1-hyperframes\\hyperframes\\videos\\ban-an-19-yen-bai\\compositions\\caption-track.html",
        "bbox": {
          "x": 0,
          "y": 0,
          "width": 0,
          "height": 0
        },
        "time": 0,
        "fixHint": "Add a stable, human-readable id such as id=\"hero-title\" or id=\"scene-1-card\" to every timeline-visible element you want agents or Studio to edit."
      },
      {
        "code": "studio_missing_editable_id",
        "severity": "warning",
        "message": "<div class=\"caption-page\" data-start=\"122.740000\"> has no id, so Studio cannot use a stable edit target for its timeline and canvas controls.",
        "selector": "[data-composition-id]",
        "dataAttributes": {},
        "sourceFile": "C:\\vox-style-xe-giay-v1-hyperframes\\hyperframes\\videos\\ban-an-19-yen-bai\\compositions\\caption-track.html",
        "bbox": {
          "x": 0,
          "y": 0,
          "width": 0,
          "height": 0
        },
        "time": 0,
        "fixHint": "Add a stable, human-readable id such as id=\"hero-title\" or id=\"scene-1-card\" to every timeline-visible element you want agents or Studio to edit."
      },
      {
        "code": "studio_missing_editable_id",
        "severity": "warning",
        "message": "<div class=\"caption-page\" data-start=\"123.180000\"> has no id, so Studio cannot use a stable edit target for its timeline and canvas controls.",
        "selector": "[data-composition-id]",
        "dataAttributes": {},
        "sourceFile": "C:\\vox-style-xe-giay-v1-hyperframes\\hyperframes\\videos\\ban-an-19-yen-bai\\compositions\\caption-track.html",
        "bbox": {
          "x": 0,
          "y": 0,
          "width": 0,
          "height": 0
        },
        "time": 0,
        "fixHint": "Add a stable, human-readable id such as id=\"hero-title\" or id=\"scene-1-card\" to every timeline-visible element you want agents or Studio to edit."
      },
      {
        "code": "studio_missing_editable_id",
        "severity": "warning",
        "message": "<div class=\"caption-page\" data-start=\"124.370000\"> has no id, so Studio cannot use a stable edit target for its timeline and canvas controls.",
        "selector": "[data-composition-id]",
        "dataAttributes": {},
        "sourceFile": "C:\\vox-style-xe-giay-v1-hyperframes\\hyperframes\\videos\\ban-an-19-yen-bai\\compositions\\caption-track.html",
        "bbox": {
          "x": 0,
          "y": 0,
          "width": 0,
          "height": 0
        },
        "time": 0,
        "fixHint": "Add a stable, human-readable id such as id=\"hero-title\" or id=\"scene-1-card\" to every timeline-visible element you want agents or Studio to edit."
      },
      {
        "code": "studio_missing_editable_id",
        "severity": "warning",
        "message": "<div class=\"caption-page\" data-start=\"125.570000\"> has no id, so Studio cannot use a stable edit target for its timeline and canvas controls.",
        "selector": "[data-composition-id]",
        "dataAttributes": {},
        "sourceFile": "C:\\vox-style-xe-giay-v1-hyperframes\\hyperframes\\videos\\ban-an-19-yen-bai\\compositions\\caption-track.html",
        "bbox": {
          "x": 0,
          "y": 0,
          "width": 0,
          "height": 0
        },
        "time": 0,
        "fixHint": "Add a stable, human-readable id such as id=\"hero-title\" or id=\"scene-1-card\" to every timeline-visible element you want agents or Studio to edit."
      },
      {
        "code": "studio_missing_editable_id",
        "severity": "warning",
        "message": "<div class=\"caption-page\" data-start=\"126.720000\"> has no id, so Studio cannot use a stable edit target for its timeline and canvas controls.",
        "selector": "[data-composition-id]",
        "dataAttributes": {},
        "sourceFile": "C:\\vox-style-xe-giay-v1-hyperframes\\hyperframes\\videos\\ban-an-19-yen-bai\\compositions\\caption-track.html",
        "bbox": {
          "x": 0,
          "y": 0,
          "width": 0,
          "height": 0
        },
        "time": 0,
        "fixHint": "Add a stable, human-readable id such as id=\"hero-title\" or id=\"scene-1-card\" to every timeline-visible element you want agents or Studio to edit."
      },
      {
        "code": "studio_missing_editable_id",
        "severity": "warning",
        "message": "<div class=\"caption-page\" data-start=\"128.220000\"> has no id, so Studio cannot use a stable edit target for its timeline and canvas controls.",
        "selector": "[data-composition-id]",
        "dataAttributes": {},
        "sourceFile": "C:\\vox-style-xe-giay-v1-hyperframes\\hyperframes\\videos\\ban-an-19-yen-bai\\compositions\\caption-track.html",
        "bbox": {
          "x": 0,
          "y": 0,
          "width": 0,
          "height": 0
        },
        "time": 0,
        "fixHint": "Add a stable, human-readable id such as id=\"hero-title\" or id=\"scene-1-card\" to every timeline-visible element you want agents or Studio to edit."
      },
      {
        "code": "studio_missing_editable_id",
        "severity": "warning",
        "message": "<div class=\"caption-page\" data-start=\"129.000000\"> has no id, so Studio cannot use a stable edit target for its timeline and canvas controls.",
        "selector": "[data-composition-id]",
        "dataAttributes": {},
        "sourceFile": "C:\\vox-style-xe-giay-v1-hyperframes\\hyperframes\\videos\\ban-an-19-yen-bai\\compositions\\caption-track.html",
        "bbox": {
          "x": 0,
          "y": 0,
          "width": 0,
          "height": 0
        },
        "time": 0,
        "fixHint": "Add a stable, human-readable id such as id=\"hero-title\" or id=\"scene-1-card\" to every timeline-visible element you want agents or Studio to edit."
      },
      {
        "code": "studio_missing_editable_id",
        "severity": "warning",
        "message": "<div class=\"caption-page\" data-start=\"129.500000\"> has no id, so Studio cannot use a stable edit target for its timeline and canvas controls.",
        "selector": "[data-composition-id]",
        "dataAttributes": {},
        "sourceFile": "C:\\vox-style-xe-giay-v1-hyperframes\\hyperframes\\videos\\ban-an-19-yen-bai\\compositions\\caption-track.html",
        "bbox": {
          "x": 0,
          "y": 0,
          "width": 0,
          "height": 0
        },
        "time": 0,
        "fixHint": "Add a stable, human-readable id such as id=\"hero-title\" or id=\"scene-1-card\" to every timeline-visible element you want agents or Studio to edit."
      },
      {
        "code": "studio_missing_editable_id",
        "severity": "warning",
        "message": "<div class=\"caption-page\" data-start=\"130.440000\"> has no id, so Studio cannot use a stable edit target for its timeline and canvas controls.",
        "selector": "[data-composition-id]",
        "dataAttributes": {},
        "sourceFile": "C:\\vox-style-xe-giay-v1-hyperframes\\hyperframes\\videos\\ban-an-19-yen-bai\\compositions\\caption-track.html",
        "bbox": {
          "x": 0,
          "y": 0,
          "width": 0,
          "height": 0
        },
        "time": 0,
        "fixHint": "Add a stable, human-readable id such as id=\"hero-title\" or id=\"scene-1-card\" to every timeline-visible element you want agents or Studio to edit."
      },
      {
        "code": "studio_missing_editable_id",
        "severity": "warning",
        "message": "<div class=\"caption-page\" data-start=\"131.540000\"> has no id, so Studio cannot use a stable edit target for its timeline and canvas controls.",
        "selector": "[data-composition-id]",
        "dataAttributes": {},
        "sourceFile": "C:\\vox-style-xe-giay-v1-hyperframes\\hyperframes\\videos\\ban-an-19-yen-bai\\compositions\\caption-track.html",
        "bbox": {
          "x": 0,
          "y": 0,
          "width": 0,
          "height": 0
        },
        "time": 0,
        "fixHint": "Add a stable, human-readable id such as id=\"hero-title\" or id=\"scene-1-card\" to every timeline-visible element you want agents or Studio to edit."
      },
      {
        "code": "studio_missing_editable_id",
        "severity": "warning",
        "message": "<div class=\"caption-page\" data-start=\"132.430000\"> has no id, so Studio cannot use a stable edit target for its timeline and canvas controls.",
        "selector": "[data-composition-id]",
        "dataAttributes": {},
        "sourceFile": "C:\\vox-style-xe-giay-v1-hyperframes\\hyperframes\\videos\\ban-an-19-yen-bai\\compositions\\caption-track.html",
        "bbox": {
          "x": 0,
          "y": 0,
          "width": 0,
          "height": 0
        },
        "time": 0,
        "fixHint": "Add a stable, human-readable id such as id=\"hero-title\" or id=\"scene-1-card\" to every timeline-visible element you want agents or Studio to edit."
      },
      {
        "code": "studio_missing_editable_id",
        "severity": "warning",
        "message": "<div class=\"caption-page\" data-start=\"133.340000\"> has no id, so Studio cannot use a stable edit target for its timeline and canvas controls.",
        "selector": "[data-composition-id]",
        "dataAttributes": {},
        "sourceFile": "C:\\vox-style-xe-giay-v1-hyperframes\\hyperframes\\videos\\ban-an-19-yen-bai\\compositions\\caption-track.html",
        "bbox": {
          "x": 0,
          "y": 0,
          "width": 0,
          "height": 0
        },
        "time": 0,
        "fixHint": "Add a stable, human-readable id such as id=\"hero-title\" or id=\"scene-1-card\" to every timeline-visible element you want agents or Studio to edit."
      },
      {
        "code": "studio_missing_editable_id",
        "severity": "warning",
        "message": "<div class=\"caption-page\" data-start=\"133.980000\"> has no id, so Studio cannot use a stable edit target for its timeline and canvas controls.",
        "selector": "[data-composition-id]",
        "dataAttributes": {},
        "sourceFile": "C:\\vox-style-xe-giay-v1-hyperframes\\hyperframes\\videos\\ban-an-19-yen-bai\\compositions\\caption-track.html",
        "bbox": {
          "x": 0,
          "y": 0,
          "width": 0,
          "height": 0
        },
        "time": 0,
        "fixHint": "Add a stable, human-readable id such as id=\"hero-title\" or id=\"scene-1-card\" to every timeline-visible element you want agents or Studio to edit."
      },
      {
        "code": "studio_missing_editable_id",
        "severity": "warning",
        "message": "<div class=\"caption-page\" data-start=\"135.040000\"> has no id, so Studio cannot use a stable edit target for its timeline and canvas controls.",
        "selector": "[data-composition-id]",
        "dataAttributes": {},
        "sourceFile": "C:\\vox-style-xe-giay-v1-hyperframes\\hyperframes\\videos\\ban-an-19-yen-bai\\compositions\\caption-track.html",
        "bbox": {
          "x": 0,
          "y": 0,
          "width": 0,
          "height": 0
        },
        "time": 0,
        "fixHint": "Add a stable, human-readable id such as id=\"hero-title\" or id=\"scene-1-card\" to every timeline-visible element you want agents or Studio to edit."
      },
      {
        "code": "studio_missing_editable_id",
        "severity": "warning",
        "message": "<div class=\"caption-page\" data-start=\"136.100000\"> has no id, so Studio cannot use a stable edit target for its timeline and canvas controls.",
        "selector": "[data-composition-id]",
        "dataAttributes": {},
        "sourceFile": "C:\\vox-style-xe-giay-v1-hyperframes\\hyperframes\\videos\\ban-an-19-yen-bai\\compositions\\caption-track.html",
        "bbox": {
          "x": 0,
          "y": 0,
          "width": 0,
          "height": 0
        },
        "time": 0,
        "fixHint": "Add a stable, human-readable id such as id=\"hero-title\" or id=\"scene-1-card\" to every timeline-visible element you want agents or Studio to edit."
      },
      {
        "code": "studio_missing_editable_id",
        "severity": "warning",
        "message": "<div class=\"caption-page\" data-start=\"137.360000\"> has no id, so Studio cannot use a stable edit target for its timeline and canvas controls.",
        "selector": "[data-composition-id]",
        "dataAttributes": {},
        "sourceFile": "C:\\vox-style-xe-giay-v1-hyperframes\\hyperframes\\videos\\ban-an-19-yen-bai\\compositions\\caption-track.html",
        "bbox": {
          "x": 0,
          "y": 0,
          "width": 0,
          "height": 0
        },
        "time": 0,
        "fixHint": "Add a stable, human-readable id such as id=\"hero-title\" or id=\"scene-1-card\" to every timeline-visible element you want agents or Studio to edit."
      },
      {
        "code": "studio_missing_editable_id",
        "severity": "warning",
        "message": "<div class=\"caption-page\" data-start=\"138.380000\"> has no id, so Studio cannot use a stable edit target for its timeline and canvas controls.",
        "selector": "[data-composition-id]",
        "dataAttributes": {},
        "sourceFile": "C:\\vox-style-xe-giay-v1-hyperframes\\hyperframes\\videos\\ban-an-19-yen-bai\\compositions\\caption-track.html",
        "bbox": {
          "x": 0,
          "y": 0,
          "width": 0,
          "height": 0
        },
        "time": 0,
        "fixHint": "Add a stable, human-readable id such as id=\"hero-title\" or id=\"scene-1-card\" to every timeline-visible element you want agents or Studio to edit."
      },
      {
        "code": "studio_missing_editable_id",
        "severity": "warning",
        "message": "<div class=\"caption-page\" data-start=\"139.830000\"> has no id, so Studio cannot use a stable edit target for its timeline and canvas controls.",
        "selector": "[data-composition-id]",
        "dataAttributes": {},
        "sourceFile": "C:\\vox-style-xe-giay-v1-hyperframes\\hyperframes\\videos\\ban-an-19-yen-bai\\compositions\\caption-track.html",
        "bbox": {
          "x": 0,
          "y": 0,
          "width": 0,
          "height": 0
        },
        "time": 0,
        "fixHint": "Add a stable, human-readable id such as id=\"hero-title\" or id=\"scene-1-card\" to every timeline-visible element you want agents or Studio to edit."
      },
      {
        "code": "studio_missing_editable_id",
        "severity": "warning",
        "message": "<div class=\"caption-page\" data-start=\"140.460000\"> has no id, so Studio cannot use a stable edit target for its timeline and canvas controls.",
        "selector": "[data-composition-id]",
        "dataAttributes": {},
        "sourceFile": "C:\\vox-style-xe-giay-v1-hyperframes\\hyperframes\\videos\\ban-an-19-yen-bai\\compositions\\caption-track.html",
        "bbox": {
          "x": 0,
          "y": 0,
          "width": 0,
          "height": 0
        },
        "time": 0,
        "fixHint": "Add a stable, human-readable id such as id=\"hero-title\" or id=\"scene-1-card\" to every timeline-visible element you want agents or Studio to edit."
      },
      {
        "code": "studio_missing_editable_id",
        "severity": "warning",
        "message": "<div class=\"caption-page\" data-start=\"141.530000\"> has no id, so Studio cannot use a stable edit target for its timeline and canvas controls.",
        "selector": "[data-composition-id]",
        "dataAttributes": {},
        "sourceFile": "C:\\vox-style-xe-giay-v1-hyperframes\\hyperframes\\videos\\ban-an-19-yen-bai\\compositions\\caption-track.html",
        "bbox": {
          "x": 0,
          "y": 0,
          "width": 0,
          "height": 0
        },
        "time": 0,
        "fixHint": "Add a stable, human-readable id such as id=\"hero-title\" or id=\"scene-1-card\" to every timeline-visible element you want agents or Studio to edit."
      },
      {
        "code": "studio_missing_editable_id",
        "severity": "warning",
        "message": "<div class=\"caption-page\" data-start=\"142.750000\"> has no id, so Studio cannot use a stable edit target for its timeline and canvas controls.",
        "selector": "[data-composition-id]",
        "dataAttributes": {},
        "sourceFile": "C:\\vox-style-xe-giay-v1-hyperframes\\hyperframes\\videos\\ban-an-19-yen-bai\\compositions\\caption-track.html",
        "bbox": {
          "x": 0,
          "y": 0,
          "width": 0,
          "height": 0
        },
        "time": 0,
        "fixHint": "Add a stable, human-readable id such as id=\"hero-title\" or id=\"scene-1-card\" to every timeline-visible element you want agents or Studio to edit."
      },
      {
        "code": "studio_missing_editable_id",
        "severity": "warning",
        "message": "<div class=\"caption-page\" data-start=\"143.480000\"> has no id, so Studio cannot use a stable edit target for its timeline and canvas controls.",
        "selector": "[data-composition-id]",
        "dataAttributes": {},
        "sourceFile": "C:\\vox-style-xe-giay-v1-hyperframes\\hyperframes\\videos\\ban-an-19-yen-bai\\compositions\\caption-track.html",
        "bbox": {
          "x": 0,
          "y": 0,
          "width": 0,
          "height": 0
        },
        "time": 0,
        "fixHint": "Add a stable, human-readable id such as id=\"hero-title\" or id=\"scene-1-card\" to every timeline-visible element you want agents or Studio to edit."
      },
      {
        "code": "studio_missing_editable_id",
        "severity": "warning",
        "message": "<div class=\"caption-page\" data-start=\"144.380000\"> has no id, so Studio cannot use a stable edit target for its timeline and canvas controls.",
        "selector": "[data-composition-id]",
        "dataAttributes": {},
        "sourceFile": "C:\\vox-style-xe-giay-v1-hyperframes\\hyperframes\\videos\\ban-an-19-yen-bai\\compositions\\caption-track.html",
        "bbox": {
          "x": 0,
          "y": 0,
          "width": 0,
          "height": 0
        },
        "time": 0,
        "fixHint": "Add a stable, human-readable id such as id=\"hero-title\" or id=\"scene-1-card\" to every timeline-visible element you want agents or Studio to edit."
      },
      {
        "code": "studio_missing_editable_id",
        "severity": "warning",
        "message": "<div class=\"caption-page\" data-start=\"145.520000\"> has no id, so Studio cannot use a stable edit target for its timeline and canvas controls.",
        "selector": "[data-composition-id]",
        "dataAttributes": {},
        "sourceFile": "C:\\vox-style-xe-giay-v1-hyperframes\\hyperframes\\videos\\ban-an-19-yen-bai\\compositions\\caption-track.html",
        "bbox": {
          "x": 0,
          "y": 0,
          "width": 0,
          "height": 0
        },
        "time": 0,
        "fixHint": "Add a stable, human-readable id such as id=\"hero-title\" or id=\"scene-1-card\" to every timeline-visible element you want agents or Studio to edit."
      },
      {
        "code": "studio_missing_editable_id",
        "severity": "warning",
        "message": "<div class=\"caption-page\" data-start=\"146.750000\"> has no id, so Studio cannot use a stable edit target for its timeline and canvas controls.",
        "selector": "[data-composition-id]",
        "dataAttributes": {},
        "sourceFile": "C:\\vox-style-xe-giay-v1-hyperframes\\hyperframes\\videos\\ban-an-19-yen-bai\\compositions\\caption-track.html",
        "bbox": {
          "x": 0,
          "y": 0,
          "width": 0,
          "height": 0
        },
        "time": 0,
        "fixHint": "Add a stable, human-readable id such as id=\"hero-title\" or id=\"scene-1-card\" to every timeline-visible element you want agents or Studio to edit."
      },
      {
        "code": "studio_missing_editable_id",
        "severity": "warning",
        "message": "<div class=\"caption-page\" data-start=\"147.820000\"> has no id, so Studio cannot use a stable edit target for its timeline and canvas controls.",
        "selector": "[data-composition-id]",
        "dataAttributes": {},
        "sourceFile": "C:\\vox-style-xe-giay-v1-hyperframes\\hyperframes\\videos\\ban-an-19-yen-bai\\compositions\\caption-track.html",
        "bbox": {
          "x": 0,
          "y": 0,
          "width": 0,
          "height": 0
        },
        "time": 0,
        "fixHint": "Add a stable, human-readable id such as id=\"hero-title\" or id=\"scene-1-card\" to every timeline-visible element you want agents or Studio to edit."
      },
      {
        "code": "studio_missing_editable_id",
        "severity": "warning",
        "message": "<div class=\"caption-page\" data-start=\"149.050000\"> has no id, so Studio cannot use a stable edit target for its timeline and canvas controls.",
        "selector": "[data-composition-id]",
        "dataAttributes": {},
        "sourceFile": "C:\\vox-style-xe-giay-v1-hyperframes\\hyperframes\\videos\\ban-an-19-yen-bai\\compositions\\caption-track.html",
        "bbox": {
          "x": 0,
          "y": 0,
          "width": 0,
          "height": 0
        },
        "time": 0,
        "fixHint": "Add a stable, human-readable id such as id=\"hero-title\" or id=\"scene-1-card\" to every timeline-visible element you want agents or Studio to edit."
      },
      {
        "code": "studio_missing_editable_id",
        "severity": "warning",
        "message": "<div class=\"caption-page\" data-start=\"149.840000\"> has no id, so Studio cannot use a stable edit target for its timeline and canvas controls.",
        "selector": "[data-composition-id]",
        "dataAttributes": {},
        "sourceFile": "C:\\vox-style-xe-giay-v1-hyperframes\\hyperframes\\videos\\ban-an-19-yen-bai\\compositions\\caption-track.html",
        "bbox": {
          "x": 0,
          "y": 0,
          "width": 0,
          "height": 0
        },
        "time": 0,
        "fixHint": "Add a stable, human-readable id such as id=\"hero-title\" or id=\"scene-1-card\" to every timeline-visible element you want agents or Studio to edit."
      },
      {
        "code": "studio_missing_editable_id",
        "severity": "warning",
        "message": "<div class=\"caption-page\" data-start=\"150.860000\"> has no id, so Studio cannot use a stable edit target for its timeline and canvas controls.",
        "selector": "[data-composition-id]",
        "dataAttributes": {},
        "sourceFile": "C:\\vox-style-xe-giay-v1-hyperframes\\hyperframes\\videos\\ban-an-19-yen-bai\\compositions\\caption-track.html",
        "bbox": {
          "x": 0,
          "y": 0,
          "width": 0,
          "height": 0
        },
        "time": 0,
        "fixHint": "Add a stable, human-readable id such as id=\"hero-title\" or id=\"scene-1-card\" to every timeline-visible element you want agents or Studio to edit."
      },
      {
        "code": "studio_missing_editable_id",
        "severity": "warning",
        "message": "<div class=\"caption-page\" data-start=\"151.880000\"> has no id, so Studio cannot use a stable edit target for its timeline and canvas controls.",
        "selector": "[data-composition-id]",
        "dataAttributes": {},
        "sourceFile": "C:\\vox-style-xe-giay-v1-hyperframes\\hyperframes\\videos\\ban-an-19-yen-bai\\compositions\\caption-track.html",
        "bbox": {
          "x": 0,
          "y": 0,
          "width": 0,
          "height": 0
        },
        "time": 0,
        "fixHint": "Add a stable, human-readable id such as id=\"hero-title\" or id=\"scene-1-card\" to every timeline-visible element you want agents or Studio to edit."
      },
      {
        "code": "studio_missing_editable_id",
        "severity": "warning",
        "message": "<div class=\"caption-page\" data-start=\"152.770000\"> has no id, so Studio cannot use a stable edit target for its timeline and canvas controls.",
        "selector": "[data-composition-id]",
        "dataAttributes": {},
        "sourceFile": "C:\\vox-style-xe-giay-v1-hyperframes\\hyperframes\\videos\\ban-an-19-yen-bai\\compositions\\caption-track.html",
        "bbox": {
          "x": 0,
          "y": 0,
          "width": 0,
          "height": 0
        },
        "time": 0,
        "fixHint": "Add a stable, human-readable id such as id=\"hero-title\" or id=\"scene-1-card\" to every timeline-visible element you want agents or Studio to edit."
      },
      {
        "code": "studio_missing_editable_id",
        "severity": "warning",
        "message": "<div class=\"caption-page\" data-start=\"153.680000\"> has no id, so Studio cannot use a stable edit target for its timeline and canvas controls.",
        "selector": "[data-composition-id]",
        "dataAttributes": {},
        "sourceFile": "C:\\vox-style-xe-giay-v1-hyperframes\\hyperframes\\videos\\ban-an-19-yen-bai\\compositions\\caption-track.html",
        "bbox": {
          "x": 0,
          "y": 0,
          "width": 0,
          "height": 0
        },
        "time": 0,
        "fixHint": "Add a stable, human-readable id such as id=\"hero-title\" or id=\"scene-1-card\" to every timeline-visible element you want agents or Studio to edit."
      },
      {
        "code": "studio_missing_editable_id",
        "severity": "warning",
        "message": "<div class=\"caption-page\" data-start=\"154.850000\"> has no id, so Studio cannot use a stable edit target for its timeline and canvas controls.",
        "selector": "[data-composition-id]",
        "dataAttributes": {},
        "sourceFile": "C:\\vox-style-xe-giay-v1-hyperframes\\hyperframes\\videos\\ban-an-19-yen-bai\\compositions\\caption-track.html",
        "bbox": {
          "x": 0,
          "y": 0,
          "width": 0,
          "height": 0
        },
        "time": 0,
        "fixHint": "Add a stable, human-readable id such as id=\"hero-title\" or id=\"scene-1-card\" to every timeline-visible element you want agents or Studio to edit."
      },
      {
        "code": "studio_missing_editable_id",
        "severity": "warning",
        "message": "<div class=\"caption-page\" data-start=\"156.100000\"> has no id, so Studio cannot use a stable edit target for its timeline and canvas controls.",
        "selector": "[data-composition-id]",
        "dataAttributes": {},
        "sourceFile": "C:\\vox-style-xe-giay-v1-hyperframes\\hyperframes\\videos\\ban-an-19-yen-bai\\compositions\\caption-track.html",
        "bbox": {
          "x": 0,
          "y": 0,
          "width": 0,
          "height": 0
        },
        "time": 0,
        "fixHint": "Add a stable, human-readable id such as id=\"hero-title\" or id=\"scene-1-card\" to every timeline-visible element you want agents or Studio to edit."
      },
      {
        "code": "studio_missing_editable_id",
        "severity": "warning",
        "message": "<div class=\"caption-page\" data-start=\"157.310000\"> has no id, so Studio cannot use a stable edit target for its timeline and canvas controls.",
        "selector": "[data-composition-id]",
        "dataAttributes": {},
        "sourceFile": "C:\\vox-style-xe-giay-v1-hyperframes\\hyperframes\\videos\\ban-an-19-yen-bai\\compositions\\caption-track.html",
        "bbox": {
          "x": 0,
          "y": 0,
          "width": 0,
          "height": 0
        },
        "time": 0,
        "fixHint": "Add a stable, human-readable id such as id=\"hero-title\" or id=\"scene-1-card\" to every timeline-visible element you want agents or Studio to edit."
      },
      {
        "code": "studio_missing_editable_id",
        "severity": "warning",
        "message": "<div class=\"caption-page\" data-start=\"158.140000\"> has no id, so Studio cannot use a stable edit target for its timeline and canvas controls.",
        "selector": "[data-composition-id]",
        "dataAttributes": {},
        "sourceFile": "C:\\vox-style-xe-giay-v1-hyperframes\\hyperframes\\videos\\ban-an-19-yen-bai\\compositions\\caption-track.html",
        "bbox": {
          "x": 0,
          "y": 0,
          "width": 0,
          "height": 0
        },
        "time": 0,
        "fixHint": "Add a stable, human-readable id such as id=\"hero-title\" or id=\"scene-1-card\" to every timeline-visible element you want agents or Studio to edit."
      },
      {
        "code": "studio_missing_editable_id",
        "severity": "warning",
        "message": "<div class=\"caption-page\" data-start=\"158.300000\"> has no id, so Studio cannot use a stable edit target for its timeline and canvas controls.",
        "selector": "[data-composition-id]",
        "dataAttributes": {},
        "sourceFile": "C:\\vox-style-xe-giay-v1-hyperframes\\hyperframes\\videos\\ban-an-19-yen-bai\\compositions\\caption-track.html",
        "bbox": {
          "x": 0,
          "y": 0,
          "width": 0,
          "height": 0
        },
        "time": 0,
        "fixHint": "Add a stable, human-readable id such as id=\"hero-title\" or id=\"scene-1-card\" to every timeline-visible element you want agents or Studio to edit."
      },
      {
        "code": "studio_missing_editable_id",
        "severity": "warning",
        "message": "<div class=\"caption-page\" data-start=\"159.420000\"> has no id, so Studio cannot use a stable edit target for its timeline and canvas controls.",
        "selector": "[data-composition-id]",
        "dataAttributes": {},
        "sourceFile": "C:\\vox-style-xe-giay-v1-hyperframes\\hyperframes\\videos\\ban-an-19-yen-bai\\compositions\\caption-track.html",
        "bbox": {
          "x": 0,
          "y": 0,
          "width": 0,
          "height": 0
        },
        "time": 0,
        "fixHint": "Add a stable, human-readable id such as id=\"hero-title\" or id=\"scene-1-card\" to every timeline-visible element you want agents or Studio to edit."
      },
      {
        "code": "studio_missing_editable_id",
        "severity": "warning",
        "message": "<div class=\"caption-page\" data-start=\"160.200000\"> has no id, so Studio cannot use a stable edit target for its timeline and canvas controls.",
        "selector": "[data-composition-id]",
        "dataAttributes": {},
        "sourceFile": "C:\\vox-style-xe-giay-v1-hyperframes\\hyperframes\\videos\\ban-an-19-yen-bai\\compositions\\caption-track.html",
        "bbox": {
          "x": 0,
          "y": 0,
          "width": 0,
          "height": 0
        },
        "time": 0,
        "fixHint": "Add a stable, human-readable id such as id=\"hero-title\" or id=\"scene-1-card\" to every timeline-visible element you want agents or Studio to edit."
      },
      {
        "code": "studio_missing_editable_id",
        "severity": "warning",
        "message": "<div class=\"caption-page\" data-start=\"161.020000\"> has no id, so Studio cannot use a stable edit target for its timeline and canvas controls.",
        "selector": "[data-composition-id]",
        "dataAttributes": {},
        "sourceFile": "C:\\vox-style-xe-giay-v1-hyperframes\\hyperframes\\videos\\ban-an-19-yen-bai\\compositions\\caption-track.html",
        "bbox": {
          "x": 0,
          "y": 0,
          "width": 0,
          "height": 0
        },
        "time": 0,
        "fixHint": "Add a stable, human-readable id such as id=\"hero-title\" or id=\"scene-1-card\" to every timeline-visible element you want agents or Studio to edit."
      },
      {
        "code": "studio_missing_editable_id",
        "severity": "warning",
        "message": "<div class=\"caption-page\" data-start=\"162.320000\"> has no id, so Studio cannot use a stable edit target for its timeline and canvas controls.",
        "selector": "[data-composition-id]",
        "dataAttributes": {},
        "sourceFile": "C:\\vox-style-xe-giay-v1-hyperframes\\hyperframes\\videos\\ban-an-19-yen-bai\\compositions\\caption-track.html",
        "bbox": {
          "x": 0,
          "y": 0,
          "width": 0,
          "height": 0
        },
        "time": 0,
        "fixHint": "Add a stable, human-readable id such as id=\"hero-title\" or id=\"scene-1-card\" to every timeline-visible element you want agents or Studio to edit."
      },
      {
        "code": "studio_missing_editable_id",
        "severity": "warning",
        "message": "<div class=\"caption-page\" data-start=\"163.480000\"> has no id, so Studio cannot use a stable edit target for its timeline and canvas controls.",
        "selector": "[data-composition-id]",
        "dataAttributes": {},
        "sourceFile": "C:\\vox-style-xe-giay-v1-hyperframes\\hyperframes\\videos\\ban-an-19-yen-bai\\compositions\\caption-track.html",
        "bbox": {
          "x": 0,
          "y": 0,
          "width": 0,
          "height": 0
        },
        "time": 0,
        "fixHint": "Add a stable, human-readable id such as id=\"hero-title\" or id=\"scene-1-card\" to every timeline-visible element you want agents or Studio to edit."
      },
      {
        "code": "studio_missing_editable_id",
        "severity": "warning",
        "message": "<div class=\"caption-page\" data-start=\"164.240000\"> has no id, so Studio cannot use a stable edit target for its timeline and canvas controls.",
        "selector": "[data-composition-id]",
        "dataAttributes": {},
        "sourceFile": "C:\\vox-style-xe-giay-v1-hyperframes\\hyperframes\\videos\\ban-an-19-yen-bai\\compositions\\caption-track.html",
        "bbox": {
          "x": 0,
          "y": 0,
          "width": 0,
          "height": 0
        },
        "time": 0,
        "fixHint": "Add a stable, human-readable id such as id=\"hero-title\" or id=\"scene-1-card\" to every timeline-visible element you want agents or Studio to edit."
      },
      {
        "code": "studio_missing_editable_id",
        "severity": "warning",
        "message": "<div class=\"caption-page\" data-start=\"165.310000\"> has no id, so Studio cannot use a stable edit target for its timeline and canvas controls.",
        "selector": "[data-composition-id]",
        "dataAttributes": {},
        "sourceFile": "C:\\vox-style-xe-giay-v1-hyperframes\\hyperframes\\videos\\ban-an-19-yen-bai\\compositions\\caption-track.html",
        "bbox": {
          "x": 0,
          "y": 0,
          "width": 0,
          "height": 0
        },
        "time": 0,
        "fixHint": "Add a stable, human-readable id such as id=\"hero-title\" or id=\"scene-1-card\" to every timeline-visible element you want agents or Studio to edit."
      },
      {
        "code": "studio_missing_editable_id",
        "severity": "warning",
        "message": "<div class=\"caption-page\" data-start=\"166.140000\"> has no id, so Studio cannot use a stable edit target for its timeline and canvas controls.",
        "selector": "[data-composition-id]",
        "dataAttributes": {},
        "sourceFile": "C:\\vox-style-xe-giay-v1-hyperframes\\hyperframes\\videos\\ban-an-19-yen-bai\\compositions\\caption-track.html",
        "bbox": {
          "x": 0,
          "y": 0,
          "width": 0,
          "height": 0
        },
        "time": 0,
        "fixHint": "Add a stable, human-readable id such as id=\"hero-title\" or id=\"scene-1-card\" to every timeline-visible element you want agents or Studio to edit."
      },
      {
        "code": "studio_missing_editable_id",
        "severity": "warning",
        "message": "<div class=\"caption-page\" data-start=\"167.100000\"> has no id, so Studio cannot use a stable edit target for its timeline and canvas controls.",
        "selector": "[data-composition-id]",
        "dataAttributes": {},
        "sourceFile": "C:\\vox-style-xe-giay-v1-hyperframes\\hyperframes\\videos\\ban-an-19-yen-bai\\compositions\\caption-track.html",
        "bbox": {
          "x": 0,
          "y": 0,
          "width": 0,
          "height": 0
        },
        "time": 0,
        "fixHint": "Add a stable, human-readable id such as id=\"hero-title\" or id=\"scene-1-card\" to every timeline-visible element you want agents or Studio to edit."
      },
      {
        "code": "studio_missing_editable_id",
        "severity": "warning",
        "message": "<div class=\"caption-page\" data-start=\"168.160000\"> has no id, so Studio cannot use a stable edit target for its timeline and canvas controls.",
        "selector": "[data-composition-id]",
        "dataAttributes": {},
        "sourceFile": "C:\\vox-style-xe-giay-v1-hyperframes\\hyperframes\\videos\\ban-an-19-yen-bai\\compositions\\caption-track.html",
        "bbox": {
          "x": 0,
          "y": 0,
          "width": 0,
          "height": 0
        },
        "time": 0,
        "fixHint": "Add a stable, human-readable id such as id=\"hero-title\" or id=\"scene-1-card\" to every timeline-visible element you want agents or Studio to edit."
      },
      {
        "code": "studio_missing_editable_id",
        "severity": "warning",
        "message": "<div class=\"caption-page\" data-start=\"168.850000\"> has no id, so Studio cannot use a stable edit target for its timeline and canvas controls.",
        "selector": "[data-composition-id]",
        "dataAttributes": {},
        "sourceFile": "C:\\vox-style-xe-giay-v1-hyperframes\\hyperframes\\videos\\ban-an-19-yen-bai\\compositions\\caption-track.html",
        "bbox": {
          "x": 0,
          "y": 0,
          "width": 0,
          "height": 0
        },
        "time": 0,
        "fixHint": "Add a stable, human-readable id such as id=\"hero-title\" or id=\"scene-1-card\" to every timeline-visible element you want agents or Studio to edit."
      },
      {
        "code": "studio_missing_editable_id",
        "severity": "warning",
        "message": "<div class=\"caption-page\" data-start=\"169.710000\"> has no id, so Studio cannot use a stable edit target for its timeline and canvas controls.",
        "selector": "[data-composition-id]",
        "dataAttributes": {},
        "sourceFile": "C:\\vox-style-xe-giay-v1-hyperframes\\hyperframes\\videos\\ban-an-19-yen-bai\\compositions\\caption-track.html",
        "bbox": {
          "x": 0,
          "y": 0,
          "width": 0,
          "height": 0
        },
        "time": 0,
        "fixHint": "Add a stable, human-readable id such as id=\"hero-title\" or id=\"scene-1-card\" to every timeline-visible element you want agents or Studio to edit."
      },
      {
        "code": "studio_missing_editable_id",
        "severity": "warning",
        "message": "<div class=\"caption-page\" data-start=\"170.780000\"> has no id, so Studio cannot use a stable edit target for its timeline and canvas controls.",
        "selector": "[data-composition-id]",
        "dataAttributes": {},
        "sourceFile": "C:\\vox-style-xe-giay-v1-hyperframes\\hyperframes\\videos\\ban-an-19-yen-bai\\compositions\\caption-track.html",
        "bbox": {
          "x": 0,
          "y": 0,
          "width": 0,
          "height": 0
        },
        "time": 0,
        "fixHint": "Add a stable, human-readable id such as id=\"hero-title\" or id=\"scene-1-card\" to every timeline-visible element you want agents or Studio to edit."
      },
      {
        "code": "studio_missing_editable_id",
        "severity": "warning",
        "message": "<div class=\"caption-page\" data-start=\"171.740000\"> has no id, so Studio cannot use a stable edit target for its timeline and canvas controls.",
        "selector": "[data-composition-id]",
        "dataAttributes": {},
        "sourceFile": "C:\\vox-style-xe-giay-v1-hyperframes\\hyperframes\\videos\\ban-an-19-yen-bai\\compositions\\caption-track.html",
        "bbox": {
          "x": 0,
          "y": 0,
          "width": 0,
          "height": 0
        },
        "time": 0,
        "fixHint": "Add a stable, human-readable id such as id=\"hero-title\" or id=\"scene-1-card\" to every timeline-visible element you want agents or Studio to edit."
      },
      {
        "code": "studio_missing_editable_id",
        "severity": "warning",
        "message": "<div class=\"caption-page\" data-start=\"173.060000\"> has no id, so Studio cannot use a stable edit target for its timeline and canvas controls.",
        "selector": "[data-composition-id]",
        "dataAttributes": {},
        "sourceFile": "C:\\vox-style-xe-giay-v1-hyperframes\\hyperframes\\videos\\ban-an-19-yen-bai\\compositions\\caption-track.html",
        "bbox": {
          "x": 0,
          "y": 0,
          "width": 0,
          "height": 0
        },
        "time": 0,
        "fixHint": "Add a stable, human-readable id such as id=\"hero-title\" or id=\"scene-1-card\" to every timeline-visible element you want agents or Studio to edit."
      },
      {
        "code": "studio_missing_editable_id",
        "severity": "warning",
        "message": "<div class=\"caption-page\" data-start=\"174.280000\"> has no id, so Studio cannot use a stable edit target for its timeline and canvas controls.",
        "selector": "[data-composition-id]",
        "dataAttributes": {},
        "sourceFile": "C:\\vox-style-xe-giay-v1-hyperframes\\hyperframes\\videos\\ban-an-19-yen-bai\\compositions\\caption-track.html",
        "bbox": {
          "x": 0,
          "y": 0,
          "width": 0,
          "height": 0
        },
        "time": 0,
        "fixHint": "Add a stable, human-readable id such as id=\"hero-title\" or id=\"scene-1-card\" to every timeline-visible element you want agents or Studio to edit."
      },
      {
        "code": "studio_missing_editable_id",
        "severity": "warning",
        "message": "<div class=\"caption-page\" data-start=\"175.260000\"> has no id, so Studio cannot use a stable edit target for its timeline and canvas controls.",
        "selector": "[data-composition-id]",
        "dataAttributes": {},
        "sourceFile": "C:\\vox-style-xe-giay-v1-hyperframes\\hyperframes\\videos\\ban-an-19-yen-bai\\compositions\\caption-track.html",
        "bbox": {
          "x": 0,
          "y": 0,
          "width": 0,
          "height": 0
        },
        "time": 0,
        "fixHint": "Add a stable, human-readable id such as id=\"hero-title\" or id=\"scene-1-card\" to every timeline-visible element you want agents or Studio to edit."
      },
      {
        "code": "studio_missing_editable_id",
        "severity": "warning",
        "message": "<div class=\"caption-page\" data-start=\"176.400000\"> has no id, so Studio cannot use a stable edit target for its timeline and canvas controls.",
        "selector": "[data-composition-id]",
        "dataAttributes": {},
        "sourceFile": "C:\\vox-style-xe-giay-v1-hyperframes\\hyperframes\\videos\\ban-an-19-yen-bai\\compositions\\caption-track.html",
        "bbox": {
          "x": 0,
          "y": 0,
          "width": 0,
          "height": 0
        },
        "time": 0,
        "fixHint": "Add a stable, human-readable id such as id=\"hero-title\" or id=\"scene-1-card\" to every timeline-visible element you want agents or Studio to edit."
      },
      {
        "code": "studio_missing_editable_id",
        "severity": "warning",
        "message": "<div class=\"caption-page\" data-start=\"177.350000\"> has no id, so Studio cannot use a stable edit target for its timeline and canvas controls.",
        "selector": "[data-composition-id]",
        "dataAttributes": {},
        "sourceFile": "C:\\vox-style-xe-giay-v1-hyperframes\\hyperframes\\videos\\ban-an-19-yen-bai\\compositions\\caption-track.html",
        "bbox": {
          "x": 0,
          "y": 0,
          "width": 0,
          "height": 0
        },
        "time": 0,
        "fixHint": "Add a stable, human-readable id such as id=\"hero-title\" or id=\"scene-1-card\" to every timeline-visible element you want agents or Studio to edit."
      },
      {
        "code": "studio_missing_editable_id",
        "severity": "warning",
        "message": "<div class=\"caption-page\" data-start=\"178.340000\"> has no id, so Studio cannot use a stable edit target for its timeline and canvas controls.",
        "selector": "[data-composition-id]",
        "dataAttributes": {},
        "sourceFile": "C:\\vox-style-xe-giay-v1-hyperframes\\hyperframes\\videos\\ban-an-19-yen-bai\\compositions\\caption-track.html",
        "bbox": {
          "x": 0,
          "y": 0,
          "width": 0,
          "height": 0
        },
        "time": 0,
        "fixHint": "Add a stable, human-readable id such as id=\"hero-title\" or id=\"scene-1-card\" to every timeline-visible element you want agents or Studio to edit."
      },
      {
        "code": "studio_missing_editable_id",
        "severity": "warning",
        "message": "<div class=\"caption-page\" data-start=\"178.900000\"> has no id, so Studio cannot use a stable edit target for its timeline and canvas controls.",
        "selector": "[data-composition-id]",
        "dataAttributes": {},
        "sourceFile": "C:\\vox-style-xe-giay-v1-hyperframes\\hyperframes\\videos\\ban-an-19-yen-bai\\compositions\\caption-track.html",
        "bbox": {
          "x": 0,
          "y": 0,
          "width": 0,
          "height": 0
        },
        "time": 0,
        "fixHint": "Add a stable, human-readable id such as id=\"hero-title\" or id=\"scene-1-card\" to every timeline-visible element you want agents or Studio to edit."
      },
      {
        "code": "studio_missing_editable_id",
        "severity": "warning",
        "message": "<div class=\"caption-page\" data-start=\"180.150000\"> has no id, so Studio cannot use a stable edit target for its timeline and canvas controls.",
        "selector": "[data-composition-id]",
        "dataAttributes": {},
        "sourceFile": "C:\\vox-style-xe-giay-v1-hyperframes\\hyperframes\\videos\\ban-an-19-yen-bai\\compositions\\caption-track.html",
        "bbox": {
          "x": 0,
          "y": 0,
          "width": 0,
          "height": 0
        },
        "time": 0,
        "fixHint": "Add a stable, human-readable id such as id=\"hero-title\" or id=\"scene-1-card\" to every timeline-visible element you want agents or Studio to edit."
      },
      {
        "code": "studio_missing_editable_id",
        "severity": "warning",
        "message": "<div class=\"caption-page\" data-start=\"181.270000\"> has no id, so Studio cannot use a stable edit target for its timeline and canvas controls.",
        "selector": "[data-composition-id]",
        "dataAttributes": {},
        "sourceFile": "C:\\vox-style-xe-giay-v1-hyperframes\\hyperframes\\videos\\ban-an-19-yen-bai\\compositions\\caption-track.html",
        "bbox": {
          "x": 0,
          "y": 0,
          "width": 0,
          "height": 0
        },
        "time": 0,
        "fixHint": "Add a stable, human-readable id such as id=\"hero-title\" or id=\"scene-1-card\" to every timeline-visible element you want agents or Studio to edit."
      },
      {
        "code": "studio_missing_editable_id",
        "severity": "warning",
        "message": "<div class=\"caption-page\" data-start=\"182.150000\"> has no id, so Studio cannot use a stable edit target for its timeline and canvas controls.",
        "selector": "[data-composition-id]",
        "dataAttributes": {},
        "sourceFile": "C:\\vox-style-xe-giay-v1-hyperframes\\hyperframes\\videos\\ban-an-19-yen-bai\\compositions\\caption-track.html",
        "bbox": {
          "x": 0,
          "y": 0,
          "width": 0,
          "height": 0
        },
        "time": 0,
        "fixHint": "Add a stable, human-readable id such as id=\"hero-title\" or id=\"scene-1-card\" to every timeline-visible element you want agents or Studio to edit."
      },
      {
        "code": "studio_missing_editable_id",
        "severity": "warning",
        "message": "<div class=\"caption-page\" data-start=\"182.620000\"> has no id, so Studio cannot use a stable edit target for its timeline and canvas controls.",
        "selector": "[data-composition-id]",
        "dataAttributes": {},
        "sourceFile": "C:\\vox-style-xe-giay-v1-hyperframes\\hyperframes\\videos\\ban-an-19-yen-bai\\compositions\\caption-track.html",
        "bbox": {
          "x": 0,
          "y": 0,
          "width": 0,
          "height": 0
        },
        "time": 0,
        "fixHint": "Add a stable, human-readable id such as id=\"hero-title\" or id=\"scene-1-card\" to every timeline-visible element you want agents or Studio to edit."
      },
      {
        "code": "studio_missing_editable_id",
        "severity": "warning",
        "message": "<div class=\"caption-page\" data-start=\"183.760000\"> has no id, so Studio cannot use a stable edit target for its timeline and canvas controls.",
        "selector": "[data-composition-id]",
        "dataAttributes": {},
        "sourceFile": "C:\\vox-style-xe-giay-v1-hyperframes\\hyperframes\\videos\\ban-an-19-yen-bai\\compositions\\caption-track.html",
        "bbox": {
          "x": 0,
          "y": 0,
          "width": 0,
          "height": 0
        },
        "time": 0,
        "fixHint": "Add a stable, human-readable id such as id=\"hero-title\" or id=\"scene-1-card\" to every timeline-visible element you want agents or Studio to edit."
      },
      {
        "code": "studio_missing_editable_id",
        "severity": "warning",
        "message": "<div class=\"caption-page\" data-start=\"184.630000\"> has no id, so Studio cannot use a stable edit target for its timeline and canvas controls.",
        "selector": "[data-composition-id]",
        "dataAttributes": {},
        "sourceFile": "C:\\vox-style-xe-giay-v1-hyperframes\\hyperframes\\videos\\ban-an-19-yen-bai\\compositions\\caption-track.html",
        "bbox": {
          "x": 0,
          "y": 0,
          "width": 0,
          "height": 0
        },
        "time": 0,
        "fixHint": "Add a stable, human-readable id such as id=\"hero-title\" or id=\"scene-1-card\" to every timeline-visible element you want agents or Studio to edit."
      },
      {
        "code": "studio_missing_editable_id",
        "severity": "warning",
        "message": "<div class=\"caption-page\" data-start=\"185.550000\"> has no id, so Studio cannot use a stable edit target for its timeline and canvas controls.",
        "selector": "[data-composition-id]",
        "dataAttributes": {},
        "sourceFile": "C:\\vox-style-xe-giay-v1-hyperframes\\hyperframes\\videos\\ban-an-19-yen-bai\\compositions\\caption-track.html",
        "bbox": {
          "x": 0,
          "y": 0,
          "width": 0,
          "height": 0
        },
        "time": 0,
        "fixHint": "Add a stable, human-readable id such as id=\"hero-title\" or id=\"scene-1-card\" to every timeline-visible element you want agents or Studio to edit."
      },
      {
        "code": "studio_missing_editable_id",
        "severity": "warning",
        "message": "<div class=\"caption-page\" data-start=\"186.300000\"> has no id, so Studio cannot use a stable edit target for its timeline and canvas controls.",
        "selector": "[data-composition-id]",
        "dataAttributes": {},
        "sourceFile": "C:\\vox-style-xe-giay-v1-hyperframes\\hyperframes\\videos\\ban-an-19-yen-bai\\compositions\\caption-track.html",
        "bbox": {
          "x": 0,
          "y": 0,
          "width": 0,
          "height": 0
        },
        "time": 0,
        "fixHint": "Add a stable, human-readable id such as id=\"hero-title\" or id=\"scene-1-card\" to every timeline-visible element you want agents or Studio to edit."
      },
      {
        "code": "studio_missing_editable_id",
        "severity": "warning",
        "message": "<div class=\"caption-page\" data-start=\"187.100000\"> has no id, so Studio cannot use a stable edit target for its timeline and canvas controls.",
        "selector": "[data-composition-id]",
        "dataAttributes": {},
        "sourceFile": "C:\\vox-style-xe-giay-v1-hyperframes\\hyperframes\\videos\\ban-an-19-yen-bai\\compositions\\caption-track.html",
        "bbox": {
          "x": 0,
          "y": 0,
          "width": 0,
          "height": 0
        },
        "time": 0,
        "fixHint": "Add a stable, human-readable id such as id=\"hero-title\" or id=\"scene-1-card\" to every timeline-visible element you want agents or Studio to edit."
      },
      {
        "code": "studio_missing_editable_id",
        "severity": "warning",
        "message": "<div class=\"caption-page\" data-start=\"187.820000\"> has no id, so Studio cannot use a stable edit target for its timeline and canvas controls.",
        "selector": "[data-composition-id]",
        "dataAttributes": {},
        "sourceFile": "C:\\vox-style-xe-giay-v1-hyperframes\\hyperframes\\videos\\ban-an-19-yen-bai\\compositions\\caption-track.html",
        "bbox": {
          "x": 0,
          "y": 0,
          "width": 0,
          "height": 0
        },
        "time": 0,
        "fixHint": "Add a stable, human-readable id such as id=\"hero-title\" or id=\"scene-1-card\" to every timeline-visible element you want agents or Studio to edit."
      },
      {
        "code": "studio_missing_editable_id",
        "severity": "warning",
        "message": "<div class=\"caption-page\" data-start=\"189.180000\"> has no id, so Studio cannot use a stable edit target for its timeline and canvas controls.",
        "selector": "[data-composition-id]",
        "dataAttributes": {},
        "sourceFile": "C:\\vox-style-xe-giay-v1-hyperframes\\hyperframes\\videos\\ban-an-19-yen-bai\\compositions\\caption-track.html",
        "bbox": {
          "x": 0,
          "y": 0,
          "width": 0,
          "height": 0
        },
        "time": 0,
        "fixHint": "Add a stable, human-readable id such as id=\"hero-title\" or id=\"scene-1-card\" to every timeline-visible element you want agents or Studio to edit."
      },
      {
        "code": "studio_missing_editable_id",
        "severity": "warning",
        "message": "<div class=\"caption-page\" data-start=\"189.880000\"> has no id, so Studio cannot use a stable edit target for its timeline and canvas controls.",
        "selector": "[data-composition-id]",
        "dataAttributes": {},
        "sourceFile": "C:\\vox-style-xe-giay-v1-hyperframes\\hyperframes\\videos\\ban-an-19-yen-bai\\compositions\\caption-track.html",
        "bbox": {
          "x": 0,
          "y": 0,
          "width": 0,
          "height": 0
        },
        "time": 0,
        "fixHint": "Add a stable, human-readable id such as id=\"hero-title\" or id=\"scene-1-card\" to every timeline-visible element you want agents or Studio to edit."
      },
      {
        "code": "studio_missing_editable_id",
        "severity": "warning",
        "message": "<div class=\"caption-page\" data-start=\"190.620000\"> has no id, so Studio cannot use a stable edit target for its timeline and canvas controls.",
        "selector": "[data-composition-id]",
        "dataAttributes": {},
        "sourceFile": "C:\\vox-style-xe-giay-v1-hyperframes\\hyperframes\\videos\\ban-an-19-yen-bai\\compositions\\caption-track.html",
        "bbox": {
          "x": 0,
          "y": 0,
          "width": 0,
          "height": 0
        },
        "time": 0,
        "fixHint": "Add a stable, human-readable id such as id=\"hero-title\" or id=\"scene-1-card\" to every timeline-visible element you want agents or Studio to edit."
      },
      {
        "code": "studio_missing_editable_id",
        "severity": "warning",
        "message": "<div class=\"caption-page\" data-start=\"191.330000\"> has no id, so Studio cannot use a stable edit target for its timeline and canvas controls.",
        "selector": "[data-composition-id]",
        "dataAttributes": {},
        "sourceFile": "C:\\vox-style-xe-giay-v1-hyperframes\\hyperframes\\videos\\ban-an-19-yen-bai\\compositions\\caption-track.html",
        "bbox": {
          "x": 0,
          "y": 0,
          "width": 0,
          "height": 0
        },
        "time": 0,
        "fixHint": "Add a stable, human-readable id such as id=\"hero-title\" or id=\"scene-1-card\" to every timeline-visible element you want agents or Studio to edit."
      },
      {
        "code": "studio_missing_editable_id",
        "severity": "warning",
        "message": "<div class=\"caption-page\" data-start=\"192.500000\"> has no id, so Studio cannot use a stable edit target for its timeline and canvas controls.",
        "selector": "[data-composition-id]",
        "dataAttributes": {},
        "sourceFile": "C:\\vox-style-xe-giay-v1-hyperframes\\hyperframes\\videos\\ban-an-19-yen-bai\\compositions\\caption-track.html",
        "bbox": {
          "x": 0,
          "y": 0,
          "width": 0,
          "height": 0
        },
        "time": 0,
        "fixHint": "Add a stable, human-readable id such as id=\"hero-title\" or id=\"scene-1-card\" to every timeline-visible element you want agents or Studio to edit."
      },
      {
        "code": "studio_missing_editable_id",
        "severity": "warning",
        "message": "<div class=\"caption-page\" data-start=\"193.320000\"> has no id, so Studio cannot use a stable edit target for its timeline and canvas controls.",
        "selector": "[data-composition-id]",
        "dataAttributes": {},
        "sourceFile": "C:\\vox-style-xe-giay-v1-hyperframes\\hyperframes\\videos\\ban-an-19-yen-bai\\compositions\\caption-track.html",
        "bbox": {
          "x": 0,
          "y": 0,
          "width": 0,
          "height": 0
        },
        "time": 0,
        "fixHint": "Add a stable, human-readable id such as id=\"hero-title\" or id=\"scene-1-card\" to every timeline-visible element you want agents or Studio to edit."
      },
      {
        "code": "studio_missing_editable_id",
        "severity": "warning",
        "message": "<div class=\"caption-page\" data-start=\"193.950000\"> has no id, so Studio cannot use a stable edit target for its timeline and canvas controls.",
        "selector": "[data-composition-id]",
        "dataAttributes": {},
        "sourceFile": "C:\\vox-style-xe-giay-v1-hyperframes\\hyperframes\\videos\\ban-an-19-yen-bai\\compositions\\caption-track.html",
        "bbox": {
          "x": 0,
          "y": 0,
          "width": 0,
          "height": 0
        },
        "time": 0,
        "fixHint": "Add a stable, human-readable id such as id=\"hero-title\" or id=\"scene-1-card\" to every timeline-visible element you want agents or Studio to edit."
      },
      {
        "code": "studio_missing_editable_id",
        "severity": "warning",
        "message": "<div class=\"caption-page\" data-start=\"194.780000\"> has no id, so Studio cannot use a stable edit target for its timeline and canvas controls.",
        "selector": "[data-composition-id]",
        "dataAttributes": {},
        "sourceFile": "C:\\vox-style-xe-giay-v1-hyperframes\\hyperframes\\videos\\ban-an-19-yen-bai\\compositions\\caption-track.html",
        "bbox": {
          "x": 0,
          "y": 0,
          "width": 0,
          "height": 0
        },
        "time": 0,
        "fixHint": "Add a stable, human-readable id such as id=\"hero-title\" or id=\"scene-1-card\" to every timeline-visible element you want agents or Studio to edit."
      },
      {
        "code": "studio_missing_editable_id",
        "severity": "warning",
        "message": "<div class=\"caption-page\" data-start=\"195.900000\"> has no id, so Studio cannot use a stable edit target for its timeline and canvas controls.",
        "selector": "[data-composition-id]",
        "dataAttributes": {},
        "sourceFile": "C:\\vox-style-xe-giay-v1-hyperframes\\hyperframes\\videos\\ban-an-19-yen-bai\\compositions\\caption-track.html",
        "bbox": {
          "x": 0,
          "y": 0,
          "width": 0,
          "height": 0
        },
        "time": 0,
        "fixHint": "Add a stable, human-readable id such as id=\"hero-title\" or id=\"scene-1-card\" to every timeline-visible element you want agents or Studio to edit."
      },
      {
        "code": "studio_missing_editable_id",
        "severity": "warning",
        "message": "<div class=\"caption-page\" data-start=\"197.070000\"> has no id, so Studio cannot use a stable edit target for its timeline and canvas controls.",
        "selector": "[data-composition-id]",
        "dataAttributes": {},
        "sourceFile": "C:\\vox-style-xe-giay-v1-hyperframes\\hyperframes\\videos\\ban-an-19-yen-bai\\compositions\\caption-track.html",
        "bbox": {
          "x": 0,
          "y": 0,
          "width": 0,
          "height": 0
        },
        "time": 0,
        "fixHint": "Add a stable, human-readable id such as id=\"hero-title\" or id=\"scene-1-card\" to every timeline-visible element you want agents or Studio to edit."
      },
      {
        "code": "studio_missing_editable_id",
        "severity": "warning",
        "message": "<div class=\"caption-page\" data-start=\"198.190000\"> has no id, so Studio cannot use a stable edit target for its timeline and canvas controls.",
        "selector": "[data-composition-id]",
        "dataAttributes": {},
        "sourceFile": "C:\\vox-style-xe-giay-v1-hyperframes\\hyperframes\\videos\\ban-an-19-yen-bai\\compositions\\caption-track.html",
        "bbox": {
          "x": 0,
          "y": 0,
          "width": 0,
          "height": 0
        },
        "time": 0,
        "fixHint": "Add a stable, human-readable id such as id=\"hero-title\" or id=\"scene-1-card\" to every timeline-visible element you want agents or Studio to edit."
      },
      {
        "code": "studio_missing_editable_id",
        "severity": "warning",
        "message": "<div class=\"caption-page\" data-start=\"198.900000\"> has no id, so Studio cannot use a stable edit target for its timeline and canvas controls.",
        "selector": "[data-composition-id]",
        "dataAttributes": {},
        "sourceFile": "C:\\vox-style-xe-giay-v1-hyperframes\\hyperframes\\videos\\ban-an-19-yen-bai\\compositions\\caption-track.html",
        "bbox": {
          "x": 0,
          "y": 0,
          "width": 0,
          "height": 0
        },
        "time": 0,
        "fixHint": "Add a stable, human-readable id such as id=\"hero-title\" or id=\"scene-1-card\" to every timeline-visible element you want agents or Studio to edit."
      },
      {
        "code": "studio_missing_editable_id",
        "severity": "warning",
        "message": "<div class=\"caption-page\" data-start=\"199.930000\"> has no id, so Studio cannot use a stable edit target for its timeline and canvas controls.",
        "selector": "[data-composition-id]",
        "dataAttributes": {},
        "sourceFile": "C:\\vox-style-xe-giay-v1-hyperframes\\hyperframes\\videos\\ban-an-19-yen-bai\\compositions\\caption-track.html",
        "bbox": {
          "x": 0,
          "y": 0,
          "width": 0,
          "height": 0
        },
        "time": 0,
        "fixHint": "Add a stable, human-readable id such as id=\"hero-title\" or id=\"scene-1-card\" to every timeline-visible element you want agents or Studio to edit."
      },
      {
        "code": "studio_missing_editable_id",
        "severity": "warning",
        "message": "<div class=\"caption-page\" data-start=\"200.540000\"> has no id, so Studio cannot use a stable edit target for its timeline and canvas controls.",
        "selector": "[data-composition-id]",
        "dataAttributes": {},
        "sourceFile": "C:\\vox-style-xe-giay-v1-hyperframes\\hyperframes\\videos\\ban-an-19-yen-bai\\compositions\\caption-track.html",
        "bbox": {
          "x": 0,
          "y": 0,
          "width": 0,
          "height": 0
        },
        "time": 0,
        "fixHint": "Add a stable, human-readable id such as id=\"hero-title\" or id=\"scene-1-card\" to every timeline-visible element you want agents or Studio to edit."
      },
      {
        "code": "studio_missing_editable_id",
        "severity": "warning",
        "message": "<div class=\"caption-page\" data-start=\"201.570000\"> has no id, so Studio cannot use a stable edit target for its timeline and canvas controls.",
        "selector": "[data-composition-id]",
        "dataAttributes": {},
        "sourceFile": "C:\\vox-style-xe-giay-v1-hyperframes\\hyperframes\\videos\\ban-an-19-yen-bai\\compositions\\caption-track.html",
        "bbox": {
          "x": 0,
          "y": 0,
          "width": 0,
          "height": 0
        },
        "time": 0,
        "fixHint": "Add a stable, human-readable id such as id=\"hero-title\" or id=\"scene-1-card\" to every timeline-visible element you want agents or Studio to edit."
      },
      {
        "code": "studio_missing_editable_id",
        "severity": "warning",
        "message": "<div class=\"caption-page\" data-start=\"202.600000\"> has no id, so Studio cannot use a stable edit target for its timeline and canvas controls.",
        "selector": "[data-composition-id]",
        "dataAttributes": {},
        "sourceFile": "C:\\vox-style-xe-giay-v1-hyperframes\\hyperframes\\videos\\ban-an-19-yen-bai\\compositions\\caption-track.html",
        "bbox": {
          "x": 0,
          "y": 0,
          "width": 0,
          "height": 0
        },
        "time": 0,
        "fixHint": "Add a stable, human-readable id such as id=\"hero-title\" or id=\"scene-1-card\" to every timeline-visible element you want agents or Studio to edit."
      },
      {
        "code": "studio_missing_editable_id",
        "severity": "warning",
        "message": "<div class=\"caption-page\" data-start=\"203.870000\"> has no id, so Studio cannot use a stable edit target for its timeline and canvas controls.",
        "selector": "[data-composition-id]",
        "dataAttributes": {},
        "sourceFile": "C:\\vox-style-xe-giay-v1-hyperframes\\hyperframes\\videos\\ban-an-19-yen-bai\\compositions\\caption-track.html",
        "bbox": {
          "x": 0,
          "y": 0,
          "width": 0,
          "height": 0
        },
        "time": 0,
        "fixHint": "Add a stable, human-readable id such as id=\"hero-title\" or id=\"scene-1-card\" to every timeline-visible element you want agents or Studio to edit."
      },
      {
        "code": "studio_missing_editable_id",
        "severity": "warning",
        "message": "<div class=\"caption-page\" data-start=\"204.760000\"> has no id, so Studio cannot use a stable edit target for its timeline and canvas controls.",
        "selector": "[data-composition-id]",
        "dataAttributes": {},
        "sourceFile": "C:\\vox-style-xe-giay-v1-hyperframes\\hyperframes\\videos\\ban-an-19-yen-bai\\compositions\\caption-track.html",
        "bbox": {
          "x": 0,
          "y": 0,
          "width": 0,
          "height": 0
        },
        "time": 0,
        "fixHint": "Add a stable, human-readable id such as id=\"hero-title\" or id=\"scene-1-card\" to every timeline-visible element you want agents or Studio to edit."
      },
      {
        "code": "studio_missing_editable_id",
        "severity": "warning",
        "message": "<div class=\"caption-page\" data-start=\"205.840000\"> has no id, so Studio cannot use a stable edit target for its timeline and canvas controls.",
        "selector": "[data-composition-id]",
        "dataAttributes": {},
        "sourceFile": "C:\\vox-style-xe-giay-v1-hyperframes\\hyperframes\\videos\\ban-an-19-yen-bai\\compositions\\caption-track.html",
        "bbox": {
          "x": 0,
          "y": 0,
          "width": 0,
          "height": 0
        },
        "time": 0,
        "fixHint": "Add a stable, human-readable id such as id=\"hero-title\" or id=\"scene-1-card\" to every timeline-visible element you want agents or Studio to edit."
      },
      {
        "code": "studio_missing_editable_id",
        "severity": "warning",
        "message": "<div class=\"caption-page\" data-start=\"206.740000\"> has no id, so Studio cannot use a stable edit target for its timeline and canvas controls.",
        "selector": "[data-composition-id]",
        "dataAttributes": {},
        "sourceFile": "C:\\vox-style-xe-giay-v1-hyperframes\\hyperframes\\videos\\ban-an-19-yen-bai\\compositions\\caption-track.html",
        "bbox": {
          "x": 0,
          "y": 0,
          "width": 0,
          "height": 0
        },
        "time": 0,
        "fixHint": "Add a stable, human-readable id such as id=\"hero-title\" or id=\"scene-1-card\" to every timeline-visible element you want agents or Studio to edit."
      },
      {
        "code": "studio_missing_editable_id",
        "severity": "warning",
        "message": "<div class=\"caption-page\" data-start=\"207.100000\"> has no id, so Studio cannot use a stable edit target for its timeline and canvas controls.",
        "selector": "[data-composition-id]",
        "dataAttributes": {},
        "sourceFile": "C:\\vox-style-xe-giay-v1-hyperframes\\hyperframes\\videos\\ban-an-19-yen-bai\\compositions\\caption-track.html",
        "bbox": {
          "x": 0,
          "y": 0,
          "width": 0,
          "height": 0
        },
        "time": 0,
        "fixHint": "Add a stable, human-readable id such as id=\"hero-title\" or id=\"scene-1-card\" to every timeline-visible element you want agents or Studio to edit."
      },
      {
        "code": "studio_missing_editable_id",
        "severity": "warning",
        "message": "<div class=\"caption-page\" data-start=\"208.080000\"> has no id, so Studio cannot use a stable edit target for its timeline and canvas controls.",
        "selector": "[data-composition-id]",
        "dataAttributes": {},
        "sourceFile": "C:\\vox-style-xe-giay-v1-hyperframes\\hyperframes\\videos\\ban-an-19-yen-bai\\compositions\\caption-track.html",
        "bbox": {
          "x": 0,
          "y": 0,
          "width": 0,
          "height": 0
        },
        "time": 0,
        "fixHint": "Add a stable, human-readable id such as id=\"hero-title\" or id=\"scene-1-card\" to every timeline-visible element you want agents or Studio to edit."
      },
      {
        "code": "studio_missing_editable_id",
        "severity": "warning",
        "message": "<div class=\"caption-page\" data-start=\"208.860000\"> has no id, so Studio cannot use a stable edit target for its timeline and canvas controls.",
        "selector": "[data-composition-id]",
        "dataAttributes": {},
        "sourceFile": "C:\\vox-style-xe-giay-v1-hyperframes\\hyperframes\\videos\\ban-an-19-yen-bai\\compositions\\caption-track.html",
        "bbox": {
          "x": 0,
          "y": 0,
          "width": 0,
          "height": 0
        },
        "time": 0,
        "fixHint": "Add a stable, human-readable id such as id=\"hero-title\" or id=\"scene-1-card\" to every timeline-visible element you want agents or Studio to edit."
      },
      {
        "code": "studio_missing_editable_id",
        "severity": "warning",
        "message": "<div class=\"caption-page\" data-start=\"209.920000\"> has no id, so Studio cannot use a stable edit target for its timeline and canvas controls.",
        "selector": "[data-composition-id]",
        "dataAttributes": {},
        "sourceFile": "C:\\vox-style-xe-giay-v1-hyperframes\\hyperframes\\videos\\ban-an-19-yen-bai\\compositions\\caption-track.html",
        "bbox": {
          "x": 0,
          "y": 0,
          "width": 0,
          "height": 0
        },
        "time": 0,
        "fixHint": "Add a stable, human-readable id such as id=\"hero-title\" or id=\"scene-1-card\" to every timeline-visible element you want agents or Studio to edit."
      },
      {
        "code": "studio_missing_editable_id",
        "severity": "warning",
        "message": "<div class=\"caption-page\" data-start=\"210.790000\"> has no id, so Studio cannot use a stable edit target for its timeline and canvas controls.",
        "selector": "[data-composition-id]",
        "dataAttributes": {},
        "sourceFile": "C:\\vox-style-xe-giay-v1-hyperframes\\hyperframes\\videos\\ban-an-19-yen-bai\\compositions\\caption-track.html",
        "bbox": {
          "x": 0,
          "y": 0,
          "width": 0,
          "height": 0
        },
        "time": 0,
        "fixHint": "Add a stable, human-readable id such as id=\"hero-title\" or id=\"scene-1-card\" to every timeline-visible element you want agents or Studio to edit."
      },
      {
        "code": "studio_missing_editable_id",
        "severity": "warning",
        "message": "<div class=\"caption-page\" data-start=\"212.010000\"> has no id, so Studio cannot use a stable edit target for its timeline and canvas controls.",
        "selector": "[data-composition-id]",
        "dataAttributes": {},
        "sourceFile": "C:\\vox-style-xe-giay-v1-hyperframes\\hyperframes\\videos\\ban-an-19-yen-bai\\compositions\\caption-track.html",
        "bbox": {
          "x": 0,
          "y": 0,
          "width": 0,
          "height": 0
        },
        "time": 0,
        "fixHint": "Add a stable, human-readable id such as id=\"hero-title\" or id=\"scene-1-card\" to every timeline-visible element you want agents or Studio to edit."
      },
      {
        "code": "studio_missing_editable_id",
        "severity": "warning",
        "message": "<div class=\"caption-page\" data-start=\"212.890000\"> has no id, so Studio cannot use a stable edit target for its timeline and canvas controls.",
        "selector": "[data-composition-id]",
        "dataAttributes": {},
        "sourceFile": "C:\\vox-style-xe-giay-v1-hyperframes\\hyperframes\\videos\\ban-an-19-yen-bai\\compositions\\caption-track.html",
        "bbox": {
          "x": 0,
          "y": 0,
          "width": 0,
          "height": 0
        },
        "time": 0,
        "fixHint": "Add a stable, human-readable id such as id=\"hero-title\" or id=\"scene-1-card\" to every timeline-visible element you want agents or Studio to edit."
      },
      {
        "code": "studio_missing_editable_id",
        "severity": "warning",
        "message": "<div class=\"caption-page\" data-start=\"213.900000\"> has no id, so Studio cannot use a stable edit target for its timeline and canvas controls.",
        "selector": "[data-composition-id]",
        "dataAttributes": {},
        "sourceFile": "C:\\vox-style-xe-giay-v1-hyperframes\\hyperframes\\videos\\ban-an-19-yen-bai\\compositions\\caption-track.html",
        "bbox": {
          "x": 0,
          "y": 0,
          "width": 0,
          "height": 0
        },
        "time": 0,
        "fixHint": "Add a stable, human-readable id such as id=\"hero-title\" or id=\"scene-1-card\" to every timeline-visible element you want agents or Studio to edit."
      },
      {
        "code": "studio_missing_editable_id",
        "severity": "warning",
        "message": "<div class=\"caption-page\" data-start=\"214.680000\"> has no id, so Studio cannot use a stable edit target for its timeline and canvas controls.",
        "selector": "[data-composition-id]",
        "dataAttributes": {},
        "sourceFile": "C:\\vox-style-xe-giay-v1-hyperframes\\hyperframes\\videos\\ban-an-19-yen-bai\\compositions\\caption-track.html",
        "bbox": {
          "x": 0,
          "y": 0,
          "width": 0,
          "height": 0
        },
        "time": 0,
        "fixHint": "Add a stable, human-readable id such as id=\"hero-title\" or id=\"scene-1-card\" to every timeline-visible element you want agents or Studio to edit."
      },
      {
        "code": "studio_missing_editable_id",
        "severity": "warning",
        "message": "<div class=\"caption-page\" data-start=\"215.540000\"> has no id, so Studio cannot use a stable edit target for its timeline and canvas controls.",
        "selector": "[data-composition-id]",
        "dataAttributes": {},
        "sourceFile": "C:\\vox-style-xe-giay-v1-hyperframes\\hyperframes\\videos\\ban-an-19-yen-bai\\compositions\\caption-track.html",
        "bbox": {
          "x": 0,
          "y": 0,
          "width": 0,
          "height": 0
        },
        "time": 0,
        "fixHint": "Add a stable, human-readable id such as id=\"hero-title\" or id=\"scene-1-card\" to every timeline-visible element you want agents or Studio to edit."
      },
      {
        "code": "studio_missing_editable_id",
        "severity": "warning",
        "message": "<div class=\"caption-page\" data-start=\"216.420000\"> has no id, so Studio cannot use a stable edit target for its timeline and canvas controls.",
        "selector": "[data-composition-id]",
        "dataAttributes": {},
        "sourceFile": "C:\\vox-style-xe-giay-v1-hyperframes\\hyperframes\\videos\\ban-an-19-yen-bai\\compositions\\caption-track.html",
        "bbox": {
          "x": 0,
          "y": 0,
          "width": 0,
          "height": 0
        },
        "time": 0,
        "fixHint": "Add a stable, human-readable id such as id=\"hero-title\" or id=\"scene-1-card\" to every timeline-visible element you want agents or Studio to edit."
      },
      {
        "code": "studio_missing_editable_id",
        "severity": "warning",
        "message": "<div class=\"caption-page\" data-start=\"217.440000\"> has no id, so Studio cannot use a stable edit target for its timeline and canvas controls.",
        "selector": "[data-composition-id]",
        "dataAttributes": {},
        "sourceFile": "C:\\vox-style-xe-giay-v1-hyperframes\\hyperframes\\videos\\ban-an-19-yen-bai\\compositions\\caption-track.html",
        "bbox": {
          "x": 0,
          "y": 0,
          "width": 0,
          "height": 0
        },
        "time": 0,
        "fixHint": "Add a stable, human-readable id such as id=\"hero-title\" or id=\"scene-1-card\" to every timeline-visible element you want agents or Studio to edit."
      },
      {
        "code": "studio_missing_editable_id",
        "severity": "warning",
        "message": "<div class=\"caption-page\" data-start=\"218.160000\"> has no id, so Studio cannot use a stable edit target for its timeline and canvas controls.",
        "selector": "[data-composition-id]",
        "dataAttributes": {},
        "sourceFile": "C:\\vox-style-xe-giay-v1-hyperframes\\hyperframes\\videos\\ban-an-19-yen-bai\\compositions\\caption-track.html",
        "bbox": {
          "x": 0,
          "y": 0,
          "width": 0,
          "height": 0
        },
        "time": 0,
        "fixHint": "Add a stable, human-readable id such as id=\"hero-title\" or id=\"scene-1-card\" to every timeline-visible element you want agents or Studio to edit."
      },
      {
        "code": "studio_missing_editable_id",
        "severity": "warning",
        "message": "<div class=\"caption-page\" data-start=\"219.200000\"> has no id, so Studio cannot use a stable edit target for its timeline and canvas controls.",
        "selector": "[data-composition-id]",
        "dataAttributes": {},
        "sourceFile": "C:\\vox-style-xe-giay-v1-hyperframes\\hyperframes\\videos\\ban-an-19-yen-bai\\compositions\\caption-track.html",
        "bbox": {
          "x": 0,
          "y": 0,
          "width": 0,
          "height": 0
        },
        "time": 0,
        "fixHint": "Add a stable, human-readable id such as id=\"hero-title\" or id=\"scene-1-card\" to every timeline-visible element you want agents or Studio to edit."
      },
      {
        "code": "studio_missing_editable_id",
        "severity": "warning",
        "message": "<div class=\"caption-page\" data-start=\"220.100000\"> has no id, so Studio cannot use a stable edit target for its timeline and canvas controls.",
        "selector": "[data-composition-id]",
        "dataAttributes": {},
        "sourceFile": "C:\\vox-style-xe-giay-v1-hyperframes\\hyperframes\\videos\\ban-an-19-yen-bai\\compositions\\caption-track.html",
        "bbox": {
          "x": 0,
          "y": 0,
          "width": 0,
          "height": 0
        },
        "time": 0,
        "fixHint": "Add a stable, human-readable id such as id=\"hero-title\" or id=\"scene-1-card\" to every timeline-visible element you want agents or Studio to edit."
      },
      {
        "code": "studio_missing_editable_id",
        "severity": "warning",
        "message": "<div class=\"caption-page\" data-start=\"221.660000\"> has no id, so Studio cannot use a stable edit target for its timeline and canvas controls.",
        "selector": "[data-composition-id]",
        "dataAttributes": {},
        "sourceFile": "C:\\vox-style-xe-giay-v1-hyperframes\\hyperframes\\videos\\ban-an-19-yen-bai\\compositions\\caption-track.html",
        "bbox": {
          "x": 0,
          "y": 0,
          "width": 0,
          "height": 0
        },
        "time": 0,
        "fixHint": "Add a stable, human-readable id such as id=\"hero-title\" or id=\"scene-1-card\" to every timeline-visible element you want agents or Studio to edit."
      },
      {
        "code": "studio_missing_editable_id",
        "severity": "warning",
        "message": "<div class=\"caption-page\" data-start=\"222.630000\"> has no id, so Studio cannot use a stable edit target for its timeline and canvas controls.",
        "selector": "[data-composition-id]",
        "dataAttributes": {},
        "sourceFile": "C:\\vox-style-xe-giay-v1-hyperframes\\hyperframes\\videos\\ban-an-19-yen-bai\\compositions\\caption-track.html",
        "bbox": {
          "x": 0,
          "y": 0,
          "width": 0,
          "height": 0
        },
        "time": 0,
        "fixHint": "Add a stable, human-readable id such as id=\"hero-title\" or id=\"scene-1-card\" to every timeline-visible element you want agents or Studio to edit."
      },
      {
        "code": "studio_missing_editable_id",
        "severity": "warning",
        "message": "<div class=\"caption-page\" data-start=\"223.680000\"> has no id, so Studio cannot use a stable edit target for its timeline and canvas controls.",
        "selector": "[data-composition-id]",
        "dataAttributes": {},
        "sourceFile": "C:\\vox-style-xe-giay-v1-hyperframes\\hyperframes\\videos\\ban-an-19-yen-bai\\compositions\\caption-track.html",
        "bbox": {
          "x": 0,
          "y": 0,
          "width": 0,
          "height": 0
        },
        "time": 0,
        "fixHint": "Add a stable, human-readable id such as id=\"hero-title\" or id=\"scene-1-card\" to every timeline-visible element you want agents or Studio to edit."
      },
      {
        "code": "studio_missing_editable_id",
        "severity": "warning",
        "message": "<div class=\"caption-page\" data-start=\"224.630000\"> has no id, so Studio cannot use a stable edit target for its timeline and canvas controls.",
        "selector": "[data-composition-id]",
        "dataAttributes": {},
        "sourceFile": "C:\\vox-style-xe-giay-v1-hyperframes\\hyperframes\\videos\\ban-an-19-yen-bai\\compositions\\caption-track.html",
        "bbox": {
          "x": 0,
          "y": 0,
          "width": 0,
          "height": 0
        },
        "time": 0,
        "fixHint": "Add a stable, human-readable id such as id=\"hero-title\" or id=\"scene-1-card\" to every timeline-visible element you want agents or Studio to edit."
      },
      {
        "code": "studio_missing_editable_id",
        "severity": "warning",
        "message": "<div class=\"caption-page\" data-start=\"225.730000\"> has no id, so Studio cannot use a stable edit target for its timeline and canvas controls.",
        "selector": "[data-composition-id]",
        "dataAttributes": {},
        "sourceFile": "C:\\vox-style-xe-giay-v1-hyperframes\\hyperframes\\videos\\ban-an-19-yen-bai\\compositions\\caption-track.html",
        "bbox": {
          "x": 0,
          "y": 0,
          "width": 0,
          "height": 0
        },
        "time": 0,
        "fixHint": "Add a stable, human-readable id such as id=\"hero-title\" or id=\"scene-1-card\" to every timeline-visible element you want agents or Studio to edit."
      },
      {
        "code": "studio_missing_editable_id",
        "severity": "warning",
        "message": "<div class=\"caption-page\" data-start=\"226.140000\"> has no id, so Studio cannot use a stable edit target for its timeline and canvas controls.",
        "selector": "[data-composition-id]",
        "dataAttributes": {},
        "sourceFile": "C:\\vox-style-xe-giay-v1-hyperframes\\hyperframes\\videos\\ban-an-19-yen-bai\\compositions\\caption-track.html",
        "bbox": {
          "x": 0,
          "y": 0,
          "width": 0,
          "height": 0
        },
        "time": 0,
        "fixHint": "Add a stable, human-readable id such as id=\"hero-title\" or id=\"scene-1-card\" to every timeline-visible element you want agents or Studio to edit."
      },
      {
        "code": "studio_missing_editable_id",
        "severity": "warning",
        "message": "<div class=\"caption-page\" data-start=\"227.440000\"> has no id, so Studio cannot use a stable edit target for its timeline and canvas controls.",
        "selector": "[data-composition-id]",
        "dataAttributes": {},
        "sourceFile": "C:\\vox-style-xe-giay-v1-hyperframes\\hyperframes\\videos\\ban-an-19-yen-bai\\compositions\\caption-track.html",
        "bbox": {
          "x": 0,
          "y": 0,
          "width": 0,
          "height": 0
        },
        "time": 0,
        "fixHint": "Add a stable, human-readable id such as id=\"hero-title\" or id=\"scene-1-card\" to every timeline-visible element you want agents or Studio to edit."
      },
      {
        "code": "studio_missing_editable_id",
        "severity": "warning",
        "message": "<div class=\"caption-page\" data-start=\"228.380000\"> has no id, so Studio cannot use a stable edit target for its timeline and canvas controls.",
        "selector": "[data-composition-id]",
        "dataAttributes": {},
        "sourceFile": "C:\\vox-style-xe-giay-v1-hyperframes\\hyperframes\\videos\\ban-an-19-yen-bai\\compositions\\caption-track.html",
        "bbox": {
          "x": 0,
          "y": 0,
          "width": 0,
          "height": 0
        },
        "time": 0,
        "fixHint": "Add a stable, human-readable id such as id=\"hero-title\" or id=\"scene-1-card\" to every timeline-visible element you want agents or Studio to edit."
      },
      {
        "code": "studio_missing_editable_id",
        "severity": "warning",
        "message": "<div class=\"caption-page\" data-start=\"229.164000\"> has no id, so Studio cannot use a stable edit target for its timeline and canvas controls.",
        "selector": "[data-composition-id]",
        "dataAttributes": {},
        "sourceFile": "C:\\vox-style-xe-giay-v1-hyperframes\\hyperframes\\videos\\ban-an-19-yen-bai\\compositions\\caption-track.html",
        "bbox": {
          "x": 0,
          "y": 0,
          "width": 0,
          "height": 0
        },
        "time": 0,
        "fixHint": "Add a stable, human-readable id such as id=\"hero-title\" or id=\"scene-1-card\" to every timeline-visible element you want agents or Studio to edit."
      },
      {
        "code": "studio_missing_editable_id",
        "severity": "warning",
        "message": "<div class=\"caption-page\" data-start=\"229.752000\"> has no id, so Studio cannot use a stable edit target for its timeline and canvas controls.",
        "selector": "[data-composition-id]",
        "dataAttributes": {},
        "sourceFile": "C:\\vox-style-xe-giay-v1-hyperframes\\hyperframes\\videos\\ban-an-19-yen-bai\\compositions\\caption-track.html",
        "bbox": {
          "x": 0,
          "y": 0,
          "width": 0,
          "height": 0
        },
        "time": 0,
        "fixHint": "Add a stable, human-readable id such as id=\"hero-title\" or id=\"scene-1-card\" to every timeline-visible element you want agents or Studio to edit."
      },
      {
        "code": "studio_missing_editable_id",
        "severity": "warning",
        "message": "<div class=\"caption-page\" data-start=\"230.570000\"> has no id, so Studio cannot use a stable edit target for its timeline and canvas controls.",
        "selector": "[data-composition-id]",
        "dataAttributes": {},
        "sourceFile": "C:\\vox-style-xe-giay-v1-hyperframes\\hyperframes\\videos\\ban-an-19-yen-bai\\compositions\\caption-track.html",
        "bbox": {
          "x": 0,
          "y": 0,
          "width": 0,
          "height": 0
        },
        "time": 0,
        "fixHint": "Add a stable, human-readable id such as id=\"hero-title\" or id=\"scene-1-card\" to every timeline-visible element you want agents or Studio to edit."
      },
      {
        "code": "studio_missing_editable_id",
        "severity": "warning",
        "message": "<div class=\"caption-page\" data-start=\"231.500000\"> has no id, so Studio cannot use a stable edit target for its timeline and canvas controls.",
        "selector": "[data-composition-id]",
        "dataAttributes": {},
        "sourceFile": "C:\\vox-style-xe-giay-v1-hyperframes\\hyperframes\\videos\\ban-an-19-yen-bai\\compositions\\caption-track.html",
        "bbox": {
          "x": 0,
          "y": 0,
          "width": 0,
          "height": 0
        },
        "time": 0,
        "fixHint": "Add a stable, human-readable id such as id=\"hero-title\" or id=\"scene-1-card\" to every timeline-visible element you want agents or Studio to edit."
      },
      {
        "code": "studio_missing_editable_id",
        "severity": "warning",
        "message": "<div class=\"caption-page\" data-start=\"232.550000\"> has no id, so Studio cannot use a stable edit target for its timeline and canvas controls.",
        "selector": "[data-composition-id]",
        "dataAttributes": {},
        "sourceFile": "C:\\vox-style-xe-giay-v1-hyperframes\\hyperframes\\videos\\ban-an-19-yen-bai\\compositions\\caption-track.html",
        "bbox": {
          "x": 0,
          "y": 0,
          "width": 0,
          "height": 0
        },
        "time": 0,
        "fixHint": "Add a stable, human-readable id such as id=\"hero-title\" or id=\"scene-1-card\" to every timeline-visible element you want agents or Studio to edit."
      },
      {
        "code": "studio_missing_editable_id",
        "severity": "warning",
        "message": "<div class=\"caption-page\" data-start=\"233.710000\"> has no id, so Studio cannot use a stable edit target for its timeline and canvas controls.",
        "selector": "[data-composition-id]",
        "dataAttributes": {},
        "sourceFile": "C:\\vox-style-xe-giay-v1-hyperframes\\hyperframes\\videos\\ban-an-19-yen-bai\\compositions\\caption-track.html",
        "bbox": {
          "x": 0,
          "y": 0,
          "width": 0,
          "height": 0
        },
        "time": 0,
        "fixHint": "Add a stable, human-readable id such as id=\"hero-title\" or id=\"scene-1-card\" to every timeline-visible element you want agents or Studio to edit."
      },
      {
        "code": "studio_missing_editable_id",
        "severity": "warning",
        "message": "<div class=\"caption-page\" data-start=\"234.780000\"> has no id, so Studio cannot use a stable edit target for its timeline and canvas controls.",
        "selector": "[data-composition-id]",
        "dataAttributes": {},
        "sourceFile": "C:\\vox-style-xe-giay-v1-hyperframes\\hyperframes\\videos\\ban-an-19-yen-bai\\compositions\\caption-track.html",
        "bbox": {
          "x": 0,
          "y": 0,
          "width": 0,
          "height": 0
        },
        "time": 0,
        "fixHint": "Add a stable, human-readable id such as id=\"hero-title\" or id=\"scene-1-card\" to every timeline-visible element you want agents or Studio to edit."
      },
      {
        "code": "studio_missing_editable_id",
        "severity": "warning",
        "message": "<div class=\"caption-page\" data-start=\"235.820000\"> has no id, so Studio cannot use a stable edit target for its timeline and canvas controls.",
        "selector": "[data-composition-id]",
        "dataAttributes": {},
        "sourceFile": "C:\\vox-style-xe-giay-v1-hyperframes\\hyperframes\\videos\\ban-an-19-yen-bai\\compositions\\caption-track.html",
        "bbox": {
          "x": 0,
          "y": 0,
          "width": 0,
          "height": 0
        },
        "time": 0,
        "fixHint": "Add a stable, human-readable id such as id=\"hero-title\" or id=\"scene-1-card\" to every timeline-visible element you want agents or Studio to edit."
      },
      {
        "code": "studio_missing_editable_id",
        "severity": "warning",
        "message": "<div class=\"caption-page\" data-start=\"236.960000\"> has no id, so Studio cannot use a stable edit target for its timeline and canvas controls.",
        "selector": "[data-composition-id]",
        "dataAttributes": {},
        "sourceFile": "C:\\vox-style-xe-giay-v1-hyperframes\\hyperframes\\videos\\ban-an-19-yen-bai\\compositions\\caption-track.html",
        "bbox": {
          "x": 0,
          "y": 0,
          "width": 0,
          "height": 0
        },
        "time": 0,
        "fixHint": "Add a stable, human-readable id such as id=\"hero-title\" or id=\"scene-1-card\" to every timeline-visible element you want agents or Studio to edit."
      },
      {
        "code": "studio_missing_editable_id",
        "severity": "warning",
        "message": "<div class=\"caption-page\" data-start=\"238.100000\"> has no id, so Studio cannot use a stable edit target for its timeline and canvas controls.",
        "selector": "[data-composition-id]",
        "dataAttributes": {},
        "sourceFile": "C:\\vox-style-xe-giay-v1-hyperframes\\hyperframes\\videos\\ban-an-19-yen-bai\\compositions\\caption-track.html",
        "bbox": {
          "x": 0,
          "y": 0,
          "width": 0,
          "height": 0
        },
        "time": 0,
        "fixHint": "Add a stable, human-readable id such as id=\"hero-title\" or id=\"scene-1-card\" to every timeline-visible element you want agents or Studio to edit."
      },
      {
        "code": "studio_missing_editable_id",
        "severity": "warning",
        "message": "<div class=\"caption-page\" data-start=\"239.180000\"> has no id, so Studio cannot use a stable edit target for its timeline and canvas controls.",
        "selector": "[data-composition-id]",
        "dataAttributes": {},
        "sourceFile": "C:\\vox-style-xe-giay-v1-hyperframes\\hyperframes\\videos\\ban-an-19-yen-bai\\compositions\\caption-track.html",
        "bbox": {
          "x": 0,
          "y": 0,
          "width": 0,
          "height": 0
        },
        "time": 0,
        "fixHint": "Add a stable, human-readable id such as id=\"hero-title\" or id=\"scene-1-card\" to every timeline-visible element you want agents or Studio to edit."
      },
      {
        "code": "studio_missing_editable_id",
        "severity": "warning",
        "message": "<div class=\"caption-page\" data-start=\"240.500000\"> has no id, so Studio cannot use a stable edit target for its timeline and canvas controls.",
        "selector": "[data-composition-id]",
        "dataAttributes": {},
        "sourceFile": "C:\\vox-style-xe-giay-v1-hyperframes\\hyperframes\\videos\\ban-an-19-yen-bai\\compositions\\caption-track.html",
        "bbox": {
          "x": 0,
          "y": 0,
          "width": 0,
          "height": 0
        },
        "time": 0,
        "fixHint": "Add a stable, human-readable id such as id=\"hero-title\" or id=\"scene-1-card\" to every timeline-visible element you want agents or Studio to edit."
      },
      {
        "code": "studio_missing_editable_id",
        "severity": "warning",
        "message": "<div class=\"caption-page\" data-start=\"241.720000\"> has no id, so Studio cannot use a stable edit target for its timeline and canvas controls.",
        "selector": "[data-composition-id]",
        "dataAttributes": {},
        "sourceFile": "C:\\vox-style-xe-giay-v1-hyperframes\\hyperframes\\videos\\ban-an-19-yen-bai\\compositions\\caption-track.html",
        "bbox": {
          "x": 0,
          "y": 0,
          "width": 0,
          "height": 0
        },
        "time": 0,
        "fixHint": "Add a stable, human-readable id such as id=\"hero-title\" or id=\"scene-1-card\" to every timeline-visible element you want agents or Studio to edit."
      },
      {
        "code": "studio_missing_editable_id",
        "severity": "warning",
        "message": "<div class=\"caption-page\" data-start=\"242.580000\"> has no id, so Studio cannot use a stable edit target for its timeline and canvas controls.",
        "selector": "[data-composition-id]",
        "dataAttributes": {},
        "sourceFile": "C:\\vox-style-xe-giay-v1-hyperframes\\hyperframes\\videos\\ban-an-19-yen-bai\\compositions\\caption-track.html",
        "bbox": {
          "x": 0,
          "y": 0,
          "width": 0,
          "height": 0
        },
        "time": 0,
        "fixHint": "Add a stable, human-readable id such as id=\"hero-title\" or id=\"scene-1-card\" to every timeline-visible element you want agents or Studio to edit."
      },
      {
        "code": "studio_missing_editable_id",
        "severity": "warning",
        "message": "<div class=\"caption-page\" data-start=\"243.680000\"> has no id, so Studio cannot use a stable edit target for its timeline and canvas controls.",
        "selector": "[data-composition-id]",
        "dataAttributes": {},
        "sourceFile": "C:\\vox-style-xe-giay-v1-hyperframes\\hyperframes\\videos\\ban-an-19-yen-bai\\compositions\\caption-track.html",
        "bbox": {
          "x": 0,
          "y": 0,
          "width": 0,
          "height": 0
        },
        "time": 0,
        "fixHint": "Add a stable, human-readable id such as id=\"hero-title\" or id=\"scene-1-card\" to every timeline-visible element you want agents or Studio to edit."
      },
      {
        "code": "studio_missing_editable_id",
        "severity": "warning",
        "message": "<div class=\"caption-page\" data-start=\"244.370000\"> has no id, so Studio cannot use a stable edit target for its timeline and canvas controls.",
        "selector": "[data-composition-id]",
        "dataAttributes": {},
        "sourceFile": "C:\\vox-style-xe-giay-v1-hyperframes\\hyperframes\\videos\\ban-an-19-yen-bai\\compositions\\caption-track.html",
        "bbox": {
          "x": 0,
          "y": 0,
          "width": 0,
          "height": 0
        },
        "time": 0,
        "fixHint": "Add a stable, human-readable id such as id=\"hero-title\" or id=\"scene-1-card\" to every timeline-visible element you want agents or Studio to edit."
      },
      {
        "code": "studio_missing_editable_id",
        "severity": "warning",
        "message": "<div class=\"caption-page\" data-start=\"245.450000\"> has no id, so Studio cannot use a stable edit target for its timeline and canvas controls.",
        "selector": "[data-composition-id]",
        "dataAttributes": {},
        "sourceFile": "C:\\vox-style-xe-giay-v1-hyperframes\\hyperframes\\videos\\ban-an-19-yen-bai\\compositions\\caption-track.html",
        "bbox": {
          "x": 0,
          "y": 0,
          "width": 0,
          "height": 0
        },
        "time": 0,
        "fixHint": "Add a stable, human-readable id such as id=\"hero-title\" or id=\"scene-1-card\" to every timeline-visible element you want agents or Studio to edit."
      },
      {
        "code": "studio_missing_editable_id",
        "severity": "warning",
        "message": "<div class=\"caption-page\" data-start=\"245.820000\"> has no id, so Studio cannot use a stable edit target for its timeline and canvas controls.",
        "selector": "[data-composition-id]",
        "dataAttributes": {},
        "sourceFile": "C:\\vox-style-xe-giay-v1-hyperframes\\hyperframes\\videos\\ban-an-19-yen-bai\\compositions\\caption-track.html",
        "bbox": {
          "x": 0,
          "y": 0,
          "width": 0,
          "height": 0
        },
        "time": 0,
        "fixHint": "Add a stable, human-readable id such as id=\"hero-title\" or id=\"scene-1-card\" to every timeline-visible element you want agents or Studio to edit."
      },
      {
        "code": "studio_missing_editable_id",
        "severity": "warning",
        "message": "<div class=\"caption-page\" data-start=\"246.960000\"> has no id, so Studio cannot use a stable edit target for its timeline and canvas controls.",
        "selector": "[data-composition-id]",
        "dataAttributes": {},
        "sourceFile": "C:\\vox-style-xe-giay-v1-hyperframes\\hyperframes\\videos\\ban-an-19-yen-bai\\compositions\\caption-track.html",
        "bbox": {
          "x": 0,
          "y": 0,
          "width": 0,
          "height": 0
        },
        "time": 0,
        "fixHint": "Add a stable, human-readable id such as id=\"hero-title\" or id=\"scene-1-card\" to every timeline-visible element you want agents or Studio to edit."
      },
      {
        "code": "studio_missing_editable_id",
        "severity": "warning",
        "message": "<div class=\"caption-page\" data-start=\"247.980000\"> has no id, so Studio cannot use a stable edit target for its timeline and canvas controls.",
        "selector": "[data-composition-id]",
        "dataAttributes": {},
        "sourceFile": "C:\\vox-style-xe-giay-v1-hyperframes\\hyperframes\\videos\\ban-an-19-yen-bai\\compositions\\caption-track.html",
        "bbox": {
          "x": 0,
          "y": 0,
          "width": 0,
          "height": 0
        },
        "time": 0,
        "fixHint": "Add a stable, human-readable id such as id=\"hero-title\" or id=\"scene-1-card\" to every timeline-visible element you want agents or Studio to edit."
      },
      {
        "code": "studio_missing_editable_id",
        "severity": "warning",
        "message": "<div class=\"caption-page\" data-start=\"248.780000\"> has no id, so Studio cannot use a stable edit target for its timeline and canvas controls.",
        "selector": "[data-composition-id]",
        "dataAttributes": {},
        "sourceFile": "C:\\vox-style-xe-giay-v1-hyperframes\\hyperframes\\videos\\ban-an-19-yen-bai\\compositions\\caption-track.html",
        "bbox": {
          "x": 0,
          "y": 0,
          "width": 0,
          "height": 0
        },
        "time": 0,
        "fixHint": "Add a stable, human-readable id such as id=\"hero-title\" or id=\"scene-1-card\" to every timeline-visible element you want agents or Studio to edit."
      },
      {
        "code": "studio_missing_editable_id",
        "severity": "warning",
        "message": "<div class=\"caption-page\" data-start=\"249.500000\"> has no id, so Studio cannot use a stable edit target for its timeline and canvas controls.",
        "selector": "[data-composition-id]",
        "dataAttributes": {},
        "sourceFile": "C:\\vox-style-xe-giay-v1-hyperframes\\hyperframes\\videos\\ban-an-19-yen-bai\\compositions\\caption-track.html",
        "bbox": {
          "x": 0,
          "y": 0,
          "width": 0,
          "height": 0
        },
        "time": 0,
        "fixHint": "Add a stable, human-readable id such as id=\"hero-title\" or id=\"scene-1-card\" to every timeline-visible element you want agents or Studio to edit."
      },
      {
        "code": "studio_missing_editable_id",
        "severity": "warning",
        "message": "<div class=\"caption-page\" data-start=\"250.350000\"> has no id, so Studio cannot use a stable edit target for its timeline and canvas controls.",
        "selector": "[data-composition-id]",
        "dataAttributes": {},
        "sourceFile": "C:\\vox-style-xe-giay-v1-hyperframes\\hyperframes\\videos\\ban-an-19-yen-bai\\compositions\\caption-track.html",
        "bbox": {
          "x": 0,
          "y": 0,
          "width": 0,
          "height": 0
        },
        "time": 0,
        "fixHint": "Add a stable, human-readable id such as id=\"hero-title\" or id=\"scene-1-card\" to every timeline-visible element you want agents or Studio to edit."
      },
      {
        "code": "studio_missing_editable_id",
        "severity": "warning",
        "message": "<div class=\"caption-page\" data-start=\"251.280000\"> has no id, so Studio cannot use a stable edit target for its timeline and canvas controls.",
        "selector": "[data-composition-id]",
        "dataAttributes": {},
        "sourceFile": "C:\\vox-style-xe-giay-v1-hyperframes\\hyperframes\\videos\\ban-an-19-yen-bai\\compositions\\caption-track.html",
        "bbox": {
          "x": 0,
          "y": 0,
          "width": 0,
          "height": 0
        },
        "time": 0,
        "fixHint": "Add a stable, human-readable id such as id=\"hero-title\" or id=\"scene-1-card\" to every timeline-visible element you want agents or Studio to edit."
      },
      {
        "code": "studio_missing_editable_id",
        "severity": "warning",
        "message": "<div class=\"caption-page\" data-start=\"252.240000\"> has no id, so Studio cannot use a stable edit target for its timeline and canvas controls.",
        "selector": "[data-composition-id]",
        "dataAttributes": {},
        "sourceFile": "C:\\vox-style-xe-giay-v1-hyperframes\\hyperframes\\videos\\ban-an-19-yen-bai\\compositions\\caption-track.html",
        "bbox": {
          "x": 0,
          "y": 0,
          "width": 0,
          "height": 0
        },
        "time": 0,
        "fixHint": "Add a stable, human-readable id such as id=\"hero-title\" or id=\"scene-1-card\" to every timeline-visible element you want agents or Studio to edit."
      },
      {
        "code": "studio_missing_editable_id",
        "severity": "warning",
        "message": "<div class=\"caption-page\" data-start=\"253.020000\"> has no id, so Studio cannot use a stable edit target for its timeline and canvas controls.",
        "selector": "[data-composition-id]",
        "dataAttributes": {},
        "sourceFile": "C:\\vox-style-xe-giay-v1-hyperframes\\hyperframes\\videos\\ban-an-19-yen-bai\\compositions\\caption-track.html",
        "bbox": {
          "x": 0,
          "y": 0,
          "width": 0,
          "height": 0
        },
        "time": 0,
        "fixHint": "Add a stable, human-readable id such as id=\"hero-title\" or id=\"scene-1-card\" to every timeline-visible element you want agents or Studio to edit."
      },
      {
        "code": "studio_missing_editable_id",
        "severity": "warning",
        "message": "<div class=\"caption-page\" data-start=\"254.120000\"> has no id, so Studio cannot use a stable edit target for its timeline and canvas controls.",
        "selector": "[data-composition-id]",
        "dataAttributes": {},
        "sourceFile": "C:\\vox-style-xe-giay-v1-hyperframes\\hyperframes\\videos\\ban-an-19-yen-bai\\compositions\\caption-track.html",
        "bbox": {
          "x": 0,
          "y": 0,
          "width": 0,
          "height": 0
        },
        "time": 0,
        "fixHint": "Add a stable, human-readable id such as id=\"hero-title\" or id=\"scene-1-card\" to every timeline-visible element you want agents or Studio to edit."
      },
      {
        "code": "studio_missing_editable_id",
        "severity": "warning",
        "message": "<div class=\"caption-page\" data-start=\"254.720000\"> has no id, so Studio cannot use a stable edit target for its timeline and canvas controls.",
        "selector": "[data-composition-id]",
        "dataAttributes": {},
        "sourceFile": "C:\\vox-style-xe-giay-v1-hyperframes\\hyperframes\\videos\\ban-an-19-yen-bai\\compositions\\caption-track.html",
        "bbox": {
          "x": 0,
          "y": 0,
          "width": 0,
          "height": 0
        },
        "time": 0,
        "fixHint": "Add a stable, human-readable id such as id=\"hero-title\" or id=\"scene-1-card\" to every timeline-visible element you want agents or Studio to edit."
      },
      {
        "code": "studio_missing_editable_id",
        "severity": "warning",
        "message": "<div class=\"caption-page\" data-start=\"255.840000\"> has no id, so Studio cannot use a stable edit target for its timeline and canvas controls.",
        "selector": "[data-composition-id]",
        "dataAttributes": {},
        "sourceFile": "C:\\vox-style-xe-giay-v1-hyperframes\\hyperframes\\videos\\ban-an-19-yen-bai\\compositions\\caption-track.html",
        "bbox": {
          "x": 0,
          "y": 0,
          "width": 0,
          "height": 0
        },
        "time": 0,
        "fixHint": "Add a stable, human-readable id such as id=\"hero-title\" or id=\"scene-1-card\" to every timeline-visible element you want agents or Studio to edit."
      },
      {
        "code": "studio_missing_editable_id",
        "severity": "warning",
        "message": "<div class=\"caption-page\" data-start=\"256.650000\"> has no id, so Studio cannot use a stable edit target for its timeline and canvas controls.",
        "selector": "[data-composition-id]",
        "dataAttributes": {},
        "sourceFile": "C:\\vox-style-xe-giay-v1-hyperframes\\hyperframes\\videos\\ban-an-19-yen-bai\\compositions\\caption-track.html",
        "bbox": {
          "x": 0,
          "y": 0,
          "width": 0,
          "height": 0
        },
        "time": 0,
        "fixHint": "Add a stable, human-readable id such as id=\"hero-title\" or id=\"scene-1-card\" to every timeline-visible element you want agents or Studio to edit."
      },
      {
        "code": "studio_missing_editable_id",
        "severity": "warning",
        "message": "<div class=\"caption-page\" data-start=\"257.870000\"> has no id, so Studio cannot use a stable edit target for its timeline and canvas controls.",
        "selector": "[data-composition-id]",
        "dataAttributes": {},
        "sourceFile": "C:\\vox-style-xe-giay-v1-hyperframes\\hyperframes\\videos\\ban-an-19-yen-bai\\compositions\\caption-track.html",
        "bbox": {
          "x": 0,
          "y": 0,
          "width": 0,
          "height": 0
        },
        "time": 0,
        "fixHint": "Add a stable, human-readable id such as id=\"hero-title\" or id=\"scene-1-card\" to every timeline-visible element you want agents or Studio to edit."
      },
      {
        "code": "studio_missing_editable_id",
        "severity": "warning",
        "message": "<div class=\"caption-page\" data-start=\"258.900000\"> has no id, so Studio cannot use a stable edit target for its timeline and canvas controls.",
        "selector": "[data-composition-id]",
        "dataAttributes": {},
        "sourceFile": "C:\\vox-style-xe-giay-v1-hyperframes\\hyperframes\\videos\\ban-an-19-yen-bai\\compositions\\caption-track.html",
        "bbox": {
          "x": 0,
          "y": 0,
          "width": 0,
          "height": 0
        },
        "time": 0,
        "fixHint": "Add a stable, human-readable id such as id=\"hero-title\" or id=\"scene-1-card\" to every timeline-visible element you want agents or Studio to edit."
      },
      {
        "code": "studio_missing_editable_id",
        "severity": "warning",
        "message": "<div class=\"caption-page\" data-start=\"259.730000\"> has no id, so Studio cannot use a stable edit target for its timeline and canvas controls.",
        "selector": "[data-composition-id]",
        "dataAttributes": {},
        "sourceFile": "C:\\vox-style-xe-giay-v1-hyperframes\\hyperframes\\videos\\ban-an-19-yen-bai\\compositions\\caption-track.html",
        "bbox": {
          "x": 0,
          "y": 0,
          "width": 0,
          "height": 0
        },
        "time": 0,
        "fixHint": "Add a stable, human-readable id such as id=\"hero-title\" or id=\"scene-1-card\" to every timeline-visible element you want agents or Studio to edit."
      },
      {
        "code": "studio_missing_editable_id",
        "severity": "warning",
        "message": "<div class=\"caption-page\" data-start=\"260.610000\"> has no id, so Studio cannot use a stable edit target for its timeline and canvas controls.",
        "selector": "[data-composition-id]",
        "dataAttributes": {},
        "sourceFile": "C:\\vox-style-xe-giay-v1-hyperframes\\hyperframes\\videos\\ban-an-19-yen-bai\\compositions\\caption-track.html",
        "bbox": {
          "x": 0,
          "y": 0,
          "width": 0,
          "height": 0
        },
        "time": 0,
        "fixHint": "Add a stable, human-readable id such as id=\"hero-title\" or id=\"scene-1-card\" to every timeline-visible element you want agents or Studio to edit."
      },
      {
        "code": "studio_missing_editable_id",
        "severity": "warning",
        "message": "<div class=\"caption-page\" data-start=\"261.390000\"> has no id, so Studio cannot use a stable edit target for its timeline and canvas controls.",
        "selector": "[data-composition-id]",
        "dataAttributes": {},
        "sourceFile": "C:\\vox-style-xe-giay-v1-hyperframes\\hyperframes\\videos\\ban-an-19-yen-bai\\compositions\\caption-track.html",
        "bbox": {
          "x": 0,
          "y": 0,
          "width": 0,
          "height": 0
        },
        "time": 0,
        "fixHint": "Add a stable, human-readable id such as id=\"hero-title\" or id=\"scene-1-card\" to every timeline-visible element you want agents or Studio to edit."
      },
      {
        "code": "studio_missing_editable_id",
        "severity": "warning",
        "message": "<div class=\"caption-page\" data-start=\"262.360000\"> has no id, so Studio cannot use a stable edit target for its timeline and canvas controls.",
        "selector": "[data-composition-id]",
        "dataAttributes": {},
        "sourceFile": "C:\\vox-style-xe-giay-v1-hyperframes\\hyperframes\\videos\\ban-an-19-yen-bai\\compositions\\caption-track.html",
        "bbox": {
          "x": 0,
          "y": 0,
          "width": 0,
          "height": 0
        },
        "time": 0,
        "fixHint": "Add a stable, human-readable id such as id=\"hero-title\" or id=\"scene-1-card\" to every timeline-visible element you want agents or Studio to edit."
      },
      {
        "code": "studio_missing_editable_id",
        "severity": "warning",
        "message": "<div class=\"caption-page\" data-start=\"263.500000\"> has no id, so Studio cannot use a stable edit target for its timeline and canvas controls.",
        "selector": "[data-composition-id]",
        "dataAttributes": {},
        "sourceFile": "C:\\vox-style-xe-giay-v1-hyperframes\\hyperframes\\videos\\ban-an-19-yen-bai\\compositions\\caption-track.html",
        "bbox": {
          "x": 0,
          "y": 0,
          "width": 0,
          "height": 0
        },
        "time": 0,
        "fixHint": "Add a stable, human-readable id such as id=\"hero-title\" or id=\"scene-1-card\" to every timeline-visible element you want agents or Studio to edit."
      },
      {
        "code": "studio_missing_editable_id",
        "severity": "warning",
        "message": "<div class=\"caption-page\" data-start=\"264.560000\"> has no id, so Studio cannot use a stable edit target for its timeline and canvas controls.",
        "selector": "[data-composition-id]",
        "dataAttributes": {},
        "sourceFile": "C:\\vox-style-xe-giay-v1-hyperframes\\hyperframes\\videos\\ban-an-19-yen-bai\\compositions\\caption-track.html",
        "bbox": {
          "x": 0,
          "y": 0,
          "width": 0,
          "height": 0
        },
        "time": 0,
        "fixHint": "Add a stable, human-readable id such as id=\"hero-title\" or id=\"scene-1-card\" to every timeline-visible element you want agents or Studio to edit."
      },
      {
        "code": "studio_missing_editable_id",
        "severity": "warning",
        "message": "<div class=\"caption-page\" data-start=\"265.300000\"> has no id, so Studio cannot use a stable edit target for its timeline and canvas controls.",
        "selector": "[data-composition-id]",
        "dataAttributes": {},
        "sourceFile": "C:\\vox-style-xe-giay-v1-hyperframes\\hyperframes\\videos\\ban-an-19-yen-bai\\compositions\\caption-track.html",
        "bbox": {
          "x": 0,
          "y": 0,
          "width": 0,
          "height": 0
        },
        "time": 0,
        "fixHint": "Add a stable, human-readable id such as id=\"hero-title\" or id=\"scene-1-card\" to every timeline-visible element you want agents or Studio to edit."
      },
      {
        "code": "studio_missing_editable_id",
        "severity": "warning",
        "message": "<div class=\"caption-page\" data-start=\"266.090000\"> has no id, so Studio cannot use a stable edit target for its timeline and canvas controls.",
        "selector": "[data-composition-id]",
        "dataAttributes": {},
        "sourceFile": "C:\\vox-style-xe-giay-v1-hyperframes\\hyperframes\\videos\\ban-an-19-yen-bai\\compositions\\caption-track.html",
        "bbox": {
          "x": 0,
          "y": 0,
          "width": 0,
          "height": 0
        },
        "time": 0,
        "fixHint": "Add a stable, human-readable id such as id=\"hero-title\" or id=\"scene-1-card\" to every timeline-visible element you want agents or Studio to edit."
      },
      {
        "code": "studio_missing_editable_id",
        "severity": "warning",
        "message": "<div class=\"caption-page\" data-start=\"266.620000\"> has no id, so Studio cannot use a stable edit target for its timeline and canvas controls.",
        "selector": "[data-composition-id]",
        "dataAttributes": {},
        "sourceFile": "C:\\vox-style-xe-giay-v1-hyperframes\\hyperframes\\videos\\ban-an-19-yen-bai\\compositions\\caption-track.html",
        "bbox": {
          "x": 0,
          "y": 0,
          "width": 0,
          "height": 0
        },
        "time": 0,
        "fixHint": "Add a stable, human-readable id such as id=\"hero-title\" or id=\"scene-1-card\" to every timeline-visible element you want agents or Studio to edit."
      },
      {
        "code": "studio_missing_editable_id",
        "severity": "warning",
        "message": "<div class=\"caption-page\" data-start=\"268.080000\"> has no id, so Studio cannot use a stable edit target for its timeline and canvas controls.",
        "selector": "[data-composition-id]",
        "dataAttributes": {},
        "sourceFile": "C:\\vox-style-xe-giay-v1-hyperframes\\hyperframes\\videos\\ban-an-19-yen-bai\\compositions\\caption-track.html",
        "bbox": {
          "x": 0,
          "y": 0,
          "width": 0,
          "height": 0
        },
        "time": 0,
        "fixHint": "Add a stable, human-readable id such as id=\"hero-title\" or id=\"scene-1-card\" to every timeline-visible element you want agents or Studio to edit."
      },
      {
        "code": "studio_missing_editable_id",
        "severity": "warning",
        "message": "<div class=\"caption-page\" data-start=\"268.830000\"> has no id, so Studio cannot use a stable edit target for its timeline and canvas controls.",
        "selector": "[data-composition-id]",
        "dataAttributes": {},
        "sourceFile": "C:\\vox-style-xe-giay-v1-hyperframes\\hyperframes\\videos\\ban-an-19-yen-bai\\compositions\\caption-track.html",
        "bbox": {
          "x": 0,
          "y": 0,
          "width": 0,
          "height": 0
        },
        "time": 0,
        "fixHint": "Add a stable, human-readable id such as id=\"hero-title\" or id=\"scene-1-card\" to every timeline-visible element you want agents or Studio to edit."
      },
      {
        "code": "studio_missing_editable_id",
        "severity": "warning",
        "message": "<div class=\"caption-page\" data-start=\"269.630000\"> has no id, so Studio cannot use a stable edit target for its timeline and canvas controls.",
        "selector": "[data-composition-id]",
        "dataAttributes": {},
        "sourceFile": "C:\\vox-style-xe-giay-v1-hyperframes\\hyperframes\\videos\\ban-an-19-yen-bai\\compositions\\caption-track.html",
        "bbox": {
          "x": 0,
          "y": 0,
          "width": 0,
          "height": 0
        },
        "time": 0,
        "fixHint": "Add a stable, human-readable id such as id=\"hero-title\" or id=\"scene-1-card\" to every timeline-visible element you want agents or Studio to edit."
      },
      {
        "code": "studio_missing_editable_id",
        "severity": "warning",
        "message": "<div class=\"caption-page\" data-start=\"270.620000\"> has no id, so Studio cannot use a stable edit target for its timeline and canvas controls.",
        "selector": "[data-composition-id]",
        "dataAttributes": {},
        "sourceFile": "C:\\vox-style-xe-giay-v1-hyperframes\\hyperframes\\videos\\ban-an-19-yen-bai\\compositions\\caption-track.html",
        "bbox": {
          "x": 0,
          "y": 0,
          "width": 0,
          "height": 0
        },
        "time": 0,
        "fixHint": "Add a stable, human-readable id such as id=\"hero-title\" or id=\"scene-1-card\" to every timeline-visible element you want agents or Studio to edit."
      },
      {
        "code": "studio_missing_editable_id",
        "severity": "warning",
        "message": "<div class=\"caption-page\" data-start=\"271.660000\"> has no id, so Studio cannot use a stable edit target for its timeline and canvas controls.",
        "selector": "[data-composition-id]",
        "dataAttributes": {},
        "sourceFile": "C:\\vox-style-xe-giay-v1-hyperframes\\hyperframes\\videos\\ban-an-19-yen-bai\\compositions\\caption-track.html",
        "bbox": {
          "x": 0,
          "y": 0,
          "width": 0,
          "height": 0
        },
        "time": 0,
        "fixHint": "Add a stable, human-readable id such as id=\"hero-title\" or id=\"scene-1-card\" to every timeline-visible element you want agents or Studio to edit."
      },
      {
        "code": "studio_missing_editable_id",
        "severity": "warning",
        "message": "<div class=\"caption-page\" data-start=\"272.400000\"> has no id, so Studio cannot use a stable edit target for its timeline and canvas controls.",
        "selector": "[data-composition-id]",
        "dataAttributes": {},
        "sourceFile": "C:\\vox-style-xe-giay-v1-hyperframes\\hyperframes\\videos\\ban-an-19-yen-bai\\compositions\\caption-track.html",
        "bbox": {
          "x": 0,
          "y": 0,
          "width": 0,
          "height": 0
        },
        "time": 0,
        "fixHint": "Add a stable, human-readable id such as id=\"hero-title\" or id=\"scene-1-card\" to every timeline-visible element you want agents or Studio to edit."
      },
      {
        "code": "studio_missing_editable_id",
        "severity": "warning",
        "message": "<div class=\"caption-page\" data-start=\"273.100000\"> has no id, so Studio cannot use a stable edit target for its timeline and canvas controls.",
        "selector": "[data-composition-id]",
        "dataAttributes": {},
        "sourceFile": "C:\\vox-style-xe-giay-v1-hyperframes\\hyperframes\\videos\\ban-an-19-yen-bai\\compositions\\caption-track.html",
        "bbox": {
          "x": 0,
          "y": 0,
          "width": 0,
          "height": 0
        },
        "time": 0,
        "fixHint": "Add a stable, human-readable id such as id=\"hero-title\" or id=\"scene-1-card\" to every timeline-visible element you want agents or Studio to edit."
      },
      {
        "code": "studio_missing_editable_id",
        "severity": "warning",
        "message": "<div class=\"caption-page\" data-start=\"274.020000\"> has no id, so Studio cannot use a stable edit target for its timeline and canvas controls.",
        "selector": "[data-composition-id]",
        "dataAttributes": {},
        "sourceFile": "C:\\vox-style-xe-giay-v1-hyperframes\\hyperframes\\videos\\ban-an-19-yen-bai\\compositions\\caption-track.html",
        "bbox": {
          "x": 0,
          "y": 0,
          "width": 0,
          "height": 0
        },
        "time": 0,
        "fixHint": "Add a stable, human-readable id such as id=\"hero-title\" or id=\"scene-1-card\" to every timeline-visible element you want agents or Studio to edit."
      },
      {
        "code": "studio_missing_editable_id",
        "severity": "warning",
        "message": "<div class=\"caption-page\" data-start=\"275.090000\"> has no id, so Studio cannot use a stable edit target for its timeline and canvas controls.",
        "selector": "[data-composition-id]",
        "dataAttributes": {},
        "sourceFile": "C:\\vox-style-xe-giay-v1-hyperframes\\hyperframes\\videos\\ban-an-19-yen-bai\\compositions\\caption-track.html",
        "bbox": {
          "x": 0,
          "y": 0,
          "width": 0,
          "height": 0
        },
        "time": 0,
        "fixHint": "Add a stable, human-readable id such as id=\"hero-title\" or id=\"scene-1-card\" to every timeline-visible element you want agents or Studio to edit."
      },
      {
        "code": "studio_missing_editable_id",
        "severity": "warning",
        "message": "<div class=\"caption-page\" data-start=\"276.080000\"> has no id, so Studio cannot use a stable edit target for its timeline and canvas controls.",
        "selector": "[data-composition-id]",
        "dataAttributes": {},
        "sourceFile": "C:\\vox-style-xe-giay-v1-hyperframes\\hyperframes\\videos\\ban-an-19-yen-bai\\compositions\\caption-track.html",
        "bbox": {
          "x": 0,
          "y": 0,
          "width": 0,
          "height": 0
        },
        "time": 0,
        "fixHint": "Add a stable, human-readable id such as id=\"hero-title\" or id=\"scene-1-card\" to every timeline-visible element you want agents or Studio to edit."
      },
      {
        "code": "studio_missing_editable_id",
        "severity": "warning",
        "message": "<div class=\"caption-page\" data-start=\"277.240000\"> has no id, so Studio cannot use a stable edit target for its timeline and canvas controls.",
        "selector": "[data-composition-id]",
        "dataAttributes": {},
        "sourceFile": "C:\\vox-style-xe-giay-v1-hyperframes\\hyperframes\\videos\\ban-an-19-yen-bai\\compositions\\caption-track.html",
        "bbox": {
          "x": 0,
          "y": 0,
          "width": 0,
          "height": 0
        },
        "time": 0,
        "fixHint": "Add a stable, human-readable id such as id=\"hero-title\" or id=\"scene-1-card\" to every timeline-visible element you want agents or Studio to edit."
      },
      {
        "code": "studio_missing_editable_id",
        "severity": "warning",
        "message": "<div class=\"caption-page\" data-start=\"278.240000\"> has no id, so Studio cannot use a stable edit target for its timeline and canvas controls.",
        "selector": "[data-composition-id]",
        "dataAttributes": {},
        "sourceFile": "C:\\vox-style-xe-giay-v1-hyperframes\\hyperframes\\videos\\ban-an-19-yen-bai\\compositions\\caption-track.html",
        "bbox": {
          "x": 0,
          "y": 0,
          "width": 0,
          "height": 0
        },
        "time": 0,
        "fixHint": "Add a stable, human-readable id such as id=\"hero-title\" or id=\"scene-1-card\" to every timeline-visible element you want agents or Studio to edit."
      },
      {
        "code": "studio_missing_editable_id",
        "severity": "warning",
        "message": "<div class=\"caption-page\" data-start=\"278.990000\"> has no id, so Studio cannot use a stable edit target for its timeline and canvas controls.",
        "selector": "[data-composition-id]",
        "dataAttributes": {},
        "sourceFile": "C:\\vox-style-xe-giay-v1-hyperframes\\hyperframes\\videos\\ban-an-19-yen-bai\\compositions\\caption-track.html",
        "bbox": {
          "x": 0,
          "y": 0,
          "width": 0,
          "height": 0
        },
        "time": 0,
        "fixHint": "Add a stable, human-readable id such as id=\"hero-title\" or id=\"scene-1-card\" to every timeline-visible element you want agents or Studio to edit."
      },
      {
        "code": "studio_missing_editable_id",
        "severity": "warning",
        "message": "<div class=\"caption-page\" data-start=\"280.140000\"> has no id, so Studio cannot use a stable edit target for its timeline and canvas controls.",
        "selector": "[data-composition-id]",
        "dataAttributes": {},
        "sourceFile": "C:\\vox-style-xe-giay-v1-hyperframes\\hyperframes\\videos\\ban-an-19-yen-bai\\compositions\\caption-track.html",
        "bbox": {
          "x": 0,
          "y": 0,
          "width": 0,
          "height": 0
        },
        "time": 0,
        "fixHint": "Add a stable, human-readable id such as id=\"hero-title\" or id=\"scene-1-card\" to every timeline-visible element you want agents or Studio to edit."
      },
      {
        "code": "studio_missing_editable_id",
        "severity": "warning",
        "message": "<div class=\"caption-page\" data-start=\"281.700000\"> has no id, so Studio cannot use a stable edit target for its timeline and canvas controls.",
        "selector": "[data-composition-id]",
        "dataAttributes": {},
        "sourceFile": "C:\\vox-style-xe-giay-v1-hyperframes\\hyperframes\\videos\\ban-an-19-yen-bai\\compositions\\caption-track.html",
        "bbox": {
          "x": 0,
          "y": 0,
          "width": 0,
          "height": 0
        },
        "time": 0,
        "fixHint": "Add a stable, human-readable id such as id=\"hero-title\" or id=\"scene-1-card\" to every timeline-visible element you want agents or Studio to edit."
      },
      {
        "code": "studio_missing_editable_id",
        "severity": "warning",
        "message": "<div class=\"caption-page\" data-start=\"283.550000\"> has no id, so Studio cannot use a stable edit target for its timeline and canvas controls.",
        "selector": "[data-composition-id]",
        "dataAttributes": {},
        "sourceFile": "C:\\vox-style-xe-giay-v1-hyperframes\\hyperframes\\videos\\ban-an-19-yen-bai\\compositions\\caption-track.html",
        "bbox": {
          "x": 0,
          "y": 0,
          "width": 0,
          "height": 0
        },
        "time": 0,
        "fixHint": "Add a stable, human-readable id such as id=\"hero-title\" or id=\"scene-1-card\" to every timeline-visible element you want agents or Studio to edit."
      },
      {
        "code": "studio_missing_editable_id",
        "severity": "warning",
        "message": "<div class=\"caption-page\" data-start=\"284.550000\"> has no id, so Studio cannot use a stable edit target for its timeline and canvas controls.",
        "selector": "[data-composition-id]",
        "dataAttributes": {},
        "sourceFile": "C:\\vox-style-xe-giay-v1-hyperframes\\hyperframes\\videos\\ban-an-19-yen-bai\\compositions\\caption-track.html",
        "bbox": {
          "x": 0,
          "y": 0,
          "width": 0,
          "height": 0
        },
        "time": 0,
        "fixHint": "Add a stable, human-readable id such as id=\"hero-title\" or id=\"scene-1-card\" to every timeline-visible element you want agents or Studio to edit."
      },
      {
        "code": "studio_missing_editable_id",
        "severity": "warning",
        "message": "<div class=\"caption-page\" data-start=\"285.820000\"> has no id, so Studio cannot use a stable edit target for its timeline and canvas controls.",
        "selector": "[data-composition-id]",
        "dataAttributes": {},
        "sourceFile": "C:\\vox-style-xe-giay-v1-hyperframes\\hyperframes\\videos\\ban-an-19-yen-bai\\compositions\\caption-track.html",
        "bbox": {
          "x": 0,
          "y": 0,
          "width": 0,
          "height": 0
        },
        "time": 0,
        "fixHint": "Add a stable, human-readable id such as id=\"hero-title\" or id=\"scene-1-card\" to every timeline-visible element you want agents or Studio to edit."
      },
      {
        "code": "studio_missing_editable_id",
        "severity": "warning",
        "message": "<div class=\"caption-page\" data-start=\"286.800000\"> has no id, so Studio cannot use a stable edit target for its timeline and canvas controls.",
        "selector": "[data-composition-id]",
        "dataAttributes": {},
        "sourceFile": "C:\\vox-style-xe-giay-v1-hyperframes\\hyperframes\\videos\\ban-an-19-yen-bai\\compositions\\caption-track.html",
        "bbox": {
          "x": 0,
          "y": 0,
          "width": 0,
          "height": 0
        },
        "time": 0,
        "fixHint": "Add a stable, human-readable id such as id=\"hero-title\" or id=\"scene-1-card\" to every timeline-visible element you want agents or Studio to edit."
      },
      {
        "code": "studio_missing_editable_id",
        "severity": "warning",
        "message": "<div class=\"caption-page\" data-start=\"287.620000\"> has no id, so Studio cannot use a stable edit target for its timeline and canvas controls.",
        "selector": "[data-composition-id]",
        "dataAttributes": {},
        "sourceFile": "C:\\vox-style-xe-giay-v1-hyperframes\\hyperframes\\videos\\ban-an-19-yen-bai\\compositions\\caption-track.html",
        "bbox": {
          "x": 0,
          "y": 0,
          "width": 0,
          "height": 0
        },
        "time": 0,
        "fixHint": "Add a stable, human-readable id such as id=\"hero-title\" or id=\"scene-1-card\" to every timeline-visible element you want agents or Studio to edit."
      },
      {
        "code": "studio_missing_editable_id",
        "severity": "warning",
        "message": "<div class=\"caption-page\" data-start=\"288.720000\"> has no id, so Studio cannot use a stable edit target for its timeline and canvas controls.",
        "selector": "[data-composition-id]",
        "dataAttributes": {},
        "sourceFile": "C:\\vox-style-xe-giay-v1-hyperframes\\hyperframes\\videos\\ban-an-19-yen-bai\\compositions\\caption-track.html",
        "bbox": {
          "x": 0,
          "y": 0,
          "width": 0,
          "height": 0
        },
        "time": 0,
        "fixHint": "Add a stable, human-readable id such as id=\"hero-title\" or id=\"scene-1-card\" to every timeline-visible element you want agents or Studio to edit."
      },
      {
        "code": "studio_missing_editable_id",
        "severity": "warning",
        "message": "<div class=\"caption-page\" data-start=\"290.300000\"> has no id, so Studio cannot use a stable edit target for its timeline and canvas controls.",
        "selector": "[data-composition-id]",
        "dataAttributes": {},
        "sourceFile": "C:\\vox-style-xe-giay-v1-hyperframes\\hyperframes\\videos\\ban-an-19-yen-bai\\compositions\\caption-track.html",
        "bbox": {
          "x": 0,
          "y": 0,
          "width": 0,
          "height": 0
        },
        "time": 0,
        "fixHint": "Add a stable, human-readable id such as id=\"hero-title\" or id=\"scene-1-card\" to every timeline-visible element you want agents or Studio to edit."
      },
      {
        "code": "studio_missing_editable_id",
        "severity": "warning",
        "message": "<div class=\"caption-page\" data-start=\"291.360000\"> has no id, so Studio cannot use a stable edit target for its timeline and canvas controls.",
        "selector": "[data-composition-id]",
        "dataAttributes": {},
        "sourceFile": "C:\\vox-style-xe-giay-v1-hyperframes\\hyperframes\\videos\\ban-an-19-yen-bai\\compositions\\caption-track.html",
        "bbox": {
          "x": 0,
          "y": 0,
          "width": 0,
          "height": 0
        },
        "time": 0,
        "fixHint": "Add a stable, human-readable id such as id=\"hero-title\" or id=\"scene-1-card\" to every timeline-visible element you want agents or Studio to edit."
      },
      {
        "code": "studio_missing_editable_id",
        "severity": "warning",
        "message": "<div class=\"caption-page\" data-start=\"292.460000\"> has no id, so Studio cannot use a stable edit target for its timeline and canvas controls.",
        "selector": "[data-composition-id]",
        "dataAttributes": {},
        "sourceFile": "C:\\vox-style-xe-giay-v1-hyperframes\\hyperframes\\videos\\ban-an-19-yen-bai\\compositions\\caption-track.html",
        "bbox": {
          "x": 0,
          "y": 0,
          "width": 0,
          "height": 0
        },
        "time": 0,
        "fixHint": "Add a stable, human-readable id such as id=\"hero-title\" or id=\"scene-1-card\" to every timeline-visible element you want agents or Studio to edit."
      },
      {
        "code": "studio_missing_editable_id",
        "severity": "warning",
        "message": "<div class=\"caption-page\" data-start=\"293.520000\"> has no id, so Studio cannot use a stable edit target for its timeline and canvas controls.",
        "selector": "[data-composition-id]",
        "dataAttributes": {},
        "sourceFile": "C:\\vox-style-xe-giay-v1-hyperframes\\hyperframes\\videos\\ban-an-19-yen-bai\\compositions\\caption-track.html",
        "bbox": {
          "x": 0,
          "y": 0,
          "width": 0,
          "height": 0
        },
        "time": 0,
        "fixHint": "Add a stable, human-readable id such as id=\"hero-title\" or id=\"scene-1-card\" to every timeline-visible element you want agents or Studio to edit."
      },
      {
        "code": "studio_missing_editable_id",
        "severity": "warning",
        "message": "<div class=\"caption-page\" data-start=\"294.580000\"> has no id, so Studio cannot use a stable edit target for its timeline and canvas controls.",
        "selector": "[data-composition-id]",
        "dataAttributes": {},
        "sourceFile": "C:\\vox-style-xe-giay-v1-hyperframes\\hyperframes\\videos\\ban-an-19-yen-bai\\compositions\\caption-track.html",
        "bbox": {
          "x": 0,
          "y": 0,
          "width": 0,
          "height": 0
        },
        "time": 0,
        "fixHint": "Add a stable, human-readable id such as id=\"hero-title\" or id=\"scene-1-card\" to every timeline-visible element you want agents or Studio to edit."
      },
      {
        "code": "studio_missing_editable_id",
        "severity": "warning",
        "message": "<div class=\"caption-page\" data-start=\"295.600000\"> has no id, so Studio cannot use a stable edit target for its timeline and canvas controls.",
        "selector": "[data-composition-id]",
        "dataAttributes": {},
        "sourceFile": "C:\\vox-style-xe-giay-v1-hyperframes\\hyperframes\\videos\\ban-an-19-yen-bai\\compositions\\caption-track.html",
        "bbox": {
          "x": 0,
          "y": 0,
          "width": 0,
          "height": 0
        },
        "time": 0,
        "fixHint": "Add a stable, human-readable id such as id=\"hero-title\" or id=\"scene-1-card\" to every timeline-visible element you want agents or Studio to edit."
      },
      {
        "code": "studio_missing_editable_id",
        "severity": "warning",
        "message": "<div class=\"caption-page\" data-start=\"296.500000\"> has no id, so Studio cannot use a stable edit target for its timeline and canvas controls.",
        "selector": "[data-composition-id]",
        "dataAttributes": {},
        "sourceFile": "C:\\vox-style-xe-giay-v1-hyperframes\\hyperframes\\videos\\ban-an-19-yen-bai\\compositions\\caption-track.html",
        "bbox": {
          "x": 0,
          "y": 0,
          "width": 0,
          "height": 0
        },
        "time": 0,
        "fixHint": "Add a stable, human-readable id such as id=\"hero-title\" or id=\"scene-1-card\" to every timeline-visible element you want agents or Studio to edit."
      },
      {
        "code": "studio_missing_editable_id",
        "severity": "warning",
        "message": "<div class=\"caption-page\" data-start=\"297.190000\"> has no id, so Studio cannot use a stable edit target for its timeline and canvas controls.",
        "selector": "[data-composition-id]",
        "dataAttributes": {},
        "sourceFile": "C:\\vox-style-xe-giay-v1-hyperframes\\hyperframes\\videos\\ban-an-19-yen-bai\\compositions\\caption-track.html",
        "bbox": {
          "x": 0,
          "y": 0,
          "width": 0,
          "height": 0
        },
        "time": 0,
        "fixHint": "Add a stable, human-readable id such as id=\"hero-title\" or id=\"scene-1-card\" to every timeline-visible element you want agents or Studio to edit."
      },
      {
        "code": "studio_missing_editable_id",
        "severity": "warning",
        "message": "<div class=\"caption-page\" data-start=\"298.290000\"> has no id, so Studio cannot use a stable edit target for its timeline and canvas controls.",
        "selector": "[data-composition-id]",
        "dataAttributes": {},
        "sourceFile": "C:\\vox-style-xe-giay-v1-hyperframes\\hyperframes\\videos\\ban-an-19-yen-bai\\compositions\\caption-track.html",
        "bbox": {
          "x": 0,
          "y": 0,
          "width": 0,
          "height": 0
        },
        "time": 0,
        "fixHint": "Add a stable, human-readable id such as id=\"hero-title\" or id=\"scene-1-card\" to every timeline-visible element you want agents or Studio to edit."
      },
      {
        "code": "studio_missing_editable_id",
        "severity": "warning",
        "message": "<div class=\"caption-page\" data-start=\"299.160000\"> has no id, so Studio cannot use a stable edit target for its timeline and canvas controls.",
        "selector": "[data-composition-id]",
        "dataAttributes": {},
        "sourceFile": "C:\\vox-style-xe-giay-v1-hyperframes\\hyperframes\\videos\\ban-an-19-yen-bai\\compositions\\caption-track.html",
        "bbox": {
          "x": 0,
          "y": 0,
          "width": 0,
          "height": 0
        },
        "time": 0,
        "fixHint": "Add a stable, human-readable id such as id=\"hero-title\" or id=\"scene-1-card\" to every timeline-visible element you want agents or Studio to edit."
      },
      {
        "code": "studio_missing_editable_id",
        "severity": "warning",
        "message": "<div class=\"caption-page\" data-start=\"299.950000\"> has no id, so Studio cannot use a stable edit target for its timeline and canvas controls.",
        "selector": "[data-composition-id]",
        "dataAttributes": {},
        "sourceFile": "C:\\vox-style-xe-giay-v1-hyperframes\\hyperframes\\videos\\ban-an-19-yen-bai\\compositions\\caption-track.html",
        "bbox": {
          "x": 0,
          "y": 0,
          "width": 0,
          "height": 0
        },
        "time": 0,
        "fixHint": "Add a stable, human-readable id such as id=\"hero-title\" or id=\"scene-1-card\" to every timeline-visible element you want agents or Studio to edit."
      },
      {
        "code": "studio_missing_editable_id",
        "severity": "warning",
        "message": "<div class=\"caption-page\" data-start=\"300.800000\"> has no id, so Studio cannot use a stable edit target for its timeline and canvas controls.",
        "selector": "[data-composition-id]",
        "dataAttributes": {},
        "sourceFile": "C:\\vox-style-xe-giay-v1-hyperframes\\hyperframes\\videos\\ban-an-19-yen-bai\\compositions\\caption-track.html",
        "bbox": {
          "x": 0,
          "y": 0,
          "width": 0,
          "height": 0
        },
        "time": 0,
        "fixHint": "Add a stable, human-readable id such as id=\"hero-title\" or id=\"scene-1-card\" to every timeline-visible element you want agents or Studio to edit."
      },
      {
        "code": "studio_missing_editable_id",
        "severity": "warning",
        "message": "<div class=\"caption-page\" data-start=\"301.150000\"> has no id, so Studio cannot use a stable edit target for its timeline and canvas controls.",
        "selector": "[data-composition-id]",
        "dataAttributes": {},
        "sourceFile": "C:\\vox-style-xe-giay-v1-hyperframes\\hyperframes\\videos\\ban-an-19-yen-bai\\compositions\\caption-track.html",
        "bbox": {
          "x": 0,
          "y": 0,
          "width": 0,
          "height": 0
        },
        "time": 0,
        "fixHint": "Add a stable, human-readable id such as id=\"hero-title\" or id=\"scene-1-card\" to every timeline-visible element you want agents or Studio to edit."
      },
      {
        "code": "studio_missing_editable_id",
        "severity": "warning",
        "message": "<div class=\"caption-page\" data-start=\"302.045000\"> has no id, so Studio cannot use a stable edit target for its timeline and canvas controls.",
        "selector": "[data-composition-id]",
        "dataAttributes": {},
        "sourceFile": "C:\\vox-style-xe-giay-v1-hyperframes\\hyperframes\\videos\\ban-an-19-yen-bai\\compositions\\caption-track.html",
        "bbox": {
          "x": 0,
          "y": 0,
          "width": 0,
          "height": 0
        },
        "time": 0,
        "fixHint": "Add a stable, human-readable id such as id=\"hero-title\" or id=\"scene-1-card\" to every timeline-visible element you want agents or Studio to edit."
      },
      {
        "code": "studio_missing_editable_id",
        "severity": "warning",
        "message": "<div class=\"caption-page\" data-start=\"303.020000\"> has no id, so Studio cannot use a stable edit target for its timeline and canvas controls.",
        "selector": "[data-composition-id]",
        "dataAttributes": {},
        "sourceFile": "C:\\vox-style-xe-giay-v1-hyperframes\\hyperframes\\videos\\ban-an-19-yen-bai\\compositions\\caption-track.html",
        "bbox": {
          "x": 0,
          "y": 0,
          "width": 0,
          "height": 0
        },
        "time": 0,
        "fixHint": "Add a stable, human-readable id such as id=\"hero-title\" or id=\"scene-1-card\" to every timeline-visible element you want agents or Studio to edit."
      },
      {
        "code": "studio_missing_editable_id",
        "severity": "warning",
        "message": "<div class=\"caption-page\" data-start=\"304.170000\"> has no id, so Studio cannot use a stable edit target for its timeline and canvas controls.",
        "selector": "[data-composition-id]",
        "dataAttributes": {},
        "sourceFile": "C:\\vox-style-xe-giay-v1-hyperframes\\hyperframes\\videos\\ban-an-19-yen-bai\\compositions\\caption-track.html",
        "bbox": {
          "x": 0,
          "y": 0,
          "width": 0,
          "height": 0
        },
        "time": 0,
        "fixHint": "Add a stable, human-readable id such as id=\"hero-title\" or id=\"scene-1-card\" to every timeline-visible element you want agents or Studio to edit."
      },
      {
        "code": "studio_missing_editable_id",
        "severity": "warning",
        "message": "<div class=\"caption-page\" data-start=\"305.400000\"> has no id, so Studio cannot use a stable edit target for its timeline and canvas controls.",
        "selector": "[data-composition-id]",
        "dataAttributes": {},
        "sourceFile": "C:\\vox-style-xe-giay-v1-hyperframes\\hyperframes\\videos\\ban-an-19-yen-bai\\compositions\\caption-track.html",
        "bbox": {
          "x": 0,
          "y": 0,
          "width": 0,
          "height": 0
        },
        "time": 0,
        "fixHint": "Add a stable, human-readable id such as id=\"hero-title\" or id=\"scene-1-card\" to every timeline-visible element you want agents or Studio to edit."
      },
      {
        "code": "studio_missing_editable_id",
        "severity": "warning",
        "message": "<div class=\"caption-page\" data-start=\"306.470000\"> has no id, so Studio cannot use a stable edit target for its timeline and canvas controls.",
        "selector": "[data-composition-id]",
        "dataAttributes": {},
        "sourceFile": "C:\\vox-style-xe-giay-v1-hyperframes\\hyperframes\\videos\\ban-an-19-yen-bai\\compositions\\caption-track.html",
        "bbox": {
          "x": 0,
          "y": 0,
          "width": 0,
          "height": 0
        },
        "time": 0,
        "fixHint": "Add a stable, human-readable id such as id=\"hero-title\" or id=\"scene-1-card\" to every timeline-visible element you want agents or Studio to edit."
      },
      {
        "code": "studio_missing_editable_id",
        "severity": "warning",
        "message": "<div class=\"caption-page\" data-start=\"307.820000\"> has no id, so Studio cannot use a stable edit target for its timeline and canvas controls.",
        "selector": "[data-composition-id]",
        "dataAttributes": {},
        "sourceFile": "C:\\vox-style-xe-giay-v1-hyperframes\\hyperframes\\videos\\ban-an-19-yen-bai\\compositions\\caption-track.html",
        "bbox": {
          "x": 0,
          "y": 0,
          "width": 0,
          "height": 0
        },
        "time": 0,
        "fixHint": "Add a stable, human-readable id such as id=\"hero-title\" or id=\"scene-1-card\" to every timeline-visible element you want agents or Studio to edit."
      },
      {
        "code": "studio_missing_editable_id",
        "severity": "warning",
        "message": "<div class=\"caption-page\" data-start=\"308.960000\"> has no id, so Studio cannot use a stable edit target for its timeline and canvas controls.",
        "selector": "[data-composition-id]",
        "dataAttributes": {},
        "sourceFile": "C:\\vox-style-xe-giay-v1-hyperframes\\hyperframes\\videos\\ban-an-19-yen-bai\\compositions\\caption-track.html",
        "bbox": {
          "x": 0,
          "y": 0,
          "width": 0,
          "height": 0
        },
        "time": 0,
        "fixHint": "Add a stable, human-readable id such as id=\"hero-title\" or id=\"scene-1-card\" to every timeline-visible element you want agents or Studio to edit."
      },
      {
        "code": "studio_missing_editable_id",
        "severity": "warning",
        "message": "<div class=\"caption-page\" data-start=\"309.910000\"> has no id, so Studio cannot use a stable edit target for its timeline and canvas controls.",
        "selector": "[data-composition-id]",
        "dataAttributes": {},
        "sourceFile": "C:\\vox-style-xe-giay-v1-hyperframes\\hyperframes\\videos\\ban-an-19-yen-bai\\compositions\\caption-track.html",
        "bbox": {
          "x": 0,
          "y": 0,
          "width": 0,
          "height": 0
        },
        "time": 0,
        "fixHint": "Add a stable, human-readable id such as id=\"hero-title\" or id=\"scene-1-card\" to every timeline-visible element you want agents or Studio to edit."
      },
      {
        "code": "studio_missing_editable_id",
        "severity": "warning",
        "message": "<div class=\"caption-page\" data-start=\"311.040000\"> has no id, so Studio cannot use a stable edit target for its timeline and canvas controls.",
        "selector": "[data-composition-id]",
        "dataAttributes": {},
        "sourceFile": "C:\\vox-style-xe-giay-v1-hyperframes\\hyperframes\\videos\\ban-an-19-yen-bai\\compositions\\caption-track.html",
        "bbox": {
          "x": 0,
          "y": 0,
          "width": 0,
          "height": 0
        },
        "time": 0,
        "fixHint": "Add a stable, human-readable id such as id=\"hero-title\" or id=\"scene-1-card\" to every timeline-visible element you want agents or Studio to edit."
      },
      {
        "code": "studio_missing_editable_id",
        "severity": "warning",
        "message": "<div class=\"caption-page\" data-start=\"312.060000\"> has no id, so Studio cannot use a stable edit target for its timeline and canvas controls.",
        "selector": "[data-composition-id]",
        "dataAttributes": {},
        "sourceFile": "C:\\vox-style-xe-giay-v1-hyperframes\\hyperframes\\videos\\ban-an-19-yen-bai\\compositions\\caption-track.html",
        "bbox": {
          "x": 0,
          "y": 0,
          "width": 0,
          "height": 0
        },
        "time": 0,
        "fixHint": "Add a stable, human-readable id such as id=\"hero-title\" or id=\"scene-1-card\" to every timeline-visible element you want agents or Studio to edit."
      },
      {
        "code": "studio_missing_editable_id",
        "severity": "warning",
        "message": "<div class=\"caption-page\" data-start=\"313.200000\"> has no id, so Studio cannot use a stable edit target for its timeline and canvas controls.",
        "selector": "[data-composition-id]",
        "dataAttributes": {},
        "sourceFile": "C:\\vox-style-xe-giay-v1-hyperframes\\hyperframes\\videos\\ban-an-19-yen-bai\\compositions\\caption-track.html",
        "bbox": {
          "x": 0,
          "y": 0,
          "width": 0,
          "height": 0
        },
        "time": 0,
        "fixHint": "Add a stable, human-readable id such as id=\"hero-title\" or id=\"scene-1-card\" to every timeline-visible element you want agents or Studio to edit."
      },
      {
        "code": "studio_missing_editable_id",
        "severity": "warning",
        "message": "<div class=\"caption-page\" data-start=\"313.890000\"> has no id, so Studio cannot use a stable edit target for its timeline and canvas controls.",
        "selector": "[data-composition-id]",
        "dataAttributes": {},
        "sourceFile": "C:\\vox-style-xe-giay-v1-hyperframes\\hyperframes\\videos\\ban-an-19-yen-bai\\compositions\\caption-track.html",
        "bbox": {
          "x": 0,
          "y": 0,
          "width": 0,
          "height": 0
        },
        "time": 0,
        "fixHint": "Add a stable, human-readable id such as id=\"hero-title\" or id=\"scene-1-card\" to every timeline-visible element you want agents or Studio to edit."
      },
      {
        "code": "studio_missing_editable_id",
        "severity": "warning",
        "message": "<div class=\"caption-page\" data-start=\"314.900000\"> has no id, so Studio cannot use a stable edit target for its timeline and canvas controls.",
        "selector": "[data-composition-id]",
        "dataAttributes": {},
        "sourceFile": "C:\\vox-style-xe-giay-v1-hyperframes\\hyperframes\\videos\\ban-an-19-yen-bai\\compositions\\caption-track.html",
        "bbox": {
          "x": 0,
          "y": 0,
          "width": 0,
          "height": 0
        },
        "time": 0,
        "fixHint": "Add a stable, human-readable id such as id=\"hero-title\" or id=\"scene-1-card\" to every timeline-visible element you want agents or Studio to edit."
      },
      {
        "code": "studio_missing_editable_id",
        "severity": "warning",
        "message": "<div class=\"caption-page\" data-start=\"315.760000\"> has no id, so Studio cannot use a stable edit target for its timeline and canvas controls.",
        "selector": "[data-composition-id]",
        "dataAttributes": {},
        "sourceFile": "C:\\vox-style-xe-giay-v1-hyperframes\\hyperframes\\videos\\ban-an-19-yen-bai\\compositions\\caption-track.html",
        "bbox": {
          "x": 0,
          "y": 0,
          "width": 0,
          "height": 0
        },
        "time": 0,
        "fixHint": "Add a stable, human-readable id such as id=\"hero-title\" or id=\"scene-1-card\" to every timeline-visible element you want agents or Studio to edit."
      },
      {
        "code": "studio_missing_editable_id",
        "severity": "warning",
        "message": "<div class=\"caption-page\" data-start=\"316.350000\"> has no id, so Studio cannot use a stable edit target for its timeline and canvas controls.",
        "selector": "[data-composition-id]",
        "dataAttributes": {},
        "sourceFile": "C:\\vox-style-xe-giay-v1-hyperframes\\hyperframes\\videos\\ban-an-19-yen-bai\\compositions\\caption-track.html",
        "bbox": {
          "x": 0,
          "y": 0,
          "width": 0,
          "height": 0
        },
        "time": 0,
        "fixHint": "Add a stable, human-readable id such as id=\"hero-title\" or id=\"scene-1-card\" to every timeline-visible element you want agents or Studio to edit."
      },
      {
        "code": "studio_missing_editable_id",
        "severity": "warning",
        "message": "<div class=\"caption-page\" data-start=\"317.200000\"> has no id, so Studio cannot use a stable edit target for its timeline and canvas controls.",
        "selector": "[data-composition-id]",
        "dataAttributes": {},
        "sourceFile": "C:\\vox-style-xe-giay-v1-hyperframes\\hyperframes\\videos\\ban-an-19-yen-bai\\compositions\\caption-track.html",
        "bbox": {
          "x": 0,
          "y": 0,
          "width": 0,
          "height": 0
        },
        "time": 0,
        "fixHint": "Add a stable, human-readable id such as id=\"hero-title\" or id=\"scene-1-card\" to every timeline-visible element you want agents or Studio to edit."
      },
      {
        "code": "overlapping_gsap_tweens",
        "severity": "warning",
        "message": "GSAP tweens overlap on \".caption-card\" for opacity, y between 158.30s and 158.31s.",
        "selector": ".caption-card",
        "dataAttributes": {},
        "sourceFile": "C:\\vox-style-xe-giay-v1-hyperframes\\hyperframes\\videos\\ban-an-19-yen-bai\\compositions\\caption-track.html",
        "bbox": {
          "x": 0,
          "y": 0,
          "width": 0,
          "height": 0
        },
        "time": 0,
        "fixHint": "Shorten the earlier tween, move the later tween, or add `overwrite: \"auto\"`."
      },
      {
        "code": "composition_file_too_large",
        "severity": "warning",
        "message": "This HTML composition file has 1367 lines. Smaller sub-compositions are easier to read, iterate on, and diff.",
        "selector": "[data-composition-id]",
        "dataAttributes": {},
        "sourceFile": "C:\\vox-style-xe-giay-v1-hyperframes\\hyperframes\\videos\\ban-an-19-yen-bai\\compositions\\caption-track.html",
        "bbox": {
          "x": 0,
          "y": 0,
          "width": 0,
          "height": 0
        },
        "time": 0,
        "fixHint": "Split this sub-composition further into smaller .html files, then mount them from the parent with data-composition-src so each file stays small enough to inspect, revise, and validate independently."
      },
      {
        "code": "composition_file_too_large",
        "severity": "warning",
        "message": "This HTML composition file has 323 lines. Smaller sub-compositions are easier to read, iterate on, and diff.",
        "selector": "[data-composition-id]",
        "dataAttributes": {},
        "sourceFile": "C:\\vox-style-xe-giay-v1-hyperframes\\hyperframes\\videos\\ban-an-19-yen-bai\\compositions\\scene-s01.html",
        "bbox": {
          "x": 0,
          "y": 0,
          "width": 0,
          "height": 0
        },
        "time": 0,
        "fixHint": "Split this sub-composition further into smaller .html files, then mount them from the parent with data-composition-src so each file stays small enough to inspect, revise, and validate independently."
      },
      {
        "code": "gsap_timeline_set_initial_hide",
        "severity": "warning",
        "message": "Initial hidden state for \"#case-tag\" is set via tl.set(...) at position 0 inside the paused timeline. A zero-duration set at 0 does not render while the playhead sits exactly at 0, so frame 0 shows the un-hidden state.",
        "selector": "#case-tag",
        "dataAttributes": {},
        "sourceFile": "C:\\vox-style-xe-giay-v1-hyperframes\\hyperframes\\videos\\ban-an-19-yen-bai\\compositions\\scene-s02.html",
        "bbox": {
          "x": 0,
          "y": 0,
          "width": 0,
          "height": 0
        },
        "time": 0,
        "fixHint": "Use gsap.set(...) (immediate, outside the timeline) for initial states, or author the hidden state directly in CSS/attributes."
      },
      {
        "code": "gsap_timeline_set_initial_hide",
        "severity": "warning",
        "message": "Initial hidden state for \"#injury-card\" is set via tl.set(...) at position 0 inside the paused timeline. A zero-duration set at 0 does not render while the playhead sits exactly at 0, so frame 0 shows the un-hidden state.",
        "selector": "#injury-card",
        "dataAttributes": {},
        "sourceFile": "C:\\vox-style-xe-giay-v1-hyperframes\\hyperframes\\videos\\ban-an-19-yen-bai\\compositions\\scene-s02.html",
        "bbox": {
          "x": 0,
          "y": 0,
          "width": 0,
          "height": 0
        },
        "time": 0,
        "fixHint": "Use gsap.set(...) (immediate, outside the timeline) for initial states, or author the hidden state directly in CSS/attributes."
      },
      {
        "code": "gsap_timeline_set_initial_hide",
        "severity": "warning",
        "message": "Initial hidden state for \"#contrast-line-wrap\" is set via tl.set(...) at position 0 inside the paused timeline. A zero-duration set at 0 does not render while the playhead sits exactly at 0, so frame 0 shows the un-hidden state.",
        "selector": "#contrast-line-wrap",
        "dataAttributes": {},
        "sourceFile": "C:\\vox-style-xe-giay-v1-hyperframes\\hyperframes\\videos\\ban-an-19-yen-bai\\compositions\\scene-s02.html",
        "bbox": {
          "x": 0,
          "y": 0,
          "width": 0,
          "height": 0
        },
        "time": 0,
        "fixHint": "Use gsap.set(...) (immediate, outside the timeline) for initial states, or author the hidden state directly in CSS/attributes."
      },
      {
        "code": "gsap_timeline_set_initial_hide",
        "severity": "warning",
        "message": "Initial hidden state for \"#sentence-card\" is set via tl.set(...) at position 0 inside the paused timeline. A zero-duration set at 0 does not render while the playhead sits exactly at 0, so frame 0 shows the un-hidden state.",
        "selector": "#sentence-card",
        "dataAttributes": {},
        "sourceFile": "C:\\vox-style-xe-giay-v1-hyperframes\\hyperframes\\videos\\ban-an-19-yen-bai\\compositions\\scene-s02.html",
        "bbox": {
          "x": 0,
          "y": 0,
          "width": 0,
          "height": 0
        },
        "time": 0,
        "fixHint": "Use gsap.set(...) (immediate, outside the timeline) for initial states, or author the hidden state directly in CSS/attributes."
      },
      {
        "code": "gsap_timeline_set_initial_hide",
        "severity": "warning",
        "message": "Initial hidden state for \"#verdict-tag\" is set via tl.set(...) at position 0 inside the paused timeline. A zero-duration set at 0 does not render while the playhead sits exactly at 0, so frame 0 shows the un-hidden state.",
        "selector": "#verdict-tag",
        "dataAttributes": {},
        "sourceFile": "C:\\vox-style-xe-giay-v1-hyperframes\\hyperframes\\videos\\ban-an-19-yen-bai\\compositions\\scene-s02.html",
        "bbox": {
          "x": 0,
          "y": 0,
          "width": 0,
          "height": 0
        },
        "time": 0,
        "fixHint": "Use gsap.set(...) (immediate, outside the timeline) for initial states, or author the hidden state directly in CSS/attributes."
      },
      {
        "code": "composition_file_too_large",
        "severity": "warning",
        "message": "This HTML composition file has 377 lines. Smaller sub-compositions are easier to read, iterate on, and diff.",
        "selector": "[data-composition-id]",
        "dataAttributes": {},
        "sourceFile": "C:\\vox-style-xe-giay-v1-hyperframes\\hyperframes\\videos\\ban-an-19-yen-bai\\compositions\\scene-s02.html",
        "bbox": {
          "x": 0,
          "y": 0,
          "width": 0,
          "height": 0
        },
        "time": 0,
        "fixHint": "Split this sub-composition further into smaller .html files, then mount them from the parent with data-composition-src so each file stays small enough to inspect, revise, and validate independently."
      },
      {
        "code": "composition_file_too_large",
        "severity": "warning",
        "message": "This HTML composition file has 312 lines. Smaller sub-compositions are easier to read, iterate on, and diff.",
        "selector": "[data-composition-id]",
        "dataAttributes": {},
        "sourceFile": "C:\\vox-style-xe-giay-v1-hyperframes\\hyperframes\\videos\\ban-an-19-yen-bai\\compositions\\scene-s04.html",
        "bbox": {
          "x": 0,
          "y": 0,
          "width": 0,
          "height": 0
        },
        "time": 0,
        "fixHint": "Split this sub-composition further into smaller .html files, then mount them from the parent with data-composition-src so each file stays small enough to inspect, revise, and validate independently."
      },
      {
        "code": "studio_missing_editable_id",
        "severity": "warning",
        "message": "<div data-start=\"0\"> has no id, so Studio cannot use a stable edit target for its timeline and canvas controls.",
        "selector": "[data-composition-id]",
        "dataAttributes": {},
        "sourceFile": "C:\\vox-style-xe-giay-v1-hyperframes\\hyperframes\\videos\\ban-an-19-yen-bai\\compositions\\scene-s05.html",
        "bbox": {
          "x": 0,
          "y": 0,
          "width": 0,
          "height": 0
        },
        "time": 0,
        "fixHint": "Add a stable, human-readable id such as id=\"hero-title\" or id=\"scene-1-card\" to every timeline-visible element you want agents or Studio to edit."
      },
      {
        "code": "composition_file_too_large",
        "severity": "warning",
        "message": "This HTML composition file has 303 lines. Smaller sub-compositions are easier to read, iterate on, and diff.",
        "selector": "[data-composition-id]",
        "dataAttributes": {},
        "sourceFile": "C:\\vox-style-xe-giay-v1-hyperframes\\hyperframes\\videos\\ban-an-19-yen-bai\\compositions\\scene-s05.html",
        "bbox": {
          "x": 0,
          "y": 0,
          "width": 0,
          "height": 0
        },
        "time": 0,
        "fixHint": "Split this sub-composition further into smaller .html files, then mount them from the parent with data-composition-src so each file stays small enough to inspect, revise, and validate independently."
      },
      {
        "code": "gsap_repeated_fromto_without_baseline",
        "severity": "warning",
        "message": "2 tl.fromTo() calls target \"#dossier-card\" with no stable baseline. The last-authored fromTo \"from\" values become the element's resting state for any seek before the first tween actually runs, because GSAP applies fromTo from-values at authoring time (immediateRender), not at tween position.",
        "selector": "#dossier-card",
        "dataAttributes": {},
        "sourceFile": "C:\\vox-style-xe-giay-v1-hyperframes\\hyperframes\\videos\\ban-an-19-yen-bai\\compositions\\scene-s10.html",
        "bbox": {
          "x": 0,
          "y": 0,
          "width": 0,
          "height": 0
        },
        "time": 0,
        "fixHint": "Add `immediateRender: false` to the destination vars of each future fromTo, or set a safe resting state with an earlier `tl.set(\"#dossier-card\", { ... }, 0)`. Pre-first-tween seeks must not inherit whichever fromTo call happened to author last."
      },
      {
        "code": "composition_file_too_large",
        "severity": "warning",
        "message": "This HTML composition file has 335 lines. Smaller sub-compositions are easier to read, iterate on, and diff.",
        "selector": "[data-composition-id]",
        "dataAttributes": {},
        "sourceFile": "C:\\vox-style-xe-giay-v1-hyperframes\\hyperframes\\videos\\ban-an-19-yen-bai\\compositions\\scene-s13.html",
        "bbox": {
          "x": 0,
          "y": 0,
          "width": 0,
          "height": 0
        },
        "time": 0,
        "fixHint": "Split this sub-composition further into smaller .html files, then mount them from the parent with data-composition-src so each file stays small enough to inspect, revise, and validate independently."
      },
      {
        "code": "gsap_repeated_fromto_without_baseline",
        "severity": "warning",
        "message": "2 tl.fromTo() calls target \"#camera-shake\" with no stable baseline. The last-authored fromTo \"from\" values become the element's resting state for any seek before the first tween actually runs, because GSAP applies fromTo from-values at authoring time (immediateRender), not at tween position.",
        "selector": "#camera-shake",
        "dataAttributes": {},
        "sourceFile": "C:\\vox-style-xe-giay-v1-hyperframes\\hyperframes\\videos\\ban-an-19-yen-bai\\compositions\\scene-s15.html",
        "bbox": {
          "x": 0,
          "y": 0,
          "width": 0,
          "height": 0
        },
        "time": 0,
        "fixHint": "Add `immediateRender: false` to the destination vars of each future fromTo, or set a safe resting state with an earlier `tl.set(\"#camera-shake\", { ... }, 0)`. Pre-first-tween seeks must not inherit whichever fromTo call happened to author last."
      },
      {
        "code": "gsap_repeated_fromto_without_baseline",
        "severity": "warning",
        "message": "2 tl.fromTo() calls target \"#camera-stage\" with no stable baseline. The last-authored fromTo \"from\" values become the element's resting state for any seek before the first tween actually runs, because GSAP applies fromTo from-values at authoring time (immediateRender), not at tween position.",
        "selector": "#camera-stage",
        "dataAttributes": {},
        "sourceFile": "C:\\vox-style-xe-giay-v1-hyperframes\\hyperframes\\videos\\ban-an-19-yen-bai\\compositions\\scene-s17.html",
        "bbox": {
          "x": 0,
          "y": 0,
          "width": 0,
          "height": 0
        },
        "time": 0,
        "fixHint": "Add `immediateRender: false` to the destination vars of each future fromTo, or set a safe resting state with an earlier `tl.set(\"#camera-stage\", { ... }, 0)`. Pre-first-tween seeks must not inherit whichever fromTo call happened to author last."
      },
      {
        "code": "composition_file_too_large",
        "severity": "warning",
        "message": "This HTML composition file has 350 lines. Smaller sub-compositions are easier to read, iterate on, and diff.",
        "selector": "[data-composition-id]",
        "dataAttributes": {},
        "sourceFile": "C:\\vox-style-xe-giay-v1-hyperframes\\hyperframes\\videos\\ban-an-19-yen-bai\\compositions\\scene-s17.html",
        "bbox": {
          "x": 0,
          "y": 0,
          "width": 0,
          "height": 0
        },
        "time": 0,
        "fixHint": "Split this sub-composition further into smaller .html files, then mount them from the parent with data-composition-src so each file stays small enough to inspect, revise, and validate independently."
      },
      {
        "code": "overlapping_gsap_tweens",
        "severity": "warning",
        "message": "GSAP tweens overlap on \"#hero-card-wrapper\" for rotation between 0.55s and 0.77s.",
        "selector": "#hero-card-wrapper",
        "dataAttributes": {},
        "sourceFile": "C:\\vox-style-xe-giay-v1-hyperframes\\hyperframes\\videos\\ban-an-19-yen-bai\\compositions\\scene-s20.html",
        "bbox": {
          "x": 0,
          "y": 0,
          "width": 0,
          "height": 0
        },
        "time": 0,
        "fixHint": "Shorten the earlier tween, move the later tween, or add `overwrite: \"auto\"`."
      },
      {
        "code": "overlapping_gsap_tweens",
        "severity": "warning",
        "message": "GSAP tweens overlap on \"#hero-card-wrapper\" for rotation between 0.77s and 0.90s.",
        "selector": "#hero-card-wrapper",
        "dataAttributes": {},
        "sourceFile": "C:\\vox-style-xe-giay-v1-hyperframes\\hyperframes\\videos\\ban-an-19-yen-bai\\compositions\\scene-s20.html",
        "bbox": {
          "x": 0,
          "y": 0,
          "width": 0,
          "height": 0
        },
        "time": 0,
        "fixHint": "Shorten the earlier tween, move the later tween, or add `overwrite: \"auto\"`."
      },
      {
        "code": "gsap_repeated_fromto_without_baseline",
        "severity": "warning",
        "message": "2 tl.fromTo() calls target \"#camera-frame\" with no stable baseline. The last-authored fromTo \"from\" values become the element's resting state for any seek before the first tween actually runs, because GSAP applies fromTo from-values at authoring time (immediateRender), not at tween position.",
        "selector": "#camera-frame",
        "dataAttributes": {},
        "sourceFile": "C:\\vox-style-xe-giay-v1-hyperframes\\hyperframes\\videos\\ban-an-19-yen-bai\\compositions\\scene-s22.html",
        "bbox": {
          "x": 0,
          "y": 0,
          "width": 0,
          "height": 0
        },
        "time": 0,
        "fixHint": "Add `immediateRender: false` to the destination vars of each future fromTo, or set a safe resting state with an earlier `tl.set(\"#camera-frame\", { ... }, 0)`. Pre-first-tween seeks must not inherit whichever fromTo call happened to author last."
      },
      {
        "code": "studio_missing_editable_id",
        "severity": "warning",
        "message": "<section data-start=\"0\"> has no id, so Studio cannot use a stable edit target for its timeline and canvas controls.",
        "selector": "[data-composition-id]",
        "dataAttributes": {},
        "sourceFile": "C:\\vox-style-xe-giay-v1-hyperframes\\hyperframes\\videos\\ban-an-19-yen-bai\\compositions\\scene-s29.html",
        "bbox": {
          "x": 0,
          "y": 0,
          "width": 0,
          "height": 0
        },
        "time": 0,
        "fixHint": "Add a stable, human-readable id such as id=\"hero-title\" or id=\"scene-1-card\" to every timeline-visible element you want agents or Studio to edit."
      },
      {
        "code": "overlapping_gsap_tweens",
        "severity": "warning",
        "message": "GSAP tweens overlap on \"#dossierCard\" for y between 1.20s and 1.20s.",
        "selector": "#dossierCard",
        "dataAttributes": {},
        "sourceFile": "C:\\vox-style-xe-giay-v1-hyperframes\\hyperframes\\videos\\ban-an-19-yen-bai\\compositions\\scene-s29.html",
        "bbox": {
          "x": 0,
          "y": 0,
          "width": 0,
          "height": 0
        },
        "time": 0,
        "fixHint": "Shorten the earlier tween, move the later tween, or add `overwrite: \"auto\"`."
      },
      {
        "code": "overlapping_gsap_tweens",
        "severity": "warning",
        "message": "GSAP tweens overlap on \"#dossierCard\" for y between 4.93s and 4.93s.",
        "selector": "#dossierCard",
        "dataAttributes": {},
        "sourceFile": "C:\\vox-style-xe-giay-v1-hyperframes\\hyperframes\\videos\\ban-an-19-yen-bai\\compositions\\scene-s29.html",
        "bbox": {
          "x": 0,
          "y": 0,
          "width": 0,
          "height": 0
        },
        "time": 0,
        "fixHint": "Shorten the earlier tween, move the later tween, or add `overwrite: \"auto\"`."
      },
      {
        "code": "gsap_repeated_fromto_without_baseline",
        "severity": "warning",
        "message": "2 tl.fromTo() calls target \"#dossierCard\" with no stable baseline. The last-authored fromTo \"from\" values become the element's resting state for any seek before the first tween actually runs, because GSAP applies fromTo from-values at authoring time (immediateRender), not at tween position.",
        "selector": "#dossierCard",
        "dataAttributes": {},
        "sourceFile": "C:\\vox-style-xe-giay-v1-hyperframes\\hyperframes\\videos\\ban-an-19-yen-bai\\compositions\\scene-s29.html",
        "bbox": {
          "x": 0,
          "y": 0,
          "width": 0,
          "height": 0
        },
        "time": 0,
        "fixHint": "Add `immediateRender: false` to the destination vars of each future fromTo, or set a safe resting state with an earlier `tl.set(\"#dossierCard\", { ... }, 0)`. Pre-first-tween seeks must not inherit whichever fromTo call happened to author last."
      },
      {
        "code": "composition_file_too_large",
        "severity": "warning",
        "message": "This HTML composition file has 408 lines. Smaller sub-compositions are easier to read, iterate on, and diff.",
        "selector": "[data-composition-id]",
        "dataAttributes": {},
        "sourceFile": "C:\\vox-style-xe-giay-v1-hyperframes\\hyperframes\\videos\\ban-an-19-yen-bai\\compositions\\scene-s31.html",
        "bbox": {
          "x": 0,
          "y": 0,
          "width": 0,
          "height": 0
        },
        "time": 0,
        "fixHint": "Split this sub-composition further into smaller .html files, then mount them from the parent with data-composition-src so each file stays small enough to inspect, revise, and validate independently."
      },
      {
        "code": "composition_file_too_large",
        "severity": "warning",
        "message": "This HTML composition file has 308 lines. Smaller sub-compositions are easier to read, iterate on, and diff.",
        "selector": "[data-composition-id]",
        "dataAttributes": {},
        "sourceFile": "C:\\vox-style-xe-giay-v1-hyperframes\\hyperframes\\videos\\ban-an-19-yen-bai\\compositions\\scene-s35.html",
        "bbox": {
          "x": 0,
          "y": 0,
          "width": 0,
          "height": 0
        },
        "time": 0,
        "fixHint": "Split this sub-composition further into smaller .html files, then mount them from the parent with data-composition-src so each file stays small enough to inspect, revise, and validate independently."
      }
    ],
    "filesScanned": 41
  },
  "runtime": {
    "ok": true,
    "errorCount": 0,
    "warningCount": 0,
    "infoCount": 0,
    "findings": []
  },
  "layout": {
    "ok": true,
    "errorCount": 0,
    "warningCount": 0,
    "infoCount": 49,
    "findings": [
      {
        "code": "container_overflow",
        "severity": "info",
        "time": 21.948,
        "selector": "#bg-photo",
        "message": "Element extends outside a clipping layout container.",
        "rect": {
          "left": -5.35,
          "top": -9.12,
          "right": 1085.35,
          "bottom": 1929.88,
          "width": 1090.69,
          "height": 1939.01
        },
        "containerSelector": "div.bg-photo-layer",
        "fixHint": "Resize/reposition the child or container, or mark intentional overflow with data-layout-allow-overflow.",
        "containerRect": {
          "left": 0,
          "top": 0,
          "right": 1080,
          "bottom": 1920,
          "width": 1080,
          "height": 1920
        },
        "overflow": {
          "left": 5.35,
          "right": 5.35,
          "top": 9.12,
          "bottom": 9.88
        },
        "dataAttributes": {
          "data-asset-id": "img-03",
          "data-hf-authored-opacity": ""
        },
        "sourceFile": "compositions/scene-s03.html",
        "bbox": {
          "x": -5.35,
          "y": -9.12,
          "width": 1090.69,
          "height": 1939.01
        },
        "firstSeen": 21.948,
        "lastSeen": 21.948,
        "occurrences": 1,
        "heldMs": 0
      },
      {
        "code": "container_overflow",
        "severity": "info",
        "time": 24.24,
        "selector": "#bg-photo",
        "message": "Element extends outside a clipping layout container.",
        "rect": {
          "left": -13.5,
          "top": -23.04,
          "right": 1093.5,
          "bottom": 1944.96,
          "width": 1107,
          "height": 1968
        },
        "containerSelector": "div.bg-photo-layer",
        "fixHint": "Resize/reposition the child or container, or mark intentional overflow with data-layout-allow-overflow.",
        "containerRect": {
          "left": 0,
          "top": 0,
          "right": 1080,
          "bottom": 1920,
          "width": 1080,
          "height": 1920
        },
        "overflow": {
          "left": 13.5,
          "right": 13.5,
          "top": 23.04,
          "bottom": 24.96
        },
        "dataAttributes": {
          "data-asset-id": "img-03",
          "data-hf-authored-opacity": ""
        },
        "sourceFile": "compositions/scene-s03.html",
        "bbox": {
          "x": -13.5,
          "y": -23.04,
          "width": 1107,
          "height": 1968
        },
        "firstSeen": 24.24,
        "lastSeen": 24.24,
        "occurrences": 1,
        "heldMs": 0
      },
      {
        "code": "container_overflow",
        "severity": "info",
        "time": 26.532,
        "selector": "#bg-photo",
        "message": "Element extends outside a clipping layout container.",
        "rect": {
          "left": -21.49,
          "top": -36.68,
          "right": 1101.49,
          "bottom": 1959.74,
          "width": 1122.98,
          "height": 1996.42
        },
        "containerSelector": "div.bg-photo-layer",
        "fixHint": "Resize/reposition the child or container, or mark intentional overflow with data-layout-allow-overflow.",
        "containerRect": {
          "left": 0,
          "top": 0,
          "right": 1080,
          "bottom": 1920,
          "width": 1080,
          "height": 1920
        },
        "overflow": {
          "left": 21.49,
          "right": 21.49,
          "top": 36.68,
          "bottom": 39.74
        },
        "dataAttributes": {
          "data-asset-id": "img-03",
          "data-hf-authored-opacity": ""
        },
        "sourceFile": "compositions/scene-s03.html",
        "bbox": {
          "x": -21.49,
          "y": -36.68,
          "width": 1122.98,
          "height": 1996.42
        },
        "firstSeen": 26.532,
        "lastSeen": 26.532,
        "occurrences": 1,
        "heldMs": 0
      },
      {
        "code": "container_overflow",
        "severity": "info",
        "time": 38.668,
        "selector": "#camera-wrapper",
        "message": "Element extends outside a clipping layout container.",
        "rect": {
          "left": -8.64,
          "top": -12,
          "right": 1088.64,
          "bottom": 1938.72,
          "width": 1097.28,
          "height": 1950.72
        },
        "containerSelector": "div[data-start=\"0\"]",
        "fixHint": "Resize/reposition the child or container, or mark intentional overflow with data-layout-allow-overflow.",
        "containerRect": {
          "left": 0,
          "top": 0,
          "right": 1080,
          "bottom": 1920,
          "width": 1080,
          "height": 1920
        },
        "overflow": {
          "left": 8.64,
          "right": 8.64,
          "top": 12,
          "bottom": 18.72
        },
        "dataAttributes": {},
        "sourceFile": "compositions/scene-s05.html",
        "bbox": {
          "x": -8.64,
          "y": -12,
          "width": 1097.28,
          "height": 1950.72
        },
        "firstSeen": 38.668,
        "lastSeen": 38.668,
        "occurrences": 1,
        "heldMs": 0
      },
      {
        "code": "container_overflow",
        "severity": "info",
        "time": 49.34,
        "selector": "#hero-bg",
        "message": "Element extends outside a clipping layout container.",
        "rect": {
          "left": -59.9,
          "top": -134.71,
          "right": 1166,
          "bottom": 2044.66,
          "width": 1225.9,
          "height": 2179.37
        },
        "containerSelector": "div.bg-container",
        "fixHint": "Resize/reposition the child or container, or mark intentional overflow with data-layout-allow-overflow.",
        "containerRect": {
          "left": 0,
          "top": 0,
          "right": 1080,
          "bottom": 1920,
          "width": 1080,
          "height": 1920
        },
        "overflow": {
          "left": 59.9,
          "right": 86,
          "top": 134.71,
          "bottom": 124.66
        },
        "dataAttributes": {
          "data-hf-authored-opacity": ""
        },
        "sourceFile": "compositions/scene-s07.html",
        "bbox": {
          "x": -59.9,
          "y": -134.71,
          "width": 1225.9,
          "height": 2179.37
        },
        "firstSeen": 49.34,
        "lastSeen": 49.34,
        "occurrences": 1,
        "heldMs": 0
      },
      {
        "code": "container_overflow",
        "severity": "info",
        "time": 51.62,
        "selector": "#hero-bg",
        "message": "Element extends outside a clipping layout container.",
        "rect": {
          "left": -88.42,
          "top": -146.15,
          "right": 1158.74,
          "bottom": 2071.02,
          "width": 1247.16,
          "height": 2217.18
        },
        "containerSelector": "div.bg-container",
        "fixHint": "Resize/reposition the child or container, or mark intentional overflow with data-layout-allow-overflow.",
        "containerRect": {
          "left": 0,
          "top": 0,
          "right": 1080,
          "bottom": 1920,
          "width": 1080,
          "height": 1920
        },
        "overflow": {
          "left": 88.42,
          "right": 78.74,
          "top": 146.15,
          "bottom": 151.02
        },
        "dataAttributes": {
          "data-hf-authored-opacity": ""
        },
        "sourceFile": "compositions/scene-s07.html",
        "bbox": {
          "x": -88.42,
          "y": -146.15,
          "width": 1247.16,
          "height": 2217.18
        },
        "firstSeen": 51.62,
        "lastSeen": 51.62,
        "occurrences": 1,
        "heldMs": 0
      },
      {
        "code": "container_overflow",
        "severity": "info",
        "time": 53.9,
        "selector": "#hero-bg",
        "message": "Element extends outside a clipping layout container.",
        "rect": {
          "left": -117.39,
          "top": -157.81,
          "right": 1151.39,
          "bottom": 2097.81,
          "width": 1268.78,
          "height": 2255.62
        },
        "containerSelector": "div.bg-container",
        "fixHint": "Resize/reposition the child or container, or mark intentional overflow with data-layout-allow-overflow.",
        "containerRect": {
          "left": 0,
          "top": 0,
          "right": 1080,
          "bottom": 1920,
          "width": 1080,
          "height": 1920
        },
        "overflow": {
          "left": 117.39,
          "right": 71.39,
          "top": 157.81,
          "bottom": 177.81
        },
        "dataAttributes": {
          "data-hf-authored-opacity": ""
        },
        "sourceFile": "compositions/scene-s07.html",
        "bbox": {
          "x": -117.39,
          "y": -157.81,
          "width": 1268.78,
          "height": 2255.62
        },
        "firstSeen": 53.9,
        "lastSeen": 53.9,
        "occurrences": 1,
        "heldMs": 0
      },
      {
        "code": "container_overflow",
        "severity": "info",
        "time": 57.308,
        "selector": "#bg-photo-img",
        "message": "Element extends outside a clipping layout container.",
        "rect": {
          "left": -46.96,
          "top": -81.82,
          "right": 1115.01,
          "bottom": 1983.9,
          "width": 1161.97,
          "height": 2065.73
        },
        "containerSelector": "div.bg-photo-wrapper",
        "fixHint": "Resize/reposition the child or container, or mark intentional overflow with data-layout-allow-overflow.",
        "containerRect": {
          "left": 0,
          "top": 0,
          "right": 1080,
          "bottom": 1920,
          "width": 1080,
          "height": 1920
        },
        "overflow": {
          "left": 46.96,
          "right": 35.01,
          "top": 81.82,
          "bottom": 63.9
        },
        "dataAttributes": {
          "data-hf-authored-opacity": ""
        },
        "sourceFile": "compositions/scene-s08.html",
        "bbox": {
          "x": -46.96,
          "y": -81.82,
          "width": 1161.97,
          "height": 2065.73
        },
        "firstSeen": 57.308,
        "lastSeen": 57.308,
        "occurrences": 1,
        "heldMs": 0
      },
      {
        "code": "container_overflow",
        "severity": "info",
        "time": 60.065,
        "selector": "#bg-photo-img",
        "message": "Element extends outside a clipping layout container.",
        "rect": {
          "left": -76.78,
          "top": -132.36,
          "right": 1126.99,
          "bottom": 2007.67,
          "width": 1203.77,
          "height": 2140.03
        },
        "containerSelector": "div.bg-photo-wrapper",
        "fixHint": "Resize/reposition the child or container, or mark intentional overflow with data-layout-allow-overflow.",
        "containerRect": {
          "left": 0,
          "top": 0,
          "right": 1080,
          "bottom": 1920,
          "width": 1080,
          "height": 1920
        },
        "overflow": {
          "left": 76.78,
          "right": 46.99,
          "top": 132.36,
          "bottom": 87.67
        },
        "dataAttributes": {
          "data-hf-authored-opacity": ""
        },
        "sourceFile": "compositions/scene-s08.html",
        "bbox": {
          "x": -76.78,
          "y": -132.36,
          "width": 1203.77,
          "height": 2140.03
        },
        "firstSeen": 60.065,
        "lastSeen": 60.065,
        "occurrences": 1,
        "heldMs": 0
      },
      {
        "code": "container_overflow",
        "severity": "info",
        "time": 62.822,
        "selector": "#bg-photo-img",
        "message": "Element extends outside a clipping layout container.",
        "rect": {
          "left": -106.93,
          "top": -183.44,
          "right": 1139.07,
          "bottom": 2031.66,
          "width": 1246,
          "height": 2215.1
        },
        "containerSelector": "div.bg-photo-wrapper",
        "fixHint": "Resize/reposition the child or container, or mark intentional overflow with data-layout-allow-overflow.",
        "containerRect": {
          "left": 0,
          "top": 0,
          "right": 1080,
          "bottom": 1920,
          "width": 1080,
          "height": 1920
        },
        "overflow": {
          "left": 106.93,
          "right": 59.07,
          "top": 183.44,
          "bottom": 111.66
        },
        "dataAttributes": {
          "data-hf-authored-opacity": ""
        },
        "sourceFile": "compositions/scene-s08.html",
        "bbox": {
          "x": -106.93,
          "y": -183.44,
          "width": 1246,
          "height": 2215.1
        },
        "firstSeen": 62.822,
        "lastSeen": 62.822,
        "occurrences": 1,
        "heldMs": 0
      },
      {
        "code": "container_overflow",
        "severity": "info",
        "time": 86.116,
        "selector": "#camera-zoom-pan",
        "message": "Element extends outside a clipping layout container.",
        "rect": {
          "left": -24.67,
          "top": -18.34,
          "right": 1075.95,
          "bottom": 1938.34,
          "width": 1100.63,
          "height": 1956.67
        },
        "containerSelector": "#scene-bg",
        "fixHint": "Resize/reposition the child or container, or mark intentional overflow with data-layout-allow-overflow.",
        "containerRect": {
          "left": 0,
          "top": 0,
          "right": 1080,
          "bottom": 1920,
          "width": 1080,
          "height": 1920
        },
        "overflow": {
          "left": 24.67,
          "top": 18.34,
          "bottom": 18.34
        },
        "dataAttributes": {},
        "sourceFile": "compositions/scene-s12.html",
        "bbox": {
          "x": -24.67,
          "y": -18.34,
          "width": 1100.63,
          "height": 1956.67
        },
        "firstSeen": 86.116,
        "lastSeen": 86.116,
        "occurrences": 1,
        "heldMs": 0
      },
      {
        "code": "container_overflow",
        "severity": "info",
        "time": 89.26,
        "selector": "#camera-zoom-pan",
        "message": "Element extends outside a clipping layout container.",
        "rect": {
          "left": -56.66,
          "top": -42.14,
          "right": 1070.75,
          "bottom": 1962.14,
          "width": 1127.41,
          "height": 2004.29
        },
        "containerSelector": "#scene-bg",
        "fixHint": "Resize/reposition the child or container, or mark intentional overflow with data-layout-allow-overflow.",
        "containerRect": {
          "left": 0,
          "top": 0,
          "right": 1080,
          "bottom": 1920,
          "width": 1080,
          "height": 1920
        },
        "overflow": {
          "left": 56.66,
          "top": 42.14,
          "bottom": 42.14
        },
        "dataAttributes": {},
        "sourceFile": "compositions/scene-s12.html",
        "bbox": {
          "x": -56.66,
          "y": -42.14,
          "width": 1127.41,
          "height": 2004.29
        },
        "firstSeen": 89.26,
        "lastSeen": 89.26,
        "occurrences": 1,
        "heldMs": 0
      },
      {
        "code": "container_overflow",
        "severity": "info",
        "time": 92.404,
        "selector": "#camera-zoom-pan",
        "message": "Element extends outside a clipping layout container.",
        "rect": {
          "left": -74.08,
          "top": -55.1,
          "right": 1067.91,
          "bottom": 1975.1,
          "width": 1141.99,
          "height": 2030.21
        },
        "containerSelector": "#scene-bg",
        "fixHint": "Resize/reposition the child or container, or mark intentional overflow with data-layout-allow-overflow.",
        "containerRect": {
          "left": 0,
          "top": 0,
          "right": 1080,
          "bottom": 1920,
          "width": 1080,
          "height": 1920
        },
        "overflow": {
          "left": 74.08,
          "top": 55.1,
          "bottom": 55.1
        },
        "dataAttributes": {},
        "sourceFile": "compositions/scene-s12.html",
        "bbox": {
          "x": -74.08,
          "y": -55.1,
          "width": 1141.99,
          "height": 2030.21
        },
        "firstSeen": 92.404,
        "lastSeen": 92.404,
        "occurrences": 1,
        "heldMs": 0
      },
      {
        "code": "container_overflow",
        "severity": "info",
        "time": 98.4,
        "selector": "#minute-hand",
        "message": "Element extends outside a clipping layout container.",
        "rect": {
          "left": 576.83,
          "top": 380.1,
          "right": 591.41,
          "bottom": 390.65,
          "width": 14.58,
          "height": 10.55
        },
        "containerSelector": "svg.clock-svg",
        "fixHint": "Resize/reposition the child or container, or mark intentional overflow with data-layout-allow-overflow.",
        "containerRect": {
          "left": 498,
          "top": 248,
          "right": 582,
          "bottom": 332,
          "width": 84,
          "height": 84
        },
        "overflow": {
          "right": 9.41,
          "bottom": 58.65
        },
        "dataAttributes": {},
        "sourceFile": "compositions/scene-s05.html",
        "bbox": {
          "x": 576.83,
          "y": 380.1,
          "width": 14.58,
          "height": 10.55
        },
        "firstSeen": 98.4,
        "lastSeen": 98.4,
        "occurrences": 1,
        "heldMs": 0
      },
      {
        "code": "text_occluded",
        "severity": "info",
        "time": 110.508,
        "selector": "#confirm-text",
        "message": "Text is hidden beneath an opaque element.",
        "rect": {
          "left": 685.83,
          "top": 569.05,
          "right": 974.13,
          "bottom": 599.95,
          "width": 288.3,
          "height": 30.9
        },
        "containerSelector": "#bg-image",
        "text": "XÁC ĐỊNH BẢN CHẤT",
        "fixHint": "Give the text its own zone, raise its stacking order above the covering element, or mark intentional layering with data-layout-allow-occlusion.",
        "coveredFraction": 1,
        "dataAttributes": {},
        "sourceFile": "compositions/scene-s14.html",
        "bbox": {
          "x": 685.83,
          "y": 569.05,
          "width": 288.3,
          "height": 30.9
        },
        "firstSeen": 110.508,
        "lastSeen": 110.508,
        "occurrences": 1,
        "heldMs": 0
      },
      {
        "code": "connector_detached",
        "severity": "info",
        "time": 131.628,
        "selector": "#escape-path",
        "message": "Connector path endpoints render 334px from the nearest anchorable element — a marked shaft that meets no node.",
        "rect": {
          "left": 174.31,
          "top": 800.32,
          "right": 479.05,
          "bottom": 1023.79,
          "width": 304.74,
          "height": 223.48
        },
        "containerSelector": "#anatomy-svg",
        "fixHint": "Measure the settled node boxes and write `d` in the SVG's user space (invert getScreenCTM), or grow a layout-owned shaft from the source node.",
        "dataAttributes": {},
        "sourceFile": "compositions/scene-s17.html",
        "bbox": {
          "x": 174.31,
          "y": 800.32,
          "width": 304.74,
          "height": 223.48
        },
        "firstSeen": 131.628,
        "lastSeen": 131.628,
        "occurrences": 1,
        "heldMs": 0
      },
      {
        "code": "connector_detached",
        "severity": "info",
        "time": 131.628,
        "selector": "#slash-vector",
        "message": "Connector path endpoints render 110px from the nearest anchorable element — a marked shaft that meets no node.",
        "rect": {
          "left": 174.31,
          "top": 576.84,
          "right": 357.16,
          "bottom": 668.26,
          "width": 182.84,
          "height": 91.42
        },
        "containerSelector": "#anatomy-svg",
        "fixHint": "Measure the settled node boxes and write `d` in the SVG's user space (invert getScreenCTM), or grow a layout-owned shaft from the source node.",
        "dataAttributes": {},
        "sourceFile": "compositions/scene-s17.html",
        "bbox": {
          "x": 174.31,
          "y": 576.84,
          "width": 182.84,
          "height": 91.42
        },
        "firstSeen": 131.628,
        "lastSeen": 131.628,
        "occurrences": 1,
        "heldMs": 0
      },
      {
        "code": "connector_orphan",
        "severity": "info",
        "time": 131.628,
        "selector": "#escape-path",
        "message": "Connector shaft is visible while both endpoints are not on stage.",
        "rect": {
          "left": 174.31,
          "top": 800.32,
          "right": 479.05,
          "bottom": 1023.79,
          "width": 304.74,
          "height": 223.48
        },
        "containerSelector": "#anatomy-svg",
        "fixHint": "Show the shaft only after both ends are on, and hide it with the earlier exit. Do not give the line its own clock.",
        "dataAttributes": {},
        "sourceFile": "compositions/scene-s17.html",
        "bbox": {
          "x": 174.31,
          "y": 800.32,
          "width": 304.74,
          "height": 223.48
        },
        "firstSeen": 131.628,
        "lastSeen": 131.628,
        "occurrences": 1,
        "heldMs": 0
      },
      {
        "code": "connector_detached",
        "severity": "info",
        "time": 134.82,
        "selector": "#escape-path",
        "message": "Connector path endpoints render 74px from the nearest anchorable element — a marked shaft that meets no node.",
        "rect": {
          "left": 165.67,
          "top": 800.8,
          "right": 477.61,
          "bottom": 1029.55,
          "width": 311.94,
          "height": 228.76
        },
        "containerSelector": "#anatomy-svg",
        "fixHint": "Measure the settled node boxes and write `d` in the SVG's user space (invert getScreenCTM), or grow a layout-owned shaft from the source node.",
        "dataAttributes": {},
        "sourceFile": "compositions/scene-s17.html",
        "bbox": {
          "x": 165.67,
          "y": 800.8,
          "width": 311.94,
          "height": 228.76
        },
        "firstSeen": 134.82,
        "lastSeen": 134.82,
        "occurrences": 1,
        "heldMs": 0
      },
      {
        "code": "connector_detached",
        "severity": "info",
        "time": 134.82,
        "selector": "#slash-vector",
        "message": "Connector path endpoints render 256px from the nearest anchorable element — a marked shaft that meets no node.",
        "rect": {
          "left": 165.67,
          "top": 572.04,
          "right": 352.84,
          "bottom": 665.62,
          "width": 187.16,
          "height": 93.58
        },
        "containerSelector": "#anatomy-svg",
        "fixHint": "Measure the settled node boxes and write `d` in the SVG's user space (invert getScreenCTM), or grow a layout-owned shaft from the source node.",
        "dataAttributes": {},
        "sourceFile": "compositions/scene-s17.html",
        "bbox": {
          "x": 165.67,
          "y": 572.04,
          "width": 187.16,
          "height": 93.58
        },
        "firstSeen": 134.82,
        "lastSeen": 134.82,
        "occurrences": 1,
        "heldMs": 0
      },
      {
        "code": "connector_orphan",
        "severity": "info",
        "time": 134.82,
        "selector": "#escape-path",
        "message": "Connector shaft is visible while both endpoints are not on stage.",
        "rect": {
          "left": 165.67,
          "top": 800.8,
          "right": 477.61,
          "bottom": 1029.55,
          "width": 311.94,
          "height": 228.76
        },
        "containerSelector": "#anatomy-svg",
        "fixHint": "Show the shaft only after both ends are on, and hide it with the earlier exit. Do not give the line its own clock.",
        "dataAttributes": {},
        "sourceFile": "compositions/scene-s17.html",
        "bbox": {
          "x": 165.67,
          "y": 800.8,
          "width": 311.94,
          "height": 228.76
        },
        "firstSeen": 134.82,
        "lastSeen": 134.82,
        "occurrences": 1,
        "heldMs": 0
      },
      {
        "code": "connector_detached",
        "severity": "info",
        "time": 138.012,
        "selector": "#escape-path",
        "message": "Connector path endpoints render 37px from the nearest anchorable element — a marked shaft that meets no node.",
        "rect": {
          "left": 157,
          "top": 801.28,
          "right": 476.17,
          "bottom": 1035.34,
          "width": 319.17,
          "height": 234.06
        },
        "containerSelector": "#anatomy-svg",
        "fixHint": "Measure the settled node boxes and write `d` in the SVG's user space (invert getScreenCTM), or grow a layout-owned shaft from the source node.",
        "dataAttributes": {},
        "sourceFile": "compositions/scene-s17.html",
        "bbox": {
          "x": 157,
          "y": 801.28,
          "width": 319.17,
          "height": 234.06
        },
        "firstSeen": 138.012,
        "lastSeen": 138.012,
        "occurrences": 1,
        "heldMs": 0
      },
      {
        "code": "connector_detached",
        "severity": "info",
        "time": 138.012,
        "selector": "#slash-vector",
        "message": "Connector path endpoints render 320px from the nearest anchorable element — a marked shaft that meets no node.",
        "rect": {
          "left": 157,
          "top": 567.22,
          "right": 348.5,
          "bottom": 662.97,
          "width": 191.5,
          "height": 95.75
        },
        "containerSelector": "#anatomy-svg",
        "fixHint": "Measure the settled node boxes and write `d` in the SVG's user space (invert getScreenCTM), or grow a layout-owned shaft from the source node.",
        "dataAttributes": {},
        "sourceFile": "compositions/scene-s17.html",
        "bbox": {
          "x": 157,
          "y": 567.22,
          "width": 191.5,
          "height": 95.75
        },
        "firstSeen": 138.012,
        "lastSeen": 138.012,
        "occurrences": 1,
        "heldMs": 0
      },
      {
        "code": "connector_orphan",
        "severity": "info",
        "time": 138.012,
        "selector": "#escape-path",
        "message": "Connector shaft is visible while both endpoints are not on stage.",
        "rect": {
          "left": 157,
          "top": 801.28,
          "right": 476.17,
          "bottom": 1035.34,
          "width": 319.17,
          "height": 234.06
        },
        "containerSelector": "#anatomy-svg",
        "fixHint": "Show the shaft only after both ends are on, and hide it with the earlier exit. Do not give the line its own clock.",
        "dataAttributes": {},
        "sourceFile": "compositions/scene-s17.html",
        "bbox": {
          "x": 157,
          "y": 801.28,
          "width": 319.17,
          "height": 234.06
        },
        "firstSeen": 138.012,
        "lastSeen": 138.012,
        "occurrences": 1,
        "heldMs": 0
      },
      {
        "code": "connector_detached",
        "severity": "info",
        "time": 208.46,
        "selector": "#path-arrow-3",
        "message": "Connector path endpoints render 277px from the nearest anchorable element, but the path's user-space coordinates would attach if read as screen pixels — screen/viewport numbers were likely written into SVG `d` without inverting the CTM.",
        "rect": {
          "left": 326,
          "top": 1118.52,
          "right": 326,
          "bottom": 1183.52,
          "width": 0,
          "height": 65
        },
        "containerSelector": "svg.flow-svg-layer",
        "fixHint": "Convert measured screen coordinates into the SVG's user space (subtract the SVG rect / invert getScreenCTM) before writing path `d`, and keep the SVG a direct child of the stage.",
        "dataAttributes": {},
        "sourceFile": "compositions/scene-s26.html",
        "bbox": {
          "x": 326,
          "y": 1118.52,
          "width": 0,
          "height": 65
        },
        "firstSeen": 208.46,
        "lastSeen": 208.46,
        "occurrences": 1,
        "heldMs": 0
      },
      {
        "code": "connector_orphan",
        "severity": "info",
        "time": 208.46,
        "selector": "#path-arrow-1",
        "message": "Connector shaft is visible while its endpoint #sentence-card is not on stage.",
        "rect": {
          "left": 504,
          "top": 728.52,
          "right": 576,
          "bottom": 893.52,
          "width": 72,
          "height": 165
        },
        "containerSelector": "svg.flow-svg-layer",
        "fixHint": "Show the shaft only after both ends are on, and hide it with the earlier exit. Do not give the line its own clock.",
        "dataAttributes": {},
        "sourceFile": "compositions/scene-s26.html",
        "bbox": {
          "x": 504,
          "y": 728.52,
          "width": 72,
          "height": 165
        },
        "firstSeen": 208.46,
        "lastSeen": 208.46,
        "occurrences": 1,
        "heldMs": 0
      },
      {
        "code": "connector_orphan",
        "severity": "info",
        "time": 208.46,
        "selector": "#path-arrow-2",
        "message": "Connector shaft is visible while both endpoints are not on stage.",
        "rect": {
          "left": 504,
          "top": 923.52,
          "right": 576,
          "bottom": 1073.52,
          "width": 72,
          "height": 150
        },
        "containerSelector": "svg.flow-svg-layer",
        "fixHint": "Show the shaft only after both ends are on, and hide it with the earlier exit. Do not give the line its own clock.",
        "dataAttributes": {},
        "sourceFile": "compositions/scene-s26.html",
        "bbox": {
          "x": 504,
          "y": 923.52,
          "width": 72,
          "height": 150
        },
        "firstSeen": 208.46,
        "lastSeen": 208.46,
        "occurrences": 1,
        "heldMs": 0
      },
      {
        "code": "connector_detached",
        "severity": "info",
        "time": 210.5,
        "selector": "#path-arrow-3",
        "message": "Connector path endpoints render 128px from the nearest anchorable element, but the path's user-space coordinates would attach if read as screen pixels — screen/viewport numbers were likely written into SVG `d` without inverting the CTM.",
        "rect": {
          "left": 319.78,
          "top": 1118.52,
          "right": 319.78,
          "bottom": 1183.52,
          "width": 0,
          "height": 65
        },
        "containerSelector": "svg.flow-svg-layer",
        "fixHint": "Convert measured screen coordinates into the SVG's user space (subtract the SVG rect / invert getScreenCTM) before writing path `d`, and keep the SVG a direct child of the stage.",
        "dataAttributes": {},
        "sourceFile": "compositions/scene-s26.html",
        "bbox": {
          "x": 319.78,
          "y": 1118.52,
          "width": 0,
          "height": 65
        },
        "firstSeen": 210.5,
        "lastSeen": 210.5,
        "occurrences": 1,
        "heldMs": 0
      },
      {
        "code": "connector_orphan",
        "severity": "info",
        "time": 210.5,
        "selector": "#path-arrow-2",
        "message": "Connector shaft is visible while its endpoint #data-col is not on stage.",
        "rect": {
          "left": 497.78,
          "top": 923.52,
          "right": 569.78,
          "bottom": 1073.52,
          "width": 72,
          "height": 150
        },
        "containerSelector": "svg.flow-svg-layer",
        "fixHint": "Show the shaft only after both ends are on, and hide it with the earlier exit. Do not give the line its own clock.",
        "dataAttributes": {},
        "sourceFile": "compositions/scene-s26.html",
        "bbox": {
          "x": 497.78,
          "y": 923.52,
          "width": 72,
          "height": 150
        },
        "firstSeen": 210.5,
        "lastSeen": 210.5,
        "occurrences": 1,
        "heldMs": 0
      },
      {
        "code": "connector_orphan",
        "severity": "info",
        "time": 212.54,
        "selector": "#path-arrow-2",
        "message": "Connector shaft is visible while its endpoint #data-col is not on stage.",
        "rect": {
          "left": 476.19,
          "top": 923.52,
          "right": 548.19,
          "bottom": 1073.52,
          "width": 72,
          "height": 150
        },
        "containerSelector": "svg.flow-svg-layer",
        "fixHint": "Show the shaft only after both ends are on, and hide it with the earlier exit. Do not give the line its own clock.",
        "dataAttributes": {},
        "sourceFile": "compositions/scene-s26.html",
        "bbox": {
          "x": 476.19,
          "y": 923.52,
          "width": 72,
          "height": 150
        },
        "firstSeen": 212.54,
        "lastSeen": 212.54,
        "occurrences": 1,
        "heldMs": 0
      },
      {
        "code": "content_overlap",
        "severity": "info",
        "time": 214.41,
        "selector": "#old-hypothesis-card > div:nth-of-type(1)",
        "message": "Two text blocks overlap and may render unreadable.",
        "rect": {
          "left": 111.98,
          "top": 317.36,
          "right": 426.72,
          "bottom": 356.53,
          "width": 314.74,
          "height": 39.17
        },
        "containerSelector": "h2.card-question",
        "text": "HƯỚNG TIẾP CẬN BAN ĐẦU",
        "fixHint": "Give each block its own zone, or mark intentional layering with data-layout-allow-overlap.",
        "dataAttributes": {},
        "sourceFile": "compositions/scene-s27.html",
        "bbox": {
          "x": 111.98,
          "y": 317.36,
          "width": 314.74,
          "height": 39.17
        },
        "firstSeen": 214.41,
        "lastSeen": 214.41,
        "occurrences": 1,
        "heldMs": 0
      },
      {
        "code": "container_overflow",
        "severity": "info",
        "time": 223.308,
        "selector": "#main-bg-img",
        "message": "Element extends outside a clipping layout container.",
        "rect": {
          "left": -6.43,
          "top": -10.28,
          "right": 1086.43,
          "bottom": 1932.57,
          "width": 1092.85,
          "height": 1942.85
        },
        "containerSelector": "#bg-container",
        "fixHint": "Resize/reposition the child or container, or mark intentional overflow with data-layout-allow-overflow.",
        "containerRect": {
          "left": 0,
          "top": 0,
          "right": 1080,
          "bottom": 1920,
          "width": 1080,
          "height": 1920
        },
        "overflow": {
          "left": 6.43,
          "right": 6.43,
          "top": 10.28,
          "bottom": 12.57
        },
        "dataAttributes": {
          "data-hf-authored-opacity": ""
        },
        "sourceFile": "compositions/scene-s28.html",
        "bbox": {
          "x": -6.43,
          "y": -10.28,
          "width": 1092.85,
          "height": 1942.85
        },
        "firstSeen": 223.308,
        "lastSeen": 223.308,
        "occurrences": 1,
        "heldMs": 0
      },
      {
        "code": "container_overflow",
        "severity": "info",
        "time": 225.78,
        "selector": "#main-bg-img",
        "message": "Element extends outside a clipping layout container.",
        "rect": {
          "left": -16.15,
          "top": -25.83,
          "right": 1096.15,
          "bottom": 1951.57,
          "width": 1112.29,
          "height": 1977.41
        },
        "containerSelector": "#bg-container",
        "fixHint": "Resize/reposition the child or container, or mark intentional overflow with data-layout-allow-overflow.",
        "containerRect": {
          "left": 0,
          "top": 0,
          "right": 1080,
          "bottom": 1920,
          "width": 1080,
          "height": 1920
        },
        "overflow": {
          "left": 16.15,
          "right": 16.15,
          "top": 25.83,
          "bottom": 31.57
        },
        "dataAttributes": {
          "data-hf-authored-opacity": ""
        },
        "sourceFile": "compositions/scene-s28.html",
        "bbox": {
          "x": -16.15,
          "y": -25.83,
          "width": 1112.29,
          "height": 1977.41
        },
        "firstSeen": 225.78,
        "lastSeen": 225.78,
        "occurrences": 1,
        "heldMs": 0
      },
      {
        "code": "container_overflow",
        "severity": "info",
        "time": 228.252,
        "selector": "#main-bg-img",
        "message": "Element extends outside a clipping layout container.",
        "rect": {
          "left": -25.87,
          "top": -41.39,
          "right": 1105.87,
          "bottom": 1970.58,
          "width": 1131.73,
          "height": 2011.97
        },
        "containerSelector": "#bg-container",
        "fixHint": "Resize/reposition the child or container, or mark intentional overflow with data-layout-allow-overflow.",
        "containerRect": {
          "left": 0,
          "top": 0,
          "right": 1080,
          "bottom": 1920,
          "width": 1080,
          "height": 1920
        },
        "overflow": {
          "left": 25.87,
          "right": 25.87,
          "top": 41.39,
          "bottom": 50.58
        },
        "dataAttributes": {
          "data-hf-authored-opacity": ""
        },
        "sourceFile": "compositions/scene-s28.html",
        "bbox": {
          "x": -25.87,
          "y": -41.39,
          "width": 1131.73,
          "height": 2011.97
        },
        "firstSeen": 228.252,
        "lastSeen": 228.252,
        "occurrences": 1,
        "heldMs": 0
      },
      {
        "code": "container_overflow",
        "severity": "info",
        "time": 254.044,
        "selector": "#camera",
        "message": "Element extends outside a clipping layout container.",
        "rect": {
          "left": -2.27,
          "top": -3.87,
          "right": 1082.27,
          "bottom": 1924.19,
          "width": 1084.54,
          "height": 1928.06
        },
        "containerSelector": "#slot-scene-s32 > div:nth-of-type(1)",
        "fixHint": "Resize/reposition the child or container, or mark intentional overflow with data-layout-allow-overflow.",
        "containerRect": {
          "left": 0,
          "top": 0,
          "right": 1080,
          "bottom": 1920,
          "width": 1080,
          "height": 1920
        },
        "overflow": {
          "left": 2.27,
          "right": 2.27,
          "top": 3.87,
          "bottom": 4.19
        },
        "dataAttributes": {
          "data-start": "0",
          "data-duration": "5.12"
        },
        "sourceFile": "compositions/scene-s32.html",
        "bbox": {
          "x": -2.27,
          "y": -3.87,
          "width": 1084.54,
          "height": 1928.06
        },
        "firstSeen": 254.044,
        "lastSeen": 254.044,
        "occurrences": 1,
        "heldMs": 0
      },
      {
        "code": "container_overflow",
        "severity": "info",
        "time": 255.58,
        "selector": "#camera",
        "message": "Element extends outside a clipping layout container.",
        "rect": {
          "left": -12.04,
          "top": -20.55,
          "right": 1092.04,
          "bottom": 1942.26,
          "width": 1104.08,
          "height": 1962.82
        },
        "containerSelector": "#slot-scene-s32 > div:nth-of-type(1)",
        "fixHint": "Resize/reposition the child or container, or mark intentional overflow with data-layout-allow-overflow.",
        "containerRect": {
          "left": 0,
          "top": 0,
          "right": 1080,
          "bottom": 1920,
          "width": 1080,
          "height": 1920
        },
        "overflow": {
          "left": 12.04,
          "right": 12.04,
          "top": 20.55,
          "bottom": 22.26
        },
        "dataAttributes": {
          "data-start": "0",
          "data-duration": "5.12"
        },
        "sourceFile": "compositions/scene-s32.html",
        "bbox": {
          "x": -12.04,
          "y": -20.55,
          "width": 1104.08,
          "height": 1962.82
        },
        "firstSeen": 255.58,
        "lastSeen": 255.58,
        "occurrences": 1,
        "heldMs": 0
      },
      {
        "code": "container_overflow",
        "severity": "info",
        "time": 257.116,
        "selector": "#camera",
        "message": "Element extends outside a clipping layout container.",
        "rect": {
          "left": -21.92,
          "top": -37.42,
          "right": 1101.92,
          "bottom": 1960.53,
          "width": 1123.85,
          "height": 1997.95
        },
        "containerSelector": "#slot-scene-s32 > div:nth-of-type(1)",
        "fixHint": "Resize/reposition the child or container, or mark intentional overflow with data-layout-allow-overflow.",
        "containerRect": {
          "left": 0,
          "top": 0,
          "right": 1080,
          "bottom": 1920,
          "width": 1080,
          "height": 1920
        },
        "overflow": {
          "left": 21.92,
          "right": 21.92,
          "top": 37.42,
          "bottom": 40.53
        },
        "dataAttributes": {
          "data-start": "0",
          "data-duration": "5.12"
        },
        "sourceFile": "compositions/scene-s32.html",
        "bbox": {
          "x": -21.92,
          "y": -37.42,
          "width": 1123.85,
          "height": 1997.95
        },
        "firstSeen": 257.116,
        "lastSeen": 257.116,
        "occurrences": 1,
        "heldMs": 0
      },
      {
        "code": "container_overflow",
        "severity": "info",
        "time": 259.836,
        "selector": "#bg-photo-wrapper",
        "message": "Element extends outside a clipping layout container.",
        "rect": {
          "left": -8.64,
          "top": -15.36,
          "right": 1088.64,
          "bottom": 1935.36,
          "width": 1097.28,
          "height": 1950.72
        },
        "containerSelector": "#shot-bg",
        "fixHint": "Resize/reposition the child or container, or mark intentional overflow with data-layout-allow-overflow.",
        "containerRect": {
          "left": 0,
          "top": 0,
          "right": 1080,
          "bottom": 1920,
          "width": 1080,
          "height": 1920
        },
        "overflow": {
          "left": 8.64,
          "right": 8.64,
          "top": 15.36,
          "bottom": 15.36
        },
        "dataAttributes": {},
        "sourceFile": "compositions/scene-s33.html",
        "bbox": {
          "x": -8.64,
          "y": -15.36,
          "width": 1097.28,
          "height": 1950.72
        },
        "firstSeen": 259.836,
        "lastSeen": 259.836,
        "occurrences": 1,
        "heldMs": 0
      },
      {
        "code": "container_overflow",
        "severity": "info",
        "time": 262.38,
        "selector": "#bg-photo-wrapper",
        "message": "Element extends outside a clipping layout container.",
        "rect": {
          "left": -21.55,
          "top": -38.3,
          "right": 1101.55,
          "bottom": 1958.3,
          "width": 1123.09,
          "height": 1996.61
        },
        "containerSelector": "#shot-bg",
        "fixHint": "Resize/reposition the child or container, or mark intentional overflow with data-layout-allow-overflow.",
        "containerRect": {
          "left": 0,
          "top": 0,
          "right": 1080,
          "bottom": 1920,
          "width": 1080,
          "height": 1920
        },
        "overflow": {
          "left": 21.55,
          "right": 21.55,
          "top": 38.3,
          "bottom": 38.3
        },
        "dataAttributes": {},
        "sourceFile": "compositions/scene-s33.html",
        "bbox": {
          "x": -21.55,
          "y": -38.3,
          "width": 1123.09,
          "height": 1996.61
        },
        "firstSeen": 262.38,
        "lastSeen": 262.38,
        "occurrences": 1,
        "heldMs": 0
      },
      {
        "code": "container_overflow",
        "severity": "info",
        "time": 264.924,
        "selector": "#bg-photo-wrapper",
        "message": "Element extends outside a clipping layout container.",
        "rect": {
          "left": -34.45,
          "top": -61.25,
          "right": 1114.45,
          "bottom": 1981.25,
          "width": 1148.9,
          "height": 2042.5
        },
        "containerSelector": "#shot-bg",
        "fixHint": "Resize/reposition the child or container, or mark intentional overflow with data-layout-allow-overflow.",
        "containerRect": {
          "left": 0,
          "top": 0,
          "right": 1080,
          "bottom": 1920,
          "width": 1080,
          "height": 1920
        },
        "overflow": {
          "left": 34.45,
          "right": 34.45,
          "top": 61.25,
          "bottom": 61.25
        },
        "dataAttributes": {},
        "sourceFile": "compositions/scene-s33.html",
        "bbox": {
          "x": -34.45,
          "y": -61.25,
          "width": 1148.9,
          "height": 2042.5
        },
        "firstSeen": 264.924,
        "lastSeen": 264.924,
        "occurrences": 1,
        "heldMs": 0
      },
      {
        "code": "container_overflow",
        "severity": "info",
        "time": 292.46,
        "selector": "#camera-frame",
        "message": "Element extends outside a clipping layout container.",
        "rect": {
          "left": -17.39,
          "top": -27.82,
          "right": 1097.39,
          "bottom": 1954,
          "width": 1114.78,
          "height": 1981.82
        },
        "containerSelector": "#slot-scene-s37 > div:nth-of-type(1)",
        "fixHint": "Resize/reposition the child or container, or mark intentional overflow with data-layout-allow-overflow.",
        "containerRect": {
          "left": 0,
          "top": 0,
          "right": 1080,
          "bottom": 1920,
          "width": 1080,
          "height": 1920
        },
        "overflow": {
          "left": 17.39,
          "right": 17.39,
          "top": 27.82,
          "bottom": 34
        },
        "dataAttributes": {
          "data-layout-allow-overflow": "true"
        },
        "sourceFile": "compositions/scene-s21.html",
        "bbox": {
          "x": -17.39,
          "y": -27.82,
          "width": 1114.78,
          "height": 1981.82
        },
        "firstSeen": 292.46,
        "lastSeen": 292.46,
        "occurrences": 1,
        "heldMs": 0
      },
      {
        "code": "container_overflow",
        "severity": "info",
        "time": 295.7,
        "selector": "#camera-frame",
        "message": "Element extends outside a clipping layout container.",
        "rect": {
          "left": -7.45,
          "top": -11.92,
          "right": 1087.45,
          "bottom": 1934.57,
          "width": 1094.9,
          "height": 1946.5
        },
        "containerSelector": "#slot-scene-s37 > div:nth-of-type(1)",
        "fixHint": "Resize/reposition the child or container, or mark intentional overflow with data-layout-allow-overflow.",
        "containerRect": {
          "left": 0,
          "top": 0,
          "right": 1080,
          "bottom": 1920,
          "width": 1080,
          "height": 1920
        },
        "overflow": {
          "left": 7.45,
          "right": 7.45,
          "top": 11.92,
          "bottom": 14.57
        },
        "dataAttributes": {
          "data-layout-allow-overflow": "true"
        },
        "sourceFile": "compositions/scene-s21.html",
        "bbox": {
          "x": -7.45,
          "y": -11.92,
          "width": 1094.9,
          "height": 1946.5
        },
        "firstSeen": 295.7,
        "lastSeen": 295.7,
        "occurrences": 1,
        "heldMs": 0
      },
      {
        "code": "container_overflow",
        "severity": "info",
        "time": 298.94,
        "selector": "#camera-frame",
        "message": "Element extends outside a clipping layout container.",
        "rect": {
          "left": -1.24,
          "top": -1.99,
          "right": 1081.24,
          "bottom": 1922.43,
          "width": 1082.48,
          "height": 1924.42
        },
        "containerSelector": "#slot-scene-s37 > div:nth-of-type(1)",
        "fixHint": "Resize/reposition the child or container, or mark intentional overflow with data-layout-allow-overflow.",
        "containerRect": {
          "left": 0,
          "top": 0,
          "right": 1080,
          "bottom": 1920,
          "width": 1080,
          "height": 1920
        },
        "overflow": {
          "bottom": 2.43
        },
        "dataAttributes": {
          "data-layout-allow-overflow": "true"
        },
        "sourceFile": "compositions/scene-s21.html",
        "bbox": {
          "x": -1.24,
          "y": -1.99,
          "width": 1082.48,
          "height": 1924.42
        },
        "firstSeen": 298.94,
        "lastSeen": 298.94,
        "occurrences": 1,
        "heldMs": 0
      },
      {
        "code": "container_overflow",
        "severity": "info",
        "time": 302.484,
        "selector": "#hero-img",
        "message": "Element extends outside a clipping layout container.",
        "rect": {
          "left": -6.37,
          "top": -8.61,
          "right": 1086.37,
          "bottom": 1934.05,
          "width": 1092.74,
          "height": 1942.66
        },
        "containerSelector": "#bg-shot",
        "fixHint": "Resize/reposition the child or container, or mark intentional overflow with data-layout-allow-overflow.",
        "containerRect": {
          "left": 0,
          "top": 0,
          "right": 1080,
          "bottom": 1920,
          "width": 1080,
          "height": 1920
        },
        "overflow": {
          "left": 6.37,
          "right": 6.37,
          "top": 8.61,
          "bottom": 14.05
        },
        "dataAttributes": {
          "data-layout-allow-overflow": "true",
          "data-hf-authored-opacity": ""
        },
        "sourceFile": "compositions/scene-s21.html",
        "bbox": {
          "x": -6.37,
          "y": -8.61,
          "width": 1092.74,
          "height": 1942.66
        },
        "firstSeen": 302.484,
        "lastSeen": 302.484,
        "occurrences": 1,
        "heldMs": 0
      },
      {
        "code": "container_overflow",
        "severity": "info",
        "time": 304.485,
        "selector": "#hero-img",
        "message": "Element extends outside a clipping layout container.",
        "rect": {
          "left": -16.09,
          "top": -21.74,
          "right": 1096.09,
          "bottom": 1955.47,
          "width": 1112.18,
          "height": 1977.22
        },
        "containerSelector": "#bg-shot",
        "fixHint": "Resize/reposition the child or container, or mark intentional overflow with data-layout-allow-overflow.",
        "containerRect": {
          "left": 0,
          "top": 0,
          "right": 1080,
          "bottom": 1920,
          "width": 1080,
          "height": 1920
        },
        "overflow": {
          "left": 16.09,
          "right": 16.09,
          "top": 21.74,
          "bottom": 35.47
        },
        "dataAttributes": {
          "data-layout-allow-overflow": "true",
          "data-hf-authored-opacity": ""
        },
        "sourceFile": "compositions/scene-s21.html",
        "bbox": {
          "x": -16.09,
          "y": -21.74,
          "width": 1112.18,
          "height": 1977.22
        },
        "firstSeen": 304.485,
        "lastSeen": 304.485,
        "occurrences": 1,
        "heldMs": 0
      },
      {
        "code": "container_overflow",
        "severity": "info",
        "time": 306.486,
        "selector": "#hero-img",
        "message": "Element extends outside a clipping layout container.",
        "rect": {
          "left": -25.81,
          "top": -34.87,
          "right": 1105.81,
          "bottom": 1976.9,
          "width": 1131.62,
          "height": 2011.78
        },
        "containerSelector": "#bg-shot",
        "fixHint": "Resize/reposition the child or container, or mark intentional overflow with data-layout-allow-overflow.",
        "containerRect": {
          "left": 0,
          "top": 0,
          "right": 1080,
          "bottom": 1920,
          "width": 1080,
          "height": 1920
        },
        "overflow": {
          "left": 25.81,
          "right": 25.81,
          "top": 34.87,
          "bottom": 56.9
        },
        "dataAttributes": {
          "data-layout-allow-overflow": "true",
          "data-hf-authored-opacity": ""
        },
        "sourceFile": "compositions/scene-s21.html",
        "bbox": {
          "x": -25.81,
          "y": -34.87,
          "width": 1131.62,
          "height": 2011.78
        },
        "firstSeen": 306.486,
        "lastSeen": 306.486,
        "occurrences": 1,
        "heldMs": 0
      },
      {
        "code": "container_overflow",
        "severity": "info",
        "time": 309.836,
        "selector": "#bg-img",
        "message": "Element extends outside a clipping layout container.",
        "rect": {
          "left": -15.12,
          "top": -42.24,
          "right": 1108.08,
          "bottom": 1954.56,
          "width": 1123.2,
          "height": 1996.8
        },
        "containerSelector": "#bg-wrapper",
        "fixHint": "Resize/reposition the child or container, or mark intentional overflow with data-layout-allow-overflow.",
        "containerRect": {
          "left": 0,
          "top": 0,
          "right": 1080,
          "bottom": 1920,
          "width": 1080,
          "height": 1920
        },
        "overflow": {
          "left": 15.12,
          "right": 28.08,
          "top": 42.24,
          "bottom": 34.56
        },
        "dataAttributes": {
          "data-hf-authored-opacity": ""
        },
        "sourceFile": "compositions/scene-s02.html",
        "bbox": {
          "x": -15.12,
          "y": -42.24,
          "width": 1123.2,
          "height": 1996.8
        },
        "firstSeen": 309.836,
        "lastSeen": 309.836,
        "occurrences": 1,
        "heldMs": 0
      },
      {
        "code": "container_overflow",
        "severity": "info",
        "time": 312.86,
        "selector": "#bg-img",
        "message": "Element extends outside a clipping layout container.",
        "rect": {
          "left": -9.49,
          "top": -26.51,
          "right": 1097.62,
          "bottom": 1941.69,
          "width": 1107.11,
          "height": 1968.19
        },
        "containerSelector": "#bg-wrapper",
        "fixHint": "Resize/reposition the child or container, or mark intentional overflow with data-layout-allow-overflow.",
        "containerRect": {
          "left": 0,
          "top": 0,
          "right": 1080,
          "bottom": 1920,
          "width": 1080,
          "height": 1920
        },
        "overflow": {
          "left": 9.49,
          "right": 17.62,
          "top": 26.51,
          "bottom": 21.69
        },
        "dataAttributes": {
          "data-hf-authored-opacity": ""
        },
        "sourceFile": "compositions/scene-s02.html",
        "bbox": {
          "x": -9.49,
          "y": -26.51,
          "width": 1107.11,
          "height": 1968.19
        },
        "firstSeen": 312.86,
        "lastSeen": 312.86,
        "occurrences": 1,
        "heldMs": 0
      },
      {
        "code": "container_overflow",
        "severity": "info",
        "time": 315.884,
        "selector": "#bg-img",
        "message": "Element extends outside a clipping layout container.",
        "rect": {
          "left": -3.82,
          "top": -10.67,
          "right": 1087.09,
          "bottom": 1928.73,
          "width": 1090.91,
          "height": 1939.39
        },
        "containerSelector": "#bg-wrapper",
        "fixHint": "Resize/reposition the child or container, or mark intentional overflow with data-layout-allow-overflow.",
        "containerRect": {
          "left": 0,
          "top": 0,
          "right": 1080,
          "bottom": 1920,
          "width": 1080,
          "height": 1920
        },
        "overflow": {
          "left": 3.82,
          "right": 7.09,
          "top": 10.67,
          "bottom": 8.73
        },
        "dataAttributes": {
          "data-hf-authored-opacity": ""
        },
        "sourceFile": "compositions/scene-s02.html",
        "bbox": {
          "x": -3.82,
          "y": -10.67,
          "width": 1090.91,
          "height": 1939.39
        },
        "firstSeen": 315.884,
        "lastSeen": 315.884,
        "occurrences": 1,
        "heldMs": 0
      }
    ],
    "duration": 317.9,
    "samples": [
      2.124,
      5.205,
      8.286,
      12.356,
      15.38,
      18.404,
      21.948,
      24.24,
      26.532,
      29.276,
      31.01,
      32.744,
      35.092,
      36.88,
      38.668,
      41.452,
      43.84,
      46.228,
      49.34,
      51.62,
      53.9,
      57.308,
      60.065,
      62.822,
      66.012,
      68.04,
      70.068,
      72.82,
      74.92,
      77.02,
      79.524,
      81.18,
      82.836,
      86.116,
      89.26,
      92.404,
      96.06,
      98.4,
      100.74,
      103.516,
      105.34,
      107.164,
      110.508,
      113.7,
      116.892,
      121.076,
      124.16,
      127.244,
      131.628,
      134.82,
      138.012,
      142.496,
      145.55,
      148.604,
      152.348,
      154.58,
      156.812,
      160.044,
      162.66,
      165.276,
      168.676,
      171.04,
      173.404,
      176.688,
      178.83,
      180.972,
      183.902,
      185.825,
      187.748,
      190.454,
      192.365,
      194.276,
      198.14,
      201.5,
      204.86,
      208.46,
      210.5,
      212.54,
      215.436,
      217.74,
      220.044,
      223.308,
      225.78,
      228.252,
      231.084,
      232.86,
      234.636,
      237.82,
      240.82,
      243.82,
      247.26,
      249.42,
      251.58,
      254.044,
      255.58,
      257.116,
      259.836,
      262.38,
      264.924,
      267.916,
      269.86,
      271.804,
      274.508,
      276.62,
      278.732,
      282.172,
      285.22,
      288.268,
      292.46,
      295.7,
      298.94,
      302.484,
      304.485,
      306.486,
      309.836,
      312.86,
      315.884,
      317.9
    ],
    "transitionSamples": [],
    "transitionSamplesDropped": 0,
    "tolerance": 2,
    "totalIssueCount": 49,
    "truncated": false
  },
  "motion": {
    "ok": true,
    "errorCount": 0,
    "warningCount": 0,
    "infoCount": 0,
    "findings": [],
    "enabled": false,
    "samples": 0
  },
  "contrast": {
    "ok": true,
    "errorCount": 0,
    "warningCount": 0,
    "infoCount": 0,
    "findings": [],
    "enabled": true,
    "samples": [
      2.124,
      77.02,
      162.66,
      237.82,
      315.884
    ],
    "checked": 28,
    "passed": 28
  },
  "hdr": {
    "autoPromotion": null,
    "inspection": "available"
  },
  "snapshots": {
    "enabled": false,
    "files": [],
    "times": [],
    "findingFiles": []
  },
  "_meta": {
    "version": "0.8.56",
    "latestVersion": "0.8.91",
    "updateAvailable": true
  }
}
